#pragma once
#include <lvgl.h>

static const uint8_t confetti_img_map[] = {
    0x00, 0x00, 0x00, 0x00, 0x00, 0x00, 0x00, 0x00, 0x00, 0x00, 0x00, 0x00,
    0x00, 0x00, 0x00, 0x00, 0x00, 0x00, 0x00, 0x00, 0x00, 0x00, 0x00, 0x00,
    0x00, 0x00, 0x00, 0x00, 0x00, 0x00, 0x00, 0x00, 0x00, 0x00, 0x00, 0x00,
    0x00, 0x00, 0x00, 0x00, 0x00, 0x00, 0x00, 0x00, 0x00, 0x00, 0x00, 0x00,
    0x00, 0x00, 0x00, 0x00, 0x00, 0x00, 0x00, 0x00, 0x00, 0x00, 0x00, 0x00,
    0x00, 0x00, 0x00, 0x00, 0x00, 0x00, 0x00, 0x00, 0x00, 0x00, 0x00, 0x00,
    0x00, 0x00, 0x00, 0x00, 0x00, 0x00, 0x00, 0x00, 0x00, 0x00, 0x00, 0x00,
    0x00, 0x00, 0x00, 0x00, 0x00, 0x00, 0x00, 0x00, 0x00, 0x00, 0x00, 0x00,
    0x00, 0x00, 0x00, 0x00, 0x00, 0x00, 0x00, 0x00, 0x00, 0x00, 0x00, 0x00,
    0x00, 0x00, 0x00, 0x00, 0x00, 0x00, 0x00, 0x00, 0x00, 0x00, 0x00, 0x00,
    0xEF, 0xFB, 0x00, 0x00, 0x00, 0x00, 0xFF, 0xFF, 0x00, 0x00, 0x00, 0x00,
    0x00, 0x00, 0x00, 0x00, 0x00, 0x00, 0x00, 0x00, 0x00, 0x00, 0x00, 0x00,
    0x00, 0x00, 0x00, 0x00, 0x00, 0x00, 0x00, 0x00, 0x00, 0x00, 0x00, 0x00,
    0x00, 0x00, 0x00, 0x00, 0x00, 0x00, 0x00, 0x00, 0x00, 0x00, 0x00, 0x00,
    0x00, 0x00, 0x00, 0x00, 0x00, 0x00, 0x00, 0x00, 0x00, 0x00, 0x00, 0x00,
    0x00, 0x00, 0x00, 0x00, 0x00, 0x00, 0x00, 0x00, 0x00, 0x00, 0x00, 0x00,
    0x00, 0x00, 0x00, 0x00, 0x00, 0x00, 0x00, 0x00, 0x00, 0x00, 0x00, 0x00,
    0x00, 0x00, 0x00, 0x00, 0x00, 0x00, 0x00, 0x00, 0x00, 0x00, 0x00, 0x00,
    0x00, 0x00, 0x00, 0x00, 0x00, 0x00, 0x00, 0x00, 0x00, 0x00, 0x00, 0x00,
    0x00, 0x00, 0xE0, 0xFF, 0x4A, 0xFD, 0xEF, 0xFD, 0xCC, 0xFC, 0xEF, 0xFD,
    0xEF, 0xFB, 0xEF, 0xFB, 0x00, 0x00, 0x00, 0x00, 0x00, 0x00, 0x00, 0x00,
    0x00, 0x00, 0x00, 0x00, 0x00, 0x00, 0x00, 0x00, 0x00, 0x00, 0x00, 0x00,
    0x00, 0x00, 0x00, 0x00, 0x00, 0x00, 0x00, 0x00, 0x00, 0x00, 0x00, 0x00,
    0x00, 0x00, 0x00, 0x00, 0x00, 0x00, 0x00, 0x00, 0x00, 0x00, 0x00, 0x00,
    0x00, 0x00, 0x00, 0x00, 0x00, 0x00, 0x00, 0x00, 0x00, 0x00, 0x00, 0x00,
    0x00, 0x00, 0x00, 0x00, 0x00, 0x00, 0x00, 0x00, 0x00, 0x00, 0x00, 0x00,
    0x00, 0x00, 0x00, 0x00, 0x00, 0x00, 0x00, 0x00, 0x00, 0x00, 0x00, 0x00,
    0x00, 0x00, 0x00, 0x00, 0x00, 0x00, 0x00, 0x00, 0x00, 0x00, 0x00, 0x00,
    0x00, 0x00, 0x00, 0x00, 0x00, 0x00, 0x00, 0x00, 0x00, 0x00, 0x00, 0x00,
    0x00, 0x00, 0x00, 0x00, 0x00, 0x00, 0x00, 0x00, 0x00, 0x00, 0x00, 0x00,
    0x00, 0x00, 0x00, 0x00, 0x00, 0x00, 0x00, 0x00, 0x00, 0x00, 0x00, 0x00,
    0x00, 0x00, 0x00, 0x00, 0x00, 0x00, 0x00, 0x00, 0x00, 0x00, 0x00, 0x00,
    0x00, 0x00, 0x00, 0x00, 0x00, 0x00, 0x00, 0x00, 0x00, 0x00, 0x00, 0x00,
    0x00, 0x00, 0x00, 0x00, 0x00, 0x00, 0x00, 0x00, 0x00, 0x00, 0x00, 0x00,
    0x00, 0x00, 0x00, 0x00, 0x00, 0x00, 0x00, 0x00, 0x00, 0x00, 0x00, 0x00,
    0x00, 0x00, 0x00, 0x00, 0x00, 0x00, 0x00, 0x00, 0x00, 0x00, 0x00, 0x00,
    0x00, 0x00, 0x00, 0x00, 0x00, 0x00, 0x00, 0x00, 0x00, 0x00, 0x1B, 0xF6,
    0x3B, 0xFE, 0x00, 0x00, 0xFF, 0xFF, 0x00, 0x00, 0x00, 0x00, 0x00, 0x00,
    0x00, 0x00, 0x00, 0x00, 0x00, 0x00, 0x00, 0x00, 0x00, 0x00, 0x00, 0x00,
    0x00, 0x00, 0x00, 0x00, 0x00, 0x00, 0x00, 0x00, 0x00, 0x00, 0x00, 0x00,
    0x00, 0x00, 0x00, 0x00, 0x00, 0x00, 0x00, 0x00, 0x00, 0x00, 0x00, 0x00,
    0x00, 0x00, 0x00, 0x00, 0x00, 0x00, 0x00, 0x00, 0x00, 0x00, 0x00, 0x00,
    0x00, 0x00, 0x00, 0x00, 0x00, 0x00, 0x00, 0x00, 0x00, 0x00, 0x00, 0x00,
    0x00, 0x00, 0x00, 0x00, 0x00, 0x00, 0x00, 0x00, 0x00, 0x00, 0x00, 0x00,
    0x00, 0x00, 0x00, 0x00, 0x00, 0x00, 0x00, 0x00, 0x00, 0x00, 0x00, 0x00,
    0x00, 0x00, 0x00, 0x00, 0x00, 0x00, 0x00, 0x00, 0xEF, 0xFB, 0x00, 0xF8,
    0x00, 0x00, 0x00, 0x00, 0x00, 0x00, 0x00, 0x00, 0x00, 0x00, 0x00, 0x00,
    0x4A, 0xFD, 0xFF, 0xFF, 0x00, 0x00, 0x00, 0x00, 0x00, 0x00, 0x00, 0x00,
    0x00, 0x00, 0x00, 0x00, 0x00, 0x00, 0x00, 0x00, 0x00, 0x00, 0x00, 0x00,
    0x00, 0x00, 0x00, 0x00, 0x00, 0x00, 0x00, 0x00, 0x00, 0x00, 0x00, 0x00,
    0x00, 0x00, 0x00, 0x00, 0x00, 0x00, 0x00, 0x00, 0x00, 0x00, 0x00, 0x00,
    0x00, 0x00, 0x00, 0x00, 0x1F, 0x00, 0x1F, 0x00, 0x00, 0x00, 0x00, 0x00,
    0x00, 0x00, 0x00, 0x00, 0x00, 0x00, 0x00, 0x00, 0x00, 0x00, 0x00, 0x00,
    0x00, 0x00, 0x00, 0x00, 0x00, 0x00, 0x00, 0x00, 0x00, 0x00, 0x00, 0x00,
    0x00, 0x00, 0x00, 0x00, 0x00, 0x00, 0x00, 0x00, 0x00, 0x00, 0x00, 0x00,
    0x00, 0x00, 0x00, 0x00, 0x00, 0x00, 0x00, 0x00, 0x00, 0x00, 0x00, 0x00,
    0x00, 0x00, 0x00, 0x00, 0x00, 0x00, 0x00, 0x00, 0x00, 0x00, 0x00, 0x00,
    0x00, 0x00, 0x00, 0x00, 0x00, 0x00, 0x00, 0x00, 0x00, 0x00, 0x00, 0x00,
    0x00, 0x00, 0x00, 0x00, 0x00, 0x00, 0x00, 0x00, 0x00, 0x00, 0x00, 0x00,
    0x00, 0x00, 0x00, 0x00, 0x00, 0x00, 0x00, 0x00, 0x00, 0x00, 0x00, 0x00,
    0x00, 0x00, 0x00, 0x00, 0x00, 0x00, 0x00, 0x00, 0x00, 0x00, 0x00, 0x00,
    0x00, 0x00, 0x00, 0x00, 0x00, 0x00, 0x00, 0x00, 0x00, 0x00, 0x00, 0x00,
    0x00, 0x00, 0x00, 0x00, 0x00, 0x00, 0x00, 0x00, 0x00, 0x00, 0xFF, 0xFF,
    0x00, 0x00, 0x55, 0xFD, 0x3B, 0xFE, 0x3B, 0xF6, 0x3B, 0xFE, 0x1A, 0xF6,
    0xEF, 0xFB, 0x00, 0x00, 0x00, 0x00, 0x00, 0x00, 0x00, 0x00, 0x00, 0x00,
    0x00, 0x00, 0x00, 0x00, 0x00, 0x00, 0x00, 0x00, 0x00, 0x00, 0x00, 0x00,
    0x00, 0x00, 0x00, 0x00, 0x00, 0x00, 0x00, 0x00, 0x00, 0x00, 0x00, 0x00,
    0x00, 0x00, 0x00, 0x00, 0x00, 0x00, 0x00, 0x00, 0x00, 0x00, 0x00, 0x00,
    0x00, 0x00, 0x00, 0x00, 0x00, 0x00, 0x00, 0x00, 0x00, 0x00, 0x00, 0x00,
    0x00, 0x00, 0x00, 0x00, 0x00, 0x00, 0x00, 0x00, 0x00, 0x00, 0x00, 0x00,
    0x00, 0x00, 0x00, 0x00, 0x00, 0x00, 0x00, 0x00, 0x00, 0x00, 0x00, 0x00,
    0x00, 0x00, 0x00, 0x00, 0x00, 0x00, 0x00, 0x00, 0x00, 0x00, 0x00, 0x00,
    0xFF, 0xFF, 0xE0, 0xFF, 0x00, 0x00, 0x55, 0xFD, 0x0F, 0xFD, 0x30, 0xFD,
    0x30, 0xFD, 0x30, 0xFD, 0x30, 0xFD, 0xAE, 0xFC, 0x00, 0x00, 0x00, 0x00,
    0xFF, 0xFF, 0x00, 0x00, 0x00, 0x00, 0x00, 0x00, 0x00, 0x00, 0x00, 0x00,
    0x00, 0x00, 0x00, 0x00, 0x00, 0x00, 0x00, 0x00, 0x00, 0x00, 0x00, 0x00,
    0x00, 0x00, 0x00, 0x00, 0x00, 0x00, 0x00, 0x00, 0x00, 0x00, 0x00, 0x00,
    0x00, 0x00, 0x00, 0x00, 0x00, 0x00, 0x00, 0x00, 0x5F, 0xAD, 0xDF, 0x9C,
    0xFF, 0xAF, 0xF7, 0x7B, 0x7F, 0x9E, 0xFF, 0x7F, 0x00, 0x00, 0x00, 0x00,
    0x00, 0x00, 0x00, 0x00, 0x00, 0x00, 0x00, 0x00, 0x00, 0x00, 0x00, 0x00,
    0x00, 0x00, 0x00, 0x00, 0x00, 0x00, 0x00, 0x00, 0x00, 0x00, 0x00, 0x00,
    0x00, 0x00, 0x00, 0x00, 0x00, 0x00, 0x00, 0x00, 0x00, 0x00, 0x00, 0x00,
    0x00, 0x00, 0x00, 0x00, 0x00, 0x00, 0x00, 0x00, 0x00, 0x00, 0x00, 0x00,
    0x00, 0x00, 0x00, 0x00, 0x00, 0x00, 0x00, 0x00, 0x00, 0x00, 0x00, 0x00,
    0x00, 0x00, 0x00, 0x00, 0x00, 0x00, 0x00, 0x00, 0x00, 0x00, 0x00, 0x00,
    0x00, 0x00, 0x00, 0x00, 0x00, 0x00, 0x00, 0x00, 0x00, 0x00, 0x00, 0x00,
    0x00, 0x00, 0x00, 0x00, 0x00, 0x00, 0x00, 0x00, 0x00, 0x00, 0x00, 0x00,
    0x00, 0x00, 0x00, 0x00, 0x00, 0x00, 0x00, 0x00, 0x00, 0x00, 0x00, 0x00,
    0x00, 0x00, 0x00, 0x00, 0x00, 0x00, 0x00, 0x00, 0x00, 0x00, 0x00, 0x00,
    0x00, 0x00, 0x00, 0x00, 0x00, 0x00, 0xF7, 0xFD, 0x00, 0x00, 0x5A, 0xD5,
    0x3B, 0xF6, 0x1B, 0xF6, 0x3B, 0xFE, 0x1B, 0xF6, 0x00, 0x00, 0x00, 0x00,
    0xFF, 0xFF, 0x00, 0x00, 0x00, 0x00, 0x00, 0x00, 0x00, 0x00, 0x00, 0x00,
    0x00, 0x00, 0x00, 0x00, 0x00, 0x00, 0x00, 0x00, 0x00, 0x00, 0x00, 0x00,
    0x00, 0x00, 0x00, 0x00, 0x00, 0x00, 0x00, 0x00, 0x00, 0x00, 0x00, 0x00,
    0x00, 0x00, 0x00, 0x00, 0x00, 0x00, 0x00, 0x00, 0x00, 0x00, 0x00, 0x00,
    0x00, 0x00, 0x00, 0x00, 0x00, 0x00, 0x00, 0x00, 0x00, 0x00, 0x00, 0x00,
    0x00, 0x00, 0x00, 0x00, 0x00, 0x00, 0x00, 0x00, 0x00, 0x00, 0x00, 0x00,
    0x00, 0x00, 0x00, 0x00, 0x00, 0x00, 0x00, 0x00, 0x00, 0x00, 0x00, 0x00,
    0x00, 0x00, 0x00, 0x00, 0x00, 0x00, 0x00, 0x00, 0xFF, 0xFF, 0x00, 0x00,
    0xF2, 0xFD, 0x30, 0xFD, 0x50, 0xFD, 0x51, 0xFD, 0xD2, 0xFD, 0xB2, 0xFD,
    0x30, 0xFD, 0x51, 0xFD, 0x10, 0xFD, 0x00, 0x00, 0xFF, 0xFF, 0x00, 0x00,
    0x00, 0x00, 0x00, 0x00, 0x00, 0x00, 0x00, 0x00, 0x00, 0x00, 0x00, 0x00,
    0x00, 0x00, 0x00, 0x00, 0x00, 0x00, 0x00, 0x00, 0x00, 0x00, 0x00, 0x00,
    0x00, 0x00, 0x00, 0x00, 0x00, 0x00, 0x00, 0x00, 0x00, 0x00, 0x00, 0x00,
    0x00, 0x00, 0x00, 0x00, 0x00, 0x00, 0x00, 0x00, 0x00, 0x00, 0x00, 0x00,
    0x00, 0x00, 0x00, 0x00, 0xFF, 0x07, 0x00, 0x00, 0x00, 0x00, 0x00, 0x00,
    0x00, 0x00, 0x00, 0x00, 0x00, 0x00, 0x00, 0x00, 0x00, 0x00, 0x00, 0x00,
    0x00, 0x00, 0x00, 0x00, 0x00, 0x00, 0x00, 0x00, 0x00, 0x00, 0x00, 0x00,
    0x00, 0x00, 0x00, 0x00, 0x00, 0x00, 0x00, 0x00, 0x00, 0x00, 0x00, 0x00,
    0x00, 0x00, 0x00, 0x00, 0x00, 0x00, 0x00, 0x00, 0x00, 0x00, 0x00, 0x00,
    0x00, 0x00, 0x00, 0x00, 0x00, 0x00, 0x00, 0x00, 0x00, 0x00, 0x00, 0x00,
    0x00, 0x00, 0x00, 0x00, 0x00, 0x00, 0x00, 0x00, 0x00, 0x00, 0x00, 0x00,
    0x00, 0x00, 0x00, 0x00, 0x00, 0x00, 0x00, 0x00, 0x00, 0x00, 0x00, 0x00,
    0x00, 0x00, 0x00, 0x00, 0x00, 0x00, 0x00, 0x00, 0x00, 0x00, 0x00, 0x00,
    0x00, 0x00, 0x00, 0x00, 0x00, 0x00, 0x00, 0x00, 0x00, 0x00, 0x00, 0x00,
    0x00, 0x00, 0x00, 0x00, 0x00, 0x00, 0x00, 0x00, 0x00, 0x00, 0x00, 0x00,
    0x00, 0x00, 0x79, 0xFE, 0x00, 0x00, 0x79, 0xED, 0x1B, 0xFE, 0x3B, 0xF6,
    0x5C, 0xFE, 0x1B, 0xF6, 0xFF, 0xFF, 0x00, 0x00, 0xFF, 0xFF, 0x00, 0x00,
    0x00, 0x00, 0x00, 0x00, 0x00, 0x00, 0x00, 0x00, 0x00, 0x00, 0x00, 0x00,
    0x00, 0x00, 0x00, 0x00, 0x00, 0x00, 0x00, 0x00, 0x00, 0x00, 0x00, 0x00,
    0x00, 0x00, 0x00, 0x00, 0x00, 0x00, 0x00, 0x00, 0x00, 0x00, 0x00, 0x00,
    0x00, 0x00, 0x00, 0x00, 0x00, 0x00, 0x00, 0x00, 0x00, 0x00, 0x00, 0x00,
    0x00, 0x00, 0x00, 0x00, 0x00, 0x00, 0x00, 0x00, 0x00, 0x00, 0x00, 0x00,
    0x00, 0x00, 0x00, 0x00, 0x00, 0x00, 0x00, 0x00, 0x00, 0x00, 0x00, 0x00,
    0x00, 0x00, 0x00, 0x00, 0x00, 0x00, 0x00, 0x00, 0x00, 0x00, 0x00, 0x00,
    0x00, 0x00, 0xAA, 0xFA, 0x00, 0x00, 0xF3, 0xFC, 0x30, 0xFD, 0x30, 0xFD,
    0x71, 0xFD, 0x30, 0xFD, 0x30, 0xFD, 0x30, 0xFD, 0x30, 0xFD, 0x91, 0xFD,
    0x30, 0xFD, 0x50, 0xFD, 0x00, 0x00, 0x00, 0x00, 0x00, 0xF8, 0x00, 0x00,
    0x00, 0x00, 0x00, 0x00, 0x00, 0x00, 0x00, 0x00, 0x00, 0x00, 0x00, 0x00,
    0x00, 0x00, 0x00, 0x00, 0x00, 0x00, 0x00, 0x00, 0x00, 0x00, 0x00, 0x00,
    0x00, 0x00, 0x00, 0x00, 0x00, 0x00, 0x00, 0x00, 0x00, 0x00, 0x00, 0x00,
    0xBF, 0x7E, 0x9D, 0x85, 0xBE, 0x8D, 0xDF, 0x8D, 0xBE, 0x85, 0x5F, 0x55,
    0x00, 0x00, 0x00, 0x00, 0x00, 0x00, 0x00, 0x00, 0x00, 0x00, 0x00, 0x00,
    0x00, 0x00, 0x00, 0x00, 0x00, 0x00, 0x00, 0x00, 0x00, 0x00, 0x00, 0x00,
    0x00, 0x00, 0x00, 0x00, 0x00, 0x00, 0x00, 0x00, 0x00, 0x00, 0x00, 0x00,
    0x00, 0x00, 0x00, 0x00, 0x00, 0x00, 0x00, 0x00, 0x00, 0x00, 0x00, 0x00,
    0x00, 0x00, 0x00, 0x00, 0x00, 0x00, 0x00, 0x00, 0x00, 0x00, 0x00, 0x00,
    0x00, 0x00, 0x00, 0x00, 0x00, 0x00, 0x00, 0x00, 0x00, 0x00, 0x00, 0x00,
    0x00, 0x00, 0x00, 0x00, 0x00, 0x00, 0x00, 0x00, 0x00, 0x00, 0x00, 0x00,
    0x00, 0x00, 0x00, 0x00, 0x00, 0x00, 0x00, 0x00, 0x00, 0x00, 0x00, 0x00,
    0x00, 0x00, 0x00, 0x00, 0x00, 0x00, 0x00, 0x00, 0x00, 0x00, 0x00, 0x00,
    0x00, 0x00, 0x00, 0x00, 0x00, 0x00, 0x00, 0x00, 0x00, 0x00, 0x00, 0x00,
    0x00, 0x00, 0x00, 0x00, 0x00, 0x00, 0x00, 0x00, 0xFF, 0xFF, 0xFF, 0xFF,
    0x00, 0x00, 0x1B, 0xFE, 0x1B, 0xF6, 0x5C, 0xFE, 0x9D, 0xFE, 0x3B, 0xF6,
    0x3B, 0xF6, 0x00, 0x00, 0x00, 0x00, 0xFF, 0xFF, 0x00, 0x00, 0x00, 0x00,
    0x00, 0x00, 0x00, 0x00, 0x00, 0x00, 0x00, 0x00, 0x00, 0x00, 0x00, 0x00,
    0x00, 0x00, 0x00, 0x00, 0x00, 0x00, 0x00, 0x00, 0x00, 0x00, 0x00, 0x00,
    0x00, 0x00, 0x00, 0x00, 0x00, 0x00, 0x00, 0x00, 0x00, 0x00, 0x00, 0x00,
    0x00, 0x00, 0x00, 0x00, 0x00, 0x00, 0x00, 0x00, 0x00, 0x00, 0x00, 0x00,
    0x00, 0x00, 0x00, 0x00, 0x00, 0x00, 0x00, 0x00, 0x00, 0x00, 0x00, 0x00,
    0x00, 0x00, 0x00, 0x00, 0x00, 0x00, 0x00, 0x00, 0x00, 0x00, 0x00, 0x00,
    0x00, 0x00, 0x00, 0x00, 0x00, 0x00, 0x00, 0x00, 0x00, 0x00, 0x8D, 0xFC,
    0x00, 0x00, 0x10, 0xFD, 0x30, 0xFD, 0x50, 0xFD, 0x30, 0xFD, 0x30, 0xFD,
    0x30, 0xFD, 0x30, 0xFD, 0x30, 0xFD, 0x30, 0xFD, 0x51, 0xFD, 0x30, 0xFD,
    0x00, 0x00, 0x00, 0x00, 0xEF, 0xFB, 0x00, 0x00, 0x00, 0x00, 0x00, 0x00,
    0x00, 0x00, 0x00, 0x00, 0x00, 0x00, 0x00, 0x00, 0x00, 0x00, 0x00, 0x00,
    0x00, 0x00, 0x00, 0x00, 0x00, 0x00, 0x00, 0x00, 0x00, 0x00, 0x00, 0x00,
    0xFF, 0x07, 0x00, 0x00, 0x00, 0x00, 0x7F, 0x9E, 0xBD, 0x8D, 0xBD, 0x8D,
    0xDE, 0x8D, 0xBD, 0x8D, 0xBD, 0x8D, 0x9D, 0x85, 0xEF, 0x7B, 0xEF, 0x7B,
    0xFF, 0x07, 0x00, 0x00, 0x00, 0x00, 0x00, 0x00, 0x00, 0x00, 0x00, 0x00,
    0x00, 0x00, 0x00, 0x00, 0x00, 0x00, 0x00, 0x00, 0x00, 0x00, 0x00, 0x00,
    0x00, 0x00, 0x00, 0x00, 0x00, 0x00, 0x00, 0x00, 0x00, 0x00, 0x00, 0x00,
    0x00, 0x00, 0x00, 0x00, 0x00, 0x00, 0x00, 0x00, 0x00, 0x00, 0x00, 0x00,
    0x00, 0x00, 0x00, 0x00, 0x00, 0x00, 0x00, 0x00, 0x00, 0x00, 0x00, 0x00,
    0x00, 0x00, 0x00, 0x00, 0x00, 0x00, 0x00, 0x00, 0x00, 0x00, 0x00, 0x00,
    0x00, 0x00, 0x00, 0x00, 0x00, 0x00, 0x00, 0x00, 0x00, 0x00, 0x00, 0x00,
    0x00, 0x00, 0x00, 0x00, 0x00, 0x00, 0x00, 0x00, 0x00, 0x00, 0x00, 0x00,
    0x00, 0x00, 0x00, 0x00, 0x00, 0x00, 0x00, 0x00, 0x00, 0x00, 0x00, 0x00,
    0x00, 0x00, 0x00, 0x00, 0x00, 0x00, 0x00, 0x00, 0x00, 0x00, 0x00, 0x00,
    0x00, 0x00, 0x00, 0x00, 0x5F, 0xFD, 0x00, 0x00, 0xDA, 0xF5, 0x1B, 0xF6,
    0x3B, 0xF6, 0x5C, 0xFE, 0x7C, 0xFE, 0x1B, 0xF6, 0x3B, 0xF6, 0xBB, 0xDD,
    0x00, 0x00, 0xFF, 0xFF, 0x00, 0x00, 0x00, 0x00, 0x00, 0x00, 0x00, 0x00,
    0x00, 0x00, 0x00, 0x00, 0x00, 0x00, 0x00, 0x00, 0x00, 0x00, 0x00, 0x00,
    0x00, 0x00, 0x00, 0x00, 0x00, 0x00, 0x00, 0x00, 0x00, 0x00, 0x00, 0x00,
    0x00, 0x00, 0x00, 0x00, 0x00, 0x00, 0x00, 0x00, 0x00, 0x00, 0x00, 0x00,
    0x00, 0x00, 0x00, 0x00, 0x00, 0x00, 0x00, 0x00, 0x00, 0x00, 0x00, 0x00,
    0x00, 0x00, 0x00, 0x00, 0x00, 0x00, 0x00, 0x00, 0x00, 0x00, 0x00, 0x00,
    0x00, 0x00, 0x00, 0x00, 0x00, 0x00, 0x00, 0x00, 0x00, 0x00, 0x00, 0x00,
    0x00, 0x00, 0x00, 0x00, 0xE0, 0xFF, 0x55, 0xFD, 0x00, 0x00, 0x10, 0xFD,
    0x71, 0xFD, 0x30, 0xFD, 0x30, 0xFD, 0x30, 0xFD, 0x30, 0xFD, 0x30, 0xFD,
    0x30, 0xFD, 0x30, 0xFD, 0xB2, 0xFD, 0x30, 0xFD, 0x70, 0xFD, 0x00, 0x00,
    0x00, 0xF8, 0xFF, 0xFF, 0x00, 0x00, 0x00, 0x00, 0x00, 0x00, 0x00, 0x00,
    0x00, 0x00, 0x00, 0x00, 0x00, 0x00, 0x00, 0x00, 0x00, 0x00, 0x00, 0x00,
    0x00, 0x00, 0x00, 0x00, 0x00, 0x00, 0x00, 0x00, 0xF7, 0x7B, 0x00, 0x00,
    0x9C, 0x9D, 0xBD, 0x8D, 0xBE, 0x8D, 0xFF, 0x95, 0x1F, 0x96, 0x1F, 0x96,
    0xDE, 0x8D, 0xFF, 0x95, 0xBD, 0x8D, 0x00, 0x00, 0xFF, 0x7B, 0x00, 0x00,
    0x00, 0x00, 0x00, 0x00, 0x00, 0x00, 0x00, 0x00, 0x00, 0x00, 0x00, 0x00,
    0x00, 0x00, 0x00, 0x00, 0x00, 0x00, 0x00, 0x00, 0x00, 0x00, 0x00, 0x00,
    0x00, 0x00, 0x00, 0x00, 0x00, 0x00, 0x00, 0x00, 0x00, 0x00, 0x00, 0x00,
    0x00, 0x00, 0x00, 0x00, 0x00, 0x00, 0x00, 0x00, 0x00, 0x00, 0x00, 0x00,
    0x00, 0x00, 0x00, 0x00, 0x00, 0x00, 0x00, 0x00, 0x00, 0x00, 0x00, 0x00,
    0x00, 0x00, 0x00, 0x00, 0x00, 0x00, 0x00, 0x00, 0x00, 0x00, 0x00, 0x00,
    0x00, 0x00, 0x00, 0x00, 0x00, 0x00, 0x00, 0x00, 0x00, 0x00, 0x00, 0x00,
    0x00, 0x00, 0x00, 0x00, 0x00, 0x00, 0x00, 0x00, 0x00, 0x00, 0x00, 0x00,
    0x00, 0x00, 0x00, 0x00, 0x00, 0x00, 0x00, 0x00, 0x00, 0x00, 0x00, 0x00,
    0x00, 0x00, 0x00, 0x00, 0x00, 0x00, 0x00, 0x00, 0x00, 0x00, 0x00, 0x00,
    0xBB, 0xFD, 0xFF, 0xFB, 0x1B, 0xF6, 0x1B, 0xF6, 0x3B, 0xF6, 0x3B, 0xFE,
    0x3B, 0xFE, 0x3B, 0xFE, 0x1B, 0xF6, 0x9C, 0xE5, 0xEF, 0xFB, 0x79, 0xFE,
    0x00, 0x00, 0x00, 0x00, 0x00, 0x00, 0x00, 0x00, 0x00, 0x00, 0x00, 0x00,
    0x00, 0x00, 0x00, 0x00, 0x00, 0x00, 0x00, 0x00, 0x00, 0x00, 0x00, 0x00,
    0x00, 0x00, 0x00, 0x00, 0x00, 0x00, 0x00, 0x00, 0x00, 0x00, 0x00, 0x00,
    0x00, 0x00, 0x00, 0x00, 0x00, 0x00, 0x00, 0x00, 0x00, 0x00, 0x00, 0x00,
    0x00, 0x00, 0x00, 0x00, 0x00, 0x00, 0x00, 0x00, 0x00, 0x00, 0x00, 0x00,
    0x00, 0x00, 0x00, 0x00, 0x00, 0x00, 0x00, 0x00, 0x00, 0x00, 0x00, 0x00,
    0x00, 0x00, 0x00, 0x00, 0x00, 0x00, 0x00, 0x00, 0x00, 0x00, 0x00, 0x00,
    0xFF, 0xFF, 0x00, 0x00, 0xEF, 0xFB, 0x30, 0xFD, 0x71, 0xFD, 0x50, 0xFD,
    0x30, 0xFD, 0x30, 0xFD, 0x30, 0xFD, 0x30, 0xFD, 0x30, 0xFD, 0x30, 0xFD,
    0x91, 0xFD, 0x10, 0xFD, 0x30, 0xFD, 0x00, 0xF8, 0x00, 0x00, 0xEF, 0xFB,
    0x00, 0x00, 0x00, 0x00, 0x00, 0x00, 0x00, 0x00, 0x00, 0x00, 0x00, 0x00,
    0x00, 0x00, 0x00, 0x00, 0x00, 0x00, 0x00, 0x00, 0x00, 0x00, 0x00, 0x00,
    0x00, 0x00, 0xFF, 0xFF, 0xFF, 0x7B, 0xBF, 0x7E, 0xDE, 0x8D, 0xBE, 0x8D,
    0x1F, 0x96, 0xBD, 0x8D, 0xBD, 0x8D, 0xBD, 0x8D, 0xBD, 0x8D, 0x5F, 0x9E,
    0xBD, 0x8D, 0xBD, 0x8D, 0x1F, 0xF8, 0x00, 0x00, 0x00, 0x00, 0x00, 0x00,
    0x00, 0x00, 0x00, 0x00, 0x00, 0x00, 0x00, 0x00, 0x00, 0x00, 0x00, 0x00,
    0x00, 0x00, 0x00, 0x00, 0x00, 0x00, 0x00, 0x00, 0x00, 0x00, 0x00, 0x00,
    0x00, 0x00, 0x00, 0x00, 0x00, 0x00, 0x00, 0x00, 0x00, 0x00, 0x00, 0x00,
    0x00, 0x00, 0x00, 0x00, 0x00, 0x00, 0x00, 0x00, 0x00, 0x00, 0x00, 0x00,
    0x00, 0x00, 0x00, 0x00, 0x00, 0x00, 0x00, 0x00, 0x00, 0x00, 0x00, 0x00,
    0x00, 0x00, 0x00, 0x00, 0x00, 0x00, 0x00, 0x00, 0x00, 0x00, 0x00, 0x00,
    0x00, 0x00, 0x00, 0x00, 0x00, 0x00, 0x00, 0x00, 0x00, 0x00, 0x00, 0x00,
    0x00, 0x00, 0x00, 0x00, 0x00, 0x00, 0x00, 0x00, 0x00, 0x00, 0x00, 0x00,
    0x00, 0x00, 0x00, 0x00, 0x00, 0x00, 0x00, 0x00, 0x00, 0x00, 0x00, 0x00,
    0x00, 0x00, 0x00, 0x00, 0xFF, 0xFF, 0xFF, 0xFF, 0xBB, 0xFD, 0x00, 0x00,
    0x3B, 0xF6, 0x3B, 0xFE, 0x3B, 0xFE, 0x1B, 0xF6, 0x1B, 0xF6, 0x7C, 0xFE,
    0x1B, 0xF6, 0xFC, 0xF5, 0x00, 0x00, 0x5A, 0xFD, 0xFF, 0xFF, 0x1F, 0xF8,
    0x00, 0x00, 0x00, 0x00, 0x00, 0x00, 0x00, 0x00, 0x00, 0x00, 0x00, 0x00,
    0x00, 0x00, 0x00, 0x00, 0x00, 0x00, 0x00, 0x00, 0x00, 0x00, 0x00, 0x00,
    0x00, 0x00, 0x00, 0x00, 0x00, 0x00, 0x00, 0x00, 0x00, 0x00, 0x00, 0x00,
    0x00, 0x00, 0x00, 0x00, 0x00, 0x00, 0x00, 0x00, 0x00, 0x00, 0x00, 0x00,
    0x00, 0x00, 0x00, 0x00, 0x00, 0x00, 0x00, 0x00, 0x00, 0x00, 0x00, 0x00,
    0x00, 0x00, 0x00, 0x00, 0x00, 0x00, 0x00, 0x00, 0x00, 0x00, 0x00, 0x00,
    0x00, 0x00, 0x00, 0x00, 0x00, 0x00, 0x00, 0x00, 0xFF, 0xFF, 0xFF, 0xFF,
    0xEF, 0xFB, 0x30, 0xFD, 0x71, 0xFD, 0x50, 0xFD, 0x30, 0xFD, 0x30, 0xFD,
    0x30, 0xFD, 0x30, 0xFD, 0x30, 0xFD, 0x30, 0xFD, 0x92, 0xFD, 0x30, 0xFD,
    0x10, 0xFD, 0x00, 0xF8, 0x00, 0x00, 0xEF, 0xFB, 0x00, 0x00, 0x00, 0x00,
    0x00, 0x00, 0x00, 0x00, 0x00, 0x00, 0x00, 0x00, 0x00, 0x00, 0x00, 0x00,
    0x00, 0x00, 0x00, 0x00, 0x00, 0x00, 0x00, 0x00, 0x00, 0x00, 0xFF, 0x7D,
    0x00, 0x00, 0x9F, 0x8D, 0xBD, 0x8D, 0xBD, 0x8D, 0xFF, 0x95, 0xBD, 0x8D,
    0xBD, 0x8D, 0xBD, 0x8D, 0xBD, 0x8D, 0xDE, 0x8D, 0xBE, 0x8D, 0x9D, 0x8D,
    0x00, 0x00, 0x00, 0x00, 0xFF, 0xFF, 0x00, 0x00, 0x00, 0x00, 0x00, 0x00,
    0x00, 0x00, 0x00, 0x00, 0x00, 0x00, 0x00, 0x00, 0x00, 0x00, 0x00, 0x00,
    0x00, 0x00, 0x00, 0x00, 0x00, 0x00, 0x00, 0x00, 0x00, 0x00, 0x00, 0x00,
    0x00, 0x00, 0x00, 0x00, 0x00, 0x00, 0x00, 0x00, 0x00, 0x00, 0x00, 0x00,
    0x00, 0x00, 0x00, 0x00, 0x00, 0x00, 0x00, 0x00, 0x00, 0x00, 0x00, 0x00,
    0x00, 0x00, 0x00, 0x00, 0x00, 0x00, 0x00, 0x00, 0x00, 0x00, 0x00, 0x00,
    0x00, 0x00, 0x00, 0x00, 0x00, 0x00, 0x00, 0x00, 0x00, 0x00, 0x00, 0x00,
    0x00, 0x00, 0x00, 0x00, 0x00, 0x00, 0x00, 0x00, 0x00, 0x00, 0x00, 0x00,
    0x00, 0x00, 0x00, 0x00, 0x00, 0x00, 0x00, 0x00, 0x00, 0x00, 0x00, 0x00,
    0x00, 0x00, 0x00, 0x00, 0x00, 0x00, 0x00, 0x00, 0x00, 0x00, 0x00, 0x00,
    0x00, 0x00, 0x00, 0x00, 0x00, 0x00, 0xBA, 0xFE, 0x3B, 0xFE, 0x5C, 0xFE,
    0x3B, 0xFE, 0x1B, 0xF6, 0x1B, 0xF6, 0x7C, 0xFE, 0x3B, 0xF6, 0x1B, 0xF6,
    0xBB, 0xDD, 0x00, 0x00, 0x00, 0x00, 0x00, 0x00, 0x00, 0x00, 0x00, 0x00,
    0x00, 0x00, 0x00, 0x00, 0x00, 0x00, 0x00, 0x00, 0x00, 0x00, 0x00, 0x00,
    0x00, 0x00, 0x00, 0x00, 0x00, 0x00, 0x00, 0x00, 0x00, 0x00, 0x00, 0x00,
    0x00, 0x00, 0x00, 0x00, 0x00, 0x00, 0x00, 0x00, 0x00, 0x00, 0x00, 0x00,
    0x00, 0x00, 0x00, 0x00, 0x00, 0x00, 0x00, 0x00, 0x00, 0x00, 0x00, 0x00,
    0x00, 0x00, 0x00, 0x00, 0x00, 0x00, 0x00, 0x00, 0x00, 0x00, 0x00, 0x00,
    0x00, 0x00, 0x00, 0x00, 0x00, 0x00, 0x00, 0x00, 0x00, 0x00, 0x00, 0x00,
    0x00, 0x00, 0x00, 0x00, 0x00, 0x00, 0xD3, 0xFC, 0x00, 0x00, 0x30, 0xFD,
    0x51, 0xFD, 0x51, 0xFD, 0x30, 0xFD, 0x30, 0xFD, 0x30, 0xFD, 0x30, 0xFD,
    0x30, 0xFD, 0x30, 0xFD, 0xB2, 0xFD, 0x30, 0xFD, 0x4F, 0xFD, 0x00, 0x00,
    0x00, 0xF8, 0x00, 0xF8, 0x00, 0x00, 0x00, 0x00, 0x00, 0x00, 0x00, 0x00,
    0x00, 0x00, 0x00, 0x00, 0x00, 0x00, 0x00, 0x00, 0x00, 0x00, 0x00, 0x00,
    0x00, 0x00, 0x00, 0x00, 0x00, 0x00, 0xFF, 0x7D, 0x00, 0x00, 0xBE, 0x8D,
    0xBD, 0x8D, 0xBD, 0x8D, 0xFE, 0x8D, 0xBD, 0x8D, 0xBD, 0x8D, 0xBD, 0x8D,
    0xBD, 0x8D, 0xDE, 0x8D, 0xBD, 0x8D, 0xBE, 0x8D, 0x00, 0x00, 0x00, 0x00,
    0xFF, 0x7B, 0x00, 0x00, 0x00, 0x00, 0x00, 0x00, 0x00, 0x00, 0x00, 0x00,
    0x00, 0x00, 0x00, 0x00, 0x00, 0x00, 0x00, 0x00, 0x00, 0x00, 0x00, 0x00,
    0x00, 0x00, 0x00, 0x00, 0x00, 0x00, 0x00, 0x00, 0x00, 0x00, 0x00, 0x00,
    0x00, 0x00, 0x00, 0x00, 0x00, 0x00, 0x00, 0x00, 0x00, 0x00, 0x00, 0x00,
    0x00, 0x00, 0x00, 0x00, 0x00, 0x00, 0x00, 0x00, 0x00, 0x00, 0x00, 0x00,
    0x00, 0x00, 0x00, 0x00, 0x00, 0x00, 0x00, 0x00, 0x00, 0x00, 0x00, 0x00,
    0x00, 0x00, 0x00, 0x00, 0x00, 0x00, 0x00, 0x00, 0x00, 0x00, 0x00, 0x00,
    0x00, 0x00, 0x00, 0x00, 0x00, 0x00, 0x00, 0x00, 0x00, 0x00, 0x00, 0x00,
    0x00, 0x00, 0x00, 0x00, 0x00, 0x00, 0x00, 0x00, 0x00, 0x00, 0x00, 0x00,
    0x00, 0x00, 0xFF, 0xFF, 0x55, 0xFD, 0xFF, 0xFF, 0x00, 0x00, 0x00, 0x00,
    0xFF, 0xFF, 0x1B, 0xF6, 0x1B, 0xF6, 0x3B, 0xFE, 0x3B, 0xFE, 0x3B, 0xF6,
    0x1B, 0xF6, 0x3B, 0xFE, 0x3B, 0xF6, 0x3B, 0xF6, 0x1B, 0xF6, 0x00, 0x00,
    0x00, 0x00, 0xFF, 0xFF, 0xFF, 0xFF, 0xFF, 0xFF, 0x1F, 0xF8, 0x00, 0x00,
    0x00, 0x00, 0x00, 0x00, 0x00, 0x00, 0x00, 0x00, 0x00, 0x00, 0x00, 0x00,
    0x00, 0x00, 0x00, 0x00, 0x00, 0x00, 0x00, 0x00, 0x00, 0x00, 0x00, 0x00,
    0x00, 0x00, 0x00, 0x00, 0x00, 0x00, 0x00, 0x00, 0x00, 0x00, 0x00, 0x00,
    0x00, 0x00, 0x00, 0x00, 0x00, 0x00, 0x00, 0x00, 0x00, 0x00, 0x00, 0x00,
    0x00, 0x00, 0x00, 0x00, 0x00, 0x00, 0x00, 0x00, 0x00, 0x00, 0x00, 0x00,
    0x00, 0x00, 0x00, 0x00, 0x00, 0x00, 0x00, 0x00, 0x00, 0x00, 0x00, 0x00,
    0x00, 0x00, 0xCC, 0xFC, 0x00, 0x00, 0x30, 0xFD, 0x10, 0xFD, 0x30, 0xFD,
    0x50, 0xFD, 0x30, 0xFD, 0x30, 0xFD, 0x30, 0xFD, 0x30, 0xFD, 0x51, 0xFD,
    0x30, 0xFD, 0x30, 0xFD, 0x00, 0x00, 0x00, 0x00, 0xEF, 0xFB, 0x00, 0x00,
    0x00, 0x00, 0x00, 0x00, 0x00, 0x00, 0x00, 0x00, 0x00, 0x00, 0x00, 0x00,
    0x00, 0x00, 0x00, 0x00, 0x00, 0x00, 0x00, 0x00, 0x00, 0x00, 0x00, 0x00,
    0x00, 0x00, 0x5F, 0xAD, 0x00, 0x00, 0xBE, 0x85, 0xBE, 0x8D, 0xBD, 0x8D,
    0xFF, 0x95, 0xBD, 0x8D, 0xBD, 0x8D, 0xBD, 0x8D, 0xBD, 0x8D, 0xDE, 0x8D,
    0xBD, 0x8D, 0xBD, 0x8D, 0x00, 0x00, 0x00, 0x00, 0xFF, 0x7B, 0x00, 0x00,
    0x00, 0x00, 0x00, 0x00, 0x00, 0x00, 0x00, 0x00, 0x00, 0x00, 0x00, 0x00,
    0x00, 0x00, 0x00, 0x00, 0x00, 0x00, 0x00, 0x00, 0x00, 0x00, 0x00, 0x00,
    0x00, 0x00, 0x00, 0x00, 0x00, 0x00, 0x00, 0x00, 0x00, 0x00, 0x00, 0x00,
    0x00, 0x00, 0x00, 0x00, 0x00, 0x00, 0x00, 0x00, 0x00, 0x00, 0x00, 0x00,
    0x00, 0x00, 0x00, 0x00, 0x00, 0x00, 0x00, 0x00, 0x00, 0x00, 0x00, 0x00,
    0x00, 0x00, 0x00, 0x00, 0x00, 0x00, 0x00, 0x00, 0x00, 0x00, 0x00, 0x00,
    0x00, 0x00, 0x00, 0x00, 0x00, 0x00, 0x00, 0x00, 0x00, 0x00, 0x00, 0x00,
    0x00, 0x00, 0x00, 0x00, 0x00, 0x00, 0x00, 0x00, 0x00, 0x00, 0x00, 0x00,
    0x00, 0x00, 0x00, 0x00, 0x00, 0x00, 0x00, 0x00, 0xF7, 0xFD, 0x1F, 0xF8,
    0x00, 0x00, 0x00, 0x00, 0x3B, 0xF6, 0x1B, 0xF6, 0x3B, 0xF6, 0x3B, 0xFE,
    0x1B, 0xF6, 0x1B, 0xF6, 0x3B, 0xF6, 0x3B, 0xF6, 0x3B, 0xF6, 0x3B, 0xF6,
    0x3B, 0xFE, 0x3B, 0xF6, 0x3B, 0xFE, 0x3B, 0xF6, 0x1B, 0xFE, 0x5B, 0xFE,
    0x00, 0x00, 0x00, 0x00, 0x55, 0xFD, 0xFF, 0xFF, 0x00, 0x00, 0x00, 0x00,
    0x00, 0x00, 0x00, 0x00, 0x00, 0x00, 0x00, 0x00, 0x00, 0x00, 0x00, 0x00,
    0x00, 0x00, 0x00, 0x00, 0x00, 0x00, 0x00, 0x00, 0x00, 0x00, 0x00, 0x00,
    0x00, 0x00, 0x00, 0x00, 0x00, 0x00, 0x00, 0x00, 0x00, 0x00, 0x00, 0x00,
    0x00, 0x00, 0x00, 0x00, 0x00, 0x00, 0x00, 0x00, 0x00, 0x00, 0x00, 0x00,
    0x00, 0x00, 0x00, 0x00, 0x00, 0x00, 0x00, 0x00, 0x00, 0x00, 0x00, 0x00,
    0x00, 0x00, 0x00, 0x00, 0x00, 0x00, 0x00, 0x00, 0x00, 0x00, 0xE0, 0xFF,
    0x55, 0xFD, 0xD3, 0xFC, 0x30, 0xFD, 0x30, 0xFD, 0x91, 0xFD, 0x91, 0xFD,
    0x51, 0xFD, 0x71, 0xFD, 0x92, 0xFD, 0x30, 0xFD, 0x10, 0xFD, 0x50, 0xFD,
    0xFF, 0xFF, 0x00, 0x00, 0x00, 0xF8, 0x00, 0x00, 0x00, 0x00, 0x00, 0x00,
    0x00, 0x00, 0x00, 0x00, 0x00, 0x00, 0x00, 0x00, 0x00, 0x00, 0x00, 0x00,
    0x00, 0x00, 0x00, 0x00, 0x00, 0x00, 0x00, 0x00, 0x00, 0x00, 0x1F, 0xF8,
    0x5F, 0xAD, 0x5F, 0xAD, 0xBE, 0x8D, 0xBE, 0x8D, 0x1F, 0x96, 0xBD, 0x8D,
    0xBD, 0x8D, 0xBD, 0x8D, 0xBD, 0x8D, 0x5F, 0x9E, 0xBD, 0x8D, 0xBD, 0x8D,
    0xFF, 0xFF, 0x00, 0x00, 0x1F, 0x00, 0x00, 0x00, 0x00, 0x00, 0x00, 0x00,
    0x00, 0x00, 0x00, 0x00, 0x00, 0x00, 0x00, 0x00, 0x00, 0x00, 0x00, 0x00,
    0x00, 0x00, 0x00, 0x00, 0x00, 0x00, 0x00, 0x00, 0x00, 0x00, 0x00, 0x00,
    0x00, 0x00, 0x00, 0x00, 0x00, 0x00, 0x00, 0x00, 0x00, 0x00, 0x00, 0x00,
    0x00, 0x00, 0x00, 0x00, 0x00, 0x00, 0x00, 0x00, 0x00, 0x00, 0x00, 0x00,
    0x00, 0x00, 0x00, 0x00, 0x00, 0x00, 0x00, 0x00, 0x00, 0x00, 0x00, 0x00,
    0x00, 0x00, 0x00, 0x00, 0x00, 0x00, 0x00, 0x00, 0x00, 0x00, 0x00, 0x00,
    0x00, 0x00, 0x00, 0x00, 0x00, 0x00, 0x00, 0x00, 0x00, 0x00, 0x00, 0x00,
    0x00, 0x00, 0x00, 0x00, 0x00, 0x00, 0x00, 0x00, 0x00, 0x00, 0x00, 0x00,
    0x00, 0xF8, 0x00, 0x00, 0x00, 0x00, 0x9C, 0xE5, 0x3B, 0xF6, 0x3B, 0xF6,
    0x3B, 0xFE, 0x3B, 0xF6, 0x9D, 0xFE, 0x9D, 0xFE, 0x1B, 0xF6, 0x3B, 0xF6,
    0x3B, 0xF6, 0x3B, 0xF6, 0x3B, 0xF6, 0x3B, 0xF6, 0x3B, 0xF6, 0x3B, 0xFE,
    0x9D, 0xFE, 0x9D, 0xFE, 0x3B, 0xFE, 0x1B, 0xF6, 0x1B, 0xF6, 0x1A, 0xF6,
    0x00, 0x00, 0x00, 0x00, 0xFF, 0xFF, 0x00, 0x00, 0x00, 0x00, 0x00, 0x00,
    0x00, 0x00, 0x00, 0x00, 0x00, 0x00, 0x00, 0x00, 0x00, 0x00, 0x00, 0x00,
    0x00, 0x00, 0x00, 0x00, 0x00, 0x00, 0x00, 0x00, 0x00, 0x00, 0x00, 0x00,
    0x00, 0x00, 0x00, 0x00, 0x00, 0x00, 0x00, 0x00, 0x00, 0x00, 0x00, 0x00,
    0x00, 0x00, 0x00, 0x00, 0x00, 0x00, 0x00, 0x00, 0x00, 0x00, 0x00, 0x00,
    0x00, 0x00, 0x00, 0x00, 0x00, 0x00, 0x00, 0x00, 0x00, 0x00, 0x00, 0x00,
    0x00, 0x00, 0x00, 0x00, 0x00, 0x00, 0x00, 0x00, 0xEF, 0xFB, 0x00, 0x00,
    0x00, 0x00, 0x30, 0xFD, 0x10, 0xFD, 0x30, 0xFD, 0x30, 0xFD, 0x30, 0xFD,
    0x30, 0xFD, 0x10, 0xFD, 0x11, 0xFD, 0x00, 0x00, 0xFF, 0xFF, 0x00, 0x00,
    0x00, 0x00, 0x00, 0x00, 0x00, 0x00, 0x00, 0x00, 0x00, 0x00, 0x00, 0x00,
    0x00, 0x00, 0x00, 0x00, 0x00, 0x00, 0x00, 0x00, 0x00, 0x00, 0x00, 0x00,
    0x00, 0x00, 0x00, 0x00, 0x00, 0x00, 0x00, 0x00, 0x5F, 0x55, 0x00, 0x00,
    0x5F, 0x55, 0xBD, 0x8D, 0xDE, 0x8D, 0x3F, 0x96, 0x3F, 0x9E, 0x5F, 0x9E,
    0xFE, 0x8D, 0xFE, 0x8D, 0xBD, 0x8D, 0x00, 0x00, 0xFF, 0xFF, 0x00, 0x00,
    0x00, 0x00, 0x00, 0x00, 0x00, 0x00, 0x00, 0x00, 0x00, 0x00, 0x00, 0x00,
    0x00, 0x00, 0x00, 0x00, 0x00, 0x00, 0x00, 0x00, 0x00, 0x00, 0x00, 0x00,
    0x00, 0x00, 0x00, 0x00, 0x00, 0x00, 0x00, 0x00, 0x00, 0x00, 0x00, 0x00,
    0x00, 0x00, 0x00, 0x00, 0x00, 0x00, 0x00, 0x00, 0x00, 0x00, 0x00, 0x00,
    0x00, 0x00, 0x00, 0x00, 0x00, 0x00, 0x00, 0x00, 0x00, 0x00, 0x00, 0x00,
    0x00, 0x00, 0x00, 0x00, 0x00, 0x00, 0x00, 0x00, 0x00, 0x00, 0x00, 0x00,
    0x00, 0x00, 0x00, 0x00, 0x00, 0x00, 0x00, 0x00, 0x00, 0x00, 0x00, 0x00,
    0x00, 0x00, 0x00, 0x00, 0x00, 0x00, 0x00, 0x00, 0x00, 0x00, 0x00, 0x00,
    0x00, 0x00, 0x00, 0x00, 0x00, 0x00, 0xFF, 0xFF, 0x00, 0xF8, 0xFF, 0xFF,
    0x3A, 0xFE, 0x3B, 0xF6, 0x3B, 0xFE, 0x3B, 0xFE, 0x9D, 0xFE, 0x5C, 0xFE,
    0x3B, 0xF6, 0x1B, 0xF6, 0x3B, 0xF6, 0x3B, 0xF6, 0x3B, 0xF6, 0x3B, 0xF6,
    0x3B, 0xF6, 0x3B, 0xF6, 0x3B, 0xF6, 0x1B, 0xF6, 0x1B, 0xF6, 0x1B, 0xF6,
    0x5C, 0xFE, 0x9D, 0xFE, 0x3B, 0xF6, 0x3B, 0xFE, 0x3B, 0xF6, 0x1B, 0xF6,
    0xFF, 0xFF, 0x00, 0x00, 0x00, 0xF8, 0x00, 0x00, 0x00, 0x00, 0x00, 0x00,
    0x00, 0x00, 0x00, 0x00, 0x00, 0x00, 0x00, 0x00, 0x00, 0x00, 0x00, 0x00,
    0x00, 0x00, 0x00, 0x00, 0x00, 0x00, 0x00, 0x00, 0x00, 0x00, 0x00, 0x00,
    0x00, 0x00, 0x00, 0x00, 0x00, 0x00, 0x00, 0x00, 0x00, 0x00, 0x00, 0x00,
    0x00, 0x00, 0x00, 0x00, 0x00, 0x00, 0x00, 0x00, 0x00, 0x00, 0x00, 0x00,
    0x00, 0x00, 0x00, 0x00, 0x00, 0x00, 0x00, 0x00, 0x00, 0x00, 0x00, 0x00,
    0x00, 0x00, 0x00, 0x00, 0x00, 0x00, 0xEF, 0xFB, 0x4A, 0xFD, 0x00, 0x00,
    0xEF, 0xFB, 0x0F, 0xFD, 0x30, 0xFD, 0x10, 0xFD, 0x50, 0xFD, 0x00, 0x00,
    0x00, 0x00, 0xD3, 0xFC, 0x00, 0x00, 0x00, 0x00, 0x00, 0x00, 0x00, 0x00,
    0x00, 0x00, 0x00, 0x00, 0x00, 0x00, 0x00, 0x00, 0x00, 0x00, 0x00, 0x00,
    0x00, 0x00, 0x00, 0x00, 0x00, 0x00, 0x00, 0x00, 0x00, 0x00, 0x00, 0x00,
    0x00, 0x00, 0x00, 0x00, 0x00, 0x00, 0x00, 0x00, 0x00, 0x00, 0x00, 0x00,
    0x9D, 0x8D, 0xBD, 0x8D, 0xBD, 0x8D, 0xBD, 0x8D, 0xBD, 0x8D, 0x9C, 0x85,
    0x00, 0x00, 0xFF, 0x7B, 0xFF, 0xFF, 0x00, 0x00, 0x00, 0x00, 0x00, 0x00,
    0x00, 0x00, 0x00, 0x00, 0x00, 0x00, 0x00, 0x00, 0x00, 0x00, 0x00, 0x00,
    0x00, 0x00, 0x00, 0x00, 0x00, 0x00, 0x00, 0x00, 0x00, 0x00, 0x00, 0x00,
    0x00, 0x00, 0x00, 0x00, 0x00, 0x00, 0x00, 0x00, 0x00, 0x00, 0x00, 0x00,
    0x00, 0x00, 0x00, 0x00, 0x00, 0x00, 0x00, 0x00, 0x00, 0x00, 0x00, 0x00,
    0x00, 0x00, 0x00, 0x00, 0x00, 0x00, 0x00, 0x00, 0x00, 0x00, 0x00, 0x00,
    0x00, 0x00, 0x00, 0x00, 0x00, 0x00, 0x00, 0x00, 0x00, 0x00, 0x00, 0x00,
    0x00, 0x00, 0x00, 0x00, 0x00, 0x00, 0x00, 0x00, 0x00, 0x00, 0x00, 0x00,
    0x00, 0x00, 0x00, 0x00, 0x00, 0x00, 0x00, 0x00, 0x00, 0x00, 0x00, 0x00,
    0x00, 0x00, 0xF7, 0xFD, 0x00, 0x00, 0xFB, 0xFD, 0x1B, 0xF6, 0x1B, 0xF6,
    0x9D, 0xFE, 0x1B, 0xF6, 0x1B, 0xF6, 0x3B, 0xF6, 0x3B, 0xF6, 0x3B, 0xF6,
    0x3B, 0xF6, 0x3B, 0xF6, 0x3B, 0xF6, 0x3B, 0xF6, 0x3B, 0xF6, 0x3B, 0xF6,
    0x3B, 0xF6, 0x3B, 0xF6, 0x3B, 0xF6, 0x3B, 0xF6, 0x1B, 0xF6, 0x3B, 0xF6,
    0x3B, 0xF6, 0x7D, 0xFE, 0x3B, 0xF6, 0x1B, 0xF6, 0x00, 0x00, 0x00, 0x00,
    0xEF, 0xFB, 0x00, 0x00, 0x00, 0x00, 0x00, 0x00, 0x00, 0x00, 0x00, 0x00,
    0x00, 0x00, 0x00, 0x00, 0x00, 0x00, 0x00, 0x00, 0x00, 0x00, 0x00, 0x00,
    0x00, 0x00, 0x00, 0x00, 0x00, 0x00, 0x00, 0x00, 0x00, 0x00, 0x00, 0x00,
    0x00, 0x00, 0x00, 0x00, 0x00, 0x00, 0x00, 0x00, 0x00, 0x00, 0x00, 0x00,
    0x00, 0x00, 0x00, 0x00, 0x00, 0x00, 0x00, 0x00, 0x00, 0x00, 0x00, 0x00,
    0x00, 0x00, 0x00, 0x00, 0x00, 0x00, 0x00, 0x00, 0x00, 0x00, 0x00, 0x00,
    0x00, 0x00, 0x00, 0x00, 0x00, 0x00, 0x4A, 0xFD, 0xEF, 0xFB, 0x00, 0x00,
    0x00, 0x00, 0x00, 0x00, 0x00, 0x00, 0x55, 0xFD, 0xFF, 0xFF, 0x00, 0x00,
    0x00, 0x00, 0x00, 0x00, 0x00, 0x00, 0x00, 0x00, 0x00, 0x00, 0x00, 0x00,
    0x00, 0x00, 0x00, 0x00, 0x00, 0x00, 0x00, 0x00, 0x00, 0x00, 0x00, 0x00,
    0x00, 0x00, 0x00, 0x00, 0x00, 0x00, 0x00, 0x00, 0x00, 0x00, 0x00, 0x00,
    0x00, 0x00, 0x00, 0x00, 0x00, 0x00, 0xBF, 0x52, 0x00, 0x00, 0xB5, 0x52,
    0xDC, 0x7D, 0x5D, 0x7D, 0x00, 0x00, 0x00, 0x00, 0xFF, 0xFF, 0x00, 0x00,
    0x00, 0x00, 0x00, 0x00, 0x00, 0x00, 0x00, 0x00, 0x00, 0x00, 0x00, 0x00,
    0x00, 0x00, 0x00, 0x00, 0x00, 0x00, 0x00, 0x00, 0x00, 0x00, 0x00, 0x00,
    0x00, 0x00, 0x00, 0x00, 0x00, 0x00, 0x00, 0x00, 0x00, 0x00, 0x00, 0x00,
    0x00, 0x00, 0x00, 0x00, 0x00, 0x00, 0x00, 0x00, 0x00, 0x00, 0x00, 0x00,
    0x00, 0x00, 0x00, 0x00, 0x00, 0x00, 0x00, 0x00, 0x00, 0x00, 0x00, 0x00,
    0x00, 0x00, 0x00, 0x00, 0x00, 0x00, 0x00, 0x00, 0x00, 0x00, 0x00, 0x00,
    0x00, 0x00, 0x00, 0x00, 0x00, 0x00, 0x00, 0x00, 0x00, 0x00, 0x00, 0x00,
    0x00, 0x00, 0x00, 0x00, 0x00, 0x00, 0x00, 0x00, 0x00, 0x00, 0x00, 0x00,
    0x00, 0x00, 0x00, 0x00, 0x00, 0x00, 0x00, 0x00, 0x00, 0x00, 0x55, 0xFD,
    0x00, 0x00, 0x7F, 0xFE, 0x1B, 0xF6, 0x3B, 0xF6, 0xBD, 0xFE, 0x1B, 0xF6,
    0x1B, 0xF6, 0x3B, 0xF6, 0x1B, 0xF6, 0x3B, 0xF6, 0x3B, 0xF6, 0x3B, 0xF6,
    0x3B, 0xF6, 0x3B, 0xF6, 0x3B, 0xF6, 0x3B, 0xF6, 0x3B, 0xF6, 0x3B, 0xF6,
    0x3B, 0xF6, 0x1B, 0xF6, 0x3B, 0xF6, 0x1B, 0xF6, 0x3B, 0xF6, 0xBD, 0xFE,
    0x3B, 0xF6, 0x3B, 0xFE, 0x00, 0x00, 0x00, 0x00, 0xFF, 0xFF, 0x00, 0x00,
    0x00, 0x00, 0x00, 0x00, 0x00, 0x00, 0x00, 0x00, 0x00, 0x00, 0x00, 0x00,
    0x00, 0x00, 0x00, 0x00, 0x00, 0x00, 0x00, 0x00, 0x00, 0x00, 0x00, 0x00,
    0x00, 0x00, 0x00, 0x00, 0x00, 0x00, 0x00, 0x00, 0x00, 0x00, 0x00, 0x00,
    0x00, 0x00, 0x00, 0x00, 0x00, 0x00, 0x00, 0x00, 0x00, 0x00, 0x00, 0x00,
    0x00, 0x00, 0x00, 0x00, 0x00, 0x00, 0x00, 0x00, 0x00, 0x00, 0x00, 0x00,
    0x00, 0x00, 0x00, 0x00, 0x00, 0x00, 0x00, 0x00, 0x00, 0x00, 0x00, 0x00,
    0x00, 0x00, 0x00, 0x00, 0x00, 0x00, 0x00, 0x00, 0x00, 0x00, 0x00, 0x00,
    0x00, 0x00, 0x00, 0x00, 0x00, 0x00, 0x00, 0x00, 0x00, 0x00, 0x00, 0x00,
    0x00, 0x00, 0x00, 0x00, 0x00, 0x00, 0x00, 0x00, 0x00, 0x00, 0x00, 0x00,
    0x00, 0x00, 0x00, 0x00, 0x00, 0x00, 0x00, 0x00, 0x00, 0x00, 0x00, 0x00,
    0x00, 0x00, 0x00, 0x00, 0x00, 0x00, 0x00, 0x00, 0x00, 0x00, 0x00, 0x00,
    0x00, 0x00, 0x00, 0x00, 0x00, 0x00, 0x00, 0x00, 0x00, 0x00, 0x00, 0x00,
    0x00, 0x00, 0x00, 0x00, 0x00, 0x00, 0x00, 0x00, 0x00, 0x00, 0x00, 0x00,
    0x00, 0x00, 0x00, 0x00, 0x00, 0x00, 0x00, 0x00, 0x00, 0x00, 0x00, 0x00,
    0x00, 0x00, 0x00, 0x00, 0x00, 0x00, 0x00, 0x00, 0x00, 0x00, 0x00, 0x00,
    0x00, 0x00, 0x00, 0x00, 0x00, 0x00, 0x00, 0x00, 0x00, 0x00, 0x00, 0x00,
    0x00, 0x00, 0x00, 0x00, 0x00, 0x00, 0x00, 0x00, 0x00, 0x00, 0x00, 0x00,
    0x00, 0x00, 0x00, 0x00, 0x00, 0x00, 0x00, 0x00, 0x00, 0x00, 0x00, 0x00,
    0x00, 0x00, 0x00, 0x00, 0x00, 0x00, 0x00, 0x00, 0x00, 0x00, 0x00, 0x00,
    0x00, 0x00, 0x00, 0x00, 0x00, 0x00, 0x00, 0x00, 0x00, 0x00, 0x00, 0x00,
    0x00, 0x00, 0x00, 0x00, 0x00, 0x00, 0x00, 0x00, 0x00, 0x00, 0x00, 0x00,
    0x00, 0x00, 0x00, 0x00, 0x00, 0x00, 0x00, 0xF8, 0x00, 0x00, 0xFF, 0xFF,
    0xFB, 0xFD, 0x3B, 0xF6, 0x3C, 0xFE, 0x1B, 0xF6, 0x9D, 0xFE, 0x9D, 0xFE,
    0x3B, 0xF6, 0x1B, 0xF6, 0x3B, 0xF6, 0x3B, 0xF6, 0x3B, 0xF6, 0x3B, 0xF6,
    0x3B, 0xF6, 0x3B, 0xF6, 0x3B, 0xF6, 0x1B, 0xF6, 0x1B, 0xF6, 0x3B, 0xF6,
    0x9D, 0xFE, 0x7C, 0xFE, 0x3B, 0xF6, 0x5B, 0xFE, 0x3B, 0xFE, 0x5D, 0xFE,
    0xFF, 0xFF, 0x00, 0x00, 0x00, 0x00, 0x00, 0x00, 0x00, 0x00, 0x00, 0x00,
    0x00, 0x00, 0x00, 0x00, 0x00, 0x00, 0x00, 0x00, 0x00, 0x00, 0x00, 0x00,
    0x00, 0x00, 0x00, 0x00, 0x00, 0x00, 0x00, 0x00, 0x00, 0x00, 0x00, 0x00,
    0x00, 0x00, 0x00, 0x00, 0x00, 0x00, 0x00, 0x00, 0x00, 0x00, 0x00, 0x00,
    0x00, 0x00, 0x00, 0x00, 0x00, 0x00, 0x00, 0x00, 0x00, 0x00, 0x00, 0x00,
    0x00, 0x00, 0x00, 0x00, 0x00, 0x00, 0x00, 0x00, 0x00, 0x00, 0x00, 0x00,
    0x00, 0x00, 0x00, 0x00, 0x00, 0x00, 0x00, 0x00, 0x00, 0x00, 0x00, 0x00,
    0x00, 0x00, 0xFF, 0xFF, 0xFF, 0xFF, 0xFF, 0xFF, 0x00, 0xF8, 0x00, 0x00,
    0x00, 0x00, 0x00, 0x00, 0x00, 0x00, 0x00, 0x00, 0x00, 0x00, 0x00, 0x00,
    0x00, 0x00, 0x00, 0x00, 0x00, 0x00, 0x00, 0x00, 0x00, 0x00, 0x00, 0x00,
    0x00, 0x00, 0x00, 0x00, 0x00, 0x00, 0x00, 0x00, 0x00, 0x00, 0x00, 0x00,
    0x00, 0x00, 0x00, 0x00, 0x00, 0x00, 0x00, 0x00, 0x00, 0x00, 0x00, 0x00,
    0xFF, 0x7B, 0xFF, 0xFF, 0x00, 0x00, 0x00, 0x00, 0xFF, 0x7B, 0xFF, 0xFF,
    0x00, 0x00, 0x00, 0x00, 0x00, 0x00, 0x00, 0x00, 0x00, 0x00, 0x00, 0x00,
    0x00, 0x00, 0x00, 0x00, 0x00, 0x00, 0x00, 0x00, 0x00, 0x00, 0x00, 0x00,
    0x00, 0x00, 0x00, 0x00, 0x00, 0x00, 0x00, 0x00, 0x00, 0x00, 0x00, 0x00,
    0x00, 0x00, 0x00, 0x00, 0x00, 0x00, 0x00, 0x00, 0x00, 0x00, 0x00, 0x00,
    0x00, 0x00, 0x00, 0x00, 0x00, 0x00, 0x00, 0x00, 0x00, 0x00, 0x00, 0x00,
    0x00, 0x00, 0x00, 0x00, 0x00, 0x00, 0x00, 0x00, 0x00, 0x00, 0x00, 0x00,
    0x00, 0x00, 0x00, 0x00, 0x00, 0x00, 0x00, 0x00, 0x00, 0x00, 0x00, 0x00,
    0x00, 0x00, 0x00, 0x00, 0x00, 0x00, 0x00, 0x00, 0x00, 0x00, 0x00, 0x00,
    0x00, 0x00, 0x00, 0x00, 0x00, 0x00, 0x00, 0x00, 0x00, 0x00, 0x00, 0x00,
    0x00, 0x00, 0x00, 0x00, 0x00, 0x00, 0x00, 0x00, 0x00, 0x00, 0x00, 0x00,
    0x98, 0xED, 0x3B, 0xFE, 0x3B, 0xFE, 0x3B, 0xFE, 0x1B, 0xF6, 0x9D, 0xFE,
    0x3B, 0xFE, 0x3B, 0xF6, 0x3B, 0xF6, 0x3B, 0xF6, 0x3B, 0xF6, 0x3B, 0xF6,
    0x3B, 0xF6, 0x5C, 0xFE, 0x9D, 0xFE, 0x1B, 0xF6, 0x3B, 0xFE, 0x3B, 0xF6,
    0x1B, 0xF6, 0x96, 0xD5, 0x00, 0x00, 0x00, 0x00, 0xFF, 0xFF, 0x00, 0x00,
    0x00, 0x00, 0x00, 0x00, 0x00, 0x00, 0x00, 0x00, 0x00, 0x00, 0x00, 0x00,
    0x00, 0x00, 0x00, 0x00, 0x00, 0x00, 0x00, 0x00, 0x00, 0x00, 0x00, 0x00,
    0x00, 0x00, 0x00, 0x00, 0x1F, 0xF8, 0xFF, 0xFB, 0x5F, 0xAD, 0x5F, 0xAD,
    0xFF, 0xFB, 0x00, 0x00, 0x00, 0x00, 0x00, 0x00, 0x00, 0x00, 0x00, 0x00,
    0x00, 0x00, 0x00, 0x00, 0x00, 0x00, 0x00, 0x00, 0x00, 0x00, 0x00, 0x00,
    0x00, 0x00, 0x00, 0x00, 0x00, 0x00, 0x00, 0x00, 0x00, 0x00, 0x00, 0x00,
    0x00, 0x00, 0x00, 0x00, 0x00, 0x00, 0x00, 0x00, 0x00, 0x00, 0x00, 0x00,
    0x00, 0x00, 0x00, 0x00, 0x00, 0x00, 0x00, 0x00, 0x00, 0x00, 0x00, 0x00,
    0x00, 0x00, 0x00, 0x00, 0x00, 0x00, 0x00, 0x00, 0x00, 0x00, 0x00, 0x00,
    0x00, 0x00, 0x00, 0x00, 0x00, 0x00, 0x00, 0x00, 0x00, 0x00, 0x00, 0x00,
    0x00, 0x00, 0x00, 0x00, 0x00, 0x00, 0x00, 0x00, 0x00, 0x00, 0x00, 0x00,
    0x00, 0x00, 0x00, 0x00, 0x00, 0x00, 0x00, 0x00, 0x00, 0x00, 0x00, 0x00,
    0xFF, 0x07, 0x1F, 0x00, 0x00, 0x00, 0x00, 0x00, 0x00, 0x00, 0x00, 0x00,
    0x00, 0x00, 0x00, 0x00, 0x00, 0x00, 0x00, 0x00, 0x00, 0x00, 0x00, 0x00,
    0x00, 0x00, 0x00, 0x00, 0x00, 0x00, 0x00, 0x00, 0x00, 0x00, 0x00, 0x00,
    0x00, 0x00, 0x00, 0x00, 0x00, 0x00, 0x00, 0x00, 0x00, 0x00, 0x00, 0x00,
    0x00, 0x00, 0x00, 0x00, 0x00, 0x00, 0x00, 0x00, 0x00, 0x00, 0x00, 0x00,
    0x00, 0x00, 0x00, 0x00, 0x00, 0x00, 0x00, 0x00, 0x00, 0x00, 0x00, 0x00,
    0x00, 0x00, 0x00, 0x00, 0x00, 0x00, 0x00, 0x00, 0x00, 0x00, 0x00, 0x00,
    0x00, 0x00, 0x00, 0x00, 0x00, 0x00, 0x00, 0x00, 0x00, 0x00, 0x00, 0x00,
    0x00, 0x00, 0x00, 0x00, 0x00, 0x00, 0x00, 0x00, 0x00, 0x00, 0x00, 0x00,
    0x00, 0x00, 0x00, 0x00, 0x00, 0x00, 0x00, 0x00, 0x00, 0x00, 0x00, 0x00,
    0x00, 0x00, 0x00, 0x00, 0x55, 0xFD, 0x5A, 0xD5, 0x00, 0x00, 0x00, 0x00,
    0x00, 0x00, 0x1B, 0xF6, 0x3B, 0xF6, 0x1B, 0xF6, 0x1B, 0xF6, 0x3B, 0xF6,
    0x3B, 0xF6, 0x3B, 0xF6, 0x3B, 0xF6, 0x3B, 0xFE, 0x3B, 0xF6, 0x1B, 0xF6,
    0x1B, 0xF6, 0x1B, 0xFE, 0xFB, 0xF5, 0x00, 0x00, 0x00, 0x00, 0x00, 0x00,
    0x79, 0xFE, 0xFF, 0xFF, 0x00, 0x00, 0x00, 0x00, 0x00, 0x00, 0x00, 0x00,
    0x00, 0x00, 0x00, 0x00, 0x00, 0x00, 0x00, 0x00, 0x00, 0x00, 0x00, 0x00,
    0x00, 0x00, 0x00, 0x00, 0x00, 0x00, 0x00, 0x00, 0x00, 0x00, 0xFF, 0x7B,
    0x00, 0x00, 0x00, 0x00, 0x00, 0x00, 0x00, 0x00, 0x00, 0x00, 0xFF, 0xFF,
    0xEF, 0x7B, 0x00, 0x00, 0x00, 0x00, 0x00, 0x00, 0x00, 0x00, 0x00, 0x00,
    0x00, 0x00, 0x00, 0x00, 0x00, 0x00, 0x00, 0x00, 0x00, 0x00, 0x00, 0x00,
    0x00, 0x00, 0x00, 0x00, 0x00, 0x00, 0x00, 0x00, 0x00, 0x00, 0x00, 0x00,
    0x00, 0x00, 0x00, 0x00, 0x00, 0x00, 0x00, 0x00, 0x00, 0x00, 0x00, 0x00,
    0x00, 0x00, 0x00, 0x00, 0x00, 0x00, 0x00, 0x00, 0x00, 0x00, 0x00, 0x00,
    0x00, 0x00, 0x00, 0x00, 0x00, 0x00, 0x00, 0x00, 0x00, 0x00, 0x00, 0x00,
    0x00, 0x00, 0x00, 0x00, 0x00, 0x00, 0x00, 0x00, 0x00, 0x00, 0x00, 0x00,
    0x00, 0x00, 0x00, 0x00, 0x00, 0x00, 0x00, 0x00, 0x00, 0x00, 0x00, 0x00,
    0x00, 0x00, 0x00, 0x00, 0x00, 0x00, 0x00, 0x00, 0x00, 0x00, 0x00, 0x00,
    0x00, 0x00, 0x00, 0x00, 0x00, 0x00, 0x00, 0x00, 0x00, 0x00, 0x00, 0x00,
    0x00, 0x00, 0x00, 0x00, 0x00, 0x00, 0x00, 0x00, 0x00, 0x00, 0x00, 0x00,
    0x00, 0x00, 0x00, 0x00, 0x00, 0x00, 0x00, 0x00, 0x00, 0x00, 0x00, 0x00,
    0x00, 0x00, 0x00, 0x00, 0x00, 0x00, 0x00, 0x00, 0x00, 0x00, 0x00, 0x00,
    0x00, 0x00, 0x00, 0x00, 0x00, 0x00, 0x00, 0x00, 0x00, 0x00, 0x00, 0x00,
    0x00, 0x00, 0x00, 0x00, 0x00, 0x00, 0x00, 0x00, 0x00, 0x00, 0x00, 0x00,
    0x00, 0x00, 0x00, 0x00, 0x00, 0x00, 0x00, 0x00, 0x00, 0x00, 0x00, 0x00,
    0x00, 0x00, 0x00, 0x00, 0x00, 0x00, 0x00, 0x00, 0x00, 0x00, 0x00, 0x00,
    0x00, 0x00, 0x00, 0x00, 0x00, 0x00, 0x00, 0x00, 0x00, 0x00, 0x00, 0x00,
    0x00, 0x00, 0x00, 0x00, 0x00, 0x00, 0x00, 0x00, 0x00, 0x00, 0x00, 0x00,
    0x00, 0x00, 0x00, 0x00, 0xFF, 0xFF, 0x55, 0xFD, 0x5F, 0xFD, 0x00, 0x00,
    0x00, 0x00, 0x3B, 0xFE, 0x1B, 0xF6, 0x3B, 0xFE, 0x3B, 0xFE, 0x1B, 0xF6,
    0x1B, 0xF6, 0x5C, 0xFE, 0x3B, 0xF6, 0x1B, 0xF6, 0x3B, 0xFE, 0x00, 0x00,
    0xFF, 0xFF, 0x5F, 0xFD, 0x55, 0xFD, 0xFF, 0xFF, 0x00, 0x00, 0x00, 0x00,
    0x00, 0x00, 0x00, 0x00, 0x00, 0x00, 0x00, 0x00, 0x00, 0x00, 0x00, 0x00,
    0x00, 0x00, 0x00, 0x00, 0x00, 0x00, 0x00, 0x00, 0x00, 0x00, 0x00, 0x00,
    0x00, 0x00, 0x00, 0x00, 0x00, 0x00, 0x00, 0x00, 0x00, 0x00, 0xFF, 0xFB,
    0x7F, 0xCE, 0x7F, 0xCE, 0xFF, 0x7B, 0x00, 0x00, 0x00, 0x00, 0x00, 0x00,
    0x00, 0x00, 0x00, 0x00, 0x00, 0x00, 0x00, 0x00, 0x00, 0x00, 0x00, 0x00,
    0x00, 0x00, 0x00, 0x00, 0x00, 0x00, 0x00, 0x00, 0x00, 0x00, 0x00, 0x00,
    0x00, 0x00, 0x00, 0x00, 0x00, 0x00, 0x00, 0x00, 0x00, 0x00, 0x00, 0x00,
    0x00, 0x00, 0x00, 0x00, 0x00, 0x00, 0x00, 0x00, 0x00, 0x00, 0x00, 0x00,
    0x00, 0x00, 0x00, 0x00, 0x00, 0x00, 0x00, 0x00, 0x00, 0x00, 0x00, 0x00,
    0x00, 0x00, 0x00, 0x00, 0x00, 0x00, 0x00, 0x00, 0x00, 0x00, 0x00, 0x00,
    0x00, 0x00, 0x00, 0x00, 0x00, 0x00, 0x00, 0x00, 0x00, 0x00, 0x00, 0x00,
    0x00, 0x00, 0x00, 0x00, 0x00, 0x00, 0x00, 0x00, 0x00, 0x00, 0x00, 0x00,
    0x00, 0x00, 0x00, 0x00, 0x00, 0x00, 0x00, 0x00, 0x00, 0x00, 0x00, 0x00,
    0x00, 0x00, 0x00, 0x00, 0x00, 0x00, 0x00, 0x00, 0x00, 0x00, 0x00, 0x00,
    0x00, 0x00, 0x00, 0x00, 0x00, 0x00, 0x00, 0x00, 0x00, 0x00, 0x00, 0x00,
    0x00, 0x00, 0x00, 0x00, 0x00, 0x00, 0x00, 0x00, 0x00, 0x00, 0x00, 0x00,
    0x00, 0x00, 0x00, 0x00, 0x00, 0x00, 0x00, 0x00, 0x00, 0x00, 0x00, 0x00,
    0x00, 0x00, 0x00, 0x00, 0x00, 0x00, 0x00, 0x00, 0x00, 0x00, 0x00, 0x00,
    0x00, 0x00, 0x00, 0x00, 0x00, 0x00, 0x00, 0x00, 0x00, 0x00, 0x00, 0x00,
    0x00, 0x00, 0x00, 0x00, 0x00, 0x00, 0x00, 0x00, 0x00, 0x00, 0x00, 0x00,
    0x00, 0x00, 0x00, 0x00, 0x00, 0x00, 0x00, 0x00, 0x00, 0x00, 0x00, 0x00,
    0x00, 0x00, 0x00, 0x00, 0x00, 0x00, 0x00, 0x00, 0x00, 0x00, 0x00, 0x00,
    0x00, 0x00, 0x00, 0x00, 0x00, 0x00, 0x00, 0x00, 0x00, 0x00, 0x00, 0x00,
    0x00, 0x00, 0x00, 0x00, 0x00, 0x00, 0x00, 0x00, 0x00, 0x00, 0xFF, 0xFF,
    0x1B, 0xF6, 0x7C, 0xFE, 0x5B, 0xFE, 0x1B, 0xF6, 0x1B, 0xF6, 0x7C, 0xFE,
    0x1B, 0xF6, 0x3B, 0xFE, 0x00, 0x00, 0x00, 0x00, 0x00, 0x00, 0x00, 0x00,
    0x00, 0x00, 0x00, 0x00, 0x00, 0x00, 0x00, 0x00, 0x00, 0x00, 0x00, 0x00,
    0x00, 0x00, 0x00, 0x00, 0x00, 0x00, 0x00, 0x00, 0x00, 0x00, 0x00, 0x00,
    0x00, 0x00, 0x00, 0x00, 0x00, 0x00, 0x00, 0x00, 0x00, 0x00, 0x55, 0xAD,
    0xFF, 0x07, 0x00, 0x00, 0x9F, 0xC5, 0xBD, 0xCD, 0xBE, 0xCD, 0xBD, 0xCD,
    0x9E, 0xCD, 0x7F, 0xCE, 0x00, 0x00, 0xFF, 0xFF, 0xFF, 0xFF, 0x00, 0x00,
    0x00, 0x00, 0x00, 0x00, 0x00, 0x00, 0x00, 0x00, 0x00, 0x00, 0x00, 0x00,
    0x00, 0x00, 0x00, 0x00, 0x00, 0x00, 0x00, 0x00, 0x00, 0x00, 0x00, 0x00,
    0x00, 0x00, 0x00, 0x00, 0xFF, 0xFF, 0xF5, 0x57, 0x55, 0x55, 0xFF, 0x07,
    0x00, 0x00, 0x00, 0x00, 0x00, 0x00, 0x00, 0x00, 0x00, 0x00, 0x00, 0x00,
    0x00, 0x00, 0x00, 0x00, 0x00, 0x00, 0x00, 0x00, 0x00, 0x00, 0x00, 0x00,
    0x00, 0x00, 0x00, 0x00, 0x00, 0x00, 0x00, 0x00, 0x00, 0x00, 0x00, 0x00,
    0x00, 0x00, 0x00, 0x00, 0x00, 0x00, 0x00, 0x00, 0x00, 0x00, 0x00, 0x00,
    0x00, 0x00, 0x00, 0x00, 0x00, 0x00, 0x00, 0x00, 0x00, 0x00, 0x00, 0x00,
    0x00, 0x00, 0x00, 0x00, 0x00, 0x00, 0x00, 0x00, 0x00, 0x00, 0x00, 0x00,
    0x00, 0x00, 0x00, 0x00, 0x00, 0x00, 0x00, 0x00, 0x00, 0x00, 0x00, 0x00,
    0x00, 0x00, 0x00, 0x00, 0x00, 0x00, 0x00, 0x00, 0x00, 0x00, 0x00, 0x00,
    0x00, 0x00, 0x00, 0x00, 0x00, 0x00, 0x00, 0x00, 0x00, 0x00, 0x00, 0x00,
    0x00, 0x00, 0x00, 0x00, 0x00, 0x00, 0x00, 0x00, 0x00, 0x00, 0x00, 0x00,
    0x00, 0x00, 0x00, 0x00, 0x00, 0x00, 0x00, 0x00, 0x00, 0x00, 0x00, 0x00,
    0x00, 0x00, 0x00, 0x00, 0x00, 0x00, 0x00, 0x00, 0x00, 0x00, 0x00, 0x00,
    0x00, 0x00, 0x00, 0x00, 0x00, 0x00, 0x00, 0x00, 0x00, 0x00, 0x00, 0x00,
    0x00, 0x00, 0x00, 0x00, 0x00, 0x00, 0x00, 0x00, 0x00, 0x00, 0x00, 0x00,
    0x00, 0x00, 0x00, 0x00, 0x00, 0x00, 0x00, 0x00, 0x00, 0x00, 0x00, 0x00,
    0x00, 0x00, 0x00, 0x00, 0x00, 0x00, 0x00, 0x00, 0x00, 0x00, 0x00, 0x00,
    0x00, 0x00, 0xFF, 0xFF, 0xFB, 0xFD, 0x00, 0x00, 0x3B, 0xFE, 0x3B, 0xFE,
    0x3B, 0xFE, 0x3B, 0xF6, 0x1B, 0xF6, 0x7C, 0xFE, 0x1B, 0xF6, 0x7B, 0xFE,
    0x00, 0x00, 0xBA, 0xFE, 0xFF, 0xFF, 0x00, 0x00, 0x00, 0x00, 0x00, 0x00,
    0x00, 0x00, 0x00, 0x00, 0x00, 0x00, 0x00, 0x00, 0x00, 0x00, 0x00, 0x00,
    0x00, 0x00, 0x00, 0x00, 0x00, 0x00, 0x00, 0x00, 0x00, 0x00, 0x00, 0x00,
    0x00, 0x00, 0x00, 0x00, 0xFF, 0xFD, 0x00, 0x00, 0xBF, 0xDD, 0xBE, 0xCD,
    0x9D, 0xC5, 0xBE, 0xCD, 0x9D, 0xCD, 0xBD, 0xCD, 0xBE, 0xCD, 0x9D, 0xCD,
    0x7D, 0xC5, 0xDF, 0xE5, 0x00, 0x00, 0xFF, 0x7B, 0x00, 0x00, 0x00, 0x00,
    0x00, 0x00, 0x00, 0x00, 0x00, 0x00, 0x00, 0x00, 0x00, 0x00, 0x00, 0x00,
    0x00, 0x00, 0x00, 0x00, 0x00, 0x00, 0x00, 0x00, 0x00, 0x00, 0xFF, 0xFF,
    0x00, 0x00, 0x00, 0x00, 0x00, 0x00, 0x00, 0x00, 0xFF, 0x7F, 0x00, 0x00,
    0x00, 0x00, 0x00, 0x00, 0x00, 0x00, 0x00, 0x00, 0x00, 0x00, 0x00, 0x00,
    0x00, 0x00, 0x00, 0x00, 0x00, 0x00, 0x00, 0x00, 0x00, 0x00, 0x00, 0x00,
    0x00, 0x00, 0x00, 0x00, 0x00, 0x00, 0x00, 0x00, 0x00, 0x00, 0x00, 0x00,
    0x00, 0x00, 0x00, 0x00, 0x00, 0x00, 0x00, 0x00, 0x00, 0x00, 0x00, 0x00,
    0x00, 0x00, 0x00, 0x00, 0x00, 0x00, 0x00, 0x00, 0x00, 0x00, 0x00, 0x00,
    0x00, 0x00, 0x00, 0x00, 0x00, 0x00, 0x00, 0x00, 0x00, 0x00, 0x00, 0x00,
    0x00, 0x00, 0x00, 0x00, 0x00, 0x00, 0x00, 0x00, 0x00, 0x00, 0x00, 0x00,
    0x00, 0x00, 0x00, 0x00, 0x00, 0x00, 0x00, 0x00, 0x00, 0x00, 0x00, 0x00,
    0x00, 0x00, 0x00, 0x00, 0x00, 0x00, 0x00, 0x00, 0x00, 0x00, 0x00, 0x00,
    0x00, 0x00, 0x00, 0x00, 0x00, 0x00, 0x00, 0x00, 0x00, 0x00, 0x00, 0x00,
    0x00, 0x00, 0x00, 0x00, 0x00, 0x00, 0x00, 0x00, 0x00, 0x00, 0x00, 0x00,
    0x00, 0x00, 0x00, 0x00, 0x00, 0x00, 0x00, 0x00, 0x00, 0x00, 0x00, 0x00,
    0x00, 0x00, 0x00, 0x00, 0x00, 0x00, 0x00, 0x00, 0x00, 0x00, 0x00, 0x00,
    0x00, 0x00, 0x00, 0x00, 0x00, 0x00, 0x00, 0x00, 0x00, 0x00, 0x00, 0x00,
    0x00, 0x00, 0x00, 0x00, 0x00, 0x00, 0x00, 0x00, 0x00, 0x00, 0x00, 0x00,
    0x00, 0x00, 0x00, 0x00, 0x00, 0x00, 0x00, 0x00, 0x00, 0x00, 0x00, 0x00,
    0xF9, 0xFF, 0xFF, 0xFF, 0x3B, 0xF6, 0x1B, 0xF6, 0x1B, 0xF6, 0x3B, 0xFE,
    0x3B, 0xFE, 0x3B, 0xFE, 0x1B, 0xF6, 0xFB, 0xFD, 0xFF, 0xFF, 0x79, 0xFE,
    0x00, 0x00, 0x00, 0x00, 0x00, 0x00, 0x00, 0x00, 0x00, 0x00, 0x00, 0x00,
    0x00, 0x00, 0x00, 0x00, 0x00, 0x00, 0x00, 0x00, 0x00, 0x00, 0x00, 0x00,
    0x00, 0x00, 0x00, 0x00, 0x00, 0x00, 0x00, 0x00, 0x00, 0x00, 0xFF, 0x7B,
    0x00, 0x00, 0xBE, 0xCD, 0x9D, 0xC5, 0xBD, 0xCD, 0x3F, 0xDE, 0x1F, 0xDE,
    0xDF, 0xD5, 0xFF, 0xD5, 0x1F, 0xDE, 0x1F, 0xDE, 0xDF, 0xD5, 0x7D, 0xC5,
    0xDE, 0xC5, 0xFF, 0x7B, 0x00, 0x00, 0x00, 0x00, 0x00, 0x00, 0x00, 0x00,
    0x00, 0x00, 0x00, 0x00, 0x00, 0x00, 0x00, 0x00, 0x00, 0x00, 0x00, 0x00,
    0x00, 0x00, 0xFF, 0x07, 0x00, 0x00, 0x00, 0x00, 0x38, 0x77, 0x58, 0x7F,
    0x18, 0x77, 0x58, 0x77, 0x00, 0x00, 0xFF, 0xFF, 0x00, 0x00, 0x00, 0x00,
    0x00, 0x00, 0x00, 0x00, 0x00, 0x00, 0x00, 0x00, 0x00, 0x00, 0x00, 0x00,
    0x00, 0x00, 0x00, 0x00, 0x00, 0x00, 0x00, 0x00, 0x00, 0x00, 0x00, 0x00,
    0x00, 0x00, 0x00, 0x00, 0x00, 0x00, 0x00, 0x00, 0x00, 0x00, 0x00, 0x00,
    0x00, 0x00, 0x00, 0x00, 0x00, 0x00, 0x00, 0x00, 0x00, 0x00, 0x00, 0x00,
    0x00, 0x00, 0x00, 0x00, 0x00, 0x00, 0x00, 0x00, 0x00, 0x00, 0x00, 0x00,
    0x00, 0x00, 0x00, 0x00, 0x00, 0x00, 0x00, 0x00, 0x00, 0x00, 0x00, 0x00,
    0x00, 0x00, 0x00, 0x00, 0x00, 0x00, 0x00, 0x00, 0x00, 0x00, 0x00, 0x00,
    0x00, 0x00, 0x00, 0x00, 0x00, 0x00, 0x00, 0x00, 0x00, 0x00, 0x00, 0x00,
    0x00, 0x00, 0x00, 0x00, 0x00, 0x00, 0x00, 0x00, 0x00, 0x00, 0x00, 0x00,
    0x00, 0x00, 0x00, 0x00, 0x00, 0x00, 0x00, 0x00, 0x00, 0x00, 0x00, 0x00,
    0x00, 0x00, 0x00, 0x00, 0x00, 0x00, 0x00, 0x00, 0x00, 0x00, 0x00, 0x00,
    0x00, 0x00, 0x00, 0x00, 0x00, 0x00, 0x00, 0x00, 0x00, 0x00, 0x00, 0x00,
    0x00, 0x00, 0x00, 0x00, 0x00, 0x00, 0x00, 0x00, 0x00, 0x00, 0x00, 0x00,
    0x00, 0x00, 0x00, 0x00, 0x00, 0x00, 0x00, 0x00, 0x00, 0x00, 0x00, 0x00,
    0x00, 0x00, 0x00, 0x00, 0x00, 0x00, 0x00, 0x00, 0x00, 0x00, 0x00, 0x00,
    0x00, 0x00, 0x00, 0x00, 0x00, 0x00, 0x00, 0x00, 0xFF, 0xFF, 0xFF, 0xFF,
    0x9A, 0xFE, 0x3B, 0xFE, 0x3B, 0xF6, 0x5C, 0xFE, 0x7C, 0xFE, 0x1B, 0xF6,
    0x1B, 0xFE, 0xFF, 0xFD, 0x00, 0x00, 0xEF, 0xFB, 0x00, 0x00, 0x00, 0x00,
    0x00, 0x00, 0x00, 0x00, 0x00, 0x00, 0x00, 0x00, 0x00, 0x00, 0x00, 0x00,
    0x00, 0x00, 0x00, 0x00, 0x00, 0x00, 0x00, 0x00, 0x00, 0x00, 0x00, 0x00,
    0x00, 0x00, 0x00, 0x00, 0x00, 0x00, 0x5F, 0xAD, 0x5F, 0xC5, 0x9E, 0xCD,
    0xBE, 0xCD, 0xBE, 0xCD, 0xBD, 0xCD, 0xBD, 0xCD, 0x9D, 0xCD, 0x9D, 0xCD,
    0x9D, 0xCD, 0xBD, 0xCD, 0x1F, 0xD6, 0xBE, 0xCD, 0xBD, 0xCD, 0x00, 0x00,
    0x00, 0x00, 0xFF, 0xFF, 0x00, 0x00, 0x00, 0x00, 0x00, 0x00, 0x00, 0x00,
    0x00, 0x00, 0x00, 0x00, 0x00, 0x00, 0x00, 0x00, 0x00, 0x00, 0xFF, 0xAF,
    0x00, 0x00, 0x79, 0x77, 0x78, 0x77, 0x58, 0x7F, 0x78, 0x7F, 0x78, 0x77,
    0x79, 0x77, 0xEF, 0x7F, 0x00, 0x00, 0x00, 0x00, 0x00, 0x00, 0x00, 0x00,
    0x00, 0x00, 0x00, 0x00, 0x00, 0x00, 0x00, 0x00, 0x00, 0x00, 0x00, 0x00,
    0x00, 0x00, 0x00, 0x00, 0x00, 0x00, 0x00, 0x00, 0x00, 0x00, 0x00, 0x00,
    0x00, 0x00, 0x00, 0x00, 0x00, 0x00, 0x00, 0x00, 0x00, 0x00, 0x00, 0x00,
    0x00, 0x00, 0x00, 0x00, 0x00, 0x00, 0x00, 0x00, 0x00, 0x00, 0x00, 0x00,
    0x00, 0x00, 0x00, 0x00, 0x00, 0x00, 0x00, 0x00, 0x00, 0x00, 0x00, 0x00,
    0x00, 0x00, 0x00, 0x00, 0x00, 0x00, 0x00, 0x00, 0x00, 0x00, 0x00, 0x00,
    0x00, 0x00, 0x00, 0x00, 0x00, 0x00, 0x00, 0x00, 0x00, 0x00, 0x00, 0x00,
    0x00, 0x00, 0x00, 0x00, 0x00, 0x00, 0x00, 0x00, 0x00, 0x00, 0x00, 0x00,
    0x00, 0x00, 0x00, 0x00, 0x00, 0x00, 0x00, 0x00, 0x00, 0x00, 0x00, 0x00,
    0x00, 0x00, 0x00, 0x00, 0x00, 0x00, 0x00, 0x00, 0x00, 0x00, 0x00, 0x00,
    0x00, 0x00, 0x00, 0x00, 0x00, 0x00, 0x00, 0x00, 0x00, 0x00, 0x00, 0x00,
    0x00, 0x00, 0x00, 0x00, 0x00, 0x00, 0x00, 0x00, 0x00, 0x00, 0x00, 0x00,
    0x00, 0x00, 0x00, 0x00, 0x00, 0x00, 0x00, 0x00, 0x00, 0x00, 0x00, 0x00,
    0x00, 0x00, 0x00, 0x00, 0x00, 0x00, 0x00, 0x00, 0x00, 0x00, 0x00, 0x00,
    0x00, 0x00, 0x00, 0x00, 0x00, 0x00, 0x00, 0x00, 0x00, 0x00, 0x00, 0x00,
    0x00, 0x00, 0x00, 0x00, 0x1F, 0xF8, 0xFF, 0xFF, 0x00, 0x00, 0x1C, 0xF6,
    0x1B, 0xF6, 0x5C, 0xFE, 0x9D, 0xFE, 0x3B, 0xF6, 0x59, 0xEE, 0x00, 0x00,
    0x00, 0x00, 0xFF, 0xFF, 0x00, 0x00, 0x00, 0x00, 0x00, 0x00, 0x00, 0x00,
    0x00, 0x00, 0x00, 0x00, 0x00, 0x00, 0x00, 0x00, 0x00, 0x00, 0x00, 0x00,
    0x00, 0x00, 0x00, 0x00, 0x00, 0x00, 0x00, 0x00, 0x00, 0x00, 0xFF, 0xFF,
    0x00, 0x00, 0x00, 0x00, 0xBE, 0xCD, 0x9D, 0xCD, 0xFF, 0xD5, 0x9D, 0xCD,
    0xBD, 0xCD, 0xBD, 0xCD, 0xBD, 0xCD, 0xBD, 0xCD, 0xBD, 0xCD, 0xBD, 0xCD,
    0x9D, 0xCD, 0x1F, 0xDE, 0xBD, 0xCD, 0x7B, 0xBD, 0x00, 0x00, 0x1F, 0x00,
    0x1F, 0x00, 0x00, 0x00, 0x00, 0x00, 0x00, 0x00, 0x00, 0x00, 0x00, 0x00,
    0x00, 0x00, 0x00, 0x00, 0x00, 0x00, 0xFF, 0xAF, 0xFF, 0x07, 0x58, 0x7F,
    0xD9, 0x7F, 0x79, 0x7F, 0xB9, 0x7F, 0x58, 0x7F, 0x58, 0x7F, 0x00, 0x00,
    0x00, 0x00, 0xFF, 0xFF, 0x00, 0x00, 0x00, 0x00, 0x00, 0x00, 0x00, 0x00,
    0x00, 0x00, 0x00, 0x00, 0x00, 0x00, 0x00, 0x00, 0x00, 0x00, 0x00, 0x00,
    0x00, 0x00, 0x00, 0x00, 0x00, 0x00, 0x00, 0x00, 0x00, 0x00, 0x00, 0x00,
    0x00, 0x00, 0x00, 0x00, 0x00, 0x00, 0x00, 0x00, 0x00, 0x00, 0x00, 0x00,
    0x00, 0x00, 0x00, 0x00, 0x00, 0x00, 0x00, 0x00, 0x00, 0x00, 0x00, 0x00,
    0x00, 0x00, 0x00, 0x00, 0x00, 0x00, 0x00, 0x00, 0x00, 0x00, 0x00, 0x00,
    0x00, 0x00, 0x00, 0x00, 0x00, 0x00, 0x00, 0x00, 0x00, 0x00, 0x00, 0x00,
    0x00, 0x00, 0x00, 0x00, 0x00, 0x00, 0x00, 0x00, 0x00, 0x00, 0x00, 0x00,
    0x00, 0x00, 0x00, 0x00, 0x00, 0x00, 0x00, 0x00, 0x00, 0x00, 0x00, 0x00,
    0x00, 0x00, 0x00, 0x00, 0x00, 0x00, 0x00, 0x00, 0x00, 0x00, 0x00, 0x00,
    0x00, 0x00, 0x00, 0x00, 0x00, 0x00, 0x00, 0x00, 0x00, 0x00, 0x00, 0x00,
    0x00, 0x00, 0x00, 0x00, 0x00, 0x00, 0x00, 0x00, 0x00, 0x00, 0x00, 0x00,
    0x00, 0x00, 0x00, 0x00, 0x00, 0x00, 0x00, 0x00, 0x00, 0x00, 0x00, 0x00,
    0x00, 0x00, 0x00, 0x00, 0x00, 0x00, 0x00, 0x00, 0x00, 0x00, 0x00, 0x00,
    0x00, 0x00, 0x00, 0x00, 0x00, 0x00, 0x00, 0x00, 0x00, 0x00, 0x00, 0x00,
    0x00, 0x00, 0x00, 0x00, 0x00, 0x00, 0x00, 0x00, 0x00, 0x00, 0x00, 0x00,
    0x00, 0x00, 0xFF, 0xFD, 0x00, 0x00, 0xFA, 0xFD, 0x3B, 0xF6, 0x3B, 0xF6,
    0x3B, 0xF6, 0x1B, 0xF6, 0x00, 0x00, 0x00, 0x00, 0xFF, 0xFF, 0x00, 0x00,
    0x00, 0x00, 0x00, 0x00, 0x00, 0x00, 0x00, 0x00, 0x00, 0x00, 0x00, 0x00,
    0x00, 0x00, 0x00, 0x00, 0x00, 0x00, 0x00, 0x00, 0x00, 0x00, 0x00, 0x00,
    0x00, 0x00, 0x00, 0x00, 0x00, 0x00, 0xFF, 0xFB, 0x00, 0x00, 0x00, 0x00,
    0xBD, 0xCD, 0x9D, 0xC5, 0xBE, 0xCD, 0x9D, 0xCD, 0xBD, 0xCD, 0xBD, 0xCD,
    0xBD, 0xCD, 0xBD, 0xCD, 0xBD, 0xCD, 0xBD, 0xCD, 0x9D, 0xCD, 0xFF, 0xD5,
    0xBD, 0xCD, 0x9D, 0xCD, 0x7F, 0xCE, 0x00, 0x00, 0x5F, 0xAD, 0x00, 0x00,
    0x00, 0x00, 0x00, 0x00, 0x00, 0x00, 0x00, 0x00, 0x00, 0x00, 0x00, 0x00,
    0xFF, 0xFF, 0x00, 0x00, 0x39, 0x7F, 0x58, 0x7F, 0xB9, 0x7F, 0x58, 0x7F,
    0x78, 0x7F, 0x58, 0x77, 0x58, 0x7F, 0x00, 0x00, 0x00, 0x00, 0xEF, 0x7B,
    0x00, 0x00, 0x00, 0x00, 0x00, 0x00, 0x00, 0x00, 0x00, 0x00, 0x00, 0x00,
    0x00, 0x00, 0x00, 0x00, 0x00, 0x00, 0x00, 0x00, 0x00, 0x00, 0x00, 0x00,
    0x00, 0x00, 0x00, 0x00, 0x00, 0x00, 0x00, 0x00, 0x00, 0x00, 0x00, 0xF8,
    0x00, 0x00, 0x00, 0x00, 0x00, 0x00, 0x00, 0x00, 0x00, 0x00, 0x00, 0x00,
    0x00, 0x00, 0x00, 0x00, 0x00, 0x00, 0x00, 0x00, 0x00, 0x00, 0x00, 0x00,
    0x00, 0x00, 0x00, 0x00, 0x00, 0x00, 0x00, 0x00, 0x00, 0x00, 0x00, 0x00,
    0x00, 0x00, 0x00, 0x00, 0x00, 0x00, 0x00, 0x00, 0x00, 0x00, 0x00, 0x00,
    0x00, 0x00, 0x00, 0x00, 0x00, 0x00, 0x00, 0x00, 0x00, 0x00, 0x00, 0x00,
    0x00, 0x00, 0x00, 0x00, 0x00, 0x00, 0x00, 0x00, 0x00, 0x00, 0x00, 0x00,
    0x00, 0x00, 0x00, 0x00, 0x00, 0x00, 0x00, 0x00, 0x00, 0x00, 0x00, 0x00,
    0x00, 0x00, 0x00, 0x00, 0x00, 0x00, 0x00, 0x00, 0x00, 0x00, 0x00, 0x00,
    0x00, 0x00, 0x00, 0x00, 0x00, 0x00, 0x00, 0x00, 0x00, 0x00, 0x00, 0x00,
    0x00, 0x00, 0x00, 0x00, 0x00, 0x00, 0x00, 0x00, 0x00, 0x00, 0x00, 0x00,
    0x00, 0x00, 0x00, 0x00, 0x00, 0x00, 0x00, 0x00, 0x00, 0x00, 0x00, 0x00,
    0x00, 0x00, 0x00, 0x00, 0x00, 0x00, 0x00, 0x00, 0x00, 0x00, 0x00, 0x00,
    0x00, 0x00, 0x00, 0x00, 0x00, 0x00, 0x00, 0x00, 0x00, 0x00, 0x5F, 0xFD,
    0x00, 0x00, 0xF7, 0xFD, 0x1B, 0xF6, 0x1B, 0xF6, 0x1B, 0xF6, 0x3A, 0xF6,
    0x00, 0x00, 0x00, 0x00, 0xFF, 0xFF, 0x00, 0x00, 0x00, 0x00, 0x00, 0x00,
    0x00, 0x00, 0x00, 0x00, 0x00, 0x00, 0x00, 0x00, 0x00, 0x00, 0x00, 0x00,
    0x00, 0x00, 0x00, 0x00, 0x00, 0x00, 0x00, 0x00, 0x00, 0x00, 0x00, 0x00,
    0x00, 0x00, 0xFF, 0xFF, 0x00, 0x00, 0x00, 0x00, 0xBD, 0xCD, 0xFF, 0xD5,
    0x9D, 0xCD, 0xBD, 0xCD, 0xBD, 0xCD, 0xBD, 0xCD, 0xBD, 0xCD, 0xBD, 0xCD,
    0xBD, 0xCD, 0xBD, 0xCD, 0xBD, 0xCD, 0xDE, 0xCD, 0x9D, 0xCD, 0xBD, 0xCD,
    0x7C, 0xE6, 0x00, 0x00, 0xD9, 0xCC, 0x00, 0x00, 0x00, 0x00, 0x00, 0x00,
    0x00, 0x00, 0x00, 0x00, 0x00, 0x00, 0x00, 0x00, 0x00, 0x00, 0xF7, 0x7F,
    0xFF, 0xAF, 0x58, 0x7F, 0x78, 0x7F, 0xDA, 0x87, 0xFB, 0x87, 0x58, 0x77,
    0x79, 0x7F, 0x00, 0x00, 0x00, 0x00, 0xE0, 0x07, 0x00, 0x00, 0x00, 0x00,
    0x00, 0x00, 0x00, 0x00, 0x00, 0x00, 0x00, 0x00, 0x00, 0x00, 0x00, 0x00,
    0x00, 0x00, 0x00, 0x00, 0x00, 0x00, 0x00, 0x00, 0xFF, 0xFB, 0x79, 0xFE,
    0xBB, 0xFD, 0xBB, 0xFD, 0xFF, 0xFD, 0xFF, 0xFF, 0xBA, 0xFE, 0xBB, 0xFD,
    0x5A, 0xFD, 0xF7, 0xFD, 0xFF, 0xFF, 0x00, 0x00, 0x00, 0x00, 0x00, 0x00,
    0x00, 0x00, 0x00, 0x00, 0x00, 0x00, 0x00, 0x00, 0x00, 0x00, 0x00, 0x00,
    0x00, 0x00, 0x00, 0x00, 0x00, 0x00, 0x00, 0x00, 0x00, 0x00, 0x00, 0x00,
    0x00, 0x00, 0x00, 0x00, 0x00, 0x00, 0x00, 0x00, 0x00, 0x00, 0x00, 0x00,
    0x00, 0x00, 0x00, 0x00, 0x00, 0x00, 0x00, 0x00, 0x00, 0x00, 0x00, 0x00,
    0x00, 0x00, 0x00, 0x00, 0x00, 0x00, 0x00, 0x00, 0x00, 0x00, 0x00, 0x00,
    0x00, 0x00, 0x00, 0x00, 0x00, 0x00, 0x00, 0x00, 0x00, 0x00, 0x00, 0x00,
    0x00, 0x00, 0x00, 0x00, 0x00, 0x00, 0x00, 0x00, 0x00, 0x00, 0x00, 0x00,
    0x00, 0x00, 0x00, 0x00, 0x00, 0x00, 0x00, 0x00, 0x00, 0x00, 0x00, 0x00,
    0x00, 0x00, 0x00, 0x00, 0x00, 0x00, 0x00, 0x00, 0x00, 0x00, 0x00, 0x00,
    0x00, 0x00, 0x00, 0x00, 0x00, 0x00, 0x00, 0x00, 0x00, 0x00, 0x00, 0x00,
    0x00, 0x00, 0x00, 0x00, 0x00, 0x00, 0x00, 0x00, 0x00, 0x00, 0x00, 0x00,
    0x00, 0x00, 0x00, 0x00, 0x00, 0x00, 0xFF, 0xFF, 0x00, 0x00, 0xFF, 0xFF,
    0xFB, 0xFD, 0x3B, 0xF6, 0x3B, 0xFE, 0xF9, 0xED, 0xFF, 0xFF, 0x00, 0x00,
    0x00, 0x00, 0x00, 0x00, 0x00, 0x00, 0x00, 0x00, 0x00, 0x00, 0x00, 0x00,
    0x00, 0x00, 0x00, 0x00, 0x00, 0x00, 0x00, 0x00, 0x00, 0x00, 0x00, 0x00,
    0x00, 0x00, 0x00, 0x00, 0x00, 0x00, 0x00, 0x00, 0x00, 0x00, 0xFF, 0xFF,
    0x00, 0x00, 0x00, 0x00, 0xBD, 0xCD, 0xFF, 0xD5, 0xBD, 0xCD, 0xBD, 0xCD,
    0xBD, 0xCD, 0xBD, 0xCD, 0xBD, 0xCD, 0xBD, 0xCD, 0xBD, 0xCD, 0xBD, 0xCD,
    0xBD, 0xCD, 0xBD, 0xCD, 0xDF, 0xD5, 0x9D, 0xCD, 0xDC, 0xC5, 0x00, 0x00,
    0xDF, 0xCC, 0x00, 0x00, 0x00, 0x00, 0x00, 0x00, 0x00, 0x00, 0x00, 0x00,
    0x00, 0x00, 0x00, 0x00, 0x00, 0x00, 0xFF, 0x57, 0x00, 0x00, 0x98, 0x7F,
    0x58, 0x77, 0x58, 0x77, 0x99, 0x7F, 0x58, 0x77, 0x00, 0x00, 0x00, 0x00,
    0x00, 0x00, 0x00, 0x00, 0x00, 0x00, 0x00, 0x00, 0x00, 0x00, 0x00, 0x00,
    0x00, 0x00, 0x00, 0x00, 0x00, 0x00, 0x00, 0x00, 0x00, 0x00, 0x00, 0x00,
    0xEF, 0xFB, 0xF7, 0xFD, 0x00, 0x00, 0x00, 0x00, 0x00, 0x00, 0x00, 0x00,
    0x00, 0x00, 0x00, 0x00, 0x00, 0x00, 0x00, 0x00, 0x00, 0x00, 0x00, 0x00,
    0x00, 0x00, 0xD9, 0xCC, 0x79, 0xFE, 0x5F, 0xFD, 0xFF, 0xFB, 0x00, 0xF8,
    0x00, 0x00, 0x00, 0x00, 0x00, 0x00, 0x00, 0x00, 0x00, 0x00, 0x00, 0x00,
    0x00, 0x00, 0x00, 0x00, 0x00, 0x00, 0x00, 0x00, 0x00, 0x00, 0x00, 0x00,
    0x00, 0x00, 0x00, 0x00, 0x00, 0x00, 0x00, 0x00, 0x00, 0x00, 0x00, 0x00,
    0x00, 0x00, 0x00, 0x00, 0x00, 0x00, 0x00, 0x00, 0x00, 0x00, 0x00, 0x00,
    0x00, 0x00, 0x00, 0x00, 0x00, 0x00, 0x00, 0x00, 0x00, 0x00, 0x00, 0x00,
    0x00, 0x00, 0x00, 0x00, 0x00, 0x00, 0x00, 0x00, 0x00, 0x00, 0x00, 0x00,
    0x00, 0x00, 0x00, 0x00, 0x00, 0x00, 0x00, 0x00, 0x00, 0x00, 0x00, 0x00,
    0x00, 0x00, 0x00, 0x00, 0x00, 0x00, 0x00, 0x00, 0x00, 0x00, 0x00, 0x00,
    0x00, 0x00, 0x00, 0x00, 0x00, 0x00, 0x00, 0x00, 0x00, 0x00, 0x00, 0x00,
    0x00, 0x00, 0x00, 0x00, 0x00, 0x00, 0x00, 0x00, 0x00, 0x00, 0x00, 0x00,
    0x00, 0x00, 0x00, 0x00, 0x00, 0x00, 0x00, 0x00, 0x00, 0x00, 0x00, 0x00,
    0x00, 0x00, 0x00, 0x00, 0x00, 0x00, 0x00, 0x00, 0x00, 0x00, 0x79, 0xE6,
    0x79, 0xCE, 0x00, 0x00, 0xFF, 0xFF, 0x00, 0x00, 0x00, 0x00, 0x00, 0x00,
    0x00, 0x00, 0x00, 0x00, 0x00, 0x00, 0x00, 0x00, 0x00, 0x00, 0x00, 0x00,
    0x00, 0x00, 0x00, 0x00, 0x00, 0x00, 0x00, 0x00, 0x00, 0x00, 0x00, 0x00,
    0x00, 0x00, 0x00, 0x00, 0x00, 0x00, 0xFF, 0xFF, 0x00, 0x00, 0x00, 0x00,
    0xBD, 0xCD, 0xBE, 0xCD, 0xBD, 0xCD, 0xBD, 0xCD, 0xBD, 0xCD, 0xBD, 0xCD,
    0xBD, 0xCD, 0xBD, 0xCD, 0xBD, 0xCD, 0xBD, 0xCD, 0xBD, 0xCD, 0x9D, 0xCD,
    0xFF, 0xD5, 0x9D, 0xCD, 0x9D, 0xCD, 0xFF, 0xFF, 0x5F, 0xAD, 0x0F, 0x00,
    0x00, 0x00, 0x00, 0x00, 0x00, 0x00, 0x00, 0x00, 0x00, 0x00, 0x00, 0x00,
    0x00, 0x00, 0x00, 0x00, 0x00, 0x00, 0x00, 0x00, 0x00, 0x00, 0x7B, 0x6F,
    0x00, 0x00, 0x00, 0x00, 0x00, 0x00, 0x00, 0x00, 0x00, 0x00, 0x00, 0x00,
    0x00, 0x00, 0x00, 0x00, 0x00, 0x00, 0x00, 0x00, 0x00, 0x00, 0x00, 0x00,
    0x00, 0x00, 0x00, 0x00, 0x00, 0x00, 0xFF, 0xFB, 0x00, 0x00, 0x00, 0x00,
    0xEF, 0x7B, 0xFA, 0xF5, 0x1B, 0xF6, 0x3B, 0xF6, 0x3B, 0xF6, 0x1B, 0xF6,
    0x3B, 0xFE, 0x3B, 0xF6, 0x1B, 0xFE, 0xFA, 0xF5, 0x55, 0xFD, 0x00, 0x00,
    0x00, 0x00, 0x00, 0x00, 0x00, 0x00, 0xFF, 0xFF, 0xFF, 0xFF, 0xEF, 0xFB,
    0xFF, 0xFF, 0x00, 0x00, 0x00, 0x00, 0x00, 0x00, 0x00, 0x00, 0x00, 0x00,
    0x00, 0x00, 0x00, 0x00, 0x00, 0x00, 0x00, 0x00, 0x00, 0x00, 0x00, 0x00,
    0x00, 0x00, 0x00, 0x00, 0x00, 0x00, 0x00, 0x00, 0x00, 0x00, 0x00, 0x00,
    0x00, 0x00, 0x00, 0x00, 0x00, 0x00, 0x00, 0x00, 0x00, 0x00, 0x00, 0x00,
    0x00, 0x00, 0x00, 0x00, 0x00, 0x00, 0x00, 0x00, 0x00, 0x00, 0x00, 0x00,
    0x00, 0x00, 0x00, 0x00, 0x00, 0x00, 0x00, 0x00, 0x00, 0x00, 0x00, 0x00,
    0x00, 0x00, 0x00, 0x00, 0x00, 0x00, 0x00, 0x00, 0x00, 0x00, 0x00, 0x00,
    0x00, 0x00, 0x00, 0x00, 0x00, 0x00, 0x00, 0x00, 0x00, 0x00, 0x00, 0x00,
    0x00, 0x00, 0x00, 0x00, 0x00, 0x00, 0x00, 0x00, 0x00, 0x00, 0x00, 0x00,
    0x00, 0x00, 0x00, 0x00, 0x00, 0x00, 0x00, 0x00, 0x00, 0x00, 0x00, 0x00,
    0x00, 0x00, 0x00, 0x00, 0x00, 0x00, 0x00, 0x00, 0x00, 0x00, 0x00, 0x00,
    0x00, 0x00, 0x00, 0x00, 0xFF, 0xFF, 0xFF, 0xFF, 0xFF, 0xFF, 0xFF, 0xFF,
    0x00, 0x00, 0x00, 0x00, 0x00, 0x00, 0x00, 0x00, 0x00, 0x00, 0x00, 0x00,
    0x00, 0x00, 0x00, 0x00, 0x00, 0x00, 0x00, 0x00, 0x00, 0x00, 0x00, 0x00,
    0x00, 0x00, 0x00, 0x00, 0x00, 0x00, 0x00, 0x00, 0x00, 0x00, 0x00, 0x00,
    0x00, 0x00, 0xFF, 0x7B, 0x00, 0x00, 0x00, 0x00, 0xBD, 0xCD, 0x9D, 0xCD,
    0xDE, 0xCD, 0xBD, 0xCD, 0xBD, 0xCD, 0xBD, 0xCD, 0xBD, 0xCD, 0xBD, 0xCD,
    0xBD, 0xCD, 0xBD, 0xCD, 0xBD, 0xCD, 0x9D, 0xCD, 0xDF, 0xD5, 0xBD, 0xCD,
    0x9D, 0xCD, 0x9D, 0xC5, 0x00, 0x00, 0x5F, 0xAD, 0x00, 0x00, 0x00, 0x00,
    0x00, 0x00, 0x00, 0x00, 0x00, 0x00, 0x00, 0x00, 0x00, 0x00, 0x00, 0x00,
    0x00, 0x00, 0xFF, 0x07, 0xF5, 0x57, 0xFF, 0x07, 0xFF, 0x7F, 0xFF, 0x7F,
    0x00, 0x00, 0x00, 0x00, 0x00, 0x00, 0x00, 0x00, 0x00, 0x00, 0x00, 0x00,
    0x00, 0x00, 0x00, 0x00, 0x00, 0x00, 0x00, 0x00, 0x00, 0x00, 0x00, 0x00,
    0x00, 0x00, 0x00, 0x00, 0xFF, 0xFF, 0xBC, 0xFE, 0x1B, 0xFE, 0x1B, 0xF6,
    0x1B, 0xF6, 0x5C, 0xFE, 0x7C, 0xFE, 0x7C, 0xFE, 0x7C, 0xFE, 0x1B, 0xF6,
    0x1B, 0xF6, 0x1B, 0xF6, 0x1B, 0xFE, 0x5C, 0xFE, 0x3A, 0xFE, 0xFB, 0xFE,
    0xFF, 0xFF, 0x00, 0x00, 0x00, 0x00, 0x00, 0x00, 0x00, 0x00, 0x00, 0x00,
    0x00, 0x00, 0x00, 0x00, 0x00, 0x00, 0x00, 0x00, 0x00, 0x00, 0x00, 0x00,
    0x00, 0x00, 0x00, 0x00, 0x00, 0x00, 0x00, 0x00, 0x00, 0x00, 0x00, 0x00,
    0x00, 0x00, 0x00, 0x00, 0x00, 0x00, 0x00, 0x00, 0x00, 0x00, 0x00, 0x00,
    0x00, 0x00, 0x00, 0x00, 0x00, 0x00, 0x00, 0x00, 0x00, 0x00, 0x00, 0x00,
    0x00, 0x00, 0x00, 0x00, 0x00, 0x00, 0x00, 0x00, 0x00, 0x00, 0x00, 0x00,
    0x00, 0x00, 0x00, 0x00, 0x00, 0x00, 0x00, 0x00, 0x00, 0x00, 0x00, 0x00,
    0x00, 0x00, 0x00, 0x00, 0x00, 0x00, 0x00, 0x00, 0x00, 0x00, 0x00, 0x00,
    0x00, 0x00, 0x00, 0x00, 0x00, 0x00, 0x00, 0x00, 0x00, 0x00, 0x00, 0x00,
    0x00, 0x00, 0x00, 0x00, 0x00, 0x00, 0x00, 0x00, 0x00, 0x00, 0x00, 0x00,
    0x00, 0x00, 0x00, 0x00, 0x00, 0x00, 0x00, 0x00, 0x00, 0x00, 0x00, 0x00,
    0x00, 0x00, 0x00, 0x00, 0x00, 0x00, 0x00, 0x00, 0x00, 0x00, 0x00, 0x00,
    0x00, 0x00, 0x00, 0x00, 0x00, 0x00, 0x00, 0x00, 0x00, 0x00, 0x00, 0x00,
    0x00, 0x00, 0x00, 0x00, 0x00, 0x00, 0x00, 0x00, 0x00, 0x00, 0x00, 0x00,
    0x00, 0x00, 0x00, 0x00, 0x00, 0x00, 0x00, 0x00, 0x00, 0x00, 0x00, 0x00,
    0x00, 0x00, 0x00, 0x00, 0x00, 0x00, 0x00, 0x00, 0x00, 0x00, 0xFF, 0xFF,
    0x00, 0x00, 0x00, 0x00, 0x7D, 0xCD, 0xBE, 0xCD, 0xFF, 0xD5, 0xBD, 0xCD,
    0xBD, 0xCD, 0xBD, 0xCD, 0xBD, 0xCD, 0xBD, 0xCD, 0xBD, 0xCD, 0xBD, 0xCD,
    0xBD, 0xCD, 0x9D, 0xCD, 0xDE, 0xCD, 0xBD, 0xCD, 0xBD, 0xCD, 0xDE, 0xCD,
    0x00, 0x00, 0x7F, 0xCE, 0x00, 0x00, 0x00, 0x00, 0x00, 0x00, 0x00, 0x00,
    0x00, 0x00, 0x00, 0x00, 0x00, 0x00, 0x00, 0x00, 0x00, 0x00, 0x00, 0x00,
    0x00, 0x00, 0x00, 0x00, 0x00, 0x00, 0x00, 0x00, 0x00, 0x00, 0x00, 0x00,
    0x00, 0x00, 0x00, 0x00, 0x00, 0x00, 0x00, 0x00, 0x00, 0x00, 0x00, 0x00,
    0x00, 0x00, 0x00, 0x00, 0x00, 0x00, 0x00, 0x00, 0x79, 0xFE, 0x00, 0x00,
    0x1B, 0xFE, 0x3B, 0xF6, 0x3B, 0xFE, 0x3B, 0xFE, 0x3B, 0xFE, 0x5B, 0xFE,
    0x5B, 0xFE, 0x5B, 0xFE, 0x5C, 0xFE, 0x3B, 0xFE, 0x1B, 0xF6, 0x1B, 0xF6,
    0x3B, 0xF6, 0x3B, 0xF6, 0x3B, 0xF6, 0x3B, 0xFE, 0x3B, 0xF6, 0xDB, 0xFE,
    0x00, 0x00, 0x00, 0x00, 0x00, 0x00, 0x55, 0xFD, 0xFF, 0xFF, 0x00, 0x00,
    0x00, 0x00, 0x00, 0x00, 0x00, 0x00, 0x00, 0x00, 0x00, 0x00, 0x00, 0x00,
    0x00, 0x00, 0x00, 0x00, 0x00, 0x00, 0x00, 0x00, 0x00, 0x00, 0x00, 0x00,
    0x00, 0x00, 0x00, 0x00, 0x00, 0x00, 0x00, 0x00, 0x00, 0x00, 0x00, 0x00,
    0x00, 0x00, 0x00, 0x00, 0x00, 0x00, 0x00, 0x00, 0x00, 0x00, 0x00, 0x00,
    0x00, 0x00, 0x00, 0x00, 0x00, 0x00, 0x00, 0x00, 0x00, 0x00, 0x00, 0x00,
    0x00, 0x00, 0x00, 0x00, 0x00, 0x00, 0x00, 0x00, 0x00, 0x00, 0x00, 0x00,
    0x00, 0x00, 0x00, 0x00, 0x00, 0x00, 0x00, 0x00, 0x00, 0x00, 0x00, 0x00,
    0x00, 0x00, 0x00, 0x00, 0x00, 0x00, 0x00, 0x00, 0x00, 0x00, 0x00, 0x00,
    0x00, 0x00, 0x00, 0x00, 0x00, 0x00, 0x00, 0x00, 0x00, 0x00, 0x00, 0x00,
    0x00, 0x00, 0x00, 0x00, 0x00, 0x00, 0x00, 0x00, 0x00, 0x00, 0x00, 0x00,
    0x00, 0x00, 0x00, 0x00, 0x00, 0x00, 0x00, 0x00, 0x00, 0x00, 0x00, 0x00,
    0x00, 0x00, 0x00, 0x00, 0x00, 0x00, 0x00, 0x00, 0x00, 0x00, 0x00, 0x00,
    0x00, 0x00, 0x00, 0x00, 0x00, 0x00, 0x00, 0x00, 0x00, 0x00, 0x00, 0x00,
    0x00, 0x00, 0x00, 0x00, 0x00, 0x00, 0x00, 0x00, 0x00, 0x00, 0x00, 0x00,
    0x00, 0x00, 0x00, 0x00, 0x00, 0x00, 0x00, 0x00, 0x00, 0x00, 0xEF, 0x7B,
    0x1C, 0xD5, 0xBE, 0xCD, 0x3F, 0xDE, 0x9D, 0xCD, 0xBD, 0xCD, 0xBD, 0xCD,
    0xBD, 0xCD, 0xBD, 0xCD, 0xBD, 0xCD, 0xBD, 0xCD, 0xBD, 0xCD, 0xBD, 0xCD,
    0xBD, 0xCD, 0xBE, 0xCD, 0x9D, 0xCD, 0x9E, 0xCD, 0x1F, 0x00, 0xBF, 0xDD,
    0x00, 0x00, 0x00, 0x00, 0x00, 0x00, 0x00, 0x00, 0x00, 0x00, 0x00, 0x00,
    0x00, 0x00, 0x00, 0x00, 0x00, 0x00, 0x00, 0x00, 0x00, 0x00, 0x00, 0x00,
    0x00, 0x00, 0x00, 0x00, 0x00, 0x00, 0x00, 0x00, 0x00, 0x00, 0x00, 0x00,
    0x00, 0x00, 0x00, 0x00, 0x00, 0x00, 0x00, 0x00, 0x00, 0x00, 0x00, 0x00,
    0x55, 0xFD, 0xFF, 0xFF, 0x00, 0x00, 0x3B, 0xFE, 0x1B, 0xF6, 0x3B, 0xFE,
    0x7C, 0xFE, 0x5C, 0xFE, 0x3B, 0xF6, 0x1B, 0xF6, 0x1B, 0xF6, 0x1B, 0xF6,
    0x3B, 0xF6, 0x1B, 0xF6, 0x3B, 0xFE, 0x5C, 0xFE, 0x7C, 0xFE, 0x9D, 0xFE,
    0x3B, 0xF6, 0x1B, 0xF6, 0x3B, 0xFE, 0x1B, 0xF6, 0x1B, 0xF6, 0x3B, 0xFE,
    0xDA, 0xF5, 0x00, 0x00, 0x00, 0x00, 0xFF, 0xFF, 0xFF, 0xFF, 0x00, 0x00,
    0x00, 0x00, 0x00, 0x00, 0x00, 0x00, 0x00, 0x00, 0x00, 0x00, 0x00, 0x00,
    0x00, 0x00, 0x00, 0x00, 0x00, 0x00, 0x00, 0x00, 0x00, 0x00, 0x00, 0x00,
    0x00, 0x00, 0x00, 0x00, 0x00, 0x00, 0x00, 0x00, 0x00, 0x00, 0x00, 0x00,
    0x00, 0x00, 0x00, 0x00, 0x00, 0x00, 0x00, 0x00, 0x00, 0x00, 0x00, 0x00,
    0x00, 0x00, 0x00, 0x00, 0x00, 0x00, 0x00, 0x00, 0x00, 0x00, 0x00, 0x00,
    0x00, 0x00, 0x00, 0x00, 0x00, 0x00, 0x00, 0x00, 0x00, 0x00, 0x00, 0x00,
    0x00, 0x00, 0x00, 0x00, 0x00, 0x00, 0x00, 0x00, 0x00, 0x00, 0x00, 0x00,
    0x00, 0x00, 0x00, 0x00, 0x00, 0x00, 0x00, 0x00, 0x00, 0x00, 0x00, 0x00,
    0x00, 0x00, 0x00, 0x00, 0x00, 0x00, 0x00, 0x00, 0x00, 0x00, 0x00, 0x00,
    0x00, 0x00, 0x00, 0x00, 0x00, 0x00, 0x00, 0x00, 0x00, 0x00, 0x00, 0x00,
    0x00, 0x00, 0x00, 0x00, 0x00, 0x00, 0x00, 0x00, 0x00, 0x00, 0x00, 0x00,
    0x00, 0x00, 0x00, 0x00, 0x00, 0x00, 0x00, 0x00, 0x00, 0x00, 0x00, 0x00,
    0x00, 0x00, 0x00, 0x00, 0x00, 0x00, 0x00, 0x00, 0x00, 0x00, 0x00, 0x00,
    0x00, 0x00, 0x00, 0x00, 0x00, 0x00, 0x00, 0x00, 0x00, 0x00, 0x00, 0x00,
    0x00, 0x00, 0x00, 0x00, 0x00, 0x00, 0xF7, 0xBD, 0x00, 0x00, 0x9D, 0xCD,
    0xFF, 0xD5, 0xBD, 0xCD, 0xBD, 0xCD, 0xBD, 0xCD, 0xBD, 0xCD, 0xBD, 0xCD,
    0xBD, 0xCD, 0xBD, 0xCD, 0xBD, 0xCD, 0xBD, 0xCD, 0xBD, 0xCD, 0xDE, 0xCD,
    0xDF, 0xD5, 0xBE, 0xCD, 0x00, 0x00, 0xFF, 0xBD, 0x00, 0x00, 0x00, 0x00,
    0x00, 0x00, 0x00, 0x00, 0x00, 0x00, 0x00, 0x00, 0x00, 0x00, 0x00, 0x00,
    0x00, 0x00, 0x00, 0x00, 0x00, 0x00, 0x00, 0x00, 0x00, 0x00, 0x00, 0x00,
    0x00, 0x00, 0x00, 0x00, 0x00, 0x00, 0x00, 0x00, 0x00, 0x00, 0x00, 0x00,
    0x00, 0x00, 0x00, 0x00, 0x00, 0x00, 0xFF, 0xFF, 0x00, 0x00, 0x00, 0x00,
    0x1B, 0xF6, 0x1B, 0xF6, 0x7C, 0xFE, 0x3B, 0xFE, 0x1B, 0xF6, 0x3B, 0xF6,
    0x1B, 0xF6, 0x3B, 0xF6, 0x3B, 0xF6, 0x3B, 0xF6, 0x3B, 0xF6, 0x3B, 0xF6,
    0x3B, 0xF6, 0x3B, 0xF6, 0x1B, 0xF6, 0x1B, 0xF6, 0x3B, 0xFE, 0x5C, 0xFE,
    0x9D, 0xFE, 0xBD, 0xFE, 0x3B, 0xFE, 0x3B, 0xF6, 0x5C, 0xFE, 0x1B, 0xF6,
    0x3B, 0xFE, 0x00, 0x00, 0x00, 0x00, 0xFF, 0xFB, 0x00, 0x00, 0x00, 0x00,
    0x00, 0x00, 0x00, 0x00, 0x00, 0x00, 0x00, 0x00, 0x00, 0x00, 0x00, 0x00,
    0x00, 0x00, 0x00, 0x00, 0x00, 0x00, 0x00, 0x00, 0x00, 0x00, 0x00, 0x00,
    0x00, 0x00, 0x00, 0x00, 0x00, 0x00, 0x00, 0x00, 0x00, 0x00, 0x00, 0x00,
    0x00, 0x00, 0x00, 0x00, 0x00, 0x00, 0x00, 0x00, 0x00, 0x00, 0x00, 0x00,
    0x00, 0x00, 0x00, 0x00, 0x00, 0x00, 0x00, 0x00, 0x00, 0x00, 0x00, 0x00,
    0x00, 0x00, 0x00, 0x00, 0x00, 0x00, 0x00, 0x00, 0x00, 0x00, 0x00, 0x00,
    0x00, 0x00, 0x00, 0x00, 0x00, 0x00, 0x00, 0x00, 0x00, 0x00, 0x00, 0x00,
    0x00, 0x00, 0x00, 0x00, 0x00, 0x00, 0x00, 0x00, 0x00, 0x00, 0x00, 0x00,
    0x00, 0x00, 0x00, 0x00, 0x00, 0x00, 0x00, 0x00, 0x00, 0x00, 0x00, 0x00,
    0x00, 0x00, 0x00, 0x00, 0x00, 0x00, 0x00, 0x00, 0x00, 0x00, 0x00, 0x00,
    0x00, 0x00, 0x00, 0x00, 0x00, 0x00, 0x00, 0x00, 0x00, 0x00, 0x00, 0x00,
    0x00, 0x00, 0x00, 0x00, 0x00, 0x00, 0x00, 0x00, 0x00, 0x00, 0x00, 0x00,
    0x00, 0x00, 0x00, 0x00, 0x00, 0x00, 0x00, 0x00, 0x00, 0x00, 0x00, 0x00,
    0x00, 0x00, 0x00, 0x00, 0x00, 0x00, 0x00, 0x00, 0x00, 0x00, 0x00, 0x00,
    0x00, 0x00, 0xF7, 0xBD, 0xFF, 0x7B, 0x9E, 0xC5, 0x9D, 0xC5, 0xBD, 0xCD,
    0xBE, 0xCD, 0xBD, 0xCD, 0xBD, 0xCD, 0xBD, 0xCD, 0xBD, 0xCD, 0xBD, 0xCD,
    0xBD, 0xCD, 0xBD, 0xCD, 0xBD, 0xCD, 0xBE, 0xCD, 0xDE, 0xD5, 0xBD, 0xCD,
    0xDC, 0xC5, 0x00, 0x00, 0xFF, 0xFF, 0x00, 0x00, 0x00, 0x00, 0x00, 0x00,
    0x00, 0x00, 0x00, 0x00, 0x00, 0x00, 0x00, 0x00, 0x00, 0x00, 0x00, 0x00,
    0x00, 0x00, 0x00, 0x00, 0x00, 0x00, 0x00, 0x00, 0x00, 0x00, 0x00, 0x00,
    0x00, 0x00, 0x00, 0x00, 0x00, 0x00, 0x00, 0x00, 0x00, 0x00, 0x00, 0x00,
    0x5F, 0xFD, 0x00, 0x00, 0xFF, 0xFB, 0x1A, 0xFE, 0x3B, 0xF6, 0x5C, 0xFE,
    0x3B, 0xFE, 0x3B, 0xF6, 0x3B, 0xF6, 0x3B, 0xF6, 0x3B, 0xF6, 0x3B, 0xF6,
    0x3B, 0xF6, 0x3B, 0xF6, 0x3B, 0xF6, 0x3B, 0xF6, 0x3B, 0xF6, 0x3B, 0xF6,
    0x3B, 0xF6, 0x3B, 0xF6, 0x3B, 0xF6, 0x3B, 0xF6, 0x1B, 0xF6, 0x3B, 0xF6,
    0x3B, 0xF6, 0x3B, 0xFE, 0xBD, 0xFE, 0x5C, 0xFE, 0x1B, 0xFE, 0xDA, 0xED,
    0xFF, 0xFF, 0x5F, 0xFD, 0xFF, 0xFF, 0x00, 0x00, 0x00, 0x00, 0x00, 0x00,
    0x00, 0x00, 0x00, 0x00, 0x00, 0x00, 0x00, 0x00, 0x00, 0x00, 0x00, 0x00,
    0x00, 0x00, 0x00, 0x00, 0x00, 0x00, 0x00, 0x00, 0x00, 0x00, 0x00, 0x00,
    0x00, 0x00, 0x00, 0x00, 0x00, 0x00, 0x00, 0x00, 0x00, 0x00, 0x00, 0x00,
    0x00, 0x00, 0x00, 0x00, 0x00, 0x00, 0x00, 0x00, 0x00, 0x00, 0x00, 0x00,
    0x00, 0x00, 0x00, 0x00, 0x00, 0x00, 0x00, 0x00, 0x00, 0x00, 0x00, 0x00,
    0x00, 0x00, 0x00, 0x00, 0x00, 0x00, 0x00, 0x00, 0x00, 0x00, 0x00, 0x00,
    0x00, 0x00, 0x00, 0x00, 0x00, 0x00, 0x00, 0x00, 0x00, 0x00, 0x00, 0x00,
    0x00, 0x00, 0x00, 0x00, 0x00, 0x00, 0x00, 0x00, 0x00, 0x00, 0x00, 0x00,
    0x00, 0x00, 0x00, 0x00, 0x00, 0x00, 0x00, 0x00, 0x00, 0x00, 0x00, 0x00,
    0x00, 0x00, 0x00, 0x00, 0x00, 0x00, 0x00, 0x00, 0x00, 0x00, 0x00, 0x00,
    0x00, 0x00, 0x00, 0x00, 0x00, 0x00, 0x00, 0x00, 0x00, 0x00, 0x00, 0x00,
    0x00, 0x00, 0x00, 0x00, 0x00, 0x00, 0x00, 0x00, 0x00, 0x00, 0x00, 0x00,
    0x00, 0x00, 0x00, 0x00, 0x00, 0x00, 0x00, 0x00, 0x00, 0x00, 0x00, 0x00,
    0x00, 0x00, 0x00, 0x00, 0x00, 0x00, 0x00, 0x00, 0x00, 0x00, 0xFF, 0xFF,
    0x00, 0x00, 0x9D, 0xCD, 0xBD, 0xCD, 0xBE, 0xCD, 0xBE, 0xCD, 0x9D, 0xCD,
    0xBD, 0xCD, 0xBD, 0xCD, 0xBD, 0xCD, 0xBD, 0xCD, 0xBD, 0xCD, 0xBD, 0xCD,
    0x9D, 0xCD, 0xBE, 0xCD, 0xBE, 0xCD, 0xBE, 0xCD, 0x9D, 0xC5, 0x00, 0x00,
    0xFF, 0xFF, 0x00, 0x00, 0x00, 0x00, 0x00, 0x00, 0x00, 0x00, 0x00, 0x00,
    0x00, 0x00, 0x00, 0x00, 0x00, 0x00, 0x00, 0x00, 0x00, 0x00, 0x00, 0x00,
    0x00, 0x00, 0x00, 0x00, 0x00, 0x00, 0x00, 0x00, 0x00, 0x00, 0x00, 0x00,
    0x00, 0x00, 0x00, 0x00, 0x00, 0x00, 0x00, 0x00, 0xFF, 0xFF, 0x5F, 0xFD,
    0x1B, 0xF6, 0x3B, 0xF6, 0x3B, 0xFE, 0x3B, 0xFE, 0x3B, 0xF6, 0x3B, 0xF6,
    0x3B, 0xF6, 0x3B, 0xF6, 0x3B, 0xF6, 0x3B, 0xF6, 0x3B, 0xF6, 0x3B, 0xF6,
    0x3B, 0xF6, 0x3B, 0xF6, 0x3B, 0xF6, 0x3B, 0xF6, 0x3B, 0xF6, 0x3B, 0xF6,
    0x3B, 0xF6, 0x3B, 0xF6, 0x3B, 0xF6, 0x3B, 0xF6, 0x1B, 0xF6, 0x3B, 0xF6,
    0x1B, 0xF6, 0x5C, 0xFE, 0x3B, 0xFE, 0x1B, 0xF6, 0x3C, 0xF6, 0x00, 0x00,
    0xFF, 0xFD, 0x00, 0x00, 0x00, 0x00, 0x00, 0x00, 0x00, 0x00, 0x00, 0x00,
    0x00, 0x00, 0x00, 0x00, 0x00, 0x00, 0x00, 0x00, 0x00, 0x00, 0x00, 0x00,
    0x00, 0x00, 0x00, 0x00, 0x00, 0x00, 0x00, 0x00, 0x00, 0x00, 0x00, 0x00,
    0x00, 0x00, 0x00, 0x00, 0x00, 0x00, 0x00, 0x00, 0x00, 0x00, 0x00, 0x00,
    0x00, 0x00, 0x00, 0x00, 0x00, 0x00, 0x00, 0x00, 0x00, 0x00, 0x00, 0x00,
    0x00, 0x00, 0x00, 0x00, 0x00, 0x00, 0x00, 0x00, 0x00, 0x00, 0x00, 0x00,
    0x00, 0x00, 0x00, 0x00, 0x00, 0x00, 0x00, 0x00, 0x00, 0x00, 0x00, 0x00,
    0x00, 0x00, 0x00, 0x00, 0x00, 0x00, 0x00, 0x00, 0x00, 0x00, 0x00, 0x00,
    0x00, 0x00, 0x00, 0x00, 0x00, 0x00, 0x00, 0x00, 0x00, 0x00, 0x00, 0x00,
    0x00, 0x00, 0x00, 0x00, 0x00, 0x00, 0x00, 0x00, 0x00, 0x00, 0x00, 0x00,
    0x00, 0x00, 0x00, 0x00, 0x00, 0x00, 0x00, 0x00, 0x00, 0x00, 0x00, 0x00,
    0x00, 0x00, 0x00, 0x00, 0x00, 0x00, 0x00, 0x00, 0x00, 0x00, 0x00, 0x00,
    0x00, 0x00, 0x00, 0x00, 0x00, 0x00, 0x00, 0x00, 0x00, 0x00, 0x00, 0x00,
    0xFF, 0xFF, 0x00, 0x00, 0x00, 0x00, 0x00, 0x00, 0x00, 0x00, 0x00, 0x00,
    0x00, 0x00, 0x00, 0x00, 0x00, 0x00, 0xFF, 0xFF, 0x00, 0x00, 0x7D, 0xBD,
    0x9E, 0xCD, 0xDE, 0xD5, 0xBE, 0xCD, 0xBD, 0xCD, 0xBD, 0xCD, 0xBD, 0xCD,
    0xBD, 0xCD, 0xBD, 0xCD, 0xBD, 0xCD, 0xBD, 0xCD, 0xBD, 0xCD, 0xBE, 0xCD,
    0x9D, 0xCD, 0x9D, 0xCD, 0xBD, 0xCD, 0x00, 0x00, 0xF7, 0xBD, 0x00, 0x00,
    0x00, 0x00, 0x00, 0x00, 0x00, 0x00, 0x00, 0x00, 0x00, 0x00, 0x00, 0x00,
    0x00, 0x00, 0x00, 0x00, 0x00, 0x00, 0x00, 0x00, 0x00, 0x00, 0x00, 0x00,
    0x00, 0x00, 0x00, 0x00, 0x00, 0x00, 0x00, 0x00, 0x00, 0x00, 0x00, 0x00,
    0x00, 0x00, 0x55, 0xD5, 0x00, 0x00, 0x3B, 0xFE, 0x1B, 0xF6, 0x3B, 0xFE,
    0x3B, 0xFE, 0x1B, 0xF6, 0x3B, 0xF6, 0x3B, 0xF6, 0x3B, 0xF6, 0x3B, 0xF6,
    0x3B, 0xF6, 0x3B, 0xF6, 0x3B, 0xF6, 0x3B, 0xF6, 0x3B, 0xF6, 0x3B, 0xF6,
    0x3B, 0xF6, 0x3B, 0xF6, 0x3B, 0xF6, 0x3B, 0xF6, 0x3B, 0xF6, 0x3B, 0xF6,
    0x3B, 0xF6, 0x3B, 0xF6, 0x3B, 0xF6, 0x3B, 0xF6, 0x3B, 0xF6, 0x3B, 0xF6,
    0x5C, 0xFE, 0x5C, 0xFE, 0x1B, 0xF6, 0x00, 0x00, 0xEF, 0xFB, 0xFF, 0xFF,
    0x00, 0x00, 0x00, 0x00, 0x00, 0x00, 0x00, 0x00, 0x00, 0x00, 0x00, 0x00,
    0x00, 0x00, 0x00, 0x00, 0x00, 0x00, 0x00, 0x00, 0x00, 0x00, 0x00, 0x00,
    0x00, 0x00, 0x00, 0x00, 0x00, 0x00, 0x00, 0x00, 0x00, 0x00, 0x00, 0x00,
    0x00, 0x00, 0x00, 0x00, 0x00, 0x00, 0x00, 0x00, 0x00, 0x00, 0x00, 0x00,
    0x00, 0x00, 0x00, 0x00, 0x00, 0x00, 0x00, 0x00, 0x00, 0x00, 0x00, 0x00,
    0x00, 0x00, 0x00, 0x00, 0x00, 0x00, 0x00, 0x00, 0x00, 0x00, 0x00, 0x00,
    0x00, 0x00, 0x00, 0x00, 0x00, 0x00, 0x00, 0x00, 0x00, 0x00, 0x00, 0x00,
    0x00, 0x00, 0x00, 0x00, 0x00, 0x00, 0x00, 0x00, 0x00, 0x00, 0x00, 0x00,
    0x00, 0x00, 0x00, 0x00, 0x00, 0x00, 0x00, 0x00, 0x00, 0x00, 0x00, 0x00,
    0x00, 0x00, 0x00, 0x00, 0x00, 0x00, 0x00, 0x00, 0x00, 0x00, 0x00, 0x00,
    0x00, 0x00, 0x00, 0x00, 0x00, 0x00, 0x00, 0x00, 0x00, 0x00, 0x00, 0x00,
    0x00, 0x00, 0x00, 0x00, 0x00, 0x00, 0x00, 0x00, 0x00, 0x00, 0x5F, 0xAD,
    0x5F, 0xAD, 0xFB, 0x9B, 0x9B, 0xB4, 0xF7, 0x7B, 0x1F, 0x00, 0x39, 0x63,
    0xFB, 0x9B, 0x9F, 0xB4, 0x5F, 0xAD, 0xFF, 0xBB, 0xFF, 0xFF, 0x00, 0x00,
    0x00, 0x00, 0x00, 0x00, 0x79, 0xCE, 0xFF, 0xFF, 0x9D, 0xC5, 0xDF, 0xD5,
    0xBE, 0xCD, 0xBD, 0xCD, 0xBD, 0xCD, 0xBD, 0xCD, 0xBD, 0xCD, 0xBD, 0xCD,
    0xBD, 0xCD, 0xBD, 0xCD, 0xBD, 0xCD, 0xBD, 0xCD, 0x9D, 0xCD, 0x1F, 0xDE,
    0xBE, 0xCD, 0x00, 0x00, 0xFF, 0xBD, 0x00, 0x00, 0x00, 0x00, 0x00, 0x00,
    0x00, 0x00, 0x00, 0x00, 0x00, 0x00, 0x00, 0x00, 0x00, 0x00, 0x00, 0x00,
    0x00, 0x00, 0x00, 0x00, 0x00, 0x00, 0x00, 0x00, 0x00, 0x00, 0x00, 0x00,
    0x00, 0x00, 0x00, 0x00, 0x00, 0x00, 0xFF, 0xFB, 0x55, 0xFD, 0x00, 0x00,
    0x1B, 0xF6, 0x1B, 0xF6, 0x5C, 0xFE, 0x3B, 0xFE, 0x3B, 0xF6, 0x1B, 0xF6,
    0x3B, 0xF6, 0x3B, 0xF6, 0x3B, 0xF6, 0x3B, 0xF6, 0x3B, 0xF6, 0x3B, 0xF6,
    0x3B, 0xF6, 0x3B, 0xF6, 0x3B, 0xF6, 0x3B, 0xF6, 0x3B, 0xF6, 0x3B, 0xF6,
    0x3B, 0xF6, 0x3B, 0xF6, 0x3B, 0xF6, 0x3B, 0xF6, 0x3B, 0xF6, 0x3B, 0xF6,
    0x3B, 0xF6, 0x3B, 0xF6, 0x3B, 0xF6, 0x1B, 0xF6, 0x3B, 0xFE, 0x7C, 0xFE,
    0x3B, 0xF6, 0x5B, 0xFE, 0x00, 0x00, 0xFF, 0xFF, 0x00, 0x00, 0x00, 0x00,
    0x00, 0x00, 0x00, 0x00, 0x00, 0x00, 0x00, 0x00, 0x00, 0x00, 0x00, 0x00,
    0x00, 0x00, 0x00, 0x00, 0x00, 0x00, 0x00, 0x00, 0x00, 0x00, 0x00, 0x00,
    0x00, 0x00, 0x00, 0x00, 0x00, 0x00, 0x00, 0x00, 0x00, 0x00, 0x00, 0x00,
    0x00, 0x00, 0x00, 0x00, 0x00, 0x00, 0x00, 0x00, 0x00, 0x00, 0x00, 0x00,
    0x00, 0x00, 0x00, 0x00, 0x00, 0x00, 0x00, 0x00, 0x00, 0x00, 0x00, 0x00,
    0x00, 0x00, 0x00, 0x00, 0x00, 0x00, 0x00, 0x00, 0x00, 0x00, 0x00, 0x00,
    0x00, 0x00, 0x00, 0x00, 0x00, 0x00, 0x00, 0x00, 0x00, 0x00, 0x00, 0x00,
    0x00, 0x00, 0x00, 0x00, 0x00, 0x00, 0x00, 0x00, 0x00, 0x00, 0x00, 0x00,
    0x00, 0x00, 0x00, 0x00, 0x00, 0x00, 0x00, 0x00, 0x00, 0x00, 0x00, 0x00,
    0x00, 0x00, 0x00, 0x00, 0x00, 0x00, 0x00, 0x00, 0x00, 0x00, 0x00, 0x00,
    0x00, 0x00, 0x00, 0x00, 0x00, 0x00, 0x00, 0x00, 0x00, 0x00, 0x00, 0x00,
    0x00, 0x00, 0xFF, 0xFF, 0xDF, 0xCC, 0x00, 0x00, 0x00, 0x00, 0x00, 0x00,
    0x00, 0x00, 0x00, 0x00, 0x00, 0x00, 0x00, 0x00, 0x00, 0x00, 0x00, 0x00,
    0x00, 0x00, 0x00, 0x00, 0x00, 0x00, 0xFA, 0xAB, 0xDF, 0x9C, 0xF7, 0xBB,
    0x5C, 0xAD, 0x00, 0x00, 0x7D, 0xC5, 0x9D, 0xCD, 0xBE, 0xCD, 0xBD, 0xCD,
    0xBD, 0xCD, 0xBD, 0xCD, 0xBD, 0xCD, 0xBD, 0xCD, 0xBD, 0xCD, 0xBD, 0xCD,
    0xBD, 0xCD, 0xBD, 0xCD, 0x9D, 0xCD, 0x3F, 0xDE, 0x9D, 0xCD, 0x00, 0x00,
    0xFF, 0xFF, 0x00, 0x00, 0x00, 0x00, 0x00, 0x00, 0x00, 0x00, 0x00, 0x00,
    0x00, 0x00, 0x00, 0x00, 0x00, 0x00, 0x00, 0x00, 0x00, 0x00, 0x00, 0x00,
    0x00, 0x00, 0x00, 0x00, 0x00, 0x00, 0x00, 0x00, 0x00, 0x00, 0x00, 0x00,
    0xFF, 0xFF, 0x00, 0x00, 0x00, 0x00, 0xDC, 0xFE, 0x5B, 0xF6, 0x9C, 0xFE,
    0x3B, 0xF6, 0x3B, 0xF6, 0x1B, 0xF6, 0x1B, 0xF6, 0x1B, 0xF6, 0x1B, 0xF6,
    0x1B, 0xF6, 0x3B, 0xF6, 0x3B, 0xF6, 0x3B, 0xF6, 0x3B, 0xF6, 0x3B, 0xF6,
    0x3B, 0xF6, 0x3B, 0xF6, 0x3B, 0xF6, 0x3B, 0xF6, 0x3B, 0xF6, 0x3B, 0xF6,
    0x3B, 0xF6, 0x3B, 0xF6, 0x3B, 0xF6, 0x3B, 0xF6, 0x3B, 0xF6, 0x3B, 0xF6,
    0x3B, 0xF6, 0x1B, 0xF6, 0x3B, 0xFE, 0x3B, 0xFE, 0x3B, 0xF6, 0x3B, 0xF6,
    0x00, 0x00, 0x5F, 0xFD, 0x00, 0x00, 0x00, 0x00, 0x00, 0x00, 0x00, 0x00,
    0x00, 0x00, 0x00, 0x00, 0x00, 0x00, 0x00, 0x00, 0x00, 0x00, 0x00, 0x00,
    0x00, 0x00, 0x00, 0x00, 0x00, 0x00, 0x00, 0x00, 0x00, 0x00, 0x00, 0x00,
    0x00, 0x00, 0x00, 0x00, 0x00, 0x00, 0x00, 0x00, 0x00, 0x00, 0x00, 0x00,
    0x00, 0x00, 0x00, 0x00, 0x00, 0x00, 0x00, 0x00, 0x00, 0x00, 0x00, 0x00,
    0x00, 0x00, 0x00, 0x00, 0x00, 0x00, 0x00, 0x00, 0x00, 0x00, 0x00, 0x00,
    0x00, 0x00, 0x00, 0x00, 0x00, 0x00, 0x00, 0x00, 0x00, 0x00, 0x00, 0x00,
    0x00, 0x00, 0x00, 0x00, 0x00, 0x00, 0x00, 0x00, 0x00, 0x00, 0x00, 0x00,
    0x00, 0x00, 0x00, 0x00, 0x00, 0x00, 0x00, 0x00, 0x00, 0x00, 0x00, 0x00,
    0x00, 0x00, 0x00, 0x00, 0x00, 0x00, 0x00, 0x00, 0x00, 0x00, 0x00, 0x00,
    0x00, 0x00, 0x00, 0x00, 0x00, 0x00, 0x00, 0x00, 0x00, 0x00, 0x00, 0x00,
    0x00, 0x00, 0x00, 0x00, 0x00, 0x00, 0x00, 0x00, 0xFF, 0xFF, 0x00, 0x00,
    0x00, 0x00, 0x5A, 0xBD, 0xBB, 0xB4, 0x9C, 0xAC, 0x3C, 0xA4, 0x5C, 0xAC,
    0x7C, 0xAC, 0x5C, 0xAC, 0x5C, 0xA4, 0x7C, 0xAC, 0xFD, 0xB4, 0xFD, 0xBC,
    0x00, 0x00, 0x00, 0x00, 0x00, 0x00, 0x00, 0x00, 0xEF, 0x7B, 0xFF, 0x7B,
    0x7D, 0xC5, 0x9D, 0xCD, 0x9D, 0xCD, 0xDE, 0xCD, 0xBD, 0xCD, 0xBD, 0xCD,
    0xBD, 0xCD, 0xBD, 0xCD, 0xBD, 0xCD, 0xBD, 0xCD, 0xBD, 0xCD, 0xBD, 0xCD,
    0x9D, 0xCD, 0x3F, 0xDE, 0xBD, 0xCD, 0x00, 0x00, 0xFF, 0xFF, 0x00, 0x00,
    0x00, 0x00, 0x00, 0x00, 0x00, 0x00, 0x00, 0x00, 0x00, 0x00, 0x00, 0x00,
    0x00, 0x00, 0x00, 0x00, 0x00, 0x00, 0x00, 0x00, 0x00, 0x00, 0x00, 0x00,
    0x00, 0x00, 0x00, 0x00, 0x00, 0x00, 0xFF, 0xFF, 0xFF, 0xFF, 0x79, 0xFE,
    0x79, 0xF5, 0x9A, 0xF5, 0xDB, 0xFD, 0x1B, 0xFE, 0xFB, 0xF5, 0x1B, 0xF6,
    0x3B, 0xF6, 0x5B, 0xF6, 0x3B, 0xF6, 0x3B, 0xF6, 0x3B, 0xF6, 0x3B, 0xFE,
    0x3B, 0xF6, 0x1B, 0xF6, 0x1B, 0xF6, 0x1B, 0xF6, 0x3B, 0xF6, 0x3B, 0xF6,
    0x3B, 0xF6, 0x3B, 0xF6, 0x3B, 0xF6, 0x3B, 0xF6, 0x3B, 0xF6, 0x3B, 0xF6,
    0x3B, 0xF6, 0x3B, 0xF6, 0x3B, 0xF6, 0x3B, 0xF6, 0x3B, 0xF6, 0x1B, 0xF6,
    0x3B, 0xFE, 0x3B, 0xFE, 0x1B, 0xF6, 0x1B, 0xF6, 0x00, 0x00, 0x5F, 0xFD,
    0x00, 0x00, 0x00, 0x00, 0x00, 0x00, 0x00, 0x00, 0x00, 0x00, 0x00, 0x00,
    0x00, 0x00, 0x00, 0x00, 0x00, 0x00, 0x00, 0x00, 0x00, 0x00, 0x00, 0x00,
    0x00, 0x00, 0x00, 0x00, 0x00, 0x00, 0x00, 0x00, 0x00, 0x00, 0x00, 0x00,
    0x00, 0x00, 0x00, 0x00, 0x00, 0x00, 0x00, 0x00, 0x00, 0x00, 0x00, 0x00,
    0x00, 0x00, 0x00, 0x00, 0x00, 0x00, 0x00, 0x00, 0x00, 0x00, 0x00, 0x00,
    0x00, 0x00, 0x00, 0x00, 0x00, 0x00, 0x00, 0x00, 0x00, 0x00, 0x00, 0x00,
    0x00, 0x00, 0x00, 0x00, 0x00, 0x00, 0x00, 0x00, 0x00, 0x00, 0x00, 0x00,
    0x00, 0x00, 0x00, 0x00, 0x00, 0x00, 0x00, 0x00, 0x00, 0x00, 0x00, 0x00,
    0x00, 0x00, 0x00, 0x00, 0x00, 0x00, 0x00, 0x00, 0x00, 0x00, 0x00, 0x00,
    0x00, 0x00, 0x00, 0x00, 0x00, 0x00, 0x00, 0x00, 0x00, 0x00, 0x00, 0x00,
    0x00, 0x00, 0x00, 0x00, 0x00, 0x00, 0x00, 0x00, 0x00, 0x00, 0x00, 0x00,
    0x00, 0x00, 0x00, 0x00, 0x00, 0x00, 0x00, 0x00, 0x5D, 0xAC, 0xBC, 0xB4,
    0x9C, 0xAC, 0x7C, 0xAC, 0x5D, 0xAC, 0x5D, 0xAC, 0x5D, 0xA4, 0x5D, 0xAC,
    0x7D, 0xAC, 0x7C, 0xAC, 0x9C, 0xAC, 0x9C, 0xAC, 0x9D, 0xAC, 0x7C, 0xAC,
    0xFB, 0xAC, 0x5F, 0xC5, 0xFF, 0xFF, 0x00, 0x00, 0x7F, 0xE6, 0xBD, 0xCD,
    0xBD, 0xCD, 0xFF, 0xD5, 0x9D, 0xCD, 0xBD, 0xCD, 0xBD, 0xCD, 0xBD, 0xCD,
    0xBD, 0xCD, 0xBD, 0xCD, 0xBD, 0xCD, 0xBD, 0xCD, 0x9D, 0xCD, 0x3F, 0xDE,
    0x9D, 0xCD, 0x00, 0x00, 0x5F, 0xAD, 0x00, 0x00, 0x00, 0x00, 0x00, 0x00,
    0x00, 0x00, 0x00, 0x00, 0x00, 0x00, 0x00, 0x00, 0x00, 0x00, 0x00, 0x00,
    0x00, 0x00, 0x00, 0x00, 0x00, 0x00, 0x00, 0x00, 0x00, 0x00, 0x00, 0x00,
    0x00, 0x00, 0xD9, 0xFC, 0x00, 0x00, 0x99, 0xF5, 0xF8, 0xF4, 0x77, 0xEC,
    0xB8, 0xF4, 0xF8, 0xF4, 0x59, 0xF5, 0x9A, 0xF5, 0xFA, 0xF5, 0x1B, 0xF6,
    0x1B, 0xF6, 0x1B, 0xF6, 0x1B, 0xF6, 0x3B, 0xF6, 0x3B, 0xFE, 0x5B, 0xFE,
    0x3B, 0xFE, 0x3B, 0xFE, 0x3B, 0xF6, 0x3B, 0xF6, 0x3B, 0xF6, 0x3B, 0xF6,
    0x3B, 0xF6, 0x3B, 0xF6, 0x3B, 0xF6, 0x3B, 0xF6, 0x3B, 0xF6, 0x3B, 0xF6,
    0x3B, 0xF6, 0x3B, 0xF6, 0x3B, 0xF6, 0x1B, 0xF6, 0x3B, 0xFE, 0x5B, 0xFE,
    0x1B, 0xF6, 0x1A, 0xF6, 0x00, 0x00, 0x55, 0xFD, 0x00, 0x00, 0x00, 0x00,
    0x00, 0x00, 0x00, 0x00, 0x00, 0x00, 0x00, 0x00, 0x00, 0x00, 0x00, 0x00,
    0x00, 0x00, 0x00, 0x00, 0x00, 0x00, 0x00, 0x00, 0x00, 0x00, 0x00, 0x00,
    0x00, 0x00, 0x00, 0x00, 0x00, 0x00, 0x00, 0x00, 0x00, 0x00, 0x00, 0x00,
    0x00, 0x00, 0x00, 0x00, 0x00, 0x00, 0x00, 0x00, 0x00, 0x00, 0x00, 0x00,
    0x00, 0x00, 0x00, 0x00, 0x00, 0x00, 0x00, 0x00, 0x00, 0x00, 0x00, 0x00,
    0x00, 0x00, 0x00, 0x00, 0x00, 0x00, 0x00, 0x00, 0x00, 0x00, 0x00, 0x00,
    0x00, 0x00, 0x00, 0x00, 0x00, 0x00, 0x00, 0x00, 0x00, 0x00, 0x00, 0x00,
    0x00, 0x00, 0x00, 0x00, 0x00, 0x00, 0x00, 0x00, 0x00, 0x00, 0x00, 0x00,
    0x00, 0x00, 0x00, 0x00, 0x00, 0x00, 0x00, 0x00, 0x00, 0x00, 0x00, 0x00,
    0x00, 0x00, 0x00, 0x00, 0x00, 0x00, 0x00, 0x00, 0x00, 0x00, 0x00, 0x00,
    0x00, 0x00, 0x00, 0x00, 0x00, 0x00, 0x00, 0x00, 0xFF, 0xFF, 0x5F, 0xFD,
    0x00, 0x00, 0x7D, 0xBD, 0x9C, 0xAC, 0x7D, 0xAC, 0x1C, 0xA4, 0x3C, 0xA4,
    0x3C, 0xA4, 0x3C, 0xA4, 0x3C, 0xA4, 0x3C, 0xA4, 0x3C, 0xA4, 0x3C, 0xA4,
    0x3C, 0xA4, 0x1C, 0xA4, 0x3C, 0xA4, 0x5C, 0xA4, 0x7C, 0xAC, 0xBC, 0xB4,
    0x1D, 0xBD, 0x00, 0x00, 0x00, 0x00, 0xDE, 0xCD, 0xBD, 0xCD, 0xFF, 0xD5,
    0x9D, 0xCD, 0xBD, 0xCD, 0xBD, 0xCD, 0xBD, 0xCD, 0xBD, 0xCD, 0xBD, 0xCD,
    0xBD, 0xCD, 0xBD, 0xCD, 0xBD, 0xCD, 0x1F, 0xDE, 0xBD, 0xCD, 0x00, 0x00,
    0xFF, 0xBD, 0x00, 0x00, 0x00, 0x00, 0x00, 0x00, 0x00, 0x00, 0x00, 0x00,
    0x00, 0x00, 0x00, 0x00, 0x00, 0x00, 0x00, 0x00, 0x00, 0x00, 0x00, 0x00,
    0x00, 0x00, 0x00, 0x00, 0x00, 0x00, 0x00, 0x00, 0x00, 0x00, 0xF7, 0xDB,
    0x00, 0x00, 0xD8, 0xF4, 0xB8, 0xF4, 0x78, 0xF4, 0x57, 0xEC, 0x77, 0xEC,
    0x77, 0xEC, 0x77, 0xEC, 0x78, 0xEC, 0xB8, 0xF4, 0xF9, 0xF4, 0x59, 0xF5,
    0x9A, 0xF5, 0xFB, 0xF5, 0x3B, 0xFE, 0x7C, 0xFE, 0x5B, 0xFE, 0x3B, 0xFE,
    0x3B, 0xF6, 0x3B, 0xF6, 0x3B, 0xF6, 0x3B, 0xF6, 0x1B, 0xF6, 0x3B, 0xF6,
    0x3B, 0xF6, 0x3B, 0xF6, 0x3B, 0xF6, 0x3B, 0xF6, 0x3B, 0xF6, 0x3B, 0xF6,
    0x3B, 0xF6, 0x3B, 0xF6, 0x3B, 0xFE, 0x5C, 0xFE, 0x3B, 0xF6, 0xFA, 0xF5,
    0x00, 0x00, 0xFF, 0xFF, 0x00, 0x00, 0x00, 0x00, 0x00, 0x00, 0x00, 0x00,
    0x00, 0x00, 0x00, 0x00, 0x00, 0x00, 0x00, 0x00, 0x00, 0x00, 0x00, 0x00,
    0x00, 0x00, 0x00, 0x00, 0x00, 0x00, 0x00, 0x00, 0x00, 0x00, 0x00, 0x00,
    0x00, 0x00, 0x00, 0x00, 0x00, 0x00, 0x00, 0x00, 0x00, 0x00, 0x00, 0x00,
    0x00, 0x00, 0x00, 0x00, 0x00, 0x00, 0x00, 0x00, 0x00, 0x00, 0x00, 0x00,
    0x00, 0x00, 0x00, 0x00, 0x00, 0x00, 0x00, 0x00, 0x00, 0x00, 0x00, 0x00,
    0x00, 0x00, 0x00, 0x00, 0x00, 0x00, 0x00, 0x00, 0x00, 0x00, 0x00, 0x00,
    0x00, 0x00, 0x00, 0x00, 0x00, 0x00, 0x00, 0x00, 0x00, 0x00, 0x00, 0x00,
    0x00, 0x00, 0x00, 0x00, 0x00, 0x00, 0x00, 0x00, 0x00, 0x00, 0x00, 0x00,
    0x00, 0x00, 0x00, 0x00, 0x00, 0x00, 0x00, 0x00, 0x00, 0x00, 0x00, 0x00,
    0x00, 0x00, 0x00, 0x00, 0x00, 0x00, 0x00, 0x00, 0x00, 0x00, 0x00, 0x00,
    0x00, 0x00, 0xFF, 0x7B, 0x5A, 0xD5, 0x00, 0x00, 0xFE, 0xCD, 0x9D, 0xC5,
    0xDD, 0xB4, 0x5D, 0xAC, 0x1C, 0xA4, 0x1C, 0xA4, 0x1C, 0xA4, 0x1C, 0xA4,
    0x1C, 0xA4, 0x1C, 0xA4, 0x1C, 0xA4, 0x1C, 0xA4, 0x1C, 0xA4, 0x3D, 0xA4,
    0x5E, 0xAC, 0x7E, 0xAC, 0x5D, 0xAC, 0x3C, 0xA4, 0x3C, 0xA4, 0x5C, 0xA4,
    0x7C, 0xAC, 0xDD, 0xB4, 0x9D, 0xCD, 0xBE, 0xCD, 0x9D, 0xCD, 0xBD, 0xCD,
    0xBD, 0xCD, 0xBD, 0xCD, 0xBD, 0xCD, 0xBD, 0xCD, 0x9D, 0xCD, 0xBE, 0xCD,
    0xBD, 0xCD, 0xBE, 0xCD, 0x9D, 0xCD, 0x00, 0x00, 0xFF, 0x7B, 0x00, 0x00,
    0x00, 0x00, 0x00, 0x00, 0x00, 0x00, 0x00, 0x00, 0x00, 0x00, 0x00, 0x00,
    0x00, 0x00, 0x00, 0x00, 0x00, 0x00, 0x00, 0x00, 0x00, 0x00, 0x00, 0x00,
    0x00, 0x00, 0x00, 0x00, 0xFF, 0xFF, 0xFF, 0xFB, 0x00, 0x00, 0xB8, 0xEC,
    0xB9, 0xFC, 0x78, 0xF4, 0x57, 0xEC, 0x57, 0xEC, 0x57, 0xEC, 0x57, 0xEC,
    0x37, 0xEC, 0x57, 0xEC, 0x77, 0xEC, 0x77, 0xF4, 0xB8, 0xF4, 0xF8, 0xF4,
    0xBA, 0xF5, 0x7B, 0xF6, 0x1B, 0xF6, 0x1B, 0xF6, 0x5C, 0xFE, 0xBD, 0xFE,
    0x9D, 0xFE, 0x5C, 0xFE, 0x1B, 0xF6, 0x3B, 0xF6, 0x1B, 0xF6, 0x3B, 0xF6,
    0x1B, 0xF6, 0x1B, 0xF6, 0x3B, 0xF6, 0x1B, 0xF6, 0x3B, 0xF6, 0x3B, 0xFE,
    0x3B, 0xFE, 0x3B, 0xFE, 0x3B, 0xFE, 0xFF, 0xFB, 0xD9, 0xCC, 0x00, 0x00,
    0x00, 0x00, 0x00, 0x00, 0x00, 0x00, 0x00, 0x00, 0x00, 0x00, 0x00, 0x00,
    0x00, 0x00, 0x00, 0x00, 0x00, 0x00, 0x00, 0x00, 0x00, 0x00, 0x00, 0x00,
    0x00, 0x00, 0x00, 0x00, 0x00, 0x00, 0x00, 0x00, 0x00, 0x00, 0x00, 0x00,
    0x00, 0x00, 0x00, 0x00, 0x00, 0x00, 0x00, 0x00, 0x00, 0x00, 0x00, 0x00,
    0x00, 0x00, 0x00, 0x00, 0x00, 0x00, 0x00, 0x00, 0x00, 0x00, 0x00, 0x00,
    0x00, 0x00, 0x00, 0x00, 0x00, 0x00, 0x00, 0x00, 0x00, 0x00, 0x00, 0x00,
    0x00, 0x00, 0x00, 0x00, 0x00, 0x00, 0x00, 0x00, 0x00, 0x00, 0x00, 0x00,
    0x00, 0x00, 0x00, 0x00, 0x00, 0x00, 0x00, 0x00, 0x00, 0x00, 0x00, 0x00,
    0x00, 0x00, 0x00, 0x00, 0x00, 0x00, 0x00, 0x00, 0x00, 0x00, 0x00, 0x00,
    0x00, 0x00, 0x00, 0x00, 0x00, 0x00, 0x00, 0x00, 0x00, 0x00, 0x00, 0x00,
    0x00, 0x00, 0x00, 0x00, 0x00, 0x00, 0x00, 0x00, 0xFF, 0xFF, 0x5F, 0xAD,
    0x00, 0x00, 0x9C, 0xC5, 0xDE, 0xCD, 0xDF, 0xD5, 0xFD, 0xB4, 0x3C, 0xA4,
    0x1C, 0xA4, 0x3C, 0xA4, 0x1C, 0xA4, 0x1C, 0xA4, 0x1C, 0xA4, 0x1C, 0xA4,
    0x1C, 0xA4, 0x1C, 0xA4, 0x1C, 0xA4, 0x1C, 0xA4, 0x1C, 0xA4, 0x1C, 0xA4,
    0x1C, 0x9C, 0x3C, 0xA4, 0x5E, 0xAC, 0xBF, 0xB4, 0x7D, 0xAC, 0x7C, 0xAC,
    0x3D, 0xBD, 0x9D, 0xC5, 0xBD, 0xCD, 0xBD, 0xCD, 0xBD, 0xCD, 0xBD, 0xCD,
    0xBD, 0xCD, 0xBD, 0xCD, 0x9D, 0xCD, 0xBE, 0xCD, 0xDF, 0xD5, 0x9D, 0xCD,
    0xBD, 0xC5, 0x00, 0x00, 0xFF, 0x7B, 0x00, 0x00, 0x00, 0x00, 0x00, 0x00,
    0x00, 0x00, 0x00, 0x00, 0x00, 0x00, 0x00, 0x00, 0x00, 0x00, 0x00, 0x00,
    0x00, 0x00, 0x00, 0x00, 0x00, 0x00, 0x00, 0x00, 0x00, 0x00, 0x00, 0x00,
    0xFF, 0x7F, 0x00, 0x00, 0x1A, 0xF6, 0xD8, 0xEC, 0x78, 0xF4, 0x77, 0xF4,
    0x57, 0xEC, 0x77, 0xEC, 0x77, 0xEC, 0x77, 0xEC, 0x77, 0xEC, 0x77, 0xEC,
    0x57, 0xEC, 0x37, 0xEC, 0x57, 0xF4, 0x98, 0xF4, 0x57, 0xF4, 0x00, 0x00,
    0xDA, 0xF5, 0x1B, 0xFE, 0x3B, 0xFE, 0x1B, 0xF6, 0x1B, 0xF6, 0x3B, 0xF6,
    0x3B, 0xF6, 0xBD, 0xFE, 0xBD, 0xFE, 0x7C, 0xFE, 0x3B, 0xFE, 0x1B, 0xF6,
    0x3B, 0xF6, 0x3B, 0xF6, 0x5B, 0xFE, 0xBD, 0xFE, 0x3B, 0xF6, 0x1A, 0xF6,
    0x9C, 0xFE, 0x00, 0x00, 0xFF, 0xFD, 0x00, 0x00, 0x00, 0x00, 0x00, 0x00,
    0x00, 0x00, 0x00, 0x00, 0x00, 0x00, 0x00, 0x00, 0x00, 0x00, 0x00, 0x00,
    0x00, 0x00, 0x00, 0x00, 0x00, 0x00, 0x00, 0x00, 0x00, 0x00, 0x00, 0x00,
    0x00, 0x00, 0x00, 0x00, 0x00, 0x00, 0x00, 0x00, 0x00, 0x00, 0x00, 0x00,
    0x00, 0x00, 0x00, 0x00, 0x00, 0x00, 0x00, 0x00, 0x00, 0x00, 0x00, 0x00,
    0x00, 0x00, 0x00, 0x00, 0x00, 0x00, 0x00, 0x00, 0x00, 0x00, 0x00, 0x00,
    0x00, 0x00, 0x00, 0x00, 0x00, 0x00, 0x00, 0x00, 0x00, 0x00, 0x00, 0x00,
    0x00, 0x00, 0x00, 0x00, 0x00, 0x00, 0x00, 0x00, 0x00, 0x00, 0x00, 0x00,
    0x00, 0x00, 0x00, 0x00, 0x00, 0x00, 0x00, 0x00, 0x00, 0x00, 0x00, 0x00,
    0x00, 0x00, 0x00, 0x00, 0x00, 0x00, 0x00, 0x00, 0x00, 0x00, 0x00, 0x00,
    0x00, 0x00, 0x00, 0x00, 0x00, 0x00, 0x00, 0x00, 0x00, 0x00, 0x00, 0x00,
    0x00, 0x00, 0xFF, 0xFF, 0x00, 0x00, 0x00, 0x00, 0xBD, 0xCD, 0xBE, 0xCD,
    0xFF, 0xD5, 0x9D, 0xCD, 0x3D, 0xBD, 0x5C, 0xA4, 0x1C, 0x9C, 0x3C, 0xA4,
    0x1C, 0xA4, 0x1C, 0xA4, 0x1C, 0xA4, 0x1C, 0xA4, 0x1C, 0xA4, 0x1C, 0xA4,
    0x1C, 0xA4, 0x1C, 0xA4, 0x1C, 0xA4, 0x1C, 0xA4, 0x1C, 0xA4, 0x1C, 0xA4,
    0x1C, 0xA4, 0x1C, 0xA4, 0x1C, 0x9C, 0x1C, 0xA4, 0xBD, 0xB4, 0x7D, 0xC5,
    0xBD, 0xCD, 0x9D, 0xCD, 0xBD, 0xCD, 0xBD, 0xCD, 0xBD, 0xCD, 0xBD, 0xCD,
    0xBD, 0xCD, 0xBE, 0xCD, 0xDE, 0xD5, 0xBE, 0xCD, 0x55, 0xAD, 0xFF, 0x7B,
    0xFF, 0xFF, 0x00, 0x00, 0x00, 0x00, 0x00, 0x00, 0x00, 0x00, 0x00, 0x00,
    0x00, 0x00, 0x00, 0x00, 0x00, 0x00, 0x00, 0x00, 0x00, 0x00, 0x00, 0x00,
    0x00, 0x00, 0x00, 0x00, 0x00, 0x00, 0x00, 0x00, 0xFF, 0xFF, 0x00, 0x00,
    0x79, 0xF5, 0xD8, 0xF4, 0x57, 0xF4, 0x77, 0xF4, 0x57, 0xEC, 0x57, 0xEC,
    0x57, 0xEC, 0x57, 0xEC, 0x57, 0xEC, 0x57, 0xEC, 0x57, 0xEC, 0x57, 0xEC,
    0x78, 0xF4, 0xB9, 0xFC, 0xB8, 0xF4, 0x9C, 0xFD, 0x00, 0x00, 0x00, 0x00,
    0x00, 0x00, 0xFF, 0x7B, 0x3B, 0xEE, 0x3B, 0xFE, 0x3B, 0xF6, 0x1B, 0xF6,
    0x3B, 0xFE, 0x1B, 0xF6, 0x3B, 0xF6, 0x5C, 0xFE, 0x7C, 0xFE, 0x5B, 0xFE,
    0x3B, 0xF6, 0x3B, 0xF6, 0x1B, 0xF6, 0xBD, 0xEE, 0x00, 0x00, 0xEF, 0xFB,
    0x00, 0x00, 0x00, 0x00, 0x00, 0x00, 0x00, 0x00, 0x00, 0x00, 0x00, 0x00,
    0x00, 0x00, 0x00, 0x00, 0x00, 0x00, 0x00, 0x00, 0x00, 0x00, 0x00, 0x00,
    0x00, 0x00, 0x00, 0x00, 0x00, 0x00, 0x00, 0x00, 0x00, 0x00, 0x00, 0x00,
    0x00, 0x00, 0x00, 0x00, 0x00, 0x00, 0x00, 0x00, 0x00, 0x00, 0x00, 0x00,
    0x00, 0x00, 0x00, 0x00, 0x00, 0x00, 0x00, 0x00, 0x00, 0x00, 0x00, 0x00,
    0x00, 0x00, 0x00, 0x00, 0x00, 0x00, 0x00, 0x00, 0x00, 0x00, 0x00, 0x00,
    0x00, 0x00, 0x00, 0x00, 0x00, 0x00, 0x00, 0x00, 0x00, 0x00, 0x00, 0x00,
    0x00, 0x00, 0x00, 0x00, 0x00, 0x00, 0x00, 0x00, 0x00, 0x00, 0x00, 0x00,
    0x00, 0x00, 0x00, 0x00, 0x00, 0x00, 0x00, 0x00, 0x00, 0x00, 0x00, 0x00,
    0x00, 0x00, 0x00, 0x00, 0x00, 0x00, 0x00, 0x00, 0x00, 0x00, 0x00, 0x00,
    0x00, 0x00, 0x00, 0x00, 0x00, 0x00, 0x00, 0x00, 0xFF, 0xFF, 0x00, 0x00,
    0x00, 0x00, 0xBD, 0xCD, 0xBD, 0xCD, 0xFF, 0xD5, 0xBD, 0xCD, 0xBD, 0xCD,
    0x7D, 0xC5, 0x7C, 0xAC, 0xFC, 0x9B, 0x3C, 0xA4, 0x1C, 0xA4, 0x1C, 0xA4,
    0x1C, 0xA4, 0x1C, 0xA4, 0x1C, 0xA4, 0x1C, 0xA4, 0x1C, 0xA4, 0x1C, 0xA4,
    0x1C, 0xA4, 0x1C, 0xA4, 0x1C, 0xA4, 0x1C, 0xA4, 0x1C, 0xA4, 0x1C, 0xA4,
    0x1C, 0xA4, 0x1C, 0xA4, 0x5C, 0xAC, 0x5D, 0xC5, 0xDE, 0xCD, 0x9D, 0xCD,
    0xBD, 0xCD, 0xBD, 0xCD, 0xBD, 0xCD, 0xBD, 0xCD, 0xDE, 0xCD, 0x9D, 0xCD,
    0xBD, 0xCD, 0xBE, 0xCD, 0x1F, 0xF8, 0x5A, 0xAD, 0x00, 0x00, 0x00, 0x00,
    0x00, 0x00, 0x00, 0x00, 0x00, 0x00, 0x00, 0x00, 0x00, 0x00, 0x00, 0x00,
    0x00, 0x00, 0x00, 0x00, 0x00, 0x00, 0x00, 0x00, 0x00, 0x00, 0x00, 0x00,
    0x00, 0x00, 0x00, 0x00, 0x55, 0xFD, 0x00, 0x00, 0x59, 0xF5, 0xD8, 0xF4,
    0x57, 0xF4, 0x77, 0xF4, 0x57, 0xEC, 0x57, 0xEC, 0x57, 0xEC, 0x57, 0xEC,
    0x57, 0xEC, 0x57, 0xEC, 0x57, 0xEC, 0x57, 0xEC, 0x77, 0xF4, 0x78, 0xF4,
    0xD8, 0xF4, 0xBA, 0xFD, 0xEF, 0xFB, 0xDF, 0xFC, 0xF7, 0xFD, 0xFF, 0xFB,
    0x00, 0x00, 0x00, 0x00, 0x00, 0x00, 0x00, 0x00, 0x1B, 0xFE, 0x3B, 0xF6,
    0x1B, 0xF6, 0x3B, 0xF6, 0x1B, 0xFE, 0x1B, 0xF6, 0x1B, 0xFE, 0x1B, 0xF6,
    0x00, 0x00, 0xFF, 0xFF, 0xFF, 0xFF, 0x00, 0x00, 0x00, 0x00, 0x00, 0x00,
    0x00, 0x00, 0x00, 0x00, 0x00, 0x00, 0x00, 0x00, 0x00, 0x00, 0x00, 0x00,
    0x00, 0x00, 0x00, 0x00, 0x00, 0x00, 0x00, 0x00, 0x00, 0x00, 0x00, 0x00,
    0x00, 0x00, 0x00, 0x00, 0x00, 0x00, 0x00, 0x00, 0x00, 0x00, 0x00, 0x00,
    0x00, 0x00, 0x00, 0x00, 0x00, 0x00, 0x00, 0x00, 0x00, 0x00, 0x00, 0x00,
    0x00, 0x00, 0x00, 0x00, 0x00, 0x00, 0x00, 0x00, 0x00, 0x00, 0x00, 0x00,
    0x00, 0x00, 0x00, 0x00, 0x00, 0x00, 0x00, 0x00, 0x00, 0x00, 0x00, 0x00,
    0x00, 0x00, 0x00, 0x00, 0x00, 0x00, 0x00, 0x00, 0x00, 0x00, 0x00, 0x00,
    0x00, 0x00, 0x00, 0x00, 0x00, 0x00, 0x00, 0x00, 0x00, 0x00, 0x00, 0x00,
    0x00, 0x00, 0x00, 0x00, 0x00, 0x00, 0x00, 0x00, 0x00, 0x00, 0x00, 0x00,
    0x00, 0x00, 0x00, 0x00, 0x00, 0x00, 0x00, 0x00, 0x00, 0x00, 0x00, 0x00,
    0x00, 0x00, 0xFF, 0xFF, 0xFF, 0xFF, 0x00, 0x00, 0xBD, 0xCD, 0x9D, 0xCD,
    0xDE, 0xCD, 0xBE, 0xCD, 0x9D, 0xCD, 0xBD, 0xCD, 0xBE, 0xCD, 0x9C, 0xAC,
    0xFC, 0x9B, 0x3C, 0xA4, 0x1C, 0xA4, 0x1C, 0xA4, 0x1C, 0xA4, 0x1C, 0xA4,
    0x1C, 0xA4, 0x1C, 0xA4, 0x1C, 0xA4, 0x1C, 0xA4, 0x1C, 0xA4, 0x1C, 0xA4,
    0x1C, 0xA4, 0x1C, 0xA4, 0x1C, 0xA4, 0x1C, 0xA4, 0x1C, 0xA4, 0x1C, 0xA4,
    0x1C, 0xA4, 0x3D, 0xBD, 0xBE, 0xCD, 0x9D, 0xCD, 0xBD, 0xCD, 0xBD, 0xCD,
    0x9D, 0xCD, 0xBD, 0xCD, 0xDE, 0xCD, 0x9D, 0xCD, 0x7D, 0xC5, 0xFF, 0xFF,
    0x5F, 0xAD, 0x0F, 0x00, 0x00, 0x00, 0x00, 0x00, 0x00, 0x00, 0x00, 0x00,
    0x00, 0x00, 0x00, 0x00, 0x00, 0x00, 0x00, 0x00, 0x00, 0x00, 0x00, 0x00,
    0x00, 0x00, 0x00, 0x00, 0x00, 0x00, 0x00, 0x00, 0x00, 0x00, 0x00, 0x00,
    0x55, 0xAD, 0x00, 0x00, 0x7A, 0xF5, 0xD8, 0xF4, 0x77, 0xF4, 0x77, 0xF4,
    0x57, 0xEC, 0x57, 0xEC, 0x57, 0xEC, 0x57, 0xEC, 0x57, 0xEC, 0x57, 0xEC,
    0x57, 0xEC, 0x57, 0xEC, 0x57, 0xF4, 0x57, 0xEC, 0xB8, 0xEC, 0x39, 0xF5,
    0x00, 0x00, 0x5F, 0xFD, 0x00, 0x00, 0x00, 0x00, 0x00, 0x00, 0x00, 0x00,
    0x00, 0x00, 0x00, 0x00, 0x00, 0x00, 0x5A, 0xFD, 0xDA, 0xE5, 0xDB, 0xED,
    0x1A, 0xF6, 0xDB, 0xED, 0x7C, 0xFE, 0xFF, 0xFF, 0x00, 0x00, 0x00, 0x00,
    0x00, 0x00, 0x00, 0x00, 0x00, 0x00, 0x00, 0x00, 0x00, 0x00, 0x00, 0x00,
    0x00, 0x00, 0x00, 0x00, 0x00, 0x00, 0x00, 0x00, 0x00, 0x00, 0x00, 0x00,
    0x00, 0x00, 0x00, 0x00, 0x00, 0x00, 0x00, 0x00, 0x00, 0x00, 0x00, 0x00,
    0x00, 0x00, 0x00, 0x00, 0x00, 0x00, 0x00, 0x00, 0x00, 0x00, 0x00, 0x00,
    0x00, 0x00, 0x00, 0x00, 0x00, 0x00, 0x00, 0x00, 0x00, 0x00, 0x00, 0x00,
    0x00, 0x00, 0x00, 0x00, 0x00, 0x00, 0x00, 0x00, 0x00, 0x00, 0x00, 0x00,
    0x00, 0x00, 0x00, 0x00, 0x00, 0x00, 0x00, 0x00, 0x00, 0x00, 0x00, 0x00,
    0x00, 0x00, 0x00, 0x00, 0x00, 0x00, 0x00, 0x00, 0x00, 0x00, 0x00, 0x00,
    0x00, 0x00, 0x00, 0x00, 0x00, 0x00, 0x00, 0x00, 0x00, 0x00, 0x00, 0x00,
    0x00, 0x00, 0x00, 0x00, 0x00, 0x00, 0x00, 0x00, 0x00, 0x00, 0x00, 0x00,
    0x00, 0x00, 0x00, 0x00, 0x00, 0x00, 0x00, 0x00, 0x00, 0x00, 0xD9, 0xCC,
    0x00, 0x00, 0xBD, 0xCD, 0xBD, 0xCD, 0xDE, 0xCD, 0xDE, 0xCD, 0xBD, 0xCD,
    0xBD, 0xCD, 0xBD, 0xCD, 0xBD, 0xCD, 0xDD, 0xB4, 0x3C, 0xA4, 0x1C, 0xA4,
    0x1C, 0xA4, 0x1C, 0xA4, 0x1C, 0xA4, 0x1C, 0xA4, 0x1C, 0xA4, 0x1C, 0xA4,
    0x1C, 0xA4, 0x1C, 0xA4, 0x1C, 0xA4, 0x1C, 0xA4, 0x1C, 0xA4, 0x1C, 0xA4,
    0x1C, 0xA4, 0x1C, 0xA4, 0x1C, 0xA4, 0x1C, 0xA4, 0x1C, 0x9C, 0xFD, 0xB4,
    0x9D, 0xCD, 0xBD, 0xCD, 0xBD, 0xCD, 0xBD, 0xCD, 0xBD, 0xCD, 0xFF, 0xD5,
    0xBD, 0xCD, 0xDD, 0xCD, 0x00, 0x00, 0x00, 0x00, 0xFF, 0xFB, 0x00, 0x00,
    0x00, 0x00, 0x00, 0x00, 0x00, 0x00, 0x00, 0x00, 0x00, 0x00, 0x00, 0x00,
    0x00, 0x00, 0x00, 0x00, 0x00, 0x00, 0x00, 0x00, 0x00, 0x00, 0x00, 0x00,
    0x00, 0x00, 0x00, 0x00, 0x00, 0x00, 0x00, 0x00, 0xEF, 0x7B, 0x00, 0x00,
    0x1B, 0xFE, 0xD8, 0xEC, 0x78, 0xF4, 0x77, 0xF4, 0x57, 0xEC, 0x57, 0xEC,
    0x57, 0xEC, 0x57, 0xEC, 0x57, 0xEC, 0x57, 0xEC, 0x57, 0xEC, 0x57, 0xEC,
    0x57, 0xEC, 0x57, 0xEC, 0xF9, 0xFC, 0xD8, 0xF4, 0x0F, 0x78, 0xF7, 0xFB,
    0x00, 0x00, 0x00, 0x00, 0xFF, 0xFF, 0xEF, 0x7B, 0xFF, 0xFF, 0xEF, 0x7B,
    0x00, 0x00, 0x00, 0x00, 0x00, 0x00, 0x00, 0x00, 0x00, 0x00, 0x00, 0x00,
    0x00, 0x00, 0x00, 0x00, 0xEF, 0xFB, 0x00, 0x00, 0x00, 0x00, 0x00, 0x00,
    0x00, 0x00, 0x00, 0x00, 0x00, 0x00, 0x00, 0x00, 0x00, 0x00, 0x00, 0x00,
    0x00, 0x00, 0x00, 0x00, 0x00, 0x00, 0x00, 0x00, 0x00, 0x00, 0x00, 0x00,
    0x00, 0x00, 0x00, 0x00, 0x00, 0x00, 0x00, 0x00, 0x00, 0x00, 0x00, 0x00,
    0x00, 0x00, 0x00, 0x00, 0x00, 0x00, 0x00, 0x00, 0x00, 0x00, 0x00, 0x00,
    0x00, 0x00, 0x00, 0x00, 0x00, 0x00, 0x00, 0x00, 0x00, 0x00, 0x00, 0x00,
    0x00, 0x00, 0x00, 0x00, 0x00, 0x00, 0x00, 0x00, 0x00, 0x00, 0x00, 0x00,
    0x00, 0x00, 0x00, 0x00, 0x00, 0x00, 0x00, 0x00, 0x00, 0x00, 0x00, 0x00,
    0x00, 0x00, 0x00, 0x00, 0x00, 0x00, 0x00, 0x00, 0x00, 0x00, 0xFF, 0xFF,
    0x4A, 0xFD, 0xEA, 0xFF, 0xEA, 0xFF, 0xEA, 0xFF, 0x4A, 0xFD, 0xEF, 0xFF,
    0xE0, 0xFF, 0x00, 0x00, 0x00, 0x00, 0x00, 0x00, 0x00, 0x00, 0x00, 0x00,
    0x00, 0x00, 0x00, 0x00, 0xB5, 0xAA, 0x00, 0x00, 0xBE, 0xCD, 0xBD, 0xCD,
    0xFF, 0xD5, 0xBE, 0xCD, 0x9D, 0xCD, 0xBD, 0xCD, 0xBD, 0xCD, 0xBD, 0xCD,
    0xBD, 0xCD, 0x1D, 0xBD, 0x5C, 0xAC, 0x1C, 0x9C, 0x3C, 0xA4, 0x1C, 0xA4,
    0x1C, 0xA4, 0x1C, 0xA4, 0x1C, 0xA4, 0x1C, 0xA4, 0x1C, 0xA4, 0x1C, 0xA4,
    0x1C, 0xA4, 0x1C, 0xA4, 0x1C, 0xA4, 0x1C, 0xA4, 0x1C, 0xA4, 0x1C, 0xA4,
    0x1C, 0xA4, 0x1C, 0xA4, 0x1C, 0xA4, 0x9C, 0xAC, 0x5D, 0xC5, 0xBD, 0xCD,
    0x9D, 0xCD, 0xBD, 0xCD, 0xFF, 0xD5, 0xBD, 0xCD, 0xBD, 0xCD, 0x00, 0x00,
    0x00, 0x00, 0xFF, 0xFF, 0x00, 0x00, 0x00, 0x00, 0x00, 0x00, 0x00, 0x00,
    0x00, 0x00, 0x00, 0x00, 0x00, 0x00, 0x00, 0x00, 0x00, 0x00, 0x00, 0x00,
    0x00, 0x00, 0x00, 0x00, 0x00, 0x00, 0x00, 0x00, 0x00, 0x00, 0x00, 0x00,
    0x00, 0x00, 0x00, 0x00, 0x00, 0x00, 0x55, 0xFD, 0xFF, 0xFF, 0xB7, 0xEC,
    0x98, 0xFC, 0x78, 0xF4, 0x57, 0xEC, 0x57, 0xEC, 0x57, 0xEC, 0x57, 0xEC,
    0x57, 0xEC, 0x57, 0xEC, 0x57, 0xEC, 0x57, 0xEC, 0x57, 0xEC, 0x57, 0xEC,
    0xFA, 0xFC, 0x98, 0xEC, 0x00, 0x00, 0xAA, 0xFA, 0x00, 0x00, 0x00, 0x00,
    0x00, 0x00, 0x00, 0x00, 0x00, 0x00, 0x00, 0x00, 0xEF, 0x7B, 0x5F, 0xFD,
    0xFF, 0xFD, 0x7F, 0xFE, 0x5A, 0xFD, 0x7F, 0xFE, 0xFF, 0xFD, 0xFF, 0xFF,
    0x00, 0x00, 0x00, 0x00, 0x00, 0x00, 0x00, 0x00, 0x00, 0x00, 0x00, 0x00,
    0x00, 0x00, 0x00, 0x00, 0x00, 0x00, 0x00, 0x00, 0x00, 0x00, 0x00, 0x00,
    0x00, 0x00, 0x00, 0x00, 0x00, 0x00, 0x00, 0x00, 0x00, 0x00, 0x00, 0x00,
    0x00, 0x00, 0x00, 0x00, 0x00, 0x00, 0x00, 0x00, 0x00, 0x00, 0x00, 0x00,
    0x00, 0x00, 0x00, 0x00, 0x00, 0x00, 0x00, 0x00, 0x00, 0x00, 0x00, 0x00,
    0x00, 0x00, 0x00, 0x00, 0x00, 0x00, 0x00, 0x00, 0x00, 0x00, 0x00, 0x00,
    0x00, 0x00, 0x00, 0x00, 0x00, 0x00, 0x00, 0x00, 0x00, 0x00, 0x00, 0x00,
    0x00, 0x00, 0x00, 0x00, 0x00, 0x00, 0x00, 0x00, 0x00, 0x00, 0x00, 0x00,
    0x00, 0x00, 0xE0, 0xFF, 0xEF, 0xFF, 0x00, 0x00, 0x00, 0x00, 0x00, 0x00,
    0x00, 0x00, 0x00, 0x00, 0x00, 0x00, 0x00, 0x00, 0x00, 0x00, 0xEF, 0xFF,
    0xEF, 0xFF, 0xE0, 0xFF, 0x00, 0x00, 0x00, 0x00, 0x1F, 0x00, 0x00, 0x00,
    0xEF, 0x7F, 0xBE, 0xCD, 0x9D, 0xCD, 0x1F, 0xD6, 0xBD, 0xCD, 0x9D, 0xCD,
    0xBD, 0xCD, 0xBD, 0xCD, 0xBD, 0xCD, 0xBD, 0xCD, 0xBD, 0xCD, 0x7D, 0xC5,
    0x9C, 0xAC, 0xFC, 0x9B, 0x1C, 0xA4, 0x1C, 0xA4, 0x1C, 0xA4, 0x1C, 0xA4,
    0x1C, 0xA4, 0x1C, 0xA4, 0x1C, 0xA4, 0x1C, 0xA4, 0x1C, 0xA4, 0x1C, 0xA4,
    0x1C, 0xA4, 0x1C, 0xA4, 0x1C, 0xA4, 0x1C, 0xA4, 0x1C, 0xA4, 0x1C, 0xA4,
    0x1C, 0xA4, 0x3C, 0xA4, 0x1D, 0xBD, 0xBD, 0xCD, 0xBE, 0xCD, 0xDE, 0xCD,
    0xBD, 0xCD, 0x9D, 0xC5, 0x00, 0x00, 0x5A, 0xAD, 0xFF, 0xFF, 0x00, 0x00,
    0x00, 0x00, 0x00, 0x00, 0x00, 0x00, 0x00, 0x00, 0x00, 0x00, 0x00, 0x00,
    0x00, 0x00, 0x00, 0x00, 0x00, 0x00, 0x00, 0x00, 0x00, 0x00, 0x00, 0x00,
    0x00, 0x00, 0x00, 0x00, 0x00, 0x00, 0x00, 0x00, 0x00, 0x00, 0x00, 0x00,
    0x00, 0x00, 0xF7, 0xDC, 0x00, 0x00, 0x97, 0xF4, 0xB8, 0xF4, 0x78, 0xF4,
    0x57, 0xEC, 0x57, 0xEC, 0x57, 0xEC, 0x57, 0xEC, 0x57, 0xEC, 0x57, 0xEC,
    0x57, 0xEC, 0x57, 0xEC, 0x57, 0xEC, 0x57, 0xEC, 0x99, 0xFC, 0x98, 0xF4,
    0x1B, 0xF6, 0x00, 0x00, 0x00, 0x00, 0x00, 0xF8, 0x00, 0x00, 0x00, 0x00,
    0x00, 0x00, 0x00, 0x00, 0x00, 0x00, 0x00, 0x00, 0x00, 0x00, 0x00, 0x00,
    0x00, 0x00, 0x00, 0x00, 0x00, 0x00, 0x00, 0x00, 0x00, 0x00, 0x00, 0x00,
    0x00, 0x00, 0x00, 0x00, 0x00, 0x00, 0x00, 0x00, 0x00, 0x00, 0x00, 0x00,
    0x00, 0x00, 0x00, 0x00, 0x00, 0x00, 0x00, 0x00, 0x00, 0x00, 0x00, 0x00,
    0x00, 0x00, 0x00, 0x00, 0x00, 0x00, 0x00, 0x00, 0x00, 0x00, 0x00, 0x00,
    0x00, 0x00, 0x00, 0x00, 0x00, 0x00, 0x00, 0x00, 0x00, 0x00, 0x00, 0x00,
    0x00, 0x00, 0x00, 0x00, 0x00, 0x00, 0x00, 0x00, 0x00, 0x00, 0x00, 0x00,
    0x00, 0x00, 0x00, 0x00, 0x00, 0x00, 0x00, 0x00, 0x00, 0x00, 0x00, 0x00,
    0x00, 0x00, 0x00, 0x00, 0x00, 0x00, 0x00, 0x00, 0x00, 0x00, 0x00, 0x00,
    0x00, 0x00, 0x00, 0x00, 0x00, 0x00, 0x00, 0x00, 0x00, 0x00, 0x00, 0x00,
    0x00, 0x00, 0x00, 0x00, 0xEF, 0xFF, 0xEF, 0xFF, 0xCD, 0xFE, 0xCD, 0xFE,
    0xEF, 0xFF, 0xEF, 0xFF, 0x00, 0x00, 0x00, 0x00, 0x00, 0x00, 0x00, 0x00,
    0x00, 0x00, 0x00, 0x00, 0xFF, 0x7B, 0x00, 0x00, 0x00, 0x00, 0xBD, 0xCD,
    0xBE, 0xCD, 0xDE, 0xCD, 0xBD, 0xCD, 0xBD, 0xCD, 0xBD, 0xCD, 0xBD, 0xCD,
    0xBD, 0xCD, 0xBD, 0xCD, 0xBD, 0xCD, 0xBE, 0xCD, 0xDC, 0xB4, 0xFC, 0x9B,
    0x3C, 0xA4, 0x3C, 0xA4, 0x3C, 0xA4, 0x1C, 0xA4, 0x1C, 0xA4, 0x1C, 0xA4,
    0x1C, 0xA4, 0x1C, 0xA4, 0x1C, 0xA4, 0x1C, 0xA4, 0x1C, 0xA4, 0x1C, 0xA4,
    0x1C, 0xA4, 0x1C, 0xA4, 0x1C, 0xA4, 0x1C, 0xA4, 0x3C, 0xA4, 0x1C, 0x9C,
    0xDC, 0xB4, 0xDE, 0xCD, 0xBE, 0xCD, 0xBD, 0xCD, 0xBD, 0xC5, 0x00, 0x00,
    0x5F, 0xAD, 0x00, 0x00, 0x00, 0x00, 0x00, 0x00, 0x00, 0x00, 0x00, 0x00,
    0x00, 0x00, 0x00, 0x00, 0x00, 0x00, 0x00, 0x00, 0x00, 0x00, 0x00, 0x00,
    0x00, 0x00, 0x00, 0x00, 0x00, 0x00, 0x00, 0x00, 0x00, 0x00, 0x00, 0x00,
    0x00, 0x00, 0x00, 0x00, 0x00, 0x00, 0x00, 0x00, 0x00, 0x00, 0x96, 0xDC,
    0x00, 0x00, 0x18, 0xF5, 0xD8, 0xF4, 0x77, 0xF4, 0x57, 0xEC, 0x57, 0xEC,
    0x57, 0xEC, 0x57, 0xEC, 0x57, 0xEC, 0x57, 0xEC, 0x57, 0xEC, 0x57, 0xEC,
    0x57, 0xEC, 0x57, 0xEC, 0x58, 0xF4, 0xB8, 0xF4, 0x39, 0xF5, 0x00, 0x00,
    0x00, 0x00, 0xEF, 0xFB, 0x00, 0x00, 0x00, 0x00, 0x00, 0x00, 0x00, 0x00,
    0x00, 0x00, 0x00, 0x00, 0x00, 0x00, 0x00, 0x00, 0x00, 0x00, 0x00, 0x00,
    0x00, 0x00, 0x00, 0x00, 0x00, 0x00, 0x00, 0x00, 0x00, 0x00, 0x00, 0x00,
    0x00, 0x00, 0x00, 0x00, 0x00, 0x00, 0x00, 0x00, 0x00, 0x00, 0x00, 0x00,
    0x00, 0x00, 0x00, 0x00, 0x00, 0x00, 0x00, 0x00, 0x00, 0x00, 0x00, 0x00,
    0x00, 0x00, 0x00, 0x00, 0x00, 0x00, 0x00, 0x00, 0x00, 0x00, 0x00, 0x00,
    0x00, 0x00, 0x00, 0x00, 0x00, 0x00, 0x00, 0x00, 0x00, 0x00, 0x00, 0x00,
    0x00, 0x00, 0x00, 0x00, 0x00, 0x00, 0x00, 0x00, 0x00, 0x00, 0x00, 0x00,
    0x00, 0x00, 0x00, 0x00, 0x00, 0x00, 0x00, 0x00, 0x00, 0x00, 0x00, 0x00,
    0x00, 0x00, 0x00, 0x00, 0x00, 0x00, 0x00, 0x00, 0x00, 0x00, 0x00, 0x00,
    0x00, 0x00, 0xFF, 0xFF, 0xF5, 0xFF, 0x00, 0x00, 0x00, 0x00, 0x2C, 0xFF,
    0x2C, 0xFF, 0x2C, 0xFF, 0x0C, 0xFF, 0x2C, 0xFF, 0x0C, 0xFF, 0x0C, 0xFF,
    0xEB, 0xFE, 0x00, 0x00, 0x00, 0x00, 0x00, 0x00, 0xEF, 0xFB, 0xEF, 0xFD,
    0xEF, 0xFF, 0xE0, 0xFF, 0x1C, 0xD5, 0x9D, 0xCD, 0x1F, 0xDE, 0xBD, 0xCD,
    0xBD, 0xCD, 0xBD, 0xCD, 0xBD, 0xCD, 0xBD, 0xCD, 0xBD, 0xCD, 0xBD, 0xCD,
    0x9D, 0xCD, 0xDE, 0xD5, 0x3D, 0xC5, 0x7C, 0xAC, 0x7D, 0xAC, 0x5D, 0xAC,
    0x3C, 0xA4, 0x1C, 0xA4, 0x1C, 0xA4, 0x1C, 0xA4, 0x1C, 0xA4, 0x1C, 0xA4,
    0x1C, 0xA4, 0x1C, 0xA4, 0x1C, 0xA4, 0x1C, 0xA4, 0x1C, 0xA4, 0x1C, 0xA4,
    0x1C, 0xA4, 0x1C, 0xA4, 0x3C, 0xA4, 0xFC, 0x9B, 0x9C, 0xAC, 0x9E, 0xCD,
    0xBD, 0xCD, 0xBD, 0xCD, 0xFF, 0x7B, 0x00, 0x00, 0xFF, 0xFF, 0x00, 0x00,
    0x00, 0x00, 0x00, 0x00, 0x00, 0x00, 0x00, 0x00, 0x00, 0x00, 0x00, 0x00,
    0x00, 0x00, 0x00, 0x00, 0x00, 0x00, 0x00, 0x00, 0x00, 0x00, 0x00, 0x00,
    0x00, 0x00, 0x00, 0x00, 0x00, 0x00, 0x00, 0x00, 0x00, 0x00, 0x00, 0x00,
    0x00, 0x00, 0x00, 0x00, 0x00, 0x00, 0xF7, 0xFB, 0x00, 0x00, 0x99, 0xF5,
    0xF9, 0xF4, 0x77, 0xEC, 0x78, 0xF4, 0x57, 0xEC, 0x57, 0xEC, 0x57, 0xEC,
    0x57, 0xEC, 0x57, 0xEC, 0x57, 0xEC, 0x57, 0xEC, 0x57, 0xEC, 0x57, 0xEC,
    0x57, 0xEC, 0xD8, 0xFC, 0xF8, 0xF4, 0xFF, 0xFF, 0x00, 0x00, 0xFF, 0xFB,
    0x00, 0x00, 0x00, 0x00, 0x00, 0x00, 0x00, 0x00, 0x00, 0x00, 0x00, 0x00,
    0x00, 0x00, 0x00, 0x00, 0x00, 0x00, 0x00, 0x00, 0x00, 0x00, 0x00, 0x00,
    0x00, 0x00, 0x00, 0x00, 0x00, 0x00, 0x00, 0x00, 0x00, 0x00, 0x00, 0x00,
    0x00, 0x00, 0x00, 0x00, 0x00, 0x00, 0x00, 0x00, 0x00, 0x00, 0x00, 0x00,
    0x00, 0x00, 0x00, 0x00, 0x00, 0x00, 0x00, 0x00, 0x00, 0x00, 0x00, 0x00,
    0x00, 0x00, 0x00, 0x00, 0x00, 0x00, 0x00, 0x00, 0x00, 0x00, 0x00, 0x00,
    0x00, 0x00, 0x00, 0x00, 0x00, 0x00, 0x00, 0x00, 0x00, 0x00, 0x00, 0x00,
    0x00, 0x00, 0x00, 0x00, 0x00, 0x00, 0x00, 0x00, 0x00, 0x00, 0x00, 0x00,
    0x00, 0x00, 0x00, 0x00, 0x00, 0x00, 0x00, 0x00, 0x00, 0x00, 0x00, 0x00,
    0x00, 0x00, 0x00, 0x00, 0x00, 0x00, 0x00, 0x00, 0xE7, 0xFD, 0x00, 0x00,
    0x00, 0x00, 0xEC, 0xFE, 0x0C, 0xFF, 0x0C, 0xFF, 0x0C, 0xFF, 0x0C, 0xFF,
    0x0C, 0xFF, 0x0C, 0xFF, 0x0C, 0xFF, 0x0C, 0xFF, 0x0C, 0xFF, 0x0C, 0xFF,
    0x0C, 0xFF, 0x0C, 0xFF, 0x6C, 0xFE, 0x00, 0x00, 0x00, 0x00, 0xF7, 0xBB,
    0xDD, 0xCD, 0x9D, 0xCD, 0x1F, 0xDE, 0xBD, 0xCD, 0xBD, 0xCD, 0xBD, 0xCD,
    0xBD, 0xCD, 0xBD, 0xCD, 0xBD, 0xCD, 0xBD, 0xCD, 0x9D, 0xCD, 0xFF, 0xD5,
    0x9D, 0xCD, 0x1D, 0xBD, 0x5C, 0xA4, 0x7C, 0xAC, 0x7C, 0xAC, 0x7D, 0xAC,
    0x9F, 0xB4, 0x5E, 0xAC, 0x1C, 0xA4, 0x1C, 0xA4, 0x1C, 0xA4, 0x1C, 0xA4,
    0x1C, 0xA4, 0x1C, 0xA4, 0x3C, 0xA4, 0x3C, 0xA4, 0x1C, 0xA4, 0x1C, 0xA4,
    0x1C, 0xA4, 0xFC, 0x9B, 0xDF, 0xBC, 0x1D, 0xBD, 0xBD, 0xCD, 0x00, 0x00,
    0x00, 0x00, 0xB5, 0xAA, 0x00, 0x00, 0x00, 0x00, 0x00, 0x00, 0x00, 0x00,
    0x00, 0x00, 0x00, 0x00, 0x00, 0x00, 0x00, 0x00, 0x00, 0x00, 0x00, 0x00,
    0x00, 0x00, 0x00, 0x00, 0xFF, 0xFB, 0x55, 0xFD, 0xFF, 0xFF, 0xFF, 0xFF,
    0x00, 0x00, 0x00, 0x00, 0x00, 0x00, 0x00, 0x00, 0x00, 0x00, 0x00, 0x00,
    0x00, 0x00, 0x1F, 0xF8, 0xEF, 0xB9, 0xFF, 0xFD, 0xF8, 0xF4, 0x77, 0xEC,
    0xB9, 0xFC, 0x57, 0xEC, 0x57, 0xEC, 0x57, 0xEC, 0x57, 0xEC, 0x57, 0xEC,
    0x57, 0xEC, 0x57, 0xEC, 0x57, 0xEC, 0x57, 0xEC, 0x57, 0xEC, 0xFA, 0xFC,
    0x97, 0xEC, 0x00, 0x00, 0x00, 0x00, 0xB5, 0xAA, 0x00, 0x00, 0x00, 0x00,
    0x00, 0x00, 0x00, 0x00, 0x00, 0x00, 0x00, 0x00, 0x00, 0x00, 0x00, 0x00,
    0x00, 0x00, 0x00, 0x00, 0x00, 0x00, 0x00, 0x00, 0x00, 0x00, 0x00, 0x00,
    0x00, 0x00, 0x00, 0x00, 0x00, 0x00, 0x00, 0x00, 0x00, 0x00, 0x00, 0x00,
    0x00, 0x00, 0x00, 0x00, 0x00, 0x00, 0x00, 0x00, 0x00, 0x00, 0x00, 0x00,
    0x00, 0x00, 0x00, 0x00, 0x00, 0x00, 0x00, 0x00, 0x00, 0x00, 0x00, 0x00,
    0x00, 0x00, 0x00, 0x00, 0x00, 0x00, 0x00, 0x00, 0x00, 0x00, 0x00, 0x00,
    0x00, 0x00, 0x00, 0x00, 0x00, 0x00, 0x00, 0x00, 0x00, 0x00, 0x00, 0x00,
    0x00, 0x00, 0x00, 0x00, 0x00, 0x00, 0x00, 0x00, 0x00, 0x00, 0x00, 0x00,
    0x00, 0x00, 0x00, 0x00, 0x00, 0x00, 0x00, 0x00, 0x00, 0x00, 0x00, 0x00,
    0xFF, 0xFF, 0x00, 0x00, 0x00, 0x00, 0xEB, 0xFE, 0xEC, 0xFE, 0x4C, 0xFF,
    0x8D, 0xFF, 0xAD, 0xFF, 0x6D, 0xFF, 0x4D, 0xFF, 0x4D, 0xFF, 0x4D, 0xFF,
    0x6D, 0xFF, 0x8D, 0xFF, 0xAE, 0xFF, 0x8D, 0xFF, 0x0C, 0xFF, 0x0C, 0xFF,
    0x2C, 0xFF, 0x0D, 0xFF, 0x2A, 0xFF, 0x79, 0xE6, 0x9E, 0xCD, 0x9E, 0xCD,
    0xDF, 0xD5, 0xBD, 0xCD, 0xBD, 0xCD, 0xBD, 0xCD, 0xBD, 0xCD, 0xBD, 0xCD,
    0xBD, 0xCD, 0xBD, 0xCD, 0x9D, 0xCD, 0xDE, 0xD5, 0x9D, 0xC5, 0xFE, 0xD5,
    0x00, 0x00, 0xFF, 0xFE, 0xFD, 0xBC, 0x9C, 0xAC, 0x5C, 0xA4, 0x5C, 0xA4,
    0x7C, 0xA4, 0x9E, 0xB4, 0x9F, 0xB4, 0x5E, 0xAC, 0x3D, 0xA4, 0x1C, 0xA4,
    0x1C, 0xA4, 0x1C, 0xA4, 0x3C, 0xA4, 0x5D, 0xAC, 0x9F, 0xB4, 0x7D, 0xAC,
    0xBD, 0xB4, 0xBC, 0xB4, 0x00, 0x00, 0x00, 0x00, 0xFF, 0xFB, 0x00, 0x00,
    0x00, 0x00, 0x00, 0x00, 0x00, 0x00, 0x00, 0x00, 0x00, 0x00, 0x00, 0x00,
    0x00, 0x00, 0x00, 0x00, 0x00, 0x00, 0xFF, 0xFF, 0xF7, 0xBD, 0xFF, 0xFD,
    0x00, 0x00, 0x00, 0x00, 0x00, 0x00, 0x00, 0x00, 0x79, 0xFE, 0x79, 0xFE,
    0xFF, 0xFF, 0xFF, 0xFB, 0x1F, 0xF8, 0x00, 0x00, 0x00, 0x00, 0x00, 0x00,
    0xF5, 0xD3, 0x00, 0x00, 0x56, 0xEC, 0xB8, 0xF4, 0xB9, 0xFC, 0x57, 0xEC,
    0x57, 0xEC, 0x57, 0xEC, 0x57, 0xEC, 0x57, 0xEC, 0x57, 0xEC, 0x57, 0xEC,
    0x57, 0xEC, 0x57, 0xEC, 0x57, 0xEC, 0xDA, 0xFC, 0x77, 0xEC, 0xDA, 0xF5,
    0x00, 0x00, 0xEF, 0x7B, 0x00, 0x00, 0x00, 0x00, 0x00, 0x00, 0x00, 0x00,
    0x00, 0x00, 0x00, 0x00, 0x00, 0x00, 0x00, 0x00, 0x00, 0x00, 0x00, 0x00,
    0x00, 0x00, 0x00, 0x00, 0x00, 0x00, 0x00, 0x00, 0x00, 0x00, 0x00, 0x00,
    0x00, 0x00, 0x00, 0x00, 0x00, 0x00, 0x00, 0x00, 0x00, 0x00, 0x00, 0x00,
    0x00, 0x00, 0x00, 0x00, 0x00, 0x00, 0x00, 0x00, 0x00, 0x00, 0x00, 0x00,
    0x00, 0x00, 0x00, 0x00, 0x00, 0x00, 0x00, 0x00, 0x00, 0x00, 0x00, 0x00,
    0x00, 0x00, 0x00, 0x00, 0x00, 0x00, 0x00, 0x00, 0x00, 0x00, 0x00, 0x00,
    0x00, 0x00, 0x00, 0x00, 0x00, 0x00, 0x00, 0x00, 0x00, 0x00, 0x00, 0x00,
    0x00, 0x00, 0x00, 0x00, 0x00, 0x00, 0x00, 0x00, 0x00, 0x00, 0x00, 0x00,
    0x00, 0x00, 0x00, 0x00, 0x00, 0x00, 0xE0, 0xFF, 0xFF, 0xFF, 0x00, 0x00,
    0xCB, 0xFE, 0xEC, 0xFE, 0x2C, 0xFF, 0x8D, 0xFF, 0x0C, 0xFF, 0x0C, 0xFF,
    0x0C, 0xFF, 0x0C, 0xFF, 0x0C, 0xFF, 0x0C, 0xFF, 0x0C, 0xFF, 0x0C, 0xFF,
    0x0C, 0xFF, 0x0C, 0xFF, 0x2C, 0xFF, 0x6D, 0xFF, 0xCE, 0xFF, 0x2D, 0xFF,
    0x2B, 0xFF, 0xEE, 0xFE, 0xDB, 0xD5, 0x9E, 0xCD, 0xDE, 0xD5, 0xBD, 0xCD,
    0xBD, 0xCD, 0xBD, 0xCD, 0xBD, 0xCD, 0xBD, 0xCD, 0xBD, 0xCD, 0xBD, 0xCD,
    0x9D, 0xCD, 0x9D, 0xCD, 0xBE, 0xCD, 0x9E, 0xCD, 0xFF, 0x7B, 0x00, 0x00,
    0x00, 0x00, 0x00, 0x00, 0x00, 0x00, 0x9E, 0xC5, 0xDD, 0xB4, 0x9C, 0xAC,
    0x3C, 0xA4, 0x3C, 0xA4, 0x3C, 0xA4, 0x3C, 0xA4, 0x5C, 0xA4, 0x3C, 0xA4,
    0x5C, 0xA4, 0x5C, 0xA4, 0x3C, 0xA4, 0xBC, 0xAC, 0x3D, 0xBD, 0x00, 0x00,
    0x5F, 0xD5, 0xFF, 0xFF, 0x00, 0x00, 0x00, 0x00, 0x00, 0x00, 0x00, 0x00,
    0x00, 0x00, 0x00, 0x00, 0x00, 0x00, 0x00, 0x00, 0x00, 0x00, 0x00, 0x00,
    0xFF, 0xFF, 0x00, 0x00, 0x00, 0x00, 0x00, 0x00, 0x00, 0xF8, 0x99, 0xE5,
    0xFB, 0xFD, 0x00, 0x00, 0x00, 0x00, 0x00, 0x00, 0x00, 0x00, 0x00, 0x00,
    0x1F, 0xF8, 0xFF, 0xFF, 0xEF, 0xFB, 0xFF, 0xFF, 0xD9, 0xFC, 0xFF, 0xFF,
    0x5B, 0xED, 0xF9, 0xF4, 0x98, 0xF4, 0x57, 0xF4, 0x77, 0xEC, 0x57, 0xEC,
    0x57, 0xEC, 0x57, 0xEC, 0x57, 0xEC, 0x57, 0xEC, 0x57, 0xEC, 0x57, 0xEC,
    0x57, 0xEC, 0x99, 0xFC, 0x77, 0xEC, 0x7A, 0xF5, 0xFF, 0xFF, 0x00, 0x00,
    0xAA, 0xAA, 0x00, 0x00, 0x00, 0x00, 0x00, 0x00, 0x00, 0x00, 0x00, 0x00,
    0x00, 0x00, 0x00, 0x00, 0x00, 0x00, 0x00, 0x00, 0x00, 0x00, 0x00, 0x00,
    0x00, 0x00, 0x00, 0x00, 0x00, 0x00, 0x00, 0x00, 0x00, 0x00, 0x00, 0x00,
    0x00, 0x00, 0x00, 0x00, 0x00, 0x00, 0x00, 0x00, 0x00, 0x00, 0x00, 0x00,
    0x00, 0x00, 0x00, 0x00, 0x00, 0x00, 0x00, 0x00, 0x00, 0x00, 0x00, 0x00,
    0x00, 0x00, 0x00, 0x00, 0x00, 0x00, 0x00, 0x00, 0x00, 0x00, 0x00, 0x00,
    0x00, 0x00, 0x00, 0x00, 0x00, 0x00, 0x00, 0x00, 0x00, 0x00, 0x00, 0x00,
    0x00, 0x00, 0x00, 0x00, 0x00, 0x00, 0x00, 0x00, 0x00, 0x00, 0x00, 0x00,
    0x00, 0x00, 0x00, 0x00, 0x00, 0x00, 0x00, 0x00, 0x00, 0x00, 0x00, 0x00,
    0x00, 0x00, 0x4A, 0xFD, 0x00, 0x00, 0xEF, 0xFF, 0x2C, 0xFF, 0x0C, 0xFF,
    0x6D, 0xFF, 0x0C, 0xFF, 0x0C, 0xFF, 0x0C, 0xFF, 0x0C, 0xFF, 0x0C, 0xFF,
    0x0C, 0xFF, 0x0C, 0xFF, 0x0C, 0xFF, 0x0C, 0xFF, 0x0C, 0xFF, 0x0C, 0xFF,
    0x0C, 0xFF, 0x0C, 0xFF, 0x0C, 0xFF, 0x0D, 0xFF, 0x4C, 0xFF, 0x2D, 0xFF,
    0x38, 0xDE, 0xBD, 0xCD, 0xBE, 0xCD, 0xBD, 0xCD, 0xBD, 0xCD, 0xBD, 0xCD,
    0xBD, 0xCD, 0xBD, 0xCD, 0xBD, 0xCD, 0xBD, 0xCD, 0xBD, 0xCD, 0x9D, 0xCD,
    0x3F, 0xDE, 0xBD, 0xCD, 0x55, 0xAD, 0xFF, 0xFF, 0xFF, 0xBB, 0xFF, 0xBB,
    0xF7, 0x7B, 0x00, 0x00, 0x00, 0x00, 0x00, 0x00, 0xFF, 0xBF, 0xDD, 0xB4,
    0xBC, 0xB4, 0xBC, 0xB4, 0xBC, 0xAC, 0xBC, 0xAC, 0xBC, 0xB4, 0xDC, 0xB4,
    0xFF, 0xFF, 0x00, 0x00, 0x00, 0x00, 0x5F, 0xAD, 0x00, 0x00, 0x00, 0x00,
    0x00, 0x00, 0x00, 0x00, 0x00, 0x00, 0x00, 0x00, 0x00, 0x00, 0x00, 0x00,
    0x00, 0x00, 0x00, 0x00, 0x00, 0x00, 0x00, 0x00, 0x00, 0x00, 0x00, 0x00,
    0xFB, 0xFD, 0x1A, 0xF6, 0x1B, 0xFE, 0x1B, 0xF6, 0x3B, 0xF6, 0x3B, 0xF6,
    0x3A, 0xF6, 0xFA, 0xFD, 0xBB, 0xFD, 0xFF, 0xFF, 0x00, 0x00, 0x00, 0x00,
    0x00, 0x00, 0x00, 0x00, 0xFF, 0xFB, 0x00, 0x00, 0xBB, 0xFD, 0x19, 0xF5,
    0x77, 0xEC, 0x98, 0xFC, 0x57, 0xEC, 0x57, 0xEC, 0x57, 0xEC, 0x57, 0xEC,
    0x57, 0xEC, 0x57, 0xEC, 0x57, 0xEC, 0x57, 0xEC, 0x57, 0xEC, 0x98, 0xFC,
    0x77, 0xF4, 0x59, 0xF5, 0x79, 0xFE, 0x00, 0x00, 0x55, 0xFD, 0x00, 0x00,
    0x00, 0x00, 0x00, 0x00, 0x00, 0x00, 0x00, 0x00, 0x00, 0x00, 0x00, 0x00,
    0x00, 0x00, 0x00, 0x00, 0x00, 0x00, 0x00, 0x00, 0x00, 0x00, 0x00, 0x00,
    0x00, 0x00, 0x00, 0x00, 0x00, 0x00, 0x00, 0x00, 0x00, 0x00, 0x00, 0x00,
    0x00, 0x00, 0x00, 0x00, 0x00, 0x00, 0x00, 0x00, 0x00, 0x00, 0x00, 0x00,
    0x00, 0x00, 0x00, 0x00, 0x00, 0x00, 0x00, 0x00, 0x00, 0x00, 0x00, 0x00,
    0x00, 0x00, 0x00, 0x00, 0x00, 0x00, 0x00, 0x00, 0x00, 0x00, 0x00, 0x00,
    0x00, 0x00, 0x00, 0x00, 0x00, 0x00, 0x00, 0x00, 0x00, 0x00, 0x00, 0x00,
    0x00, 0x00, 0x00, 0x00, 0x00, 0x00, 0x00, 0x00, 0x00, 0x00, 0x00, 0x00,
    0x00, 0x00, 0x00, 0x00, 0x00, 0x00, 0x00, 0x00, 0xE0, 0xFF, 0x4A, 0xFD,
    0x00, 0x00, 0xCC, 0xFE, 0x0C, 0xFF, 0x6D, 0xFF, 0x0C, 0xFF, 0x0C, 0xFF,
    0x0C, 0xFF, 0x0C, 0xFF, 0x0C, 0xFF, 0x0C, 0xFF, 0x0C, 0xFF, 0x0C, 0xFF,
    0x0C, 0xFF, 0x0C, 0xFF, 0x0C, 0xFF, 0x0C, 0xFF, 0x0C, 0xFF, 0x0C, 0xFF,
    0x0C, 0xFF, 0x0D, 0xFF, 0x2C, 0xFF, 0x2D, 0xFF, 0x37, 0xDE, 0xBD, 0xCD,
    0x9E, 0xCD, 0xBD, 0xCD, 0xBD, 0xCD, 0xBD, 0xCD, 0xBD, 0xCD, 0xBD, 0xCD,
    0xBD, 0xCD, 0xBD, 0xCD, 0xBD, 0xCD, 0xBD, 0xCD, 0x1F, 0xDE, 0xBD, 0xCD,
    0x9D, 0xCD, 0xFF, 0xFF, 0x00, 0x00, 0xFF, 0x7B, 0x00, 0x00, 0x00, 0x00,
    0x00, 0x00, 0x00, 0x00, 0x00, 0x00, 0xFF, 0xFF, 0x5C, 0xC5, 0x5D, 0xBD,
    0xFD, 0xC4, 0xFD, 0xB4, 0x1C, 0xBD, 0xD9, 0xCC, 0x00, 0x00, 0x00, 0x00,
    0x00, 0x00, 0x00, 0x00, 0x00, 0x00, 0x00, 0x00, 0x00, 0x00, 0x00, 0x00,
    0x00, 0x00, 0x00, 0x00, 0x00, 0x00, 0x00, 0x00, 0x00, 0x00, 0x00, 0x00,
    0x00, 0x00, 0xB5, 0xFA, 0x00, 0x00, 0x7C, 0xFE, 0x1A, 0xF6, 0x1B, 0xFE,
    0x3B, 0xFE, 0x1B, 0xF6, 0x3B, 0xF6, 0x3B, 0xF6, 0x1B, 0xF6, 0x1B, 0xF6,
    0x3B, 0xF6, 0x1B, 0xF6, 0x7C, 0xFE, 0x00, 0x00, 0x00, 0x00, 0x00, 0x00,
    0xFF, 0xFF, 0xFF, 0xFF, 0xF7, 0xBD, 0xDC, 0xE5, 0x77, 0xEC, 0xDA, 0xFC,
    0x57, 0xEC, 0x57, 0xEC, 0x57, 0xEC, 0x57, 0xEC, 0x57, 0xEC, 0x57, 0xEC,
    0x57, 0xEC, 0x57, 0xEC, 0x57, 0xEC, 0x99, 0xFC, 0x77, 0xEC, 0x39, 0xF5,
    0x5F, 0xFD, 0x00, 0x00, 0xFF, 0xFB, 0x00, 0x00, 0x00, 0x00, 0x00, 0x00,
    0x00, 0x00, 0x00, 0x00, 0x00, 0x00, 0x00, 0x00, 0x00, 0x00, 0x00, 0x00,
    0x00, 0x00, 0x00, 0x00, 0x00, 0x00, 0x00, 0x00, 0x00, 0x00, 0x00, 0x00,
    0x00, 0x00, 0x00, 0x00, 0x00, 0x00, 0x00, 0x00, 0x00, 0x00, 0x00, 0x00,
    0x00, 0x00, 0x00, 0x00, 0x00, 0x00, 0x00, 0x00, 0x00, 0x00, 0x00, 0x00,
    0x00, 0x00, 0x00, 0x00, 0x00, 0x00, 0x00, 0x00, 0x00, 0x00, 0x00, 0x00,
    0x00, 0x00, 0x00, 0x00, 0x00, 0x00, 0x00, 0x00, 0x00, 0x00, 0x00, 0x00,
    0x00, 0x00, 0x00, 0x00, 0x00, 0x00, 0x00, 0x00, 0x00, 0x00, 0x00, 0x00,
    0x00, 0x00, 0x00, 0x00, 0x00, 0x00, 0x00, 0x00, 0x00, 0x00, 0x00, 0x00,
    0x00, 0x00, 0x00, 0x00, 0xF5, 0xFF, 0x4A, 0xFD, 0xEF, 0xFF, 0x2C, 0xFF,
    0x8C, 0xF6, 0xAC, 0xFE, 0xEC, 0xFE, 0x4D, 0xFF, 0x0C, 0xFF, 0x0C, 0xFF,
    0x0C, 0xFF, 0x0C, 0xFF, 0x0C, 0xFF, 0x0C, 0xFF, 0x0C, 0xFF, 0x0C, 0xFF,
    0x0C, 0xFF, 0x0C, 0xFF, 0x0C, 0xFF, 0x0C, 0xFF, 0x0C, 0xFF, 0x0D, 0xFF,
    0x0C, 0xFF, 0x0D, 0xFF, 0x75, 0xE6, 0xDC, 0xCD, 0x9E, 0xCD, 0xBD, 0xCD,
    0xBD, 0xCD, 0xBD, 0xCD, 0xBD, 0xCD, 0xBD, 0xCD, 0xBD, 0xCD, 0xBD, 0xCD,
    0xBD, 0xCD, 0xBD, 0xCD, 0xFF, 0xD5, 0xBD, 0xCD, 0xBD, 0xCD, 0x9B, 0xB4,
    0x00, 0x00, 0x5F, 0xAD, 0x00, 0x00, 0x1F, 0xF8, 0xFF, 0x7B, 0xFF, 0xFB,
    0x1F, 0xF8, 0x00, 0x00, 0x00, 0x00, 0x00, 0x00, 0x00, 0x00, 0x00, 0x00,
    0x00, 0x00, 0x00, 0x00, 0x1F, 0xF8, 0xFF, 0xFB, 0x1F, 0xF8, 0x00, 0x00,
    0x00, 0x00, 0x00, 0x00, 0x00, 0x00, 0x00, 0x00, 0x00, 0x00, 0x00, 0x00,
    0x00, 0x00, 0x00, 0x00, 0x00, 0x00, 0xFF, 0xFF, 0x00, 0x00, 0x00, 0x00,
    0x1B, 0xFE, 0x1A, 0xF6, 0x5C, 0xFE, 0x7C, 0xFE, 0x7C, 0xFE, 0x7C, 0xFE,
    0x7C, 0xFE, 0x9D, 0xFE, 0x7C, 0xFE, 0x1B, 0xF6, 0x1B, 0xF6, 0x3B, 0xF6,
    0x3B, 0xF6, 0x1B, 0xF6, 0x1B, 0xF6, 0x3B, 0xF6, 0x7C, 0xE6, 0x00, 0x00,
    0x00, 0x00, 0x00, 0x00, 0xD8, 0xF4, 0xFA, 0xFC, 0x57, 0xEC, 0x77, 0xEC,
    0x77, 0xEC, 0x77, 0xEC, 0x57, 0xEC, 0x57, 0xEC, 0x57, 0xEC, 0x57, 0xEC,
    0x57, 0xEC, 0xB9, 0xFC, 0x57, 0xEC, 0x59, 0xED, 0x1F, 0xF8, 0x00, 0x00,
    0xFF, 0xFF, 0x00, 0x00, 0x00, 0x00, 0x00, 0x00, 0x00, 0x00, 0x00, 0x00,
    0x00, 0x00, 0x00, 0x00, 0x00, 0x00, 0x00, 0x00, 0x00, 0x00, 0x00, 0x00,
    0x00, 0x00, 0x00, 0x00, 0x00, 0x00, 0x00, 0x00, 0x00, 0x00, 0x00, 0x00,
    0x00, 0x00, 0x00, 0x00, 0x00, 0x00, 0x00, 0x00, 0x00, 0x00, 0x00, 0x00,
    0x00, 0x00, 0x00, 0x00, 0x00, 0x00, 0x00, 0x00, 0x00, 0x00, 0x00, 0x00,
    0x00, 0x00, 0x00, 0x00, 0x00, 0x00, 0x00, 0x00, 0x00, 0x00, 0x00, 0x00,
    0x00, 0x00, 0x00, 0x00, 0x00, 0x00, 0x00, 0x00, 0x00, 0x00, 0x00, 0x00,
    0x00, 0x00, 0x00, 0x00, 0x00, 0x00, 0x00, 0x00, 0x00, 0x00, 0x00, 0x00,
    0x00, 0x00, 0x00, 0x00, 0x00, 0x00, 0x00, 0x00, 0x00, 0x00, 0x00, 0x00,
    0xEF, 0xFD, 0x00, 0x00, 0x2B, 0xE5, 0x6B, 0xED, 0x0A, 0xDD, 0xEA, 0xDC,
    0x4A, 0xE5, 0x6B, 0xF6, 0x2C, 0xFF, 0x0C, 0xFF, 0x0C, 0xFF, 0x0C, 0xFF,
    0x0C, 0xFF, 0x0C, 0xFF, 0x0C, 0xFF, 0x0C, 0xFF, 0x0C, 0xFF, 0x0C, 0xFF,
    0x0C, 0xFF, 0x0C, 0xFF, 0x0C, 0xFF, 0x0D, 0xFF, 0x0C, 0xFF, 0x0D, 0xFF,
    0x92, 0xEE, 0xDB, 0xD5, 0x9F, 0xC5, 0xBD, 0xCD, 0xBD, 0xCD, 0xBD, 0xCD,
    0xBD, 0xCD, 0xBD, 0xCD, 0xBD, 0xCD, 0xBD, 0xCD, 0xBD, 0xCD, 0xBD, 0xCD,
    0xBE, 0xCD, 0xBE, 0xCD, 0xBD, 0xCD, 0x9C, 0xB5, 0x00, 0x00, 0xFF, 0xFD,
    0x00, 0x00, 0x00, 0x00, 0x00, 0x00, 0x00, 0x00, 0x00, 0x00, 0xFF, 0x7B,
    0xF7, 0xBB, 0xD9, 0x9C, 0xDF, 0x9C, 0xD9, 0x9C, 0xFF, 0xBB, 0x55, 0xAD,
    0x00, 0x00, 0x00, 0x00, 0x00, 0x00, 0x00, 0x00, 0x00, 0x00, 0x00, 0x00,
    0x00, 0x00, 0x00, 0x00, 0x00, 0x00, 0x00, 0x00, 0x00, 0x00, 0x00, 0x00,
    0x00, 0x00, 0xFF, 0xFF, 0x00, 0x00, 0xBB, 0xFD, 0x3B, 0xF6, 0x7C, 0xFE,
    0x7C, 0xFE, 0x1B, 0xF6, 0x1B, 0xF6, 0x3B, 0xF6, 0x3B, 0xF6, 0x1B, 0xF6,
    0x3B, 0xF6, 0x3B, 0xFE, 0x5C, 0xFE, 0x9D, 0xFE, 0xBD, 0xFE, 0x5C, 0xFE,
    0x1B, 0xF6, 0x3B, 0xF6, 0x3B, 0xFE, 0x3B, 0xF6, 0x3B, 0xF6, 0x1B, 0xF6,
    0x39, 0xF5, 0x98, 0xF4, 0x37, 0xF4, 0x37, 0xEC, 0x57, 0xEC, 0x57, 0xEC,
    0x57, 0xEC, 0x77, 0xEC, 0x77, 0xEC, 0x77, 0xEC, 0x57, 0xEC, 0xDA, 0xFC,
    0x77, 0xEC, 0x5A, 0xED, 0x00, 0x00, 0xEF, 0x7B, 0x00, 0x00, 0x00, 0x00,
    0x00, 0x00, 0x00, 0x00, 0x00, 0x00, 0x00, 0x00, 0x00, 0x00, 0x00, 0x00,
    0x00, 0x00, 0x00, 0x00, 0x00, 0x00, 0x00, 0x00, 0x00, 0x00, 0x00, 0x00,
    0x00, 0x00, 0x00, 0x00, 0x00, 0x00, 0x00, 0x00, 0x00, 0x00, 0x00, 0x00,
    0x00, 0x00, 0x00, 0x00, 0x00, 0x00, 0x00, 0x00, 0x00, 0x00, 0x00, 0x00,
    0x00, 0x00, 0x00, 0x00, 0x00, 0x00, 0x00, 0x00, 0x00, 0x00, 0x00, 0x00,
    0x00, 0x00, 0x00, 0x00, 0x00, 0x00, 0x00, 0x00, 0x00, 0x00, 0x00, 0x00,
    0x00, 0x00, 0x00, 0x00, 0x00, 0x00, 0x00, 0x00, 0x00, 0x00, 0x00, 0x00,
    0x00, 0x00, 0x00, 0x00, 0x00, 0x00, 0x00, 0x00, 0x00, 0x00, 0x00, 0x00,
    0x00, 0x00, 0x00, 0x00, 0x00, 0x00, 0x00, 0xF8, 0xFF, 0xFF, 0xEA, 0xDC,
    0x69, 0xD4, 0x4A, 0xDC, 0x09, 0xD4, 0xE9, 0xCB, 0xE9, 0xCB, 0x0A, 0xDD,
    0xEC, 0xFE, 0x0C, 0xFF, 0x0C, 0xFF, 0x0C, 0xFF, 0x0C, 0xFF, 0x0C, 0xFF,
    0x0C, 0xFF, 0x0C, 0xFF, 0x0C, 0xFF, 0x0C, 0xFF, 0x0C, 0xFF, 0x0C, 0xFF,
    0x0C, 0xFF, 0x0C, 0xFF, 0x0C, 0xFF, 0x0C, 0xFF, 0xEE, 0xFE, 0xFA, 0xD5,
    0x9F, 0xC5, 0xBD, 0xCD, 0xBD, 0xCD, 0xBD, 0xCD, 0xBD, 0xCD, 0xBD, 0xCD,
    0xBD, 0xCD, 0xBD, 0xCD, 0xBD, 0xCD, 0x9D, 0xCD, 0xBD, 0xCD, 0xDF, 0xD5,
    0x9D, 0xCD, 0x7E, 0xCD, 0x00, 0x00, 0x7F, 0xCE, 0x00, 0x00, 0x00, 0x00,
    0x00, 0x00, 0x00, 0x00, 0x00, 0x00, 0x00, 0x00, 0x00, 0x00, 0x00, 0x00,
    0x00, 0x00, 0x00, 0x00, 0x00, 0x00, 0x00, 0x00, 0x00, 0x00, 0x00, 0x00,
    0x00, 0x00, 0x00, 0x00, 0x00, 0x00, 0x00, 0x00, 0x00, 0x00, 0x00, 0x00,
    0x00, 0x00, 0x00, 0x00, 0x00, 0x00, 0x00, 0x00, 0xFF, 0xFF, 0x00, 0x00,
    0xFF, 0xFB, 0x3B, 0xFE, 0x3B, 0xFE, 0xBD, 0xFE, 0x1B, 0xF6, 0x3B, 0xF6,
    0x3B, 0xF6, 0x3B, 0xF6, 0x3B, 0xF6, 0x3B, 0xF6, 0x3B, 0xF6, 0x1B, 0xF6,
    0x3B, 0xF6, 0x3B, 0xF6, 0x3B, 0xF6, 0x3B, 0xF6, 0x5C, 0xFE, 0x7C, 0xFE,
    0xBD, 0xFE, 0x9D, 0xFE, 0x3B, 0xF6, 0x1B, 0xF6, 0xFA, 0xF5, 0x39, 0xF5,
    0xD9, 0xF4, 0xB8, 0xF4, 0x98, 0xF4, 0x77, 0xEC, 0x57, 0xEC, 0x37, 0xEC,
    0x57, 0xEC, 0x57, 0xEC, 0x37, 0xEC, 0xFA, 0xFC, 0xD8, 0xF4, 0x00, 0x00,
    0x00, 0x00, 0x55, 0xAD, 0x00, 0x00, 0x00, 0x00, 0x00, 0x00, 0x00, 0x00,
    0x00, 0x00, 0x00, 0x00, 0x00, 0x00, 0x00, 0x00, 0x00, 0x00, 0x00, 0x00,
    0x00, 0x00, 0x00, 0x00, 0x00, 0x00, 0x00, 0x00, 0x00, 0x00, 0x00, 0x00,
    0x00, 0x00, 0x00, 0x00, 0x00, 0x00, 0x00, 0x00, 0x00, 0x00, 0x00, 0x00,
    0x00, 0x00, 0x00, 0x00, 0x00, 0x00, 0x00, 0x00, 0x00, 0x00, 0x00, 0x00,
    0x00, 0x00, 0x00, 0x00, 0x00, 0x00, 0x00, 0x00, 0x00, 0x00, 0x00, 0x00,
    0x00, 0x00, 0x00, 0x00, 0x00, 0x00, 0x00, 0x00, 0x00, 0x00, 0x00, 0x00,
    0x00, 0x00, 0x00, 0x00, 0x00, 0x00, 0x00, 0x00, 0x00, 0x00, 0x00, 0x00,
    0x00, 0x00, 0x00, 0x00, 0x00, 0x00, 0x00, 0x00, 0x00, 0x00, 0x00, 0x00,
    0x00, 0x00, 0x4A, 0xFD, 0x00, 0x00, 0xEA, 0xDC, 0xAA, 0xDC, 0x09, 0xCC,
    0x29, 0xD4, 0x29, 0xD4, 0xE9, 0xCB, 0x89, 0xD4, 0x2B, 0xF6, 0x0C, 0xFF,
    0x2C, 0xFF, 0x0C, 0xFF, 0x0C, 0xFF, 0x0C, 0xFF, 0x0C, 0xFF, 0x0C, 0xFF,
    0x0C, 0xFF, 0x0C, 0xFF, 0x0C, 0xFF, 0x0C, 0xFF, 0x0C, 0xFF, 0x0C, 0xFF,
    0x0C, 0xFF, 0x0C, 0xFF, 0x0C, 0xFF, 0x18, 0xDE, 0x9E, 0xC5, 0xBD, 0xCD,
    0xBD, 0xCD, 0xBD, 0xCD, 0xBD, 0xCD, 0xBD, 0xCD, 0xBD, 0xCD, 0xBD, 0xCD,
    0xBD, 0xCD, 0xBD, 0xCD, 0xBD, 0xCD, 0xFF, 0xD5, 0x9D, 0xCD, 0x9E, 0xCD,
    0x1F, 0x00, 0xFF, 0xFF, 0xFF, 0xFF, 0x00, 0x00, 0x00, 0x00, 0x00, 0x00,
    0x00, 0x00, 0x00, 0x00, 0x00, 0x00, 0x00, 0x00, 0x00, 0x00, 0x00, 0x00,
    0x00, 0x00, 0x00, 0x00, 0x00, 0x00, 0x00, 0x00, 0x00, 0x00, 0x00, 0x00,
    0x00, 0x00, 0x00, 0x00, 0x00, 0x00, 0x00, 0x00, 0x00, 0x00, 0x00, 0x00,
    0x00, 0x00, 0x00, 0x00, 0xFF, 0xFF, 0x00, 0x00, 0x3C, 0xE6, 0x3B, 0xF6,
    0x1B, 0xF6, 0x5C, 0xFE, 0x1B, 0xF6, 0x3B, 0xF6, 0x3B, 0xF6, 0x3B, 0xF6,
    0x3B, 0xF6, 0x3B, 0xF6, 0x3B, 0xF6, 0x3B, 0xF6, 0x3B, 0xF6, 0x3B, 0xF6,
    0x3B, 0xF6, 0x3B, 0xF6, 0x3B, 0xF6, 0x3B, 0xF6, 0x3B, 0xF6, 0x1B, 0xF6,
    0x3B, 0xF6, 0x5B, 0xFE, 0x5C, 0xFE, 0x5B, 0xFE, 0x1B, 0xF6, 0xBA, 0xF5,
    0x7A, 0xF5, 0x19, 0xF5, 0xB8, 0xF4, 0x77, 0xF4, 0x77, 0xEC, 0x77, 0xEC,
    0x78, 0xF4, 0x98, 0xEC, 0x39, 0xF5, 0xFF, 0xFF, 0x00, 0x00, 0xFF, 0xFB,
    0x00, 0x00, 0x00, 0x00, 0x00, 0x00, 0x00, 0x00, 0x00, 0x00, 0x00, 0x00,
    0x00, 0x00, 0x00, 0x00, 0x00, 0x00, 0x00, 0x00, 0x00, 0x00, 0x00, 0x00,
    0x00, 0x00, 0x00, 0x00, 0x00, 0x00, 0x00, 0x00, 0x00, 0x00, 0x00, 0x00,
    0x00, 0x00, 0x00, 0x00, 0x00, 0x00, 0x00, 0x00, 0x00, 0x00, 0x00, 0x00,
    0x00, 0x00, 0x00, 0x00, 0x00, 0x00, 0x00, 0x00, 0x00, 0x00, 0x00, 0x00,
    0x00, 0x00, 0x00, 0x00, 0x00, 0x00, 0x00, 0x00, 0x00, 0x00, 0x00, 0x00,
    0x00, 0x00, 0x00, 0x00, 0x00, 0x00, 0x00, 0x00, 0x00, 0x00, 0x00, 0x00,
    0x00, 0x00, 0x00, 0x00, 0x00, 0x00, 0x00, 0x00, 0x00, 0x00, 0x00, 0x00,
    0x00, 0x00, 0x00, 0x00, 0x00, 0x00, 0x00, 0x00, 0x00, 0x00, 0xE7, 0xFD,
    0x00, 0x00, 0x4A, 0xE5, 0x0A, 0xE5, 0x09, 0xCC, 0x09, 0xD4, 0x29, 0xD4,
    0x09, 0xCC, 0x49, 0xD4, 0x8B, 0xE5, 0xEC, 0xFE, 0x2C, 0xFF, 0x0C, 0xFF,
    0x0C, 0xFF, 0x0C, 0xFF, 0x0C, 0xFF, 0x0C, 0xFF, 0x0C, 0xFF, 0x0C, 0xFF,
    0x0C, 0xFF, 0x0C, 0xFF, 0x0C, 0xFF, 0x0C, 0xFF, 0x0C, 0xFF, 0x0C, 0xFF,
    0x0C, 0xFF, 0x74, 0xE6, 0xDC, 0xCD, 0x9E, 0xCD, 0xBD, 0xCD, 0xBD, 0xCD,
    0xBD, 0xCD, 0xBD, 0xCD, 0xBD, 0xCD, 0xBD, 0xCD, 0xBD, 0xCD, 0xBD, 0xCD,
    0x9D, 0xCD, 0xFF, 0xD5, 0xBD, 0xCD, 0xBE, 0xCD, 0x3D, 0xC6, 0x00, 0x00,
    0x5F, 0xAD, 0x00, 0x00, 0x00, 0x00, 0x00, 0x00, 0x00, 0x00, 0x00, 0x00,
    0x00, 0x00, 0x00, 0x00, 0x00, 0x00, 0x00, 0x00, 0x00, 0x00, 0x00, 0x00,
    0x00, 0x00, 0x00, 0x00, 0x00, 0x00, 0x00, 0x00, 0x00, 0x00, 0x00, 0x00,
    0x00, 0x00, 0x00, 0x00, 0x00, 0x00, 0x00, 0x00, 0x00, 0x00, 0x00, 0x00,
    0x79, 0xCE, 0x00, 0x00, 0xFA, 0xED, 0x3B, 0xF6, 0x3B, 0xF6, 0x3B, 0xFE,
    0x1B, 0xF6, 0x3B, 0xF6, 0x3B, 0xF6, 0x3B, 0xF6, 0x3B, 0xF6, 0x3B, 0xF6,
    0x3B, 0xF6, 0x3B, 0xF6, 0x3B, 0xF6, 0x3B, 0xF6, 0x3B, 0xF6, 0x3B, 0xF6,
    0x3B, 0xF6, 0x3B, 0xF6, 0x3B, 0xF6, 0x3B, 0xF6, 0x3B, 0xFE, 0x3B, 0xFE,
    0x3B, 0xFE, 0x3B, 0xFE, 0x3B, 0xF6, 0x3B, 0xF6, 0x1B, 0xF6, 0x1B, 0xF6,
    0x1B, 0xF6, 0xFB, 0xF5, 0x9A, 0xF5, 0x19, 0xF5, 0x3A, 0xFD, 0xB8, 0xEC,
    0xF7, 0xFC, 0x55, 0xFD, 0x00, 0x00, 0x00, 0x00, 0x00, 0x00, 0x00, 0x00,
    0x00, 0x00, 0x00, 0x00, 0x00, 0x00, 0x00, 0x00, 0x00, 0x00, 0x00, 0x00,
    0x00, 0x00, 0x00, 0x00, 0x00, 0x00, 0x00, 0x00, 0x00, 0x00, 0x00, 0x00,
    0x00, 0x00, 0x00, 0x00, 0x00, 0x00, 0x00, 0x00, 0x00, 0x00, 0x00, 0x00,
    0x00, 0x00, 0x00, 0x00, 0x00, 0x00, 0x00, 0x00, 0x00, 0x00, 0x00, 0x00,
    0x00, 0x00, 0x00, 0x00, 0x00, 0x00, 0x00, 0x00, 0x00, 0x00, 0x00, 0x00,
    0x00, 0x00, 0x00, 0x00, 0x00, 0x00, 0x00, 0x00, 0x00, 0x00, 0x00, 0x00,
    0x00, 0x00, 0x00, 0x00, 0x00, 0x00, 0x00, 0x00, 0x00, 0x00, 0x00, 0x00,
    0x00, 0x00, 0x00, 0x00, 0x00, 0x00, 0x00, 0x00, 0x00, 0x00, 0x00, 0x00,
    0x00, 0x00, 0xE0, 0xFF, 0x00, 0x00, 0xE0, 0xFB, 0xEE, 0xFF, 0x0B, 0xEE,
    0xAB, 0xF5, 0x09, 0xCC, 0x09, 0xCC, 0x29, 0xD4, 0x09, 0xD4, 0x29, 0xD4,
    0x0A, 0xDD, 0xEC, 0xFE, 0x4D, 0xFF, 0xCC, 0xFE, 0x8C, 0xFE, 0x6C, 0xFE,
    0x8C, 0xFE, 0xEC, 0xFE, 0x2C, 0xFF, 0x2C, 0xFF, 0x2C, 0xFF, 0x0C, 0xFF,
    0x0C, 0xFF, 0x0C, 0xFF, 0x0C, 0xFF, 0x0C, 0xFF, 0x0C, 0xFF, 0xB1, 0xF6,
    0xF9, 0xD5, 0x9E, 0xCD, 0xBD, 0xCD, 0xBD, 0xCD, 0xBD, 0xCD, 0xBD, 0xCD,
    0xBD, 0xCD, 0xBD, 0xCD, 0xBD, 0xCD, 0xBD, 0xCD, 0xBD, 0xCD, 0xDE, 0xCD,
    0x9D, 0xCD, 0xBD, 0xCD, 0xDC, 0xCD, 0x00, 0x00, 0xFF, 0xBD, 0x00, 0x00,
    0x00, 0x00, 0x00, 0x00, 0x00, 0x00, 0x00, 0x00, 0x00, 0x00, 0x00, 0x00,
    0x00, 0x00, 0x00, 0x00, 0x00, 0x00, 0x00, 0x00, 0x00, 0x00, 0x00, 0x00,
    0x00, 0x00, 0x00, 0x00, 0x00, 0x00, 0x00, 0x00, 0x00, 0x00, 0x00, 0x00,
    0x00, 0x00, 0x00, 0x00, 0x00, 0x00, 0x00, 0x00, 0xFF, 0xFD, 0x00, 0x00,
    0xFA, 0xFD, 0x3B, 0xF6, 0x3B, 0xF6, 0x3B, 0xFE, 0x1B, 0xF6, 0x3B, 0xF6,
    0x3B, 0xF6, 0x3B, 0xF6, 0x3B, 0xF6, 0x3B, 0xF6, 0x3B, 0xF6, 0x3B, 0xF6,
    0x3B, 0xF6, 0x3B, 0xF6, 0x3B, 0xF6, 0x3B, 0xF6, 0x3B, 0xF6, 0x3B, 0xF6,
    0x3B, 0xF6, 0x3B, 0xF6, 0x1B, 0xF6, 0x1B, 0xF6, 0x1B, 0xF6, 0x1B, 0xF6,
    0x3B, 0xF6, 0x3B, 0xF6, 0x3B, 0xF6, 0x3B, 0xF6, 0x5B, 0xFE, 0x3B, 0xF6,
    0x3B, 0xFE, 0x5C, 0xFE, 0xDB, 0xFD, 0xD8, 0xEC, 0x00, 0x00, 0xFF, 0xFF,
    0x00, 0x00, 0x00, 0x00, 0x00, 0x00, 0x00, 0x00, 0x00, 0x00, 0x00, 0x00,
    0x00, 0x00, 0x00, 0x00, 0x00, 0x00, 0x00, 0x00, 0x00, 0x00, 0x00, 0x00,
    0x00, 0x00, 0x00, 0x00, 0x00, 0x00, 0x00, 0x00, 0x00, 0x00, 0x00, 0x00,
    0x00, 0x00, 0x00, 0x00, 0x00, 0x00, 0x00, 0x00, 0x00, 0x00, 0x00, 0x00,
    0x00, 0x00, 0x00, 0x00, 0x00, 0x00, 0x00, 0x00, 0x00, 0x00, 0x00, 0x00,
    0x00, 0x00, 0x00, 0x00, 0x00, 0x00, 0x00, 0x00, 0x00, 0x00, 0x00, 0x00,
    0x00, 0x00, 0x00, 0x00, 0x00, 0x00, 0x00, 0x00, 0x00, 0x00, 0x00, 0x00,
    0x00, 0x00, 0x00, 0x00, 0x00, 0x00, 0x00, 0x00, 0x00, 0x00, 0x00, 0x00,
    0x00, 0x00, 0x00, 0x00, 0x00, 0x00, 0x00, 0x00, 0x00, 0x00, 0xEF, 0xFF,
    0x00, 0x00, 0x00, 0x00, 0x6D, 0xFF, 0xAC, 0xFE, 0xCB, 0xF5, 0x09, 0xCC,
    0x09, 0xCC, 0x29, 0xD4, 0x29, 0xD4, 0x09, 0xCC, 0x89, 0xD4, 0xAC, 0xFE,
    0x6D, 0xFE, 0xAC, 0xF5, 0xAC, 0xF5, 0xAC, 0xF5, 0xAC, 0xF5, 0xEC, 0xF5,
    0x0C, 0xF6, 0x4C, 0xFE, 0xAC, 0xFE, 0x0C, 0xFF, 0x2C, 0xFF, 0x2C, 0xFF,
    0x0C, 0xFF, 0x0C, 0xFF, 0x0C, 0xFF, 0xED, 0xFE, 0x37, 0xDE, 0x9F, 0xC5,
    0xBD, 0xCD, 0xBD, 0xCD, 0xBD, 0xCD, 0xBD, 0xCD, 0xBD, 0xCD, 0xBD, 0xCD,
    0xBD, 0xCD, 0xBD, 0xCD, 0xBD, 0xCD, 0xBE, 0xCD, 0xBE, 0xCD, 0x9D, 0xCD,
    0xDD, 0xCD, 0xEF, 0xFB, 0xFB, 0xDD, 0x00, 0x00, 0x00, 0x00, 0x00, 0x00,
    0x00, 0x00, 0x00, 0x00, 0x00, 0x00, 0x00, 0x00, 0x00, 0x00, 0x00, 0x00,
    0x00, 0x00, 0x00, 0x00, 0x00, 0x00, 0x00, 0x00, 0x00, 0x00, 0x00, 0x00,
    0x00, 0x00, 0x00, 0x00, 0x00, 0x00, 0x00, 0x00, 0x00, 0x00, 0x00, 0x00,
    0x00, 0x00, 0x00, 0x00, 0xFF, 0xFB, 0x00, 0x00, 0x3F, 0xFE, 0x3B, 0xFE,
    0x1B, 0xF6, 0x5B, 0xFE, 0x3B, 0xF6, 0x3B, 0xF6, 0x3B, 0xF6, 0x3B, 0xF6,
    0x3B, 0xF6, 0x3B, 0xF6, 0x3B, 0xF6, 0x3B, 0xF6, 0x3B, 0xF6, 0x3B, 0xF6,
    0x3B, 0xF6, 0x3B, 0xF6, 0x3B, 0xF6, 0x3B, 0xF6, 0x3B, 0xF6, 0x3B, 0xF6,
    0x3B, 0xF6, 0x3B, 0xF6, 0x3B, 0xF6, 0x3B, 0xF6, 0x3B, 0xF6, 0x3B, 0xF6,
    0x1B, 0xF6, 0x3B, 0xFE, 0x1B, 0xF6, 0x5C, 0xFE, 0x7C, 0xFE, 0x3B, 0xF6,
    0xBB, 0xF6, 0x00, 0x00, 0xFF, 0xFD, 0x00, 0x00, 0x00, 0x00, 0x00, 0x00,
    0x00, 0x00, 0x00, 0x00, 0x00, 0x00, 0x00, 0x00, 0x00, 0x00, 0x00, 0x00,
    0x00, 0x00, 0x00, 0x00, 0x00, 0x00, 0x00, 0x00, 0x00, 0x00, 0x00, 0x00,
    0x00, 0x00, 0x00, 0x00, 0x00, 0x00, 0x00, 0x00, 0x00, 0x00, 0x00, 0x00,
    0x00, 0x00, 0x00, 0x00, 0x00, 0x00, 0x00, 0x00, 0x00, 0x00, 0x00, 0x00,
    0x00, 0x00, 0x00, 0x00, 0x00, 0x00, 0x00, 0x00, 0x00, 0x00, 0x00, 0x00,
    0x00, 0x00, 0x00, 0x00, 0x00, 0x00, 0x00, 0x00, 0x00, 0x00, 0x00, 0x00,
    0x00, 0x00, 0x00, 0x00, 0x00, 0x00, 0x00, 0x00, 0x00, 0x00, 0x00, 0x00,
    0x00, 0x00, 0x00, 0x00, 0x00, 0x00, 0x00, 0x00, 0x00, 0x00, 0x00, 0x00,
    0x00, 0x00, 0x00, 0x00, 0x00, 0x00, 0xEF, 0xFF, 0x00, 0x00, 0x00, 0x00,
    0xEC, 0xFE, 0x4D, 0xFF, 0xEB, 0xED, 0xE9, 0xCB, 0x09, 0xCC, 0x29, 0xD4,
    0x29, 0xD4, 0xE9, 0xCB, 0x29, 0xD4, 0xAC, 0xED, 0x6C, 0xF5, 0x0C, 0xED,
    0x4C, 0xED, 0x4C, 0xED, 0x2C, 0xED, 0x2C, 0xED, 0x2C, 0xED, 0x4C, 0xED,
    0xCC, 0xF5, 0x4C, 0xF6, 0xAC, 0xFE, 0xEC, 0xFE, 0x0C, 0xFF, 0x2C, 0xFF,
    0x0D, 0xFF, 0x2B, 0xFF, 0x75, 0xE6, 0x9E, 0xC5, 0xBD, 0xCD, 0xBD, 0xCD,
    0xBD, 0xCD, 0xBD, 0xCD, 0xBD, 0xCD, 0xBD, 0xCD, 0xBD, 0xCD, 0xBD, 0xCD,
    0xBD, 0xCD, 0xBD, 0xCD, 0xDE, 0xCD, 0xDE, 0xD5, 0x9D, 0xC5, 0x00, 0x00,
    0xDF, 0xCC, 0xFF, 0xFF, 0x00, 0x00, 0x00, 0x00, 0x00, 0x00, 0x00, 0x00,
    0x00, 0x00, 0x00, 0x00, 0x00, 0x00, 0x00, 0x00, 0x00, 0x00, 0x00, 0x00,
    0x00, 0x00, 0x00, 0x00, 0x00, 0x00, 0x00, 0x00, 0x00, 0x00, 0x00, 0x00,
    0x00, 0x00, 0x00, 0x00, 0x00, 0x00, 0x00, 0x00, 0x00, 0x00, 0x00, 0x00,
    0xFF, 0xFF, 0x00, 0x00, 0xFF, 0xFD, 0x3B, 0xFE, 0x1B, 0xF6, 0x9D, 0xFE,
    0x1B, 0xF6, 0x3B, 0xF6, 0x3B, 0xF6, 0x3B, 0xF6, 0x3B, 0xF6, 0x3B, 0xF6,
    0x3B, 0xF6, 0x3B, 0xF6, 0x3B, 0xF6, 0x3B, 0xF6, 0x3B, 0xF6, 0x3B, 0xF6,
    0x3B, 0xF6, 0x3B, 0xF6, 0x3B, 0xF6, 0x3B, 0xF6, 0x3B, 0xF6, 0x3B, 0xF6,
    0x3B, 0xF6, 0x3B, 0xF6, 0x3B, 0xF6, 0x3B, 0xF6, 0x3B, 0xF6, 0x1B, 0xF6,
    0x5C, 0xFE, 0x5C, 0xFE, 0x1B, 0xF6, 0xFB, 0xFD, 0x00, 0x00, 0xF7, 0xFB,
    0xFF, 0xFF, 0x00, 0x00, 0x00, 0x00, 0x00, 0x00, 0x00, 0x00, 0x00, 0x00,
    0x00, 0x00, 0x00, 0x00, 0x00, 0x00, 0x00, 0x00, 0x00, 0x00, 0x00, 0x00,
    0x00, 0x00, 0x00, 0x00, 0x00, 0x00, 0x00, 0x00, 0x00, 0x00, 0x00, 0x00,
    0x00, 0x00, 0x00, 0x00, 0x00, 0x00, 0x00, 0x00, 0x00, 0x00, 0x00, 0x00,
    0x00, 0x00, 0x00, 0x00, 0x00, 0x00, 0x00, 0x00, 0x00, 0x00, 0x00, 0x00,
    0x00, 0x00, 0x00, 0x00, 0x00, 0x00, 0x00, 0x00, 0x00, 0x00, 0x00, 0x00,
    0x00, 0x00, 0x00, 0x00, 0x00, 0x00, 0x00, 0x00, 0x00, 0x00, 0x00, 0x00,
    0x00, 0x00, 0x00, 0x00, 0x00, 0x00, 0x00, 0x00, 0x00, 0x00, 0x00, 0x00,
    0x00, 0x00, 0x00, 0x00, 0x00, 0x00, 0x00, 0x00, 0x00, 0x00, 0x00, 0x00,
    0xE0, 0xFF, 0x00, 0x00, 0x00, 0x00, 0x4C, 0xFF, 0xEC, 0xFE, 0xEE, 0xFF,
    0x4B, 0xF6, 0x29, 0xD4, 0x09, 0xCC, 0x29, 0xD4, 0x29, 0xD4, 0x09, 0xCC,
    0x29, 0xD4, 0xAB, 0xDC, 0x4C, 0xED, 0x6C, 0xF5, 0x4C, 0xED, 0x4C, 0xED,
    0x4C, 0xED, 0x4C, 0xED, 0x4C, 0xED, 0x4C, 0xED, 0x4C, 0xED, 0x4C, 0xED,
    0x6C, 0xF5, 0x0C, 0xF6, 0xAC, 0xFE, 0x0C, 0xFF, 0x0D, 0xFF, 0x2B, 0xFF,
    0x92, 0xEE, 0xDC, 0xCD, 0xBD, 0xCD, 0xBE, 0xCD, 0xBD, 0xCD, 0xBD, 0xCD,
    0xBD, 0xCD, 0xBD, 0xCD, 0xBD, 0xCD, 0xBD, 0xCD, 0xBD, 0xCD, 0xBD, 0xCD,
    0xBE, 0xCD, 0xDE, 0xCD, 0xFA, 0xD5, 0xAF, 0xFE, 0x00, 0x00, 0x00, 0x00,
    0x00, 0x00, 0x00, 0x00, 0x00, 0x00, 0x00, 0x00, 0x00, 0x00, 0x00, 0x00,
    0x00, 0x00, 0x00, 0x00, 0x00, 0x00, 0x00, 0x00, 0x00, 0x00, 0x00, 0x00,
    0x00, 0x00, 0x00, 0x00, 0x00, 0x00, 0x00, 0x00, 0x00, 0x00, 0x00, 0x00,
    0x00, 0x00, 0x00, 0x00, 0x00, 0x00, 0x00, 0x00, 0xFF, 0xFF, 0x00, 0x00,
    0x00, 0x00, 0x9A, 0xFE, 0x1B, 0xF6, 0x9D, 0xFE, 0x3B, 0xF6, 0x3B, 0xFE,
    0x3B, 0xF6, 0x3B, 0xF6, 0x3B, 0xF6, 0x3B, 0xF6, 0x3B, 0xF6, 0x3B, 0xF6,
    0x3B, 0xF6, 0x3B, 0xF6, 0x3B, 0xF6, 0x3B, 0xF6, 0x3B, 0xF6, 0x3B, 0xF6,
    0x3B, 0xF6, 0x3B, 0xF6, 0x3B, 0xF6, 0x3B, 0xF6, 0x3B, 0xF6, 0x3B, 0xF6,
    0x3B, 0xF6, 0x3B, 0xF6, 0x3B, 0xF6, 0x3B, 0xFE, 0x7C, 0xFE, 0x3B, 0xF6,
    0x3B, 0xF6, 0x00, 0x00, 0xEF, 0xFB, 0xEF, 0xFB, 0x00, 0x00, 0x00, 0x00,
    0x00, 0x00, 0x00, 0x00, 0x00, 0x00, 0x00, 0x00, 0x00, 0x00, 0x00, 0x00,
    0x00, 0x00, 0x00, 0x00, 0x00, 0x00, 0x00, 0x00, 0x00, 0x00, 0x00, 0x00,
    0x00, 0x00, 0x00, 0x00, 0x00, 0x00, 0x00, 0x00, 0x00, 0x00, 0x00, 0x00,
    0x00, 0x00, 0x00, 0x00, 0x00, 0x00, 0x00, 0x00, 0x00, 0x00, 0x00, 0x00,
    0x00, 0x00, 0x00, 0x00, 0x00, 0x00, 0x00, 0x00, 0x00, 0x00, 0x00, 0x00,
    0x00, 0x00, 0x00, 0x00, 0x00, 0x00, 0x00, 0x00, 0x00, 0x00, 0x00, 0x00,
    0x00, 0x00, 0x00, 0x00, 0x00, 0x00, 0x00, 0x00, 0x00, 0x00, 0x00, 0x00,
    0x00, 0x00, 0x00, 0x00, 0x00, 0x00, 0x00, 0x00, 0x00, 0x00, 0x00, 0x00,
    0x00, 0x00, 0x00, 0x00, 0x00, 0x00, 0x00, 0x00, 0xEA, 0xFF, 0x00, 0x00,
    0xED, 0xFF, 0x0C, 0xFF, 0xEC, 0xFE, 0x8D, 0xFF, 0x8C, 0xF6, 0xCA, 0xDC,
    0x29, 0xD4, 0x09, 0xCC, 0x29, 0xD4, 0x29, 0xD4, 0x29, 0xD4, 0x4A, 0xD4,
    0x0C, 0xED, 0x6D, 0xF5, 0x4C, 0xED, 0x4C, 0xED, 0x4C, 0xED, 0x4C, 0xED,
    0x4C, 0xED, 0x4C, 0xED, 0x4C, 0xED, 0x4C, 0xED, 0x4C, 0xED, 0x4C, 0xED,
    0x8C, 0xF5, 0x0C, 0xF6, 0xCC, 0xFE, 0x2C, 0xFF, 0xD0, 0xF6, 0x18, 0xDE,
    0x9E, 0xCD, 0x9E, 0xCD, 0xBD, 0xCD, 0xBD, 0xCD, 0xBD, 0xCD, 0xBD, 0xCD,
    0xBD, 0xCD, 0xBD, 0xCD, 0xBD, 0xCD, 0xBD, 0xCD, 0x9E, 0xCD, 0x9E, 0xCD,
    0x76, 0xEE, 0xAF, 0xF6, 0x8A, 0xFF, 0x00, 0x00, 0xEF, 0xFF, 0xE0, 0xFF,
    0x00, 0x00, 0x00, 0x00, 0x00, 0x00, 0x00, 0x00, 0x00, 0x00, 0x00, 0x00,
    0x00, 0x00, 0x00, 0x00, 0x00, 0x00, 0x00, 0x00, 0x00, 0x00, 0x00, 0x00,
    0x00, 0x00, 0x00, 0x00, 0x00, 0x00, 0x00, 0x00, 0x00, 0x00, 0x00, 0x00,
    0x00, 0x00, 0x00, 0x00, 0x00, 0x00, 0xFF, 0xFF, 0x00, 0x00, 0x00, 0x00,
    0x1B, 0xF6, 0x3B, 0xF6, 0x9D, 0xFE, 0x3B, 0xF6, 0x3B, 0xF6, 0x3B, 0xF6,
    0x3B, 0xF6, 0x1B, 0xF6, 0x3B, 0xF6, 0x3B, 0xF6, 0x3B, 0xF6, 0x3B, 0xF6,
    0x3B, 0xF6, 0x3B, 0xF6, 0x3B, 0xF6, 0x3B, 0xF6, 0x3B, 0xF6, 0x3B, 0xF6,
    0x3B, 0xF6, 0x3B, 0xF6, 0x3B, 0xF6, 0x3B, 0xF6, 0x3B, 0xF6, 0x1B, 0xF6,
    0x3B, 0xF6, 0x9D, 0xFE, 0x3B, 0xF6, 0x3B, 0xF6, 0x00, 0x00, 0x00, 0x00,
    0xFF, 0xFF, 0x00, 0x00, 0x00, 0x00, 0x00, 0x00, 0x00, 0x00, 0x00, 0x00,
    0x00, 0x00, 0x00, 0x00, 0x00, 0x00, 0x00, 0x00, 0x00, 0x00, 0x00, 0x00,
    0x00, 0x00, 0x00, 0x00, 0x00, 0x00, 0x00, 0x00, 0x00, 0x00, 0x00, 0x00,
    0x00, 0x00, 0x00, 0x00, 0x00, 0x00, 0x00, 0x00, 0x00, 0x00, 0x00, 0x00,
    0x00, 0x00, 0x00, 0x00, 0x00, 0x00, 0x00, 0x00, 0x00, 0x00, 0x00, 0x00,
    0x00, 0x00, 0x00, 0x00, 0x00, 0x00, 0x00, 0x00, 0x00, 0x00, 0x00, 0x00,
    0x00, 0x00, 0x00, 0x00, 0x00, 0x00, 0x00, 0x00, 0x00, 0x00, 0x00, 0x00,
    0x00, 0x00, 0x00, 0x00, 0x00, 0x00, 0x00, 0x00, 0x00, 0x00, 0x00, 0x00,
    0x00, 0x00, 0x00, 0x00, 0x00, 0x00, 0x00, 0x00, 0x00, 0x00, 0x00, 0x00,
    0x00, 0x00, 0x00, 0x00, 0xEF, 0xFF, 0x00, 0x00, 0x6D, 0xFF, 0x0C, 0xFF,
    0x4D, 0xFF, 0x2C, 0xFF, 0xCC, 0xFE, 0xAB, 0xED, 0x49, 0xD4, 0x09, 0xCC,
    0x29, 0xD4, 0x29, 0xD4, 0x09, 0xCC, 0x09, 0xCC, 0xEB, 0xE4, 0x6C, 0xF5,
    0x4C, 0xED, 0x4C, 0xED, 0x4C, 0xED, 0x4C, 0xED, 0x4C, 0xED, 0x4C, 0xED,
    0x4C, 0xED, 0x4C, 0xED, 0x4C, 0xED, 0x4C, 0xED, 0x4C, 0xED, 0x6C, 0xF5,
    0xAC, 0xF5, 0x4C, 0xFE, 0xED, 0xFE, 0x95, 0xE6, 0x9E, 0xCD, 0x9E, 0xCD,
    0xBD, 0xCD, 0xBD, 0xCD, 0xBD, 0xCD, 0xBD, 0xCD, 0xBD, 0xCD, 0xBD, 0xCD,
    0xBD, 0xCD, 0xBD, 0xCD, 0x9E, 0xCD, 0x9E, 0xC5, 0x96, 0xEE, 0x2E, 0xFF,
    0x0C, 0xFF, 0xED, 0xFE, 0x00, 0x00, 0xEA, 0xFF, 0xEA, 0xFF, 0x00, 0x00,
    0x00, 0x00, 0x00, 0x00, 0x00, 0x00, 0x00, 0x00, 0x00, 0x00, 0x00, 0x00,
    0x00, 0x00, 0x00, 0x00, 0x00, 0x00, 0x00, 0x00, 0x00, 0x00, 0x00, 0x00,
    0x00, 0x00, 0x00, 0x00, 0x00, 0x00, 0x00, 0x00, 0x00, 0x00, 0x00, 0x00,
    0x00, 0x00, 0x00, 0x00, 0x00, 0x00, 0xFF, 0xFF, 0x55, 0xAD, 0xFA, 0xF5,
    0x5B, 0xFE, 0x3B, 0xF6, 0xBD, 0xFE, 0x9D, 0xFE, 0x5C, 0xFE, 0x1B, 0xF6,
    0x3B, 0xF6, 0x1B, 0xF6, 0x3B, 0xF6, 0x3B, 0xF6, 0x3B, 0xF6, 0x3B, 0xF6,
    0x3B, 0xF6, 0x3B, 0xF6, 0x3B, 0xF6, 0x3B, 0xF6, 0x3B, 0xF6, 0x3B, 0xF6,
    0x3B, 0xF6, 0x3B, 0xF6, 0x1B, 0xF6, 0x3B, 0xFE, 0x9D, 0xFE, 0x5C, 0xFE,
    0x1A, 0xF6, 0x00, 0x00, 0x00, 0x00, 0xFF, 0xFF, 0x00, 0x00, 0x00, 0x00,
    0x00, 0x00, 0x00, 0x00, 0x00, 0x00, 0x00, 0x00, 0x00, 0x00, 0x00, 0x00,
    0x00, 0x00, 0x00, 0x00, 0x00, 0x00, 0x00, 0x00, 0x00, 0x00, 0x00, 0x00,
    0x5F, 0xFD, 0x5A, 0xAD, 0x55, 0xAD, 0x00, 0x00, 0x00, 0x00, 0x00, 0x00,
    0x00, 0x00, 0x00, 0x00, 0x00, 0x00, 0x00, 0x00, 0x00, 0x00, 0x00, 0x00,
    0x00, 0x00, 0x00, 0x00, 0x00, 0x00, 0x00, 0x00, 0x00, 0x00, 0x00, 0x00,
    0x00, 0x00, 0x00, 0x00, 0x00, 0x00, 0x00, 0x00, 0x00, 0x00, 0x00, 0x00,
    0x00, 0x00, 0x00, 0x00, 0x00, 0x00, 0x00, 0x00, 0x00, 0x00, 0x00, 0x00,
    0x00, 0x00, 0x00, 0x00, 0x00, 0x00, 0x00, 0x00, 0x00, 0x00, 0x00, 0x00,
    0x00, 0x00, 0x00, 0x00, 0x00, 0x00, 0x00, 0x00, 0x00, 0x00, 0xE0, 0xFF,
    0xEF, 0xFF, 0xEF, 0xFF, 0x2D, 0xFF, 0x0C, 0xFF, 0x6D, 0xFF, 0x0C, 0xFF,
    0x2C, 0xFF, 0x6C, 0xF6, 0x49, 0xD4, 0xE9, 0xCB, 0x29, 0xD4, 0x29, 0xD4,
    0x09, 0xCC, 0x09, 0xCC, 0xAA, 0xDC, 0x2C, 0xED, 0x4C, 0xF5, 0x4C, 0xED,
    0x4C, 0xED, 0x4C, 0xED, 0x4C, 0xED, 0x4C, 0xED, 0x4C, 0xED, 0x4C, 0xED,
    0x4C, 0xED, 0x4C, 0xED, 0x4C, 0xED, 0x4C, 0xED, 0x2C, 0xED, 0x6D, 0xF5,
    0x0B, 0xFE, 0x32, 0xEE, 0xBE, 0xCD, 0xBE, 0xCD, 0xBD, 0xCD, 0xBD, 0xCD,
    0xBD, 0xCD, 0xBD, 0xCD, 0xBD, 0xCD, 0xBD, 0xCD, 0xBD, 0xCD, 0xBD, 0xCD,
    0x9E, 0xCD, 0x9E, 0xC5, 0x73, 0xEE, 0x6D, 0xFF, 0x2D, 0xFF, 0xEC, 0xFE,
    0xEC, 0xFE, 0x00, 0x00, 0x00, 0x00, 0x6C, 0xFE, 0x00, 0x00, 0x00, 0x00,
    0x00, 0x00, 0x00, 0x00, 0x00, 0x00, 0x00, 0x00, 0x00, 0x00, 0x00, 0x00,
    0x00, 0x00, 0x00, 0x00, 0x00, 0x00, 0x00, 0x00, 0x00, 0x00, 0x00, 0x00,
    0x00, 0x00, 0x00, 0x00, 0x00, 0x00, 0x00, 0x00, 0x00, 0x00, 0x00, 0x00,
    0x00, 0x00, 0xFF, 0xFF, 0x00, 0x00, 0x00, 0x00, 0xB8, 0xED, 0x3B, 0xF6,
    0x1B, 0xF6, 0x3B, 0xFE, 0x1B, 0xF6, 0x3B, 0xF6, 0xBD, 0xFE, 0x9D, 0xFE,
    0x7C, 0xFE, 0x3B, 0xFE, 0x3B, 0xF6, 0x1B, 0xF6, 0x3B, 0xF6, 0x1B, 0xF6,
    0x1B, 0xF6, 0x1B, 0xF6, 0x1B, 0xF6, 0x3B, 0xF6, 0x1B, 0xF6, 0x3B, 0xF6,
    0x7D, 0xFE, 0x7C, 0xFE, 0x3B, 0xF6, 0xFA, 0xF5, 0x00, 0x00, 0xFF, 0xFF,
    0xFF, 0xFF, 0x00, 0x00, 0x00, 0x00, 0x00, 0x00, 0x00, 0x00, 0x00, 0x00,
    0x00, 0x00, 0x00, 0x00, 0x00, 0x00, 0x00, 0x00, 0x00, 0x00, 0x00, 0x00,
    0x00, 0x00, 0x00, 0x00, 0x00, 0x00, 0x00, 0x00, 0x00, 0x00, 0x00, 0x00,
    0x00, 0x00, 0x00, 0x00, 0x00, 0x00, 0x00, 0x00, 0x00, 0x00, 0x00, 0x00,
    0x00, 0x00, 0x00, 0x00, 0x00, 0x00, 0x00, 0x00, 0x00, 0x00, 0x00, 0x00,
    0x00, 0x00, 0x00, 0x00, 0x00, 0x00, 0x00, 0x00, 0x00, 0x00, 0x00, 0x00,
    0x00, 0x00, 0x00, 0x00, 0x00, 0x00, 0x00, 0x00, 0x00, 0x00, 0x00, 0x00,
    0x00, 0x00, 0x00, 0x00, 0x00, 0x00, 0x00, 0x00, 0x00, 0x00, 0x00, 0x00,
    0x00, 0x00, 0x00, 0x00, 0x00, 0x00, 0x00, 0x00, 0x00, 0x00, 0x00, 0x00,
    0x00, 0x00, 0x00, 0x00, 0x00, 0x00, 0xEC, 0xFF, 0x00, 0x00, 0x4C, 0xFF,
    0x0C, 0xFF, 0x0C, 0xFF, 0x4D, 0xFF, 0x0C, 0xFF, 0x4D, 0xFF, 0xEC, 0xFE,
    0xCA, 0xDC, 0x09, 0xCC, 0x29, 0xD4, 0x29, 0xD4, 0x29, 0xD4, 0x29, 0xD4,
    0x29, 0xD4, 0xEB, 0xE4, 0x6D, 0xF5, 0x4C, 0xED, 0x4C, 0xED, 0x4C, 0xED,
    0x4C, 0xED, 0x4C, 0xED, 0x4C, 0xED, 0x4C, 0xED, 0x4C, 0xED, 0x4C, 0xED,
    0x4C, 0xED, 0x4C, 0xED, 0x4C, 0xED, 0x4D, 0xED, 0x4B, 0xF5, 0x8F, 0xED,
    0xDA, 0xD5, 0xBE, 0xCD, 0xBE, 0xCD, 0xBD, 0xCD, 0xBD, 0xCD, 0xBD, 0xCD,
    0xBD, 0xCD, 0xBD, 0xCD, 0xBD, 0xCD, 0xBD, 0xCD, 0x9E, 0xCD, 0xDC, 0xCD,
    0xD0, 0xF6, 0x0B, 0xFF, 0x2D, 0xFF, 0x4D, 0xFF, 0x0C, 0xFF, 0xEC, 0xFE,
    0xE0, 0xFF, 0x00, 0x00, 0xEF, 0xFF, 0x00, 0x00, 0x00, 0x00, 0x00, 0x00,
    0x00, 0x00, 0x00, 0x00, 0x00, 0x00, 0x00, 0x00, 0x00, 0x00, 0x00, 0x00,
    0x00, 0x00, 0x00, 0x00, 0x00, 0x00, 0x00, 0x00, 0x00, 0x00, 0x00, 0x00,
    0x00, 0x00, 0x00, 0x00, 0x00, 0x00, 0x00, 0x00, 0x00, 0x00, 0x00, 0x00,
    0xFF, 0xFF, 0xFF, 0xFD, 0x00, 0x00, 0x00, 0x00, 0x00, 0x00, 0xFA, 0xF5,
    0x3B, 0xFE, 0x1B, 0xFE, 0x1B, 0xF6, 0x3B, 0xF6, 0x3B, 0xF6, 0x1B, 0xF6,
    0x7C, 0xFE, 0x7C, 0xFE, 0x5C, 0xFE, 0x5C, 0xFE, 0x3B, 0xFE, 0x3B, 0xFE,
    0x5C, 0xFE, 0x5C, 0xFE, 0x7D, 0xFE, 0x5C, 0xFE, 0x5C, 0xFE, 0x1B, 0xF6,
    0x1B, 0xF6, 0x00, 0x00, 0x5F, 0xFD, 0xFF, 0xFF, 0x00, 0x00, 0x00, 0x00,
    0x00, 0x00, 0x00, 0x00, 0x00, 0x00, 0x00, 0x00, 0x00, 0x00, 0x00, 0x00,
    0x00, 0x00, 0x00, 0x00, 0x00, 0x00, 0x00, 0x00, 0x00, 0x00, 0x1F, 0x00,
    0x00, 0x00, 0xFF, 0xFB, 0xBD, 0xCD, 0x9D, 0xCD, 0x7D, 0xCD, 0x00, 0x00,
    0xFF, 0xFF, 0x00, 0x00, 0x00, 0x00, 0x00, 0x00, 0x00, 0x00, 0x00, 0x00,
    0x00, 0x00, 0x00, 0x00, 0x00, 0x00, 0x00, 0x00, 0x00, 0x00, 0x00, 0x00,
    0x00, 0x00, 0x00, 0x00, 0x00, 0x00, 0x00, 0x00, 0x00, 0x00, 0x00, 0x00,
    0x00, 0x00, 0x00, 0x00, 0x00, 0x00, 0x00, 0x00, 0x00, 0x00, 0x00, 0x00,
    0x00, 0x00, 0x00, 0x00, 0x00, 0x00, 0x00, 0x00, 0x00, 0x00, 0x00, 0x00,
    0x00, 0x00, 0x00, 0x00, 0x00, 0x00, 0x00, 0x00, 0x00, 0x00, 0x00, 0x00,
    0x00, 0x00, 0xCD, 0xFE, 0x00, 0x00, 0x0C, 0xFF, 0x0C, 0xFF, 0x2C, 0xFF,
    0x0C, 0xFF, 0x0C, 0xFF, 0x2C, 0xFF, 0xEC, 0xFE, 0xCB, 0xED, 0x69, 0xD4,
    0xE9, 0xCB, 0x29, 0xD4, 0x29, 0xD4, 0x29, 0xD4, 0x09, 0xCC, 0x8A, 0xDC,
    0x4C, 0xED, 0x4C, 0xED, 0x4C, 0xED, 0x4C, 0xED, 0x4C, 0xED, 0x4C, 0xED,
    0x4C, 0xED, 0x4C, 0xED, 0x4C, 0xED, 0x4C, 0xED, 0x4C, 0xED, 0x4C, 0xED,
    0x4C, 0xED, 0x4C, 0xED, 0x4C, 0xF5, 0x4D, 0xED, 0x72, 0xE5, 0xBC, 0xCD,
    0xBE, 0xCD, 0xBD, 0xCD, 0xBD, 0xCD, 0xBD, 0xCD, 0xBD, 0xCD, 0xBD, 0xCD,
    0xBD, 0xCD, 0x9E, 0xC5, 0xBD, 0xCD, 0x55, 0xE6, 0xEE, 0xFE, 0x2C, 0xFF,
    0x0C, 0xFF, 0x0C, 0xFF, 0x4D, 0xFF, 0x0C, 0xFF, 0x0C, 0xFF, 0xEA, 0xFF,
    0x00, 0x00, 0x00, 0x00, 0x00, 0x00, 0x00, 0x00, 0x00, 0x00, 0x00, 0x00,
    0x00, 0x00, 0x00, 0x00, 0x00, 0x00, 0x00, 0x00, 0x00, 0x00, 0x00, 0x00,
    0x00, 0x00, 0x00, 0x00, 0x00, 0x00, 0x00, 0x00, 0x00, 0x00, 0x00, 0x00,
    0x00, 0x00, 0x00, 0x00, 0x00, 0x00, 0x00, 0x00, 0x00, 0x00, 0x00, 0x00,
    0xEF, 0xFB, 0xFF, 0xFF, 0xFF, 0xFF, 0x00, 0x00, 0x00, 0x00, 0x00, 0x00,
    0x00, 0xF8, 0xFB, 0xF5, 0x3B, 0xF6, 0x3B, 0xF6, 0x3B, 0xF6, 0x1B, 0xF6,
    0x3B, 0xF6, 0x3B, 0xF6, 0x1B, 0xF6, 0x3B, 0xF6, 0x1B, 0xF6, 0x3B, 0xF6,
    0x3B, 0xFE, 0x1B, 0xF6, 0x1B, 0xF6, 0x9A, 0xFE, 0x00, 0x00, 0xFF, 0xFB,
    0xFF, 0xFF, 0x00, 0x00, 0x00, 0x00, 0x00, 0x00, 0x00, 0x00, 0x00, 0x00,
    0x00, 0x00, 0x00, 0x00, 0x00, 0x00, 0x00, 0x00, 0x00, 0x00, 0x00, 0x00,
    0x00, 0x00, 0x00, 0x00, 0x00, 0x00, 0x5F, 0xAD, 0x00, 0x00, 0xBF, 0xDD,
    0xBE, 0xCD, 0xBE, 0xCD, 0xBE, 0xCD, 0x00, 0x00, 0x5F, 0xFD, 0x00, 0x00,
    0x00, 0x00, 0x00, 0x00, 0x00, 0x00, 0x00, 0x00, 0x00, 0x00, 0x00, 0x00,
    0x00, 0x00, 0x00, 0x00, 0x00, 0x00, 0x00, 0x00, 0x00, 0x00, 0x00, 0x00,
    0x00, 0x00, 0x00, 0x00, 0x00, 0x00, 0x00, 0x00, 0x00, 0x00, 0x00, 0x00,
    0x00, 0x00, 0x00, 0x00, 0x00, 0x00, 0x00, 0x00, 0x00, 0x00, 0x00, 0x00,
    0x00, 0x00, 0x00, 0x00, 0x00, 0x00, 0x00, 0x00, 0x00, 0x00, 0x00, 0x00,
    0x00, 0x00, 0x00, 0x00, 0x00, 0x00, 0x00, 0x00, 0xFF, 0xFF, 0xE0, 0xFF,
    0xED, 0xFF, 0x0C, 0xFF, 0x4D, 0xFF, 0x2D, 0xFF, 0x0C, 0xFF, 0x0C, 0xFF,
    0x0C, 0xFF, 0x0C, 0xFF, 0xEC, 0xFE, 0xCA, 0xDC, 0xE9, 0xCB, 0x29, 0xD4,
    0x29, 0xD4, 0x29, 0xD4, 0x09, 0xCC, 0x49, 0xD4, 0xEB, 0xE4, 0x4C, 0xF5,
    0x4C, 0xED, 0x4C, 0xED, 0x4C, 0xED, 0x4C, 0xED, 0x4C, 0xED, 0x4C, 0xED,
    0x4C, 0xED, 0x4C, 0xED, 0x4C, 0xED, 0x4C, 0xED, 0x4C, 0xED, 0x4C, 0xED,
    0x4D, 0xED, 0x4C, 0xF5, 0x4D, 0xED, 0x75, 0xDD, 0x9D, 0xCD, 0xBE, 0xC5,
    0xBD, 0xCD, 0xBD, 0xCD, 0xBD, 0xCD, 0xBD, 0xCD, 0x9E, 0xCD, 0xBD, 0xCD,
    0x37, 0xDE, 0xEE, 0xFE, 0x2C, 0xFF, 0x0D, 0xFF, 0x0C, 0xFF, 0x0C, 0xFF,
    0x0C, 0xFF, 0x4D, 0xFF, 0x0C, 0xFF, 0x0C, 0xFF, 0x00, 0x00, 0xEF, 0xFF,
    0xEF, 0xFF, 0x00, 0x00, 0x00, 0x00, 0x00, 0x00, 0x00, 0x00, 0x00, 0x00,
    0x00, 0x00, 0x00, 0x00, 0x00, 0x00, 0x00, 0x00, 0x00, 0x00, 0x00, 0x00,
    0x00, 0x00, 0x00, 0x00, 0x00, 0x00, 0x00, 0x00, 0x00, 0x00, 0x00, 0x00,
    0x00, 0x00, 0x00, 0x00, 0x00, 0x00, 0x00, 0x00, 0x00, 0x00, 0x00, 0x00,
    0x00, 0x00, 0x00, 0x00, 0x00, 0x00, 0x00, 0x00, 0x00, 0x00, 0xFF, 0xFF,
    0xFB, 0xDD, 0x3A, 0xEE, 0x3C, 0xF6, 0x3B, 0xFE, 0x1B, 0xF6, 0x3B, 0xF6,
    0x3B, 0xFE, 0x3B, 0xFE, 0x3B, 0xF6, 0x1B, 0xF6, 0x1C, 0xFE, 0xFB, 0xF5,
    0xBB, 0xDD, 0x00, 0x00, 0x00, 0x00, 0x00, 0x00, 0x00, 0x00, 0x00, 0x00,
    0x00, 0x00, 0x00, 0x00, 0x00, 0x00, 0x00, 0x00, 0x00, 0x00, 0x00, 0x00,
    0x00, 0x00, 0x00, 0x00, 0x00, 0x00, 0x00, 0x00, 0x00, 0x00, 0x00, 0x00,
    0x00, 0x00, 0x7F, 0xCE, 0x00, 0x00, 0x1D, 0xCD, 0xBD, 0xCD, 0x5F, 0xE6,
    0xBD, 0xCD, 0xFF, 0xFF, 0xEF, 0x7B, 0x00, 0x00, 0x00, 0x00, 0x00, 0x00,
    0x00, 0x00, 0x00, 0x00, 0x00, 0x00, 0x00, 0x00, 0x00, 0x00, 0x00, 0x00,
    0x00, 0x00, 0x00, 0x00, 0x00, 0x00, 0x00, 0x00, 0x00, 0x00, 0x00, 0x00,
    0x00, 0x00, 0x00, 0x00, 0x00, 0x00, 0x00, 0x00, 0x00, 0x00, 0x00, 0x00,
    0x00, 0x00, 0x00, 0x00, 0x00, 0x00, 0x00, 0x00, 0x00, 0x00, 0x00, 0x00,
    0x00, 0x00, 0x00, 0x00, 0x00, 0x00, 0x00, 0x00, 0x00, 0x00, 0x00, 0x00,
    0x00, 0x00, 0x00, 0x00, 0xEA, 0xFF, 0xEF, 0xFF, 0x0C, 0xFF, 0xEC, 0xFE,
    0x2C, 0xFF, 0x2C, 0xFF, 0x0C, 0xFF, 0x0C, 0xFF, 0x0C, 0xFF, 0x0C, 0xFF,
    0x2C, 0xFF, 0x8B, 0xE5, 0x49, 0xD4, 0x29, 0xD4, 0x29, 0xD4, 0x29, 0xD4,
    0x29, 0xD4, 0x09, 0xCC, 0x6A, 0xDC, 0x2C, 0xED, 0x4C, 0xED, 0x4C, 0xED,
    0x4C, 0xED, 0x4C, 0xED, 0x4C, 0xED, 0x4C, 0xED, 0x4C, 0xED, 0x4C, 0xED,
    0x4C, 0xED, 0x4C, 0xED, 0x4C, 0xED, 0x4C, 0xED, 0x4C, 0xED, 0x4C, 0xED,
    0x4C, 0xF5, 0x4E, 0xED, 0x72, 0xE5, 0x98, 0xD5, 0xBC, 0xCD, 0xDE, 0xCD,
    0xBE, 0xCD, 0xBD, 0xCD, 0x19, 0xDE, 0x74, 0xEE, 0xEE, 0xFE, 0x0C, 0xFF,
    0x0C, 0xFF, 0x0C, 0xFF, 0x0C, 0xFF, 0x0C, 0xFF, 0x0C, 0xFF, 0x2D, 0xFF,
    0x4D, 0xFF, 0xEC, 0xFE, 0x0D, 0xFF, 0x00, 0x00, 0xE0, 0xFF, 0x6C, 0xFE,
    0x00, 0x00, 0x00, 0x00, 0x00, 0x00, 0x00, 0x00, 0x00, 0x00, 0x00, 0x00,
    0x00, 0x00, 0x00, 0x00, 0x00, 0x00, 0x00, 0x00, 0x00, 0x00, 0x00, 0x00,
    0x00, 0x00, 0x00, 0x00, 0x00, 0x00, 0x00, 0x00, 0x00, 0x00, 0x00, 0x00,
    0x00, 0x00, 0x00, 0x00, 0x00, 0x00, 0x00, 0x00, 0x00, 0x00, 0xFF, 0xFF,
    0xEF, 0x7B, 0xFF, 0xFF, 0xFF, 0xFF, 0x00, 0x00, 0x00, 0x00, 0x00, 0x00,
    0x00, 0x00, 0xFF, 0x07, 0xDA, 0xF5, 0x1B, 0xF6, 0x3B, 0xFE, 0x3B, 0xFE,
    0x3B, 0xF6, 0xFA, 0xED, 0x1F, 0xF8, 0x00, 0x00, 0x00, 0x00, 0x1F, 0xF8,
    0xFF, 0xFF, 0x00, 0x00, 0x00, 0x00, 0x00, 0x00, 0x00, 0x00, 0x00, 0x00,
    0x00, 0x00, 0x00, 0x00, 0x00, 0x00, 0x00, 0x00, 0x00, 0x00, 0x00, 0x00,
    0x00, 0x00, 0x00, 0x00, 0x00, 0x00, 0x00, 0x00, 0xFF, 0x07, 0xFF, 0xFF,
    0x00, 0x00, 0xBE, 0xCD, 0xBD, 0xCD, 0x5F, 0xE6, 0x9D, 0xCD, 0x9E, 0xCD,
    0xEF, 0x7B, 0x00, 0x00, 0xFF, 0xFF, 0x00, 0x00, 0x00, 0x00, 0x00, 0x00,
    0x00, 0x00, 0x00, 0x00, 0x00, 0x00, 0x00, 0x00, 0x00, 0x00, 0x00, 0x00,
    0x00, 0x00, 0x00, 0x00, 0x00, 0x00, 0x00, 0x00, 0x00, 0x00, 0x00, 0x00,
    0x00, 0x00, 0x00, 0x00, 0x00, 0x00, 0x00, 0x00, 0x00, 0x00, 0x00, 0x00,
    0x00, 0x00, 0x00, 0x00, 0x00, 0x00, 0x00, 0x00, 0x00, 0x00, 0x00, 0x00,
    0x00, 0x00, 0x00, 0x00, 0x00, 0x00, 0x00, 0x00, 0x00, 0x00, 0x00, 0x00,
    0x4A, 0xFD, 0x00, 0x00, 0x0C, 0xFF, 0x6D, 0xFF, 0x0C, 0xFF, 0x0C, 0xFF,
    0x0C, 0xFF, 0x0C, 0xFF, 0x0C, 0xFF, 0x0C, 0xFF, 0x0C, 0xFF, 0x8C, 0xFE,
    0xEA, 0xDC, 0xE9, 0xCB, 0x29, 0xD4, 0x29, 0xD4, 0x29, 0xD4, 0x09, 0xCC,
    0x29, 0xD4, 0xCB, 0xE4, 0x4C, 0xED, 0x4C, 0xF5, 0x4C, 0xED, 0x4C, 0xED,
    0x4C, 0xED, 0x4C, 0xED, 0x4C, 0xED, 0x4C, 0xED, 0x4C, 0xED, 0x4C, 0xED,
    0x4C, 0xED, 0x4C, 0xED, 0x4C, 0xED, 0x4C, 0xED, 0x4C, 0xED, 0x4C, 0xF5,
    0x4C, 0xED, 0x6F, 0xED, 0x93, 0xE5, 0xD4, 0xE5, 0x54, 0xE6, 0x93, 0xEE,
    0xB0, 0xF6, 0x0D, 0xFF, 0x2B, 0xFF, 0x0C, 0xFF, 0x0C, 0xFF, 0x0C, 0xFF,
    0x0C, 0xFF, 0x0C, 0xFF, 0x0C, 0xFF, 0x0C, 0xFF, 0x2C, 0xFF, 0x4D, 0xFF,
    0x0C, 0xFF, 0xEC, 0xFE, 0xEF, 0xFD, 0x00, 0x00, 0x6C, 0xFE, 0x00, 0x00,
    0x00, 0x00, 0x00, 0x00, 0x00, 0x00, 0x00, 0x00, 0x00, 0x00, 0x00, 0x00,
    0x00, 0x00, 0x00, 0x00, 0x00, 0x00, 0x00, 0x00, 0x00, 0x00, 0x00, 0x00,
    0x00, 0x00, 0x00, 0x00, 0x00, 0x00, 0x00, 0x00, 0x00, 0x00, 0x00, 0x00,
    0x00, 0x00, 0x00, 0x00, 0x00, 0x00, 0x00, 0x00, 0x00, 0x00, 0x00, 0x00,
    0x00, 0x00, 0xFF, 0xFB, 0x5F, 0xFD, 0x79, 0xFE, 0xD9, 0xCC, 0x00, 0x00,
    0x00, 0x00, 0x00, 0x00, 0x00, 0x00, 0x00, 0x00, 0x00, 0x00, 0x00, 0x00,
    0x00, 0x00, 0xFF, 0xFD, 0x5F, 0xFD, 0x00, 0x00, 0x00, 0x00, 0x00, 0x00,
    0x00, 0x00, 0x00, 0x00, 0x00, 0x00, 0x00, 0x00, 0x00, 0x00, 0x00, 0x00,
    0x00, 0x00, 0x00, 0x00, 0x00, 0x00, 0x00, 0x00, 0x00, 0x00, 0x00, 0x00,
    0x00, 0x00, 0x00, 0x00, 0xD9, 0x9C, 0x5F, 0xAD, 0xBE, 0xC5, 0xBD, 0xCD,
    0x9D, 0xCD, 0xFF, 0xD5, 0x9D, 0xCD, 0x9D, 0xCD, 0x00, 0x00, 0x5F, 0xAD,
    0x5F, 0xFD, 0x00, 0x00, 0x00, 0x00, 0x00, 0x00, 0x00, 0x00, 0x00, 0x00,
    0x00, 0x00, 0x00, 0x00, 0x00, 0x00, 0x00, 0x00, 0x00, 0x00, 0x00, 0x00,
    0x00, 0x00, 0x00, 0x00, 0x00, 0x00, 0x00, 0x00, 0x00, 0x00, 0x00, 0x00,
    0x00, 0x00, 0x00, 0x00, 0x00, 0x00, 0x00, 0x00, 0x00, 0x00, 0x00, 0x00,
    0x00, 0x00, 0x00, 0x00, 0x00, 0x00, 0x00, 0x00, 0x00, 0x00, 0x00, 0x00,
    0x00, 0x00, 0x00, 0x00, 0x00, 0xF8, 0x00, 0x00, 0xEF, 0xFB, 0x4B, 0xFF,
    0x0C, 0xFF, 0xAD, 0xFF, 0x0C, 0xFF, 0x0C, 0xFF, 0x0C, 0xFF, 0x0C, 0xFF,
    0x0C, 0xFF, 0x0C, 0xFF, 0x0C, 0xFF, 0x2C, 0xFF, 0xAB, 0xED, 0x09, 0xCC,
    0x29, 0xD4, 0x29, 0xD4, 0x29, 0xD4, 0x29, 0xD4, 0x09, 0xCC, 0x4A, 0xD4,
    0x2C, 0xED, 0x6C, 0xF5, 0x4C, 0xED, 0x4C, 0xED, 0x4C, 0xED, 0x4C, 0xED,
    0x4C, 0xED, 0x4C, 0xED, 0x4C, 0xED, 0x4C, 0xED, 0x4C, 0xED, 0x4C, 0xED,
    0x4C, 0xED, 0x4C, 0xED, 0x4C, 0xED, 0x4D, 0xED, 0x4C, 0xED, 0x4C, 0xF5,
    0x4B, 0xF5, 0x6B, 0xF5, 0x4B, 0xFE, 0x0B, 0xFF, 0x2C, 0xFF, 0x0C, 0xFF,
    0x0D, 0xFF, 0x0C, 0xFF, 0x0C, 0xFF, 0x0C, 0xFF, 0x0C, 0xFF, 0x0C, 0xFF,
    0x0C, 0xFF, 0x0C, 0xFF, 0x0C, 0xFF, 0x2C, 0xFF, 0x2D, 0xFF, 0x0C, 0xFF,
    0xEC, 0xFE, 0xEA, 0xFF, 0x00, 0x00, 0xEF, 0xFF, 0x00, 0x00, 0x00, 0x00,
    0x00, 0x00, 0x00, 0x00, 0x00, 0x00, 0x00, 0x00, 0x00, 0x00, 0x00, 0x00,
    0x00, 0x00, 0x00, 0x00, 0x00, 0x00, 0x00, 0x00, 0x00, 0x00, 0x00, 0x00,
    0x00, 0x00, 0x00, 0x00, 0x00, 0x00, 0x00, 0x00, 0x00, 0x00, 0x00, 0x00,
    0x00, 0x00, 0x00, 0x00, 0x00, 0x00, 0x00, 0x00, 0x00, 0x00, 0x00, 0x00,
    0x00, 0x00, 0x00, 0x00, 0x00, 0x00, 0xFF, 0xFB, 0xFF, 0xFF, 0x79, 0xFE,
    0x7F, 0xFE, 0x7F, 0xFE, 0x79, 0xFE, 0xF7, 0xFD, 0xFF, 0xFB, 0x00, 0x00,
    0x00, 0x00, 0x00, 0x00, 0x00, 0x00, 0x00, 0x00, 0x00, 0x00, 0x00, 0x00,
    0x00, 0x00, 0x00, 0x00, 0x00, 0x00, 0x00, 0x00, 0x00, 0x00, 0x00, 0x00,
    0x00, 0x00, 0x00, 0x00, 0x00, 0x00, 0x00, 0x00, 0xFF, 0xFF, 0xFF, 0xFF,
    0xFF, 0xFD, 0x00, 0x00, 0xBD, 0xC5, 0xBE, 0xCD, 0xBE, 0xCD, 0x9D, 0xCD,
    0xFF, 0xD5, 0xBD, 0xCD, 0x00, 0x00, 0x00, 0x00, 0xFF, 0xFF, 0x55, 0xAD,
    0xFF, 0xFF, 0x00, 0x00, 0x00, 0x00, 0x00, 0x00, 0x00, 0x00, 0x00, 0x00,
    0x00, 0x00, 0x00, 0x00, 0x00, 0x00, 0x00, 0x00, 0x00, 0x00, 0x00, 0x00,
    0x00, 0x00, 0x00, 0x00, 0x00, 0x00, 0x00, 0x00, 0x00, 0x00, 0x00, 0x00,
    0x00, 0x00, 0x00, 0x00, 0x00, 0x00, 0x00, 0x00, 0x00, 0x00, 0x00, 0x00,
    0x00, 0x00, 0x00, 0x00, 0x00, 0x00, 0x00, 0x00, 0x00, 0x00, 0x00, 0x00,
    0xEF, 0xFB, 0x00, 0x00, 0x00, 0x00, 0x0C, 0xFF, 0x0C, 0xFF, 0x2D, 0xFF,
    0x0C, 0xFF, 0x0C, 0xFF, 0x0C, 0xFF, 0x0C, 0xFF, 0x0C, 0xFF, 0x0C, 0xFF,
    0x0C, 0xFF, 0x2C, 0xFF, 0x8C, 0xF6, 0x0A, 0xDD, 0x09, 0xCC, 0x09, 0xD4,
    0x29, 0xD4, 0x29, 0xD4, 0x09, 0xCC, 0x29, 0xD4, 0xCB, 0xDC, 0x2C, 0xED,
    0x4C, 0xF5, 0x4C, 0xED, 0x4C, 0xED, 0x4C, 0xED, 0x4C, 0xED, 0x4C, 0xED,
    0x4C, 0xED, 0x4C, 0xED, 0x4C, 0xED, 0x4C, 0xED, 0x4C, 0xED, 0x4C, 0xED,
    0x4C, 0xED, 0x4C, 0xED, 0x4C, 0xED, 0x4C, 0xED, 0x4D, 0xED, 0x4D, 0xED,
    0x4D, 0xED, 0x2D, 0xF6, 0xEC, 0xFE, 0x0C, 0xFF, 0x0C, 0xFF, 0x0C, 0xFF,
    0x0C, 0xFF, 0x0C, 0xFF, 0x0C, 0xFF, 0x0C, 0xFF, 0x0C, 0xFF, 0x0C, 0xFF,
    0x0C, 0xFF, 0x0C, 0xFF, 0x0C, 0xFF, 0x2C, 0xFF, 0x0C, 0xFF, 0x0C, 0xFF,
    0xEF, 0xFF, 0x00, 0xF8, 0x00, 0x00, 0x00, 0x00, 0x00, 0x00, 0x00, 0x00,
    0x00, 0x00, 0x00, 0x00, 0x00, 0x00, 0x00, 0x00, 0x00, 0x00, 0x00, 0x00,
    0x00, 0x00, 0x00, 0x00, 0x00, 0x00, 0x00, 0x00, 0x00, 0x00, 0x00, 0x00,
    0x00, 0x00, 0x00, 0x00, 0x00, 0x00, 0x00, 0x00, 0x00, 0x00, 0x00, 0x00,
    0x00, 0x00, 0x00, 0x00, 0x00, 0x00, 0x00, 0x00, 0x00, 0x00, 0x00, 0x00,
    0x00, 0x00, 0x00, 0x00, 0x00, 0x00, 0x00, 0x00, 0x00, 0x00, 0x00, 0x00,
    0x00, 0x00, 0x00, 0x00, 0x00, 0x00, 0x00, 0x00, 0x00, 0x00, 0x00, 0x00,
    0x00, 0x00, 0x00, 0x00, 0x00, 0x00, 0x00, 0x00, 0x00, 0x00, 0x00, 0x00,
    0x00, 0x00, 0x00, 0x00, 0x00, 0x00, 0x00, 0x00, 0x00, 0x00, 0x00, 0x00,
    0x00, 0x00, 0x00, 0x00, 0x00, 0x00, 0x00, 0x00, 0xDF, 0xCC, 0xFF, 0xBD,
    0xBD, 0xCD, 0x9D, 0xCD, 0xBE, 0xCD, 0x9D, 0xCD, 0x1F, 0xDE, 0x9D, 0xCD,
    0xBE, 0xCD, 0x5F, 0xD5, 0x00, 0x00, 0x00, 0x00, 0x00, 0x00, 0x00, 0x00,
    0x00, 0x00, 0x00, 0x00, 0x00, 0x00, 0x00, 0x00, 0x00, 0x00, 0x00, 0x00,
    0x00, 0x00, 0x00, 0x00, 0x00, 0x00, 0x00, 0x00, 0x00, 0x00, 0x00, 0x00,
    0x00, 0x00, 0x00, 0x00, 0x00, 0x00, 0x00, 0x00, 0x00, 0x00, 0x00, 0x00,
    0x00, 0x00, 0x00, 0x00, 0x00, 0x00, 0x00, 0x00, 0x00, 0x00, 0x00, 0x00,
    0x00, 0x00, 0x00, 0x00, 0x00, 0x00, 0x00, 0x00, 0xFF, 0xFF, 0x00, 0x00,
    0x00, 0x00, 0x0C, 0xFF, 0x8D, 0xFF, 0x0C, 0xFF, 0x0C, 0xFF, 0x0C, 0xFF,
    0x0C, 0xFF, 0x0C, 0xFF, 0x0C, 0xFF, 0x0C, 0xFF, 0x0C, 0xFF, 0x0C, 0xFF,
    0x2D, 0xFF, 0x2B, 0xF6, 0x29, 0xD4, 0x09, 0xCC, 0x29, 0xD4, 0x29, 0xD4,
    0x29, 0xD4, 0x29, 0xD4, 0x29, 0xD4, 0xEB, 0xE4, 0x4C, 0xF5, 0x4C, 0xED,
    0x4C, 0xED, 0x4C, 0xED, 0x4C, 0xED, 0x4C, 0xED, 0x4C, 0xED, 0x4C, 0xED,
    0x4C, 0xED, 0x4C, 0xED, 0x4C, 0xED, 0x4C, 0xED, 0x4C, 0xED, 0x4C, 0xED,
    0x4C, 0xED, 0x4C, 0xED, 0x4C, 0xED, 0x4C, 0xED, 0x4C, 0xED, 0x4C, 0xED,
    0x0C, 0xF6, 0xEC, 0xFE, 0x0C, 0xFF, 0x0C, 0xFF, 0x0C, 0xFF, 0x0C, 0xFF,
    0x0C, 0xFF, 0x0C, 0xFF, 0x0C, 0xFF, 0x0C, 0xFF, 0x0C, 0xFF, 0x0C, 0xFF,
    0x0C, 0xFF, 0x0C, 0xFF, 0x4D, 0xFF, 0xEC, 0xFE, 0xEC, 0xFE, 0x00, 0x00,
    0xEF, 0xFB, 0xFF, 0xFF, 0x00, 0x00, 0x00, 0x00, 0x00, 0x00, 0x00, 0x00,
    0x00, 0x00, 0x00, 0x00, 0x00, 0x00, 0x00, 0x00, 0x00, 0x00, 0x00, 0x00,
    0x00, 0x00, 0x00, 0x00, 0x00, 0x00, 0x00, 0x00, 0x00, 0x00, 0x00, 0x00,
    0x00, 0x00, 0x00, 0x00, 0x00, 0x00, 0x00, 0x00, 0x00, 0x00, 0x00, 0x00,
    0x00, 0x00, 0x00, 0x00, 0x00, 0x00, 0x00, 0x00, 0x00, 0x00, 0x00, 0x00,
    0x00, 0x00, 0x00, 0x00, 0x00, 0x00, 0x00, 0x00, 0x00, 0x00, 0x00, 0x00,
    0x00, 0x00, 0x00, 0x00, 0x00, 0x00, 0x00, 0x00, 0x00, 0x00, 0x00, 0x00,
    0x00, 0x00, 0x00, 0x00, 0x00, 0x00, 0x00, 0x00, 0x00, 0x00, 0x00, 0x00,
    0x00, 0x00, 0x00, 0x00, 0x00, 0x00, 0x00, 0x00, 0xFF, 0xFF, 0xFF, 0xFB,
    0x00, 0x00, 0x00, 0x00, 0x9E, 0xCD, 0x9D, 0xCD, 0xBD, 0xCD, 0xBE, 0xCD,
    0xBE, 0xCD, 0xBD, 0xCD, 0xBE, 0xCD, 0xBD, 0xCD, 0xBD, 0xCD, 0xBD, 0xCD,
    0xBE, 0xCD, 0x00, 0x00, 0x00, 0x00, 0xFF, 0xFF, 0x00, 0x00, 0x00, 0x00,
    0x00, 0x00, 0x00, 0x00, 0x00, 0x00, 0x00, 0x00, 0x00, 0x00, 0x00, 0x00,
    0x00, 0x00, 0x00, 0x00, 0x00, 0x00, 0x00, 0x00, 0x00, 0x00, 0x00, 0x00,
    0x00, 0x00, 0x00, 0x00, 0x00, 0x00, 0x00, 0x00, 0x00, 0x00, 0x00, 0x00,
    0x00, 0x00, 0x00, 0x00, 0x00, 0x00, 0x00, 0x00, 0x00, 0x00, 0x00, 0x00,
    0x00, 0x00, 0xEF, 0xFF, 0x00, 0x00, 0xEC, 0xFF, 0x0C, 0xFF, 0x0C, 0xFF,
    0x8D, 0xFF, 0x0C, 0xFF, 0x0C, 0xFF, 0x0C, 0xFF, 0x0C, 0xFF, 0x0C, 0xFF,
    0x0C, 0xFF, 0x0C, 0xFF, 0x0C, 0xFF, 0x0C, 0xFF, 0x4D, 0xFF, 0xCC, 0xFE,
    0x2A, 0xE5, 0x29, 0xD4, 0x09, 0xCC, 0x29, 0xD4, 0x29, 0xD4, 0x29, 0xD4,
    0x09, 0xCC, 0x6A, 0xDC, 0x0C, 0xED, 0x6D, 0xF5, 0x4C, 0xED, 0x4C, 0xED,
    0x4C, 0xED, 0x4C, 0xED, 0x4C, 0xED, 0x4C, 0xED, 0x4C, 0xED, 0x4C, 0xED,
    0x4C, 0xED, 0x4C, 0xED, 0x4C, 0xED, 0x4C, 0xED, 0x4C, 0xED, 0x4C, 0xED,
    0x4C, 0xED, 0x4C, 0xED, 0x4C, 0xED, 0x4C, 0xED, 0x4C, 0xED, 0xEC, 0xF5,
    0xCC, 0xFE, 0x0C, 0xFF, 0x0C, 0xFF, 0x0C, 0xFF, 0x0C, 0xFF, 0x0C, 0xFF,
    0x0C, 0xFF, 0x0C, 0xFF, 0x0C, 0xFF, 0x0C, 0xFF, 0x0C, 0xFF, 0x0C, 0xFF,
    0x2C, 0xFF, 0x4D, 0xFF, 0xEC, 0xFE, 0x2C, 0xFF, 0x00, 0x00, 0xEF, 0xFF,
    0xEA, 0xFF, 0x00, 0x00, 0x00, 0x00, 0x00, 0x00, 0x00, 0x00, 0x00, 0x00,
    0x00, 0x00, 0x00, 0x00, 0x00, 0x00, 0x00, 0x00, 0x00, 0x00, 0x00, 0x00,
    0x00, 0x00, 0x00, 0x00, 0x00, 0x00, 0x00, 0x00, 0x00, 0x00, 0x00, 0x00,
    0x00, 0x00, 0x00, 0x00, 0x00, 0x00, 0x00, 0x00, 0x00, 0x00, 0x00, 0x00,
    0x00, 0x00, 0x00, 0x00, 0x00, 0x00, 0x00, 0x00, 0x00, 0x00, 0x00, 0x00,
    0x00, 0x00, 0x00, 0x00, 0x00, 0x00, 0x00, 0x00, 0x00, 0x00, 0x00, 0x00,
    0x00, 0x00, 0x00, 0x00, 0x00, 0x00, 0x00, 0x00, 0x00, 0x00, 0x00, 0x00,
    0x00, 0x00, 0x00, 0x00, 0x00, 0x00, 0x00, 0x00, 0x00, 0x00, 0x00, 0x00,
    0x00, 0x00, 0xFF, 0x7B, 0x00, 0x00, 0x00, 0x00, 0xBD, 0xCD, 0xBD, 0xCD,
    0xBD, 0xCD, 0xBD, 0xCD, 0xBE, 0xCD, 0xBD, 0xCD, 0xBD, 0xCD, 0xBD, 0xCD,
    0x9D, 0xCD, 0xBE, 0xCD, 0xBE, 0xCD, 0x9D, 0xCD, 0x9E, 0xCD, 0x9D, 0xCD,
    0xBE, 0xCD, 0x00, 0x00, 0x00, 0x00, 0x00, 0x00, 0x00, 0x00, 0x00, 0x00,
    0x00, 0x00, 0x00, 0x00, 0x00, 0x00, 0x00, 0x00, 0x00, 0x00, 0x00, 0x00,
    0x00, 0x00, 0x00, 0x00, 0x00, 0x00, 0x00, 0x00, 0x00, 0x00, 0x00, 0x00,
    0x00, 0x00, 0x00, 0x00, 0x00, 0x00, 0x00, 0x00, 0x00, 0x00, 0x00, 0x00,
    0x00, 0x00, 0x00, 0x00, 0x00, 0x00, 0x00, 0x00, 0x00, 0x00, 0x6C, 0xFE,
    0x00, 0x00, 0xAA, 0xFE, 0x0C, 0xFF, 0x0C, 0xFF, 0x2C, 0xFF, 0x0C, 0xFF,
    0x0C, 0xFF, 0x0C, 0xFF, 0x0C, 0xFF, 0x0C, 0xFF, 0x0C, 0xFF, 0x0C, 0xFF,
    0x0C, 0xFF, 0x0C, 0xFF, 0x0C, 0xFF, 0x0C, 0xFF, 0x6C, 0xF6, 0x69, 0xD4,
    0x09, 0xCC, 0x29, 0xD4, 0x29, 0xD4, 0x29, 0xD4, 0x29, 0xD4, 0x09, 0xCC,
    0xAA, 0xDC, 0x4C, 0xED, 0x4C, 0xED, 0x4C, 0xED, 0x4C, 0xED, 0x4C, 0xED,
    0x4C, 0xED, 0x4C, 0xED, 0x4C, 0xED, 0x4C, 0xED, 0x4C, 0xED, 0x4C, 0xED,
    0x4C, 0xED, 0x4C, 0xED, 0x4C, 0xED, 0x4C, 0xED, 0x4C, 0xED, 0x4C, 0xED,
    0x4C, 0xED, 0x6C, 0xED, 0x4C, 0xED, 0x4C, 0xED, 0xEC, 0xF5, 0xCC, 0xFE,
    0x2C, 0xFF, 0x0C, 0xFF, 0x0C, 0xFF, 0x0C, 0xFF, 0x0C, 0xFF, 0x0C, 0xFF,
    0x0C, 0xFF, 0x0C, 0xFF, 0x0C, 0xFF, 0x0C, 0xFF, 0x0C, 0xFF, 0x4D, 0xFF,
    0x4D, 0xFF, 0x0C, 0xFF, 0x0C, 0xFF, 0x00, 0x00, 0xEA, 0xFF, 0xEF, 0xFF,
    0x00, 0x00, 0x00, 0x00, 0x00, 0x00, 0x00, 0x00, 0x00, 0x00, 0x00, 0x00,
    0x00, 0x00, 0x00, 0x00, 0x00, 0x00, 0x00, 0x00, 0x00, 0x00, 0x00, 0x00,
    0x00, 0x00, 0x00, 0x00, 0x00, 0x00, 0x00, 0x00, 0x00, 0x00, 0x00, 0x00,
    0x00, 0x00, 0x00, 0x00, 0x00, 0x00, 0x00, 0x00, 0x00, 0x00, 0x00, 0x00,
    0x00, 0x00, 0x00, 0x00, 0x00, 0x00, 0x00, 0x00, 0x00, 0x00, 0x00, 0x00,
    0x00, 0x00, 0x00, 0x00, 0x00, 0x00, 0x00, 0x00, 0x00, 0x00, 0x00, 0x00,
    0x00, 0x00, 0x00, 0x00, 0x00, 0x00, 0x00, 0x00, 0x00, 0x00, 0x00, 0x00,
    0x00, 0x00, 0x00, 0x00, 0x00, 0x00, 0x00, 0x00, 0xFF, 0x7B, 0xFF, 0xFF,
    0xBE, 0xCD, 0xBD, 0xCD, 0xBE, 0xCD, 0xBD, 0xCD, 0xFF, 0xD5, 0xDE, 0xD5,
    0xBD, 0xCD, 0xBD, 0xCD, 0xBD, 0xCD, 0xBD, 0xCD, 0xBD, 0xCD, 0x9D, 0xCD,
    0x9D, 0xCD, 0xDE, 0xD5, 0x1F, 0xDE, 0xBE, 0xCD, 0xBD, 0xCD, 0x9E, 0xCD,
    0x00, 0x00, 0x00, 0x00, 0x00, 0x00, 0x00, 0x00, 0x00, 0x00, 0x00, 0x00,
    0x00, 0x00, 0x00, 0x00, 0x00, 0x00, 0x00, 0x00, 0x00, 0x00, 0x00, 0x00,
    0x00, 0x00, 0x00, 0x00, 0x00, 0x00, 0x00, 0x00, 0x00, 0x00, 0x00, 0x00,
    0x00, 0x00, 0x00, 0x00, 0x00, 0x00, 0x00, 0x00, 0x00, 0x00, 0x00, 0x00,
    0x00, 0x00, 0x00, 0x00, 0x00, 0xF8, 0xEF, 0xFD, 0x00, 0x00, 0x2C, 0xFF,
    0x0C, 0xFF, 0x6D, 0xFF, 0x0C, 0xFF, 0x0C, 0xFF, 0x0C, 0xFF, 0x0C, 0xFF,
    0x0C, 0xFF, 0x0C, 0xFF, 0x0C, 0xFF, 0x0C, 0xFF, 0x0C, 0xFF, 0x0C, 0xFF,
    0x0C, 0xFF, 0x2C, 0xFF, 0x0C, 0xFF, 0x8A, 0xE5, 0x29, 0xD4, 0x09, 0xCC,
    0x29, 0xD4, 0x29, 0xD4, 0x29, 0xD4, 0x09, 0xCC, 0x49, 0xD4, 0xEB, 0xE4,
    0x4C, 0xF5, 0x4C, 0xED, 0x4C, 0xED, 0x4C, 0xED, 0x4C, 0xED, 0x4C, 0xED,
    0x4C, 0xED, 0x4C, 0xED, 0x4C, 0xED, 0x4C, 0xED, 0x4C, 0xED, 0x4C, 0xED,
    0x4C, 0xED, 0x4C, 0xED, 0x4C, 0xED, 0x4C, 0xED, 0x4C, 0xED, 0x4C, 0xED,
    0x6C, 0xED, 0x4C, 0xED, 0x4C, 0xED, 0xEC, 0xF5, 0xCC, 0xFE, 0x0C, 0xFF,
    0x0C, 0xFF, 0x0C, 0xFF, 0x0C, 0xFF, 0x0C, 0xFF, 0x0C, 0xFF, 0x0C, 0xFF,
    0x0C, 0xFF, 0x0C, 0xFF, 0x0C, 0xFF, 0x0C, 0xFF, 0x4D, 0xFF, 0x4D, 0xFF,
    0x2D, 0xFF, 0xEC, 0xFE, 0x00, 0x00, 0xE7, 0xFF, 0x00, 0x00, 0x00, 0x00,
    0x00, 0x00, 0x00, 0x00, 0x00, 0x00, 0x00, 0x00, 0x00, 0x00, 0x00, 0x00,
    0x00, 0x00, 0x00, 0x00, 0x00, 0x00, 0x00, 0x00, 0x00, 0x00, 0x00, 0x00,
    0x00, 0x00, 0x00, 0x00, 0x00, 0x00, 0x00, 0x00, 0x00, 0x00, 0x00, 0x00,
    0x00, 0x00, 0x00, 0x00, 0x00, 0x00, 0x00, 0x00, 0x00, 0x00, 0x00, 0x00,
    0x00, 0x00, 0x00, 0x00, 0x00, 0x00, 0x00, 0x00, 0x00, 0x00, 0x00, 0x00,
    0x00, 0x00, 0x00, 0x00, 0x00, 0x00, 0x00, 0x00, 0x00, 0x00, 0x00, 0x00,
    0x00, 0x00, 0x00, 0x00, 0x00, 0x00, 0x00, 0x00, 0x00, 0x00, 0x00, 0x00,
    0x00, 0x00, 0x00, 0x00, 0x5F, 0xAD, 0x00, 0x00, 0xBE, 0xCD, 0xBE, 0xCD,
    0xDE, 0xD5, 0xFF, 0xD5, 0xBE, 0xCD, 0xBD, 0xCD, 0x9D, 0xCD, 0xBD, 0xCD,
    0xBD, 0xCD, 0xBD, 0xCD, 0xBD, 0xCD, 0xBD, 0xCD, 0xBD, 0xCD, 0xBD, 0xCD,
    0xBE, 0xCD, 0xFF, 0xD5, 0xBD, 0xCD, 0x9D, 0xCD, 0x00, 0x00, 0x00, 0x00,
    0x00, 0x00, 0x00, 0x00, 0x00, 0x00, 0x00, 0x00, 0x00, 0x00, 0x00, 0x00,
    0x00, 0x00, 0x00, 0x00, 0x00, 0x00, 0x00, 0x00, 0x00, 0x00, 0x00, 0x00,
    0x00, 0x00, 0x00, 0x00, 0x00, 0x00, 0x00, 0x00, 0x00, 0x00, 0x00, 0x00,
    0x00, 0x00, 0x00, 0x00, 0x00, 0x00, 0x00, 0x00, 0x00, 0x00, 0x00, 0x00,
    0x4A, 0xFD, 0x00, 0x00, 0x2E, 0xFF, 0x0C, 0xFF, 0x0C, 0xFF, 0x4D, 0xFF,
    0x0C, 0xFF, 0x0C, 0xFF, 0x0C, 0xFF, 0x0C, 0xFF, 0x0C, 0xFF, 0x0C, 0xFF,
    0x0C, 0xFF, 0x0C, 0xFF, 0x0C, 0xFF, 0x0C, 0xFF, 0x0C, 0xFF, 0x0C, 0xFF,
    0x0C, 0xFF, 0xCC, 0xFE, 0xEA, 0xDC, 0xE9, 0xCB, 0x29, 0xD4, 0x29, 0xD4,
    0x29, 0xD4, 0x29, 0xD4, 0x09, 0xCC, 0x6A, 0xDC, 0x2C, 0xED, 0x4C, 0xED,
    0x4C, 0xED, 0x4C, 0xED, 0x4C, 0xED, 0x4C, 0xED, 0x4C, 0xED, 0x4C, 0xED,
    0x4C, 0xED, 0x4C, 0xED, 0x4C, 0xED, 0x4C, 0xED, 0x4C, 0xED, 0x4C, 0xED,
    0x4C, 0xED, 0x4C, 0xED, 0x4C, 0xED, 0x4C, 0xED, 0x4C, 0xED, 0x4C, 0xED,
    0x4C, 0xED, 0x4C, 0xED, 0xEC, 0xF5, 0xCC, 0xFE, 0x0C, 0xFF, 0x0C, 0xFF,
    0x0C, 0xFF, 0x0C, 0xFF, 0x0C, 0xFF, 0x0C, 0xFF, 0x0C, 0xFF, 0x0C, 0xFF,
    0x0C, 0xFF, 0x0C, 0xFF, 0x0C, 0xFF, 0x2C, 0xFF, 0x6D, 0xFF, 0x0C, 0xFF,
    0x2D, 0xFF, 0x00, 0x00, 0xE0, 0xFF, 0x00, 0x00, 0x00, 0x00, 0x00, 0x00,
    0x00, 0x00, 0x00, 0x00, 0x00, 0x00, 0x00, 0x00, 0x00, 0x00, 0x00, 0x00,
    0x00, 0x00, 0x00, 0x00, 0x00, 0x00, 0x00, 0x00, 0x00, 0x00, 0x00, 0x00,
    0x00, 0x00, 0x00, 0x00, 0x00, 0x00, 0x00, 0x00, 0x00, 0x00, 0x00, 0x00,
    0x00, 0x00, 0x00, 0x00, 0x00, 0x00, 0x00, 0x00, 0x00, 0x00, 0x00, 0x00,
    0x00, 0x00, 0x00, 0x00, 0x00, 0x00, 0x00, 0x00, 0x00, 0x00, 0x00, 0x00,
    0x00, 0x00, 0x00, 0x00, 0x00, 0x00, 0x00, 0x00, 0x00, 0x00, 0x00, 0x00,
    0x00, 0x00, 0x00, 0x00, 0x00, 0x00, 0x00, 0x00, 0x00, 0x00, 0x00, 0x00,
    0xFF, 0xFF, 0x00, 0x00, 0xD9, 0xCC, 0x9D, 0xCD, 0x9D, 0xCD, 0x9D, 0xCD,
    0xBE, 0xCD, 0xBD, 0xCD, 0xBE, 0xCD, 0xBD, 0xCD, 0xBD, 0xCD, 0xBD, 0xCD,
    0xBD, 0xCD, 0xBE, 0xCD, 0xBE, 0xCD, 0x9D, 0xCD, 0xBE, 0xCD, 0x9D, 0xCD,
    0xBD, 0xCD, 0xBD, 0xCD, 0x00, 0x00, 0x00, 0x00, 0x00, 0x00, 0x00, 0x00,
    0x00, 0x00, 0x00, 0x00, 0x00, 0x00, 0x00, 0x00, 0x00, 0x00, 0x00, 0x00,
    0x00, 0x00, 0x00, 0x00, 0x00, 0x00, 0x00, 0x00, 0x00, 0x00, 0x00, 0x00,
    0x00, 0x00, 0x00, 0x00, 0x00, 0x00, 0x00, 0x00, 0x00, 0x00, 0x00, 0x00,
    0x00, 0x00, 0x00, 0x00, 0x00, 0x00, 0x00, 0x00, 0xAA, 0xFE, 0xE0, 0xFF,
    0xCC, 0xFE, 0x0C, 0xFF, 0x0C, 0xFF, 0x2C, 0xFF, 0x0C, 0xFF, 0x0C, 0xFF,
    0x0C, 0xFF, 0x0C, 0xFF, 0x0C, 0xFF, 0x0C, 0xFF, 0x0C, 0xFF, 0x0C, 0xFF,
    0x0C, 0xFF, 0x0C, 0xFF, 0x0C, 0xFF, 0x0C, 0xFF, 0x0C, 0xFF, 0x2C, 0xFF,
    0x2B, 0xF6, 0xAA, 0xDC, 0x09, 0xCC, 0x29, 0xD4, 0x29, 0xD4, 0x29, 0xD4,
    0x29, 0xD4, 0x29, 0xD4, 0x6A, 0xDC, 0x2C, 0xED, 0x6C, 0xF5, 0x4C, 0xED,
    0x4C, 0xED, 0x4C, 0xED, 0x4C, 0xED, 0x4C, 0xED, 0x4C, 0xED, 0x4C, 0xED,
    0x4C, 0xED, 0x4C, 0xED, 0x4C, 0xED, 0x4C, 0xED, 0x4C, 0xED, 0x4C, 0xED,
    0x4C, 0xED, 0x4C, 0xED, 0x4C, 0xED, 0x4C, 0xED, 0x4C, 0xED, 0x4C, 0xED,
    0x4C, 0xED, 0x0C, 0xF6, 0xEC, 0xFE, 0x0C, 0xFF, 0x0C, 0xFF, 0x0C, 0xFF,
    0x0C, 0xFF, 0x0C, 0xFF, 0x0C, 0xFF, 0x0C, 0xFF, 0x0C, 0xFF, 0x0C, 0xFF,
    0x0C, 0xFF, 0x0C, 0xFF, 0x0C, 0xFF, 0x4D, 0xFF, 0x0C, 0xFF, 0x00, 0x00,
    0xCC, 0xFC, 0x00, 0x00, 0x00, 0x00, 0x00, 0x00, 0x00, 0x00, 0x00, 0x00,
    0x00, 0x00, 0x00, 0x00, 0x00, 0x00, 0x00, 0x00, 0x00, 0x00, 0x00, 0x00,
    0x00, 0x00, 0x00, 0x00, 0x00, 0x00, 0x00, 0x00, 0x00, 0x00, 0x00, 0x00,
    0x00, 0x00, 0x00, 0x00, 0x00, 0x00, 0x00, 0x00, 0x00, 0x00, 0x00, 0x00,
    0x00, 0x00, 0x00, 0x00, 0x00, 0x00, 0x00, 0x00, 0x00, 0x00, 0x00, 0x00,
    0x00, 0x00, 0x00, 0x00, 0x00, 0x00, 0x00, 0x00, 0x00, 0x00, 0x00, 0x00,
    0x00, 0x00, 0x00, 0x00, 0x00, 0x00, 0x00, 0x00, 0x00, 0x00, 0x00, 0x00,
    0x00, 0x00, 0x00, 0x00, 0x00, 0x00, 0x00, 0x00, 0x00, 0x00, 0x00, 0x00,
    0x00, 0x00, 0xFF, 0xFF, 0xDF, 0xD5, 0x9E, 0xCD, 0xBE, 0xCD, 0x9D, 0xCD,
    0xDE, 0xCD, 0x9D, 0xCD, 0xBD, 0xCD, 0xBD, 0xCD, 0x9D, 0xCD, 0xBE, 0xCD,
    0xBE, 0xCD, 0xBD, 0xCD, 0xBD, 0xCD, 0x9D, 0xC5, 0x3F, 0xC6, 0xFF, 0xFF,
    0x00, 0x00, 0x00, 0x00, 0x00, 0x00, 0x00, 0x00, 0x00, 0x00, 0x00, 0x00,
    0x00, 0x00, 0x00, 0x00, 0x00, 0x00, 0x00, 0x00, 0x00, 0x00, 0x00, 0x00,
    0x00, 0x00, 0x00, 0x00, 0x00, 0x00, 0x00, 0x00, 0x00, 0x00, 0x00, 0x00,
    0x00, 0x00, 0x00, 0x00, 0x00, 0x00, 0x00, 0x00, 0x00, 0x00, 0x00, 0x00,
    0x00, 0x00, 0xE0, 0xFF, 0x4A, 0xFD, 0x00, 0x00, 0x0C, 0xFF, 0x4D, 0xFF,
    0x2D, 0xFF, 0x0C, 0xFF, 0x0C, 0xFF, 0x0C, 0xFF, 0x0C, 0xFF, 0x0C, 0xFF,
    0x0C, 0xFF, 0x0C, 0xFF, 0x0C, 0xFF, 0x0C, 0xFF, 0x0C, 0xFF, 0x0C, 0xFF,
    0x0C, 0xFF, 0x0C, 0xFF, 0x0C, 0xFF, 0x0C, 0xFF, 0x2C, 0xFF, 0xAB, 0xED,
    0x09, 0xD4, 0x29, 0xD4, 0x29, 0xD4, 0x29, 0xD4, 0x29, 0xD4, 0x09, 0xCC,
    0x29, 0xD4, 0xAB, 0xDC, 0x4C, 0xED, 0x6D, 0xF5, 0x4C, 0xED, 0x4C, 0xED,
    0x4C, 0xED, 0x4C, 0xED, 0x4C, 0xED, 0x4C, 0xED, 0x4C, 0xED, 0x4C, 0xED,
    0x4C, 0xED, 0x4C, 0xED, 0x4C, 0xED, 0x4C, 0xED, 0x4C, 0xED, 0x4C, 0xED,
    0x4C, 0xED, 0x4C, 0xED, 0x4C, 0xED, 0x4C, 0xED, 0x4C, 0xED, 0x4C, 0xED,
    0x0C, 0xF6, 0xEC, 0xFE, 0x0C, 0xFF, 0x0C, 0xFF, 0x0C, 0xFF, 0x0C, 0xFF,
    0x0C, 0xFF, 0x0C, 0xFF, 0x0C, 0xFF, 0x0C, 0xFF, 0x0C, 0xFF, 0x0C, 0xFF,
    0x0C, 0xFF, 0x4D, 0xFF, 0x0C, 0xFF, 0x2C, 0xFF, 0x00, 0x00, 0x4A, 0xFD,
    0xEF, 0xFB, 0x00, 0x00, 0x00, 0x00, 0x00, 0x00, 0x00, 0x00, 0x00, 0x00,
    0x00, 0x00, 0x00, 0x00, 0x00, 0x00, 0x00, 0x00, 0x00, 0x00, 0x00, 0x00,
    0x00, 0x00, 0x00, 0x00, 0x00, 0x00, 0x00, 0x00, 0x00, 0x00, 0x00, 0x00,
    0x00, 0x00, 0x00, 0x00, 0x00, 0x00, 0x00, 0x00, 0x00, 0x00, 0x00, 0x00,
    0x00, 0x00, 0x00, 0x00, 0x00, 0x00, 0x00, 0x00, 0x00, 0x00, 0x00, 0x00,
    0x00, 0x00, 0x00, 0x00, 0x00, 0x00, 0x00, 0x00, 0x00, 0x00, 0x00, 0x00,
    0x00, 0x00, 0x00, 0x00, 0x00, 0x00, 0x00, 0x00, 0x00, 0x00, 0x00, 0x00,
    0x00, 0x00, 0x00, 0x00, 0x00, 0x00, 0x00, 0x00, 0x00, 0x00, 0x00, 0x00,
    0x00, 0x00, 0x00, 0x00, 0x7E, 0xD5, 0x7D, 0xCD, 0x9D, 0xCD, 0xDE, 0xD5,
    0xBE, 0xCD, 0xBE, 0xCD, 0xFF, 0xD5, 0xBD, 0xCD, 0x9D, 0xCD, 0x9D, 0xC5,
    0xDE, 0xC5, 0x00, 0x00, 0x00, 0x00, 0x00, 0x00, 0x00, 0x00, 0x00, 0x00,
    0x00, 0x00, 0x00, 0x00, 0x00, 0x00, 0x00, 0x00, 0x00, 0x00, 0x00, 0x00,
    0x00, 0x00, 0x00, 0x00, 0x00, 0x00, 0x00, 0x00, 0x00, 0x00, 0x00, 0x00,
    0x00, 0x00, 0x00, 0x00, 0x00, 0x00, 0x00, 0x00, 0x00, 0x00, 0x00, 0x00,
    0x00, 0x00, 0x00, 0x00, 0x00, 0x00, 0x00, 0x00, 0x00, 0x00, 0xE0, 0xFF,
    0xEF, 0xFF, 0x2C, 0xFF, 0xEC, 0xFE, 0x4D, 0xFF, 0x2D, 0xFF, 0x0C, 0xFF,
    0x0C, 0xFF, 0x0C, 0xFF, 0x0C, 0xFF, 0x0C, 0xFF, 0x0C, 0xFF, 0x0C, 0xFF,
    0x0C, 0xFF, 0x0C, 0xFF, 0x0C, 0xFF, 0x0C, 0xFF, 0x0C, 0xFF, 0x0C, 0xFF,
    0x0C, 0xFF, 0x0C, 0xFF, 0x2D, 0xFF, 0xAC, 0xFE, 0x2A, 0xE5, 0xE9, 0xCB,
    0x29, 0xD4, 0x29, 0xD4, 0x29, 0xD4, 0x29, 0xD4, 0x09, 0xD4, 0x29, 0xD4,
    0xEB, 0xE4, 0x4C, 0xF5, 0x4C, 0xED, 0x4C, 0xED, 0x4C, 0xED, 0x4C, 0xED,
    0x4C, 0xED, 0x4C, 0xED, 0x4C, 0xED, 0x4C, 0xED, 0x4C, 0xED, 0x4C, 0xED,
    0x4C, 0xED, 0x4C, 0xED, 0x4C, 0xED, 0x4C, 0xED, 0x4C, 0xED, 0x4C, 0xED,
    0x4C, 0xED, 0x4C, 0xED, 0x6C, 0xED, 0x2C, 0xED, 0x4C, 0xED, 0x2C, 0xF6,
    0x0C, 0xFF, 0x2C, 0xFF, 0x0C, 0xFF, 0x0C, 0xFF, 0x0C, 0xFF, 0x0C, 0xFF,
    0x0C, 0xFF, 0x0C, 0xFF, 0x0C, 0xFF, 0x0C, 0xFF, 0x0C, 0xFF, 0x0C, 0xFF,
    0x6D, 0xFF, 0x0C, 0xFF, 0x2C, 0xFF, 0x00, 0x00, 0xFF, 0xFF, 0xEA, 0xFF,
    0x00, 0x00, 0x00, 0x00, 0x00, 0x00, 0x00, 0x00, 0x00, 0x00, 0x00, 0x00,
    0x00, 0x00, 0x00, 0x00, 0x00, 0x00, 0x00, 0x00, 0x00, 0x00, 0x00, 0x00,
    0x00, 0x00, 0x00, 0x00, 0x00, 0x00, 0x00, 0x00, 0x00, 0x00, 0x00, 0x00,
    0x00, 0x00, 0x00, 0x00, 0x00, 0x00, 0x00, 0x00, 0x00, 0x00, 0x00, 0x00,
    0x00, 0x00, 0x00, 0x00, 0x00, 0x00, 0x00, 0x00, 0x00, 0x00, 0x00, 0x00,
    0x00, 0x00, 0x00, 0x00, 0x00, 0x00, 0x00, 0x00, 0x00, 0x00, 0x00, 0x00,
    0x00, 0x00, 0x00, 0x00, 0x00, 0x00, 0x00, 0x00, 0x00, 0x00, 0x00, 0x00,
    0x00, 0x00, 0x00, 0x00, 0x00, 0x00, 0xFF, 0x7B, 0xFF, 0xFD, 0x5F, 0xAD,
    0x00, 0x00, 0x00, 0x00, 0xBD, 0xCD, 0xBE, 0xCD, 0xBE, 0xCD, 0x9D, 0xCD,
    0x3F, 0xDE, 0x9D, 0xCD, 0xBE, 0xC5, 0x00, 0x00, 0x00, 0x00, 0xFF, 0xFF,
    0xFF, 0xBD, 0xFF, 0x7B, 0x00, 0x00, 0x00, 0x00, 0x00, 0x00, 0x00, 0x00,
    0x00, 0x00, 0x00, 0x00, 0x00, 0x00, 0x00, 0x00, 0x00, 0x00, 0x00, 0x00,
    0x00, 0x00, 0x00, 0x00, 0x00, 0x00, 0x00, 0x00, 0x00, 0x00, 0x00, 0x00,
    0x00, 0x00, 0x00, 0x00, 0x00, 0x00, 0x00, 0x00, 0x00, 0x00, 0x00, 0x00,
    0x00, 0x00, 0x00, 0x00, 0x00, 0x00, 0x4A, 0xFD, 0x00, 0x00, 0x2C, 0xFF,
    0x4D, 0xFF, 0x0C, 0xFF, 0x0C, 0xFF, 0x0C, 0xFF, 0x0C, 0xFF, 0x0C, 0xFF,
    0x0C, 0xFF, 0x0C, 0xFF, 0x0C, 0xFF, 0x0C, 0xFF, 0x0C, 0xFF, 0x0C, 0xFF,
    0x0C, 0xFF, 0x0C, 0xFF, 0x0C, 0xFF, 0x0C, 0xFF, 0x0C, 0xFF, 0x0C, 0xFF,
    0xEC, 0xFE, 0x2C, 0xFF, 0x6C, 0xF6, 0x89, 0xDC, 0x09, 0xCC, 0x09, 0xCC,
    0x29, 0xD4, 0x29, 0xD4, 0x09, 0xD4, 0x09, 0xCC, 0x6A, 0xDC, 0x0B, 0xE5,
    0x4C, 0xF5, 0x4C, 0xED, 0x4C, 0xED, 0x4C, 0xED, 0x4C, 0xED, 0x4C, 0xED,
    0x4C, 0xED, 0x4C, 0xED, 0x4C, 0xED, 0x4C, 0xED, 0x4C, 0xED, 0x4C, 0xED,
    0x4C, 0xED, 0x4C, 0xED, 0x4C, 0xED, 0x4C, 0xED, 0x4C, 0xED, 0x4C, 0xED,
    0x4C, 0xED, 0x6C, 0xED, 0x4C, 0xED, 0x6C, 0xED, 0x6C, 0xFE, 0x0C, 0xFF,
    0x2C, 0xFF, 0x0C, 0xFF, 0x0C, 0xFF, 0x0C, 0xFF, 0x0C, 0xFF, 0x0C, 0xFF,
    0x0C, 0xFF, 0x0C, 0xFF, 0x0C, 0xFF, 0x0C, 0xFF, 0x2C, 0xFF, 0x2C, 0xFF,
    0x0C, 0xFF, 0xEC, 0xFE, 0x00, 0x00, 0xEF, 0xFF, 0xE0, 0xFF, 0x00, 0x00,
    0x00, 0x00, 0x00, 0x00, 0x00, 0x00, 0x00, 0x00, 0x00, 0x00, 0x00, 0x00,
    0x00, 0x00, 0x00, 0x00, 0x00, 0x00, 0x00, 0x00, 0x00, 0x00, 0x00, 0x00,
    0x00, 0x00, 0x00, 0x00, 0x00, 0x00, 0x00, 0x00, 0x00, 0x00, 0x00, 0x00,
    0x00, 0x00, 0x00, 0x00, 0x00, 0x00, 0x00, 0x00, 0x00, 0x00, 0x00, 0x00,
    0x00, 0x00, 0x00, 0x00, 0x00, 0x00, 0x00, 0x00, 0x00, 0x00, 0x00, 0x00,
    0x00, 0x00, 0x00, 0x00, 0x00, 0x00, 0x00, 0x00, 0x00, 0x00, 0x00, 0x00,
    0x00, 0x00, 0x00, 0x00, 0x00, 0x00, 0x00, 0x00, 0x00, 0x00, 0x00, 0x00,
    0x00, 0x00, 0x00, 0x00, 0x00, 0x00, 0xFF, 0xFF, 0xFF, 0xBD, 0x5F, 0xD5,
    0x7C, 0xBD, 0xBD, 0xCD, 0x9D, 0xCD, 0xBE, 0xCD, 0xFF, 0xD5, 0x9D, 0xCD,
    0x00, 0x00, 0x5A, 0xD5, 0x5A, 0xAD, 0x1F, 0x00, 0x00, 0x00, 0x00, 0x00,
    0x00, 0x00, 0x00, 0x00, 0x00, 0x00, 0x00, 0x00, 0x00, 0x00, 0x00, 0x00,
    0x00, 0x00, 0x00, 0x00, 0x00, 0x00, 0x00, 0x00, 0x00, 0x00, 0x00, 0x00,
    0x00, 0x00, 0x00, 0x00, 0x00, 0x00, 0x00, 0x00, 0x00, 0x00, 0x00, 0x00,
    0x00, 0x00, 0x00, 0x00, 0x00, 0x00, 0x00, 0x00, 0x00, 0x00, 0x00, 0x00,
    0x00, 0x00, 0x4A, 0xFD, 0xE7, 0xFD, 0x0C, 0xFF, 0xAD, 0xFF, 0x0C, 0xFF,
    0x0C, 0xFF, 0x0C, 0xFF, 0x0C, 0xFF, 0x0C, 0xFF, 0x0C, 0xFF, 0x0C, 0xFF,
    0x0C, 0xFF, 0x0C, 0xFF, 0x0C, 0xFF, 0x0C, 0xFF, 0x0C, 0xFF, 0x0C, 0xFF,
    0x0C, 0xFF, 0x0C, 0xFF, 0x0C, 0xFF, 0x0C, 0xFF, 0x0C, 0xFF, 0x0C, 0xFF,
    0x0C, 0xFF, 0x2B, 0xF6, 0x49, 0xD4, 0xE9, 0xCB, 0x29, 0xD4, 0x29, 0xD4,
    0x29, 0xD4, 0x29, 0xD4, 0x09, 0xCC, 0x6A, 0xDC, 0x2C, 0xED, 0x4C, 0xED,
    0x4C, 0xED, 0x4C, 0xED, 0x4C, 0xED, 0x4C, 0xED, 0x4C, 0xED, 0x4C, 0xED,
    0x4C, 0xED, 0x4C, 0xED, 0x4C, 0xED, 0x4C, 0xED, 0x4C, 0xED, 0x4C, 0xED,
    0x4C, 0xED, 0x4C, 0xED, 0x4C, 0xED, 0x4C, 0xED, 0x4C, 0xED, 0x4C, 0xED,
    0x4C, 0xED, 0x4C, 0xED, 0x8C, 0xF5, 0x8C, 0xFE, 0x2C, 0xFF, 0x0C, 0xFF,
    0x0C, 0xFF, 0x0C, 0xFF, 0x0C, 0xFF, 0x0C, 0xFF, 0x0C, 0xFF, 0x0C, 0xFF,
    0x0C, 0xFF, 0x0C, 0xFF, 0x0C, 0xFF, 0x4D, 0xFF, 0x0C, 0xFF, 0x0C, 0xFF,
    0x0C, 0xFF, 0x00, 0x00, 0xE7, 0xFD, 0x00, 0x00, 0x00, 0x00, 0x00, 0x00,
    0x00, 0x00, 0x00, 0x00, 0x00, 0x00, 0x00, 0x00, 0x00, 0x00, 0x00, 0x00,
    0x00, 0x00, 0x00, 0x00, 0x00, 0x00, 0x00, 0x00, 0x00, 0x00, 0x00, 0x00,
    0x00, 0x00, 0x00, 0x00, 0x00, 0x00, 0x00, 0x00, 0x00, 0x00, 0x00, 0x00,
    0x00, 0x00, 0x00, 0x00, 0x00, 0x00, 0x00, 0x00, 0x00, 0x00, 0x00, 0x00,
    0x00, 0x00, 0x00, 0x00, 0x00, 0x00, 0x00, 0x00, 0x00, 0x00, 0x00, 0x00,
    0x00, 0x00, 0x00, 0x00, 0x00, 0x00, 0x00, 0x00, 0x00, 0x00, 0x00, 0x00,
    0x00, 0x00, 0x00, 0x00, 0x00, 0x00, 0x00, 0x00, 0x00, 0x00, 0x00, 0x00,
    0x00, 0x00, 0x00, 0x00, 0x55, 0xAD, 0x00, 0x00, 0xFB, 0xBC, 0xBE, 0xCD,
    0xBD, 0xCD, 0x1F, 0xDE, 0x9D, 0xCD, 0xBD, 0xC5, 0xFF, 0xFF, 0x00, 0x00,
    0xEF, 0x7B, 0x00, 0x00, 0x00, 0x00, 0x00, 0x00, 0x00, 0x00, 0x00, 0x00,
    0x00, 0x00, 0x00, 0x00, 0x00, 0x00, 0x00, 0x00, 0x00, 0x00, 0x00, 0x00,
    0x00, 0x00, 0x00, 0x00, 0x00, 0x00, 0x00, 0x00, 0x00, 0x00, 0x00, 0x00,
    0x00, 0x00, 0x00, 0x00, 0x00, 0x00, 0x00, 0x00, 0x00, 0x00, 0x00, 0x00,
    0x00, 0x00, 0x00, 0x00, 0x00, 0x00, 0xFF, 0xFF, 0x00, 0x00, 0xEF, 0xFB,
    0x2C, 0xFF, 0x0C, 0xFF, 0x6D, 0xFF, 0x0C, 0xFF, 0x0C, 0xFF, 0x0C, 0xFF,
    0x0C, 0xFF, 0x0C, 0xFF, 0x0C, 0xFF, 0x0C, 0xFF, 0x0C, 0xFF, 0x0C, 0xFF,
    0x0B, 0xFF, 0x0C, 0xFF, 0x0C, 0xFF, 0x0C, 0xFF, 0x0C, 0xFF, 0x0C, 0xFF,
    0x0C, 0xFF, 0x0C, 0xFF, 0x0C, 0xFF, 0x0C, 0xFF, 0x2C, 0xFF, 0xEC, 0xFE,
    0x6A, 0xE5, 0x49, 0xD4, 0x09, 0xCC, 0x29, 0xD4, 0x29, 0xD4, 0x29, 0xD4,
    0x29, 0xD4, 0x09, 0xCC, 0x8A, 0xDC, 0x4C, 0xED, 0x4C, 0xED, 0x4C, 0xED,
    0x4C, 0xED, 0x4C, 0xED, 0x4C, 0xED, 0x4C, 0xED, 0x4C, 0xED, 0x4C, 0xED,
    0x4C, 0xED, 0x4C, 0xED, 0x4C, 0xED, 0x4C, 0xED, 0x4C, 0xED, 0x4C, 0xED,
    0x4C, 0xED, 0x4C, 0xED, 0x4C, 0xED, 0x4C, 0xED, 0x4C, 0xED, 0x4C, 0xED,
    0x4C, 0xED, 0xAC, 0xF5, 0xAC, 0xFE, 0x2C, 0xFF, 0x0C, 0xFF, 0x0C, 0xFF,
    0x0C, 0xFF, 0x0C, 0xFF, 0x0C, 0xFF, 0x0C, 0xFF, 0x0C, 0xFF, 0x0C, 0xFF,
    0x0C, 0xFF, 0x0C, 0xFF, 0x2D, 0xFF, 0x2D, 0xFF, 0x0C, 0xFF, 0xED, 0xFF,
    0xEF, 0xFF, 0xE0, 0xFF, 0x00, 0x00, 0x00, 0x00, 0x00, 0x00, 0x00, 0x00,
    0x00, 0x00, 0x00, 0x00, 0x00, 0x00, 0x00, 0x00, 0x00, 0x00, 0x00, 0x00,
    0x00, 0x00, 0x00, 0x00, 0x00, 0x00, 0x00, 0x00, 0x00, 0x00, 0x00, 0x00,
    0x00, 0x00, 0x00, 0x00, 0x00, 0x00, 0x00, 0x00, 0x00, 0x00, 0x00, 0x00,
    0x00, 0x00, 0x00, 0x00, 0x00, 0x00, 0x00, 0x00, 0x00, 0x00, 0x00, 0x00,
    0x00, 0x00, 0x00, 0x00, 0x00, 0x00, 0x00, 0x00, 0x00, 0x00, 0x00, 0x00,
    0x00, 0x00, 0x00, 0x00, 0x00, 0x00, 0x00, 0x00, 0x00, 0x00, 0x00, 0x00,
    0x00, 0x00, 0x00, 0x00, 0x00, 0x00, 0x00, 0x00, 0x00, 0x00, 0x00, 0x00,
    0x00, 0x00, 0x7F, 0xCE, 0x00, 0x00, 0x9E, 0xCD, 0x9D, 0xCD, 0x5F, 0xE6,
    0x9D, 0xCD, 0xBD, 0xCD, 0x00, 0x00, 0x00, 0x00, 0x1F, 0xF8, 0x00, 0x00,
    0x00, 0x00, 0x00, 0x00, 0x00, 0x00, 0x00, 0x00, 0x00, 0x00, 0x00, 0x00,
    0x00, 0x00, 0x00, 0x00, 0x00, 0x00, 0x00, 0x00, 0x00, 0x00, 0x00, 0x00,
    0x00, 0x00, 0x00, 0x00, 0x00, 0x00, 0x00, 0x00, 0x00, 0x00, 0x00, 0x00,
    0x00, 0x00, 0x00, 0x00, 0x00, 0x00, 0x00, 0x00, 0x00, 0x00, 0x00, 0x00,
    0x00, 0x00, 0xEF, 0xFF, 0x00, 0x00, 0x00, 0x00, 0x0C, 0xFF, 0x4D, 0xFF,
    0x0C, 0xFF, 0x0C, 0xFF, 0x0C, 0xFF, 0x0C, 0xFF, 0x0C, 0xFF, 0x0C, 0xFF,
    0x0C, 0xFF, 0x0C, 0xFF, 0x0D, 0xFF, 0x52, 0xFF, 0xB8, 0xFF, 0x97, 0xFF,
    0x53, 0xFF, 0x0D, 0xFF, 0x0B, 0xFF, 0x0D, 0xFF, 0x0C, 0xFF, 0x0C, 0xFF,
    0x0C, 0xFF, 0x0C, 0xFF, 0x0C, 0xFF, 0x2C, 0xFF, 0xEC, 0xFE, 0x0A, 0xDD,
    0x09, 0xCC, 0x29, 0xD4, 0x29, 0xD4, 0x29, 0xD4, 0x29, 0xD4, 0x09, 0xCC,
    0x29, 0xD4, 0x8A, 0xDC, 0x4C, 0xED, 0x4C, 0xF5, 0x4C, 0xED, 0x4C, 0xED,
    0x4C, 0xED, 0x4C, 0xED, 0x4C, 0xED, 0x4C, 0xED, 0x4C, 0xED, 0x4C, 0xED,
    0x4C, 0xED, 0x4C, 0xED, 0x4C, 0xED, 0x4C, 0xED, 0x4C, 0xED, 0x4C, 0xED,
    0x4C, 0xED, 0x4C, 0xED, 0x4C, 0xED, 0x4C, 0xED, 0x4C, 0xED, 0x2C, 0xED,
    0xEC, 0xF5, 0xEC, 0xFE, 0x0C, 0xFF, 0x0C, 0xFF, 0x0C, 0xFF, 0x0C, 0xFF,
    0x0C, 0xFF, 0x0C, 0xFF, 0x0C, 0xFF, 0x0C, 0xFF, 0x0C, 0xFF, 0x0C, 0xFF,
    0x0C, 0xFF, 0x4D, 0xFF, 0x2C, 0xFF, 0x0C, 0xFF, 0x00, 0x00, 0x6C, 0xFE,
    0x00, 0x00, 0x00, 0x00, 0x00, 0x00, 0x00, 0x00, 0x00, 0x00, 0x00, 0x00,
    0x00, 0x00, 0x00, 0x00, 0x00, 0x00, 0x00, 0x00, 0x00, 0x00, 0x00, 0x00,
    0x00, 0x00, 0x00, 0x00, 0x00, 0x00, 0x00, 0x00, 0x00, 0x00, 0x00, 0x00,
    0x00, 0x00, 0x00, 0x00, 0x00, 0x00, 0x00, 0x00, 0x00, 0x00, 0x00, 0x00,
    0x00, 0x00, 0x00, 0x00, 0x00, 0x00, 0x00, 0x00, 0x00, 0x00, 0x00, 0x00,
    0xFF, 0x07, 0x00, 0x00, 0x00, 0x00, 0x00, 0x00, 0x00, 0x00, 0x00, 0x00,
    0x00, 0x00, 0x00, 0x00, 0x00, 0x00, 0x00, 0x00, 0x00, 0x00, 0x00, 0x00,
    0x00, 0x00, 0x00, 0x00, 0x00, 0x00, 0x00, 0x00, 0x00, 0x00, 0x7F, 0xCE,
    0x00, 0x00, 0x5F, 0xC5, 0xBD, 0xCD, 0x1F, 0xDE, 0x9D, 0xCD, 0xFF, 0xFF,
    0x5F, 0xAD, 0x00, 0x00, 0x00, 0x00, 0x00, 0x00, 0x00, 0x00, 0x00, 0x00,
    0x00, 0x00, 0x00, 0x00, 0x00, 0x00, 0x00, 0x00, 0x00, 0x00, 0x00, 0x00,
    0x00, 0x00, 0x00, 0x00, 0x00, 0x00, 0x00, 0x00, 0x00, 0x00, 0x00, 0x00,
    0x00, 0x00, 0x00, 0x00, 0x00, 0x00, 0x00, 0x00, 0x00, 0x00, 0x00, 0x00,
    0x00, 0x00, 0x00, 0x00, 0x00, 0x00, 0x00, 0x00, 0xE0, 0xFF, 0xE0, 0xFF,
    0xEF, 0xFF, 0x0C, 0xFF, 0x0C, 0xFF, 0xAD, 0xFF, 0x0C, 0xFF, 0x0C, 0xFF,
    0x0C, 0xFF, 0x0C, 0xFF, 0x0C, 0xFF, 0x0C, 0xFF, 0x0C, 0xFF, 0x0C, 0xFF,
    0x74, 0xFF, 0xDC, 0xFF, 0xFF, 0xFF, 0xFF, 0xFF, 0xDC, 0xFF, 0x73, 0xFF,
    0x0D, 0xFF, 0x0C, 0xFF, 0x0C, 0xFF, 0x0C, 0xFF, 0x0C, 0xFF, 0x0C, 0xFF,
    0x0C, 0xFF, 0x0C, 0xFF, 0x2C, 0xFF, 0x6C, 0xF6, 0xCA, 0xDC, 0xE9, 0xCB,
    0x29, 0xD4, 0x29, 0xD4, 0x29, 0xD4, 0x29, 0xD4, 0x09, 0xD4, 0x29, 0xD4,
    0xCB, 0xE4, 0x4C, 0xED, 0x6D, 0xF5, 0x4C, 0xED, 0x4C, 0xED, 0x4C, 0xED,
    0x4C, 0xED, 0x4C, 0xED, 0x4C, 0xED, 0x4C, 0xED, 0x4C, 0xED, 0x4C, 0xED,
    0x4C, 0xED, 0x4C, 0xED, 0x4C, 0xED, 0x4C, 0xED, 0x4C, 0xED, 0x4C, 0xED,
    0x4C, 0xED, 0x4C, 0xED, 0x4C, 0xED, 0x4C, 0xED, 0x6C, 0xF5, 0x2C, 0xF6,
    0x0C, 0xFF, 0x0C, 0xFF, 0x0C, 0xFF, 0x0C, 0xFF, 0x0C, 0xFF, 0x0C, 0xFF,
    0x0C, 0xFF, 0x0C, 0xFF, 0x0C, 0xFF, 0x0C, 0xFF, 0x0C, 0xFF, 0x0C, 0xFF,
    0x8D, 0xFF, 0xEC, 0xFE, 0x2D, 0xFF, 0x00, 0x00, 0xE0, 0xFF, 0xFF, 0xFF,
    0x00, 0x00, 0x00, 0x00, 0x00, 0x00, 0x00, 0x00, 0x00, 0x00, 0x00, 0x00,
    0x00, 0x00, 0x00, 0x00, 0x00, 0x00, 0x00, 0x00, 0x00, 0x00, 0x00, 0x00,
    0x00, 0x00, 0x00, 0x00, 0x00, 0x00, 0x00, 0x00, 0x00, 0x00, 0x00, 0x00,
    0x00, 0x00, 0x00, 0x00, 0x00, 0x00, 0x00, 0x00, 0x00, 0x00, 0x00, 0x00,
    0x00, 0x00, 0xEF, 0x7F, 0x79, 0x66, 0x79, 0x66, 0x55, 0x55, 0xF7, 0x7F,
    0xF9, 0x67, 0x55, 0x55, 0x00, 0x00, 0x00, 0x00, 0x00, 0x00, 0x00, 0x00,
    0x00, 0x00, 0x00, 0x00, 0x00, 0x00, 0x00, 0x00, 0x00, 0x00, 0x00, 0x00,
    0x00, 0x00, 0x00, 0x00, 0x00, 0x00, 0xFF, 0x7B, 0x00, 0x00, 0x5F, 0xAD,
    0xBE, 0xC5, 0x7D, 0xC5, 0x9D, 0xCD, 0x00, 0x00, 0x5F, 0xAD, 0x00, 0x00,
    0x00, 0x00, 0x00, 0x00, 0x00, 0x00, 0x00, 0x00, 0x00, 0x00, 0x00, 0x00,
    0x00, 0x00, 0x00, 0x00, 0x00, 0x00, 0x00, 0x00, 0x00, 0x00, 0x00, 0x00,
    0x00, 0x00, 0x00, 0x00, 0x00, 0x00, 0x00, 0x00, 0x00, 0x00, 0x00, 0x00,
    0x00, 0x00, 0x00, 0x00, 0x00, 0x00, 0x00, 0x00, 0x00, 0x00, 0x00, 0x00,
    0x00, 0x00, 0x00, 0x00, 0xF5, 0xFF, 0x00, 0x00, 0xEA, 0xFF, 0x0C, 0xFF,
    0x0C, 0xFF, 0x6D, 0xFF, 0x0C, 0xFF, 0x0C, 0xFF, 0x0C, 0xFF, 0x0C, 0xFF,
    0x0C, 0xFF, 0x0C, 0xFF, 0x0C, 0xFF, 0x2F, 0xFF, 0xDC, 0xFF, 0xFF, 0xFF,
    0xFF, 0xFF, 0xFF, 0xFF, 0xFF, 0xFF, 0xDB, 0xFF, 0x51, 0xFF, 0x0B, 0xFF,
    0x0C, 0xFF, 0x0C, 0xFF, 0x0C, 0xFF, 0x0C, 0xFF, 0x0C, 0xFF, 0x0C, 0xFF,
    0xEC, 0xFE, 0x2C, 0xFF, 0x2B, 0xF6, 0x89, 0xD4, 0x09, 0xCC, 0x29, 0xD4,
    0x29, 0xD4, 0x29, 0xD4, 0x29, 0xD4, 0x29, 0xD4, 0x29, 0xD4, 0xCB, 0xE4,
    0x4C, 0xED, 0x4C, 0xED, 0x4C, 0xED, 0x4C, 0xED, 0x4C, 0xED, 0x4C, 0xED,
    0x4C, 0xED, 0x4C, 0xED, 0x4C, 0xED, 0x4C, 0xED, 0x4C, 0xED, 0x4C, 0xED,
    0x4C, 0xED, 0x4C, 0xED, 0x4C, 0xED, 0x4C, 0xED, 0x4C, 0xED, 0x4C, 0xED,
    0x4C, 0xED, 0x6C, 0xED, 0x2C, 0xED, 0x8C, 0xF5, 0x8C, 0xFE, 0x0C, 0xFF,
    0x0C, 0xFF, 0x0C, 0xFF, 0x0C, 0xFF, 0x0C, 0xFF, 0x0C, 0xFF, 0x0C, 0xFF,
    0x0C, 0xFF, 0x0C, 0xFF, 0x0C, 0xFF, 0x0C, 0xFF, 0x2C, 0xFF, 0x4C, 0xFF,
    0x0C, 0xFF, 0xEF, 0xFF, 0x00, 0x00, 0xEF, 0xFB, 0x00, 0x00, 0x00, 0x00,
    0x00, 0x00, 0x00, 0x00, 0x00, 0x00, 0x00, 0x00, 0x00, 0x00, 0x00, 0x00,
    0x00, 0x00, 0x00, 0x00, 0x00, 0x00, 0x00, 0x00, 0x00, 0x00, 0x00, 0x00,
    0x00, 0x00, 0x00, 0x00, 0x00, 0x00, 0x00, 0x00, 0x00, 0x00, 0x00, 0x00,
    0x00, 0x00, 0x00, 0x00, 0x00, 0x00, 0x00, 0x00, 0xEF, 0x7B, 0x00, 0x00,
    0x00, 0x00, 0x00, 0x00, 0x00, 0x00, 0x00, 0x00, 0x00, 0x00, 0x00, 0x00,
    0xFF, 0xFF, 0x00, 0x00, 0x00, 0x00, 0x00, 0x00, 0x00, 0x00, 0x00, 0x00,
    0x00, 0x00, 0x00, 0x00, 0x00, 0x00, 0x00, 0x00, 0x00, 0x00, 0x00, 0x00,
    0x00, 0x00, 0x00, 0x00, 0x00, 0x00, 0x00, 0x00, 0x1F, 0x00, 0x9F, 0xE5,
    0x5C, 0xC5, 0x1F, 0xF8, 0x00, 0x00, 0x00, 0x00, 0x00, 0x00, 0x00, 0x00,
    0x00, 0x00, 0x00, 0x00, 0x00, 0x00, 0x00, 0x00, 0x00, 0x00, 0x00, 0x00,
    0x00, 0x00, 0x00, 0x00, 0x00, 0x00, 0x00, 0x00, 0x00, 0x00, 0x00, 0x00,
    0x00, 0x00, 0x00, 0x00, 0x00, 0x00, 0x00, 0x00, 0x00, 0x00, 0x00, 0x00,
    0x00, 0x00, 0x00, 0x00, 0x00, 0x00, 0x00, 0x00, 0x00, 0x00, 0x00, 0x00,
    0x6C, 0xFE, 0x00, 0x00, 0xEB, 0xFE, 0x0C, 0xFF, 0x2C, 0xFF, 0x0C, 0xFF,
    0x0C, 0xFF, 0x0C, 0xFF, 0x0C, 0xFF, 0x0C, 0xFF, 0x0D, 0xFF, 0x0C, 0xFF,
    0x0D, 0xFF, 0x96, 0xFF, 0xFE, 0xFF, 0xFF, 0xFF, 0xFF, 0xFF, 0xFF, 0xFF,
    0xFF, 0xFF, 0xDD, 0xFF, 0x73, 0xFF, 0x0B, 0xFF, 0x0D, 0xFF, 0x0C, 0xFF,
    0x0C, 0xFF, 0x0C, 0xFF, 0x0C, 0xFF, 0x0C, 0xFF, 0x0C, 0xFF, 0x0C, 0xFF,
    0x2C, 0xFF, 0x0B, 0xF6, 0x49, 0xD4, 0x09, 0xCC, 0x09, 0xD4, 0x29, 0xD4,
    0x29, 0xD4, 0x29, 0xD4, 0x29, 0xD4, 0x29, 0xD4, 0xCB, 0xE4, 0x4C, 0xED,
    0x4C, 0xED, 0x4C, 0xED, 0x4C, 0xED, 0x4C, 0xED, 0x4C, 0xED, 0x4C, 0xED,
    0x4C, 0xED, 0x4C, 0xED, 0x4C, 0xED, 0x4C, 0xED, 0x4C, 0xED, 0x4C, 0xED,
    0x4C, 0xED, 0x4C, 0xED, 0x4C, 0xED, 0x4C, 0xED, 0x4C, 0xED, 0x4C, 0xED,
    0x4C, 0xED, 0x4C, 0xED, 0xAC, 0xF5, 0xEC, 0xFE, 0x2C, 0xFF, 0x0C, 0xFF,
    0x0C, 0xFF, 0x0C, 0xFF, 0x0C, 0xFF, 0x0C, 0xFF, 0x0C, 0xFF, 0x0C, 0xFF,
    0x0C, 0xFF, 0x0C, 0xFF, 0x0C, 0xFF, 0x8E, 0xFF, 0x0D, 0xFF, 0x2C, 0xFF,
    0x00, 0x00, 0x00, 0x00, 0xEF, 0xFF, 0x00, 0x00, 0x00, 0x00, 0x00, 0x00,
    0x00, 0x00, 0x00, 0x00, 0x00, 0x00, 0x00, 0x00, 0x00, 0x00, 0x00, 0x00,
    0x00, 0x00, 0x00, 0x00, 0x00, 0x00, 0x00, 0x00, 0x00, 0x00, 0x00, 0x00,
    0x00, 0x00, 0x00, 0x00, 0x00, 0x00, 0x00, 0x00, 0x00, 0x00, 0x00, 0x00,
    0x00, 0x00, 0x00, 0x00, 0x00, 0x00, 0xEF, 0x7B, 0x57, 0x7F, 0x58, 0x77,
    0x38, 0x77, 0x38, 0x6F, 0x77, 0x77, 0xF7, 0x7F, 0x00, 0x00, 0x00, 0x00,
    0x00, 0x00, 0x00, 0x00, 0x00, 0x00, 0x00, 0x00, 0x00, 0x00, 0x00, 0x00,
    0x00, 0x00, 0x00, 0x00, 0x00, 0x00, 0x00, 0x00, 0x00, 0x00, 0x00, 0x00,
    0x00, 0x00, 0x00, 0x00, 0xFF, 0xFF, 0xFF, 0xFF, 0x00, 0x00, 0x00, 0x00,
    0x00, 0x00, 0x00, 0x00, 0x00, 0x00, 0x00, 0x00, 0x00, 0x00, 0x00, 0x00,
    0x00, 0x00, 0x00, 0x00, 0x00, 0x00, 0x00, 0x00, 0x00, 0x00, 0x00, 0x00,
    0x00, 0x00, 0x00, 0x00, 0x00, 0x00, 0x00, 0x00, 0x00, 0x00, 0x00, 0x00,
    0x00, 0x00, 0x00, 0x00, 0x00, 0x00, 0x00, 0x00, 0x00, 0x00, 0x00, 0x00,
    0x00, 0x00, 0x00, 0x00, 0x00, 0x00, 0xEF, 0xFF, 0x00, 0x00, 0x00, 0x00,
    0x0C, 0xFF, 0x0C, 0xFF, 0x6D, 0xFF, 0x0C, 0xFF, 0x0C, 0xFF, 0x0C, 0xFF,
    0x0C, 0xFF, 0x0C, 0xFF, 0x0D, 0xFF, 0x0B, 0xFF, 0x2E, 0xFF, 0xDC, 0xFF,
    0xFF, 0xFF, 0xFF, 0xFF, 0xFF, 0xFF, 0xFF, 0xFF, 0xFF, 0xFF, 0xDB, 0xFF,
    0x51, 0xFF, 0x0B, 0xFF, 0x0D, 0xFF, 0x0C, 0xFF, 0x0C, 0xFF, 0x0C, 0xFF,
    0x0C, 0xFF, 0x0C, 0xFF, 0x0C, 0xFF, 0x0C, 0xFF, 0x2C, 0xFF, 0xEC, 0xFE,
    0xEB, 0xED, 0x29, 0xD4, 0x09, 0xCC, 0x29, 0xD4, 0x29, 0xD4, 0x29, 0xD4,
    0x29, 0xD4, 0x09, 0xD4, 0x49, 0xD4, 0xCB, 0xE4, 0x4C, 0xF5, 0x4C, 0xED,
    0x4C, 0xED, 0x4C, 0xED, 0x4C, 0xED, 0x4C, 0xED, 0x4C, 0xED, 0x4C, 0xED,
    0x4C, 0xED, 0x4C, 0xED, 0x4C, 0xED, 0x4C, 0xED, 0x4C, 0xED, 0x4C, 0xED,
    0x4C, 0xED, 0x4C, 0xED, 0x4C, 0xED, 0x4C, 0xED, 0x4C, 0xED, 0x4C, 0xED,
    0x4C, 0xED, 0x2C, 0xF6, 0xEC, 0xFE, 0x2C, 0xFF, 0x0C, 0xFF, 0x0C, 0xFF,
    0x0C, 0xFF, 0x0C, 0xFF, 0x0C, 0xFF, 0x0C, 0xFF, 0x0C, 0xFF, 0x0D, 0xFF,
    0xF1, 0xD6, 0xD4, 0xBE, 0x12, 0xDF, 0x0E, 0xF7, 0x84, 0xFF, 0x00, 0x00,
    0xF3, 0xCF, 0x00, 0xF8, 0x00, 0x00, 0x00, 0x00, 0x00, 0x00, 0x00, 0x00,
    0x00, 0x00, 0x00, 0x00, 0x00, 0x00, 0x00, 0x00, 0x00, 0x00, 0x00, 0x00,
    0x00, 0x00, 0x00, 0x00, 0x00, 0x00, 0x00, 0x00, 0x00, 0x00, 0x00, 0x00,
    0x00, 0x00, 0x00, 0x00, 0x00, 0x00, 0x00, 0x00, 0x00, 0x00, 0xEF, 0x7B,
    0x00, 0x00, 0x78, 0x77, 0x58, 0x7F, 0x58, 0x7F, 0x58, 0x7F, 0x58, 0x7F,
    0x58, 0x7F, 0x58, 0x7F, 0x00, 0x00, 0xFF, 0x07, 0x00, 0x00, 0x00, 0x00,
    0x00, 0x00, 0x00, 0x00, 0x00, 0x00, 0x00, 0x00, 0x00, 0x00, 0x00, 0x00,
    0x00, 0x00, 0x00, 0x00, 0x00, 0x00, 0x00, 0x00, 0x00, 0x00, 0x00, 0x00,
    0x00, 0x00, 0x00, 0x00, 0x00, 0x00, 0x00, 0x00, 0x00, 0x00, 0x00, 0x00,
    0x00, 0x00, 0x00, 0x00, 0x00, 0x00, 0x00, 0x00, 0x00, 0x00, 0x00, 0x00,
    0x00, 0x00, 0x00, 0x00, 0x00, 0x00, 0x00, 0x00, 0x00, 0x00, 0x00, 0x00,
    0x00, 0x00, 0x00, 0x00, 0x00, 0x00, 0x00, 0x00, 0x00, 0x00, 0x00, 0x00,
    0x00, 0x00, 0x00, 0x00, 0x00, 0x00, 0x00, 0x00, 0x00, 0x00, 0x00, 0x00,
    0x00, 0x00, 0xEF, 0xFF, 0xFF, 0xFF, 0x0C, 0xFF, 0xEC, 0xFE, 0x0C, 0xFF,
    0x4D, 0xFF, 0x0C, 0xFF, 0x0C, 0xFF, 0x0C, 0xFF, 0x0C, 0xFF, 0x0C, 0xFF,
    0x0C, 0xFF, 0x0C, 0xFF, 0x51, 0xFF, 0xFE, 0xFF, 0xFF, 0xFF, 0xFF, 0xFF,
    0xFF, 0xFF, 0xFF, 0xFF, 0xFF, 0xFF, 0x97, 0xFF, 0x2E, 0xFF, 0x0C, 0xFF,
    0x0C, 0xFF, 0x0C, 0xFF, 0x0C, 0xFF, 0x0C, 0xFF, 0x0C, 0xFF, 0x0C, 0xFF,
    0x0C, 0xFF, 0x0C, 0xFF, 0x0C, 0xFF, 0x2C, 0xFF, 0xEC, 0xFE, 0x6B, 0xE5,
    0x29, 0xD4, 0x09, 0xCC, 0x29, 0xD4, 0x29, 0xD4, 0x29, 0xD4, 0x29, 0xD4,
    0x09, 0xCC, 0x49, 0xD4, 0xEB, 0xE4, 0x6C, 0xF5, 0x4C, 0xF5, 0x4C, 0xED,
    0x4C, 0xED, 0x4C, 0xED, 0x4C, 0xED, 0x4C, 0xED, 0x4C, 0xED, 0x4C, 0xED,
    0x4C, 0xED, 0x4C, 0xED, 0x4C, 0xED, 0x4C, 0xED, 0x4C, 0xED, 0x4C, 0xED,
    0x4C, 0xED, 0x4C, 0xED, 0x4C, 0xED, 0x4C, 0xED, 0x4C, 0xED, 0x6C, 0xED,
    0x8C, 0xFE, 0x2C, 0xFF, 0x0C, 0xFF, 0x0C, 0xFF, 0x0C, 0xFF, 0x0D, 0xFF,
    0x2B, 0xFF, 0x0D, 0xF7, 0xB5, 0xBE, 0x19, 0xA6, 0xFB, 0x9D, 0xFC, 0x95,
    0x1B, 0x9E, 0x3A, 0xA6, 0x78, 0x9E, 0x16, 0xAF, 0x00, 0x00, 0x55, 0xAD,
    0x00, 0x00, 0x00, 0x00, 0x00, 0x00, 0x00, 0x00, 0x00, 0x00, 0x00, 0x00,
    0x00, 0x00, 0x00, 0x00, 0x00, 0x00, 0x00, 0x00, 0x00, 0x00, 0x00, 0x00,
    0x00, 0x00, 0x00, 0x00, 0x00, 0x00, 0x00, 0x00, 0x00, 0x00, 0x00, 0x00,
    0x00, 0x00, 0xEF, 0x7B, 0x00, 0x00, 0x00, 0x00, 0x58, 0x7F, 0x38, 0x77,
    0x58, 0x77, 0xD9, 0x7F, 0xDA, 0x87, 0xDA, 0x7F, 0x99, 0x7F, 0x58, 0x77,
    0x58, 0x77, 0xB5, 0x7E, 0x00, 0x00, 0xFF, 0xAF, 0x00, 0x00, 0x00, 0x00,
    0x00, 0x00, 0x00, 0x00, 0x00, 0x00, 0x00, 0x00, 0x00, 0x00, 0x00, 0x00,
    0x00, 0x00, 0x00, 0x00, 0x00, 0x00, 0x00, 0x00, 0x00, 0x00, 0x00, 0x00,
    0x00, 0x00, 0x00, 0x00, 0x00, 0x00, 0x00, 0x00, 0x00, 0x00, 0x00, 0x00,
    0x00, 0x00, 0x00, 0x00, 0x00, 0x00, 0x00, 0x00, 0x00, 0x00, 0x00, 0x00,
    0x00, 0x00, 0x00, 0x00, 0x00, 0x00, 0x00, 0x00, 0x00, 0x00, 0x00, 0x00,
    0x00, 0x00, 0x00, 0x00, 0x00, 0x00, 0x00, 0x00, 0x00, 0x00, 0x00, 0x00,
    0x00, 0x00, 0x00, 0x00, 0x00, 0x00, 0x00, 0x00, 0x00, 0x00, 0xEC, 0xFF,
    0x00, 0x00, 0x2C, 0xFF, 0x2D, 0xFF, 0x0C, 0xFF, 0x0C, 0xFF, 0x0C, 0xFF,
    0x0C, 0xFF, 0x0C, 0xFF, 0x0C, 0xFF, 0x0C, 0xFF, 0x0C, 0xFF, 0x0D, 0xFF,
    0x73, 0xFF, 0xFF, 0xFF, 0xFF, 0xFF, 0xFF, 0xFF, 0xFF, 0xFF, 0xFF, 0xFF,
    0xFF, 0xFF, 0x52, 0xFF, 0x0B, 0xFF, 0x0D, 0xFF, 0x0C, 0xFF, 0x0C, 0xFF,
    0x0C, 0xFF, 0x0C, 0xFF, 0x0C, 0xFF, 0x0C, 0xFF, 0x0C, 0xFF, 0x0C, 0xFF,
    0x0C, 0xFF, 0x0C, 0xFF, 0x0C, 0xFF, 0xCC, 0xFE, 0x4A, 0xE5, 0x29, 0xD4,
    0x09, 0xCC, 0x29, 0xD4, 0x29, 0xD4, 0x29, 0xD4, 0x09, 0xCC, 0x09, 0xCC,
    0x49, 0xD4, 0xEB, 0xE4, 0x6C, 0xED, 0x4D, 0xF5, 0x4C, 0xED, 0x4C, 0xED,
    0x4C, 0xED, 0x4C, 0xED, 0x4C, 0xED, 0x4C, 0xED, 0x4C, 0xED, 0x4C, 0xED,
    0x4C, 0xED, 0x4C, 0xED, 0x4C, 0xED, 0x4C, 0xED, 0x4C, 0xED, 0x4C, 0xED,
    0x4C, 0xED, 0x4C, 0xED, 0x4C, 0xED, 0x2C, 0xED, 0xEC, 0xF5, 0xCC, 0xFE,
    0x2C, 0xFF, 0x0C, 0xFF, 0x0C, 0xFF, 0x0C, 0xFF, 0x0E, 0xEF, 0xB4, 0xC6,
    0xFC, 0x8D, 0x9F, 0x7D, 0x9F, 0x85, 0xBE, 0x8D, 0x9F, 0x85, 0xBF, 0x85,
    0x7E, 0x9E, 0x3A, 0x8E, 0x98, 0x8E, 0x5A, 0xAD, 0xFF, 0x7F, 0x00, 0x00,
    0x00, 0x00, 0x00, 0x00, 0x00, 0x00, 0x00, 0x00, 0x00, 0x00, 0x00, 0x00,
    0x00, 0x00, 0x00, 0x00, 0x00, 0x00, 0x00, 0x00, 0x00, 0x00, 0x00, 0x00,
    0x00, 0x00, 0x00, 0x00, 0x00, 0x00, 0x00, 0x00, 0xFF, 0x07, 0xFF, 0xFF,
    0xFF, 0xFF, 0x58, 0x7F, 0x58, 0x77, 0xFA, 0x87, 0x58, 0x7F, 0x58, 0x7F,
    0x58, 0x77, 0x58, 0x7F, 0x58, 0x7F, 0xFA, 0x87, 0x58, 0x77, 0x58, 0x7F,
    0xFA, 0x7F, 0xFF, 0x7F, 0xFF, 0xFF, 0x00, 0x00, 0x00, 0x00, 0x00, 0x00,
    0x00, 0x00, 0x00, 0x00, 0x00, 0x00, 0x00, 0x00, 0x00, 0x00, 0x00, 0x00,
    0x00, 0x00, 0x00, 0x00, 0x00, 0x00, 0x00, 0x00, 0x00, 0x00, 0x00, 0x00,
    0x00, 0x00, 0x00, 0x00, 0x00, 0x00, 0x00, 0x00, 0x00, 0x00, 0x00, 0x00,
    0x00, 0x00, 0x00, 0x00, 0x00, 0x00, 0x00, 0x00, 0x00, 0x00, 0x00, 0x00,
    0x00, 0x00, 0x00, 0x00, 0x00, 0x00, 0x00, 0x00, 0x00, 0x00, 0x00, 0x00,
    0x00, 0x00, 0x00, 0x00, 0x00, 0x00, 0x00, 0x00, 0x00, 0x00, 0x00, 0x00,
    0x00, 0x00, 0x00, 0x00, 0x00, 0x00, 0xF5, 0xFF, 0x2C, 0xFF, 0xEC, 0xFE,
    0x6D, 0xFF, 0x2D, 0xFF, 0x0C, 0xFF, 0x0C, 0xFF, 0x0C, 0xFF, 0x0C, 0xFF,
    0x0C, 0xFF, 0x0C, 0xFF, 0x0C, 0xFF, 0x0C, 0xFF, 0x51, 0xFF, 0xFE, 0xFF,
    0xFF, 0xFF, 0xFF, 0xFF, 0xFF, 0xFF, 0xFF, 0xFF, 0xBA, 0xFF, 0x2F, 0xFF,
    0x0B, 0xFF, 0x0D, 0xFF, 0x0C, 0xFF, 0x0C, 0xFF, 0x0C, 0xFF, 0x0C, 0xFF,
    0x0C, 0xFF, 0x0C, 0xFF, 0x0C, 0xFF, 0x0C, 0xFF, 0x0C, 0xFF, 0x0C, 0xFF,
    0x0C, 0xFF, 0x2C, 0xFF, 0xAC, 0xFE, 0x2A, 0xE5, 0x29, 0xD4, 0x09, 0xCC,
    0x29, 0xD4, 0x29, 0xD4, 0x29, 0xD4, 0x29, 0xCC, 0x29, 0xCC, 0x4A, 0xD4,
    0xEB, 0xE4, 0x4C, 0xED, 0x4C, 0xF5, 0x4C, 0xED, 0x4C, 0xED, 0x4C, 0xED,
    0x4C, 0xED, 0x4C, 0xED, 0x4C, 0xED, 0x4C, 0xED, 0x4C, 0xED, 0x4C, 0xED,
    0x4C, 0xED, 0x4C, 0xED, 0x4C, 0xED, 0x4C, 0xED, 0x4C, 0xED, 0x4C, 0xED,
    0x4C, 0xED, 0x4C, 0xED, 0x4C, 0xF5, 0x4C, 0xF6, 0x2C, 0xFF, 0x0C, 0xFF,
    0x0D, 0xFF, 0x2B, 0xFF, 0xD2, 0xCE, 0x1C, 0x8E, 0xBE, 0x8D, 0xBD, 0x8D,
    0xBD, 0x8D, 0xBD, 0x8D, 0xDD, 0x8D, 0xBD, 0x8D, 0x9E, 0x8D, 0x7E, 0x96,
    0x3B, 0x8E, 0x00, 0x00, 0xF7, 0x7D, 0x00, 0x00, 0x00, 0x00, 0x00, 0x00,
    0x00, 0x00, 0x00, 0x00, 0x00, 0x00, 0x00, 0x00, 0x00, 0x00, 0x00, 0x00,
    0x00, 0x00, 0x00, 0x00, 0x00, 0x00, 0x00, 0x00, 0x00, 0x00, 0x00, 0x00,
    0x00, 0x00, 0x00, 0x00, 0xEF, 0x3D, 0x00, 0x00, 0xFA, 0x7F, 0x58, 0x7F,
    0x58, 0x77, 0xB9, 0x7F, 0x58, 0x7F, 0x58, 0x7F, 0x58, 0x7F, 0x58, 0x7F,
    0x58, 0x77, 0x99, 0x7F, 0x58, 0x7F, 0x58, 0x7F, 0xB8, 0x7F, 0x00, 0x00,
    0xFF, 0x7F, 0x00, 0x00, 0x00, 0x00, 0x00, 0x00, 0x00, 0x00, 0x00, 0x00,
    0x00, 0x00, 0x00, 0x00, 0x00, 0x00, 0x00, 0x00, 0x00, 0x00, 0x00, 0x00,
    0x00, 0x00, 0x00, 0x00, 0x00, 0x00, 0x00, 0x00, 0x00, 0x00, 0x00, 0x00,
    0x00, 0x00, 0x00, 0x00, 0x00, 0x00, 0x00, 0x00, 0x00, 0x00, 0x00, 0x00,
    0x00, 0x00, 0x00, 0x00, 0x00, 0x00, 0x00, 0x00, 0x00, 0x00, 0x00, 0x00,
    0x00, 0x00, 0x00, 0x00, 0x00, 0x00, 0x00, 0x00, 0x00, 0x00, 0x00, 0x00,
    0x00, 0x00, 0x00, 0x00, 0x00, 0x00, 0x00, 0x00, 0x00, 0x00, 0x00, 0x00,
    0xEF, 0xFF, 0x00, 0x00, 0x0D, 0xFF, 0x0C, 0xFF, 0x2C, 0xFF, 0x2C, 0xFF,
    0x0C, 0xFF, 0x0C, 0xFF, 0x0C, 0xFF, 0x0C, 0xFF, 0x0C, 0xFF, 0x0C, 0xFF,
    0x0D, 0xFF, 0x0B, 0xFF, 0x0D, 0xFF, 0xB8, 0xFF, 0xFE, 0xFF, 0xFF, 0xFF,
    0xFF, 0xFF, 0xDD, 0xFF, 0x51, 0xFF, 0x0C, 0xFF, 0x0C, 0xFF, 0x0C, 0xFF,
    0x0C, 0xFF, 0x0C, 0xFF, 0x0C, 0xFF, 0x0C, 0xFF, 0x0C, 0xFF, 0x0C, 0xFF,
    0x0C, 0xFF, 0x0C, 0xFF, 0x0C, 0xFF, 0x0C, 0xFF, 0x0C, 0xFF, 0x0C, 0xFF,
    0x2C, 0xFF, 0x8C, 0xF6, 0x2A, 0xE5, 0x09, 0xD4, 0x09, 0xD4, 0x29, 0xD4,
    0x29, 0xD4, 0x29, 0xD4, 0x29, 0xD4, 0x29, 0xD4, 0x49, 0xD4, 0xEB, 0xE4,
    0x4C, 0xED, 0x4C, 0xED, 0x4C, 0xED, 0x4C, 0xED, 0x4C, 0xED, 0x4C, 0xED,
    0x4C, 0xED, 0x4C, 0xED, 0x4C, 0xED, 0x4C, 0xED, 0x4C, 0xED, 0x4C, 0xED,
    0x4C, 0xED, 0x4C, 0xED, 0x4C, 0xED, 0x4C, 0xED, 0x4C, 0xED, 0x4C, 0xED,
    0x2C, 0xED, 0xCC, 0xF5, 0xCC, 0xFE, 0x0C, 0xFF, 0x0D, 0xFF, 0x2B, 0xFF,
    0x76, 0xBE, 0x9F, 0x7D, 0xDD, 0x8D, 0xBD, 0x8D, 0xBD, 0x8D, 0xBD, 0x8D,
    0xBD, 0x8D, 0xBD, 0x8D, 0xBD, 0x8D, 0x3F, 0x9E, 0xDD, 0x8D, 0xF3, 0x7F,
    0xFF, 0x7B, 0x00, 0x00, 0x00, 0x00, 0x00, 0x00, 0x00, 0x00, 0x00, 0x00,
    0x00, 0x00, 0x00, 0x00, 0x00, 0x00, 0x00, 0x00, 0x00, 0x00, 0x00, 0x00,
    0x00, 0x00, 0x00, 0x00, 0x00, 0x00, 0x00, 0x00, 0x00, 0x00, 0x00, 0x00,
    0xF7, 0x7F, 0x00, 0x00, 0x3A, 0x77, 0x58, 0x77, 0x58, 0x7F, 0x78, 0x7F,
    0x58, 0x77, 0x58, 0x7F, 0x58, 0x7F, 0x58, 0x7F, 0x58, 0x77, 0x78, 0x7F,
    0x58, 0x7F, 0x58, 0x77, 0x58, 0x77, 0x00, 0x00, 0xB5, 0x7E, 0x00, 0x00,
    0x00, 0x00, 0x00, 0x00, 0x00, 0x00, 0x00, 0x00, 0x00, 0x00, 0x00, 0x00,
    0x00, 0x00, 0x00, 0x00, 0x00, 0x00, 0x00, 0x00, 0x00, 0x00, 0x00, 0x00,
    0x00, 0x00, 0x00, 0x00, 0x00, 0x00, 0x00, 0x00, 0x00, 0x00, 0x00, 0x00,
    0x00, 0x00, 0x00, 0x00, 0x00, 0x00, 0x00, 0x00, 0x00, 0x00, 0x00, 0x00,
    0x00, 0x00, 0x00, 0x00, 0x00, 0x00, 0x00, 0x00, 0x00, 0x00, 0x00, 0x00,
    0x00, 0x00, 0x00, 0x00, 0x00, 0x00, 0x00, 0x00, 0x00, 0x00, 0x00, 0x00,
    0x00, 0x00, 0x00, 0x00, 0x00, 0x00, 0x00, 0x00, 0xEA, 0xFF, 0x00, 0x00,
    0x0D, 0xFF, 0x4D, 0xFF, 0x0C, 0xFF, 0x0C, 0xFF, 0x0C, 0xFF, 0x0C, 0xFF,
    0x0C, 0xFF, 0x0C, 0xFF, 0x0C, 0xFF, 0x0C, 0xFF, 0x0C, 0xFF, 0x0C, 0xFF,
    0x0C, 0xFF, 0x0D, 0xFF, 0x73, 0xFF, 0x97, 0xFF, 0x95, 0xFF, 0x50, 0xFF,
    0x0D, 0xFF, 0x0C, 0xFF, 0x0C, 0xFF, 0x0C, 0xFF, 0x0C, 0xFF, 0x0C, 0xFF,
    0x0C, 0xFF, 0x0C, 0xFF, 0x0C, 0xFF, 0x0C, 0xFF, 0x0C, 0xFF, 0x0C, 0xFF,
    0x0C, 0xFF, 0x0C, 0xFF, 0x0C, 0xFF, 0x0C, 0xFF, 0x0C, 0xFF, 0x2D, 0xFF,
    0x8C, 0xF6, 0xEA, 0xDC, 0x29, 0xD4, 0x09, 0xCC, 0x29, 0xD4, 0x29, 0xD4,
    0x29, 0xD4, 0x29, 0xD4, 0x29, 0xD4, 0x49, 0xD4, 0xCB, 0xE4, 0x4C, 0xF5,
    0x4C, 0xED, 0x4C, 0xED, 0x4C, 0xED, 0x4C, 0xED, 0x4C, 0xED, 0x4C, 0xED,
    0x4C, 0xED, 0x4C, 0xED, 0x4C, 0xED, 0x4C, 0xED, 0x4C, 0xED, 0x4C, 0xED,
    0x4C, 0xED, 0x4C, 0xED, 0x4C, 0xED, 0x4C, 0xED, 0x4C, 0xED, 0x4C, 0xED,
    0x2C, 0xF6, 0x2C, 0xFF, 0x0C, 0xFF, 0x0F, 0xEF, 0x38, 0xAE, 0x9F, 0x85,
    0xBD, 0x8D, 0xBD, 0x8D, 0xBD, 0x8D, 0xBD, 0x8D, 0xBD, 0x8D, 0xBD, 0x8D,
    0xBD, 0x8D, 0xDF, 0x8D, 0xFB, 0x95, 0xB6, 0xA6, 0xFF, 0xFF, 0x00, 0x00,
    0xEF, 0x7B, 0x00, 0x00, 0x00, 0x00, 0x00, 0x00, 0x00, 0x00, 0x00, 0x00,
    0x00, 0x00, 0x00, 0x00, 0x00, 0x00, 0x00, 0x00, 0x00, 0x00, 0x00, 0x00,
    0x00, 0x00, 0x00, 0x00, 0x00, 0x00, 0x00, 0x00, 0x79, 0x66, 0x00, 0x00,
    0x57, 0x7F, 0x58, 0x77, 0x58, 0x77, 0x78, 0x7F, 0x58, 0x77, 0x58, 0x7F,
    0x58, 0x7F, 0x58, 0x7F, 0x58, 0x77, 0x78, 0x7F, 0x58, 0x7F, 0x58, 0x77,
    0x59, 0x77, 0x00, 0x00, 0xBA, 0x7E, 0x00, 0x00, 0x00, 0x00, 0x00, 0x00,
    0x00, 0x00, 0x00, 0x00, 0x00, 0x00, 0x00, 0x00, 0x00, 0x00, 0x00, 0x00,
    0x00, 0x00, 0x00, 0x00, 0x00, 0x00, 0x00, 0x00, 0x00, 0x00, 0x00, 0x00,
    0x00, 0x00, 0x00, 0x00, 0x00, 0x00, 0x00, 0x00, 0x00, 0x00, 0x00, 0x00,
    0x00, 0x00, 0x00, 0x00, 0x00, 0x00, 0x00, 0x00, 0x00, 0x00, 0x00, 0x00,
    0x00, 0x00, 0x00, 0x00, 0x00, 0x00, 0x00, 0x00, 0x00, 0x00, 0x00, 0x00,
    0x00, 0x00, 0x00, 0x00, 0x00, 0x00, 0x00, 0x00, 0x00, 0x00, 0x00, 0x00,
    0xE0, 0xFF, 0x00, 0x00, 0xEF, 0xFF, 0x0D, 0xFF, 0x0C, 0xFF, 0x8D, 0xFF,
    0x0C, 0xFF, 0x0C, 0xFF, 0x0C, 0xFF, 0x0C, 0xFF, 0x0C, 0xFF, 0x0C, 0xFF,
    0x0C, 0xFF, 0x0C, 0xFF, 0x0C, 0xFF, 0x0C, 0xFF, 0x0C, 0xFF, 0x0B, 0xFF,
    0x0D, 0xFF, 0x2E, 0xFF, 0x2E, 0xFF, 0x0C, 0xFF, 0x0C, 0xFF, 0x0C, 0xFF,
    0x0C, 0xFF, 0x0C, 0xFF, 0x0C, 0xFF, 0x0C, 0xFF, 0x0C, 0xFF, 0x0C, 0xFF,
    0x0C, 0xFF, 0x0C, 0xFF, 0x0C, 0xFF, 0x0C, 0xFF, 0x0C, 0xFF, 0x0C, 0xFF,
    0x0C, 0xFF, 0x0C, 0xFF, 0x0C, 0xFF, 0x2C, 0xFF, 0x2C, 0xFF, 0x8C, 0xF6,
    0xEA, 0xDC, 0x09, 0xCC, 0x09, 0xCC, 0x29, 0xD4, 0x29, 0xD4, 0x29, 0xD4,
    0x29, 0xD4, 0x09, 0xCC, 0x29, 0xD4, 0xAB, 0xE4, 0x4C, 0xED, 0x4C, 0xF5,
    0x4C, 0xED, 0x4C, 0xED, 0x4C, 0xED, 0x4C, 0xED, 0x4C, 0xED, 0x4C, 0xED,
    0x4C, 0xED, 0x4C, 0xED, 0x4C, 0xED, 0x4C, 0xED, 0x4C, 0xED, 0x4C, 0xED,
    0x4C, 0xED, 0x4C, 0xED, 0x4C, 0xED, 0x2C, 0xED, 0xAC, 0xF5, 0xEC, 0xFE,
    0x0C, 0xFF, 0x0F, 0xE7, 0x38, 0xAE, 0x9E, 0x85, 0xBD, 0x8D, 0xBD, 0x8D,
    0xBD, 0x8D, 0xBD, 0x8D, 0xBD, 0x8D, 0xBD, 0x8D, 0xBD, 0x8D, 0x9E, 0x85,
    0x7A, 0xA6, 0xD4, 0xBE, 0x00, 0x00, 0x00, 0x00, 0xEF, 0xFF, 0x00, 0x00,
    0x00, 0x00, 0x00, 0x00, 0x00, 0x00, 0x00, 0x00, 0x00, 0x00, 0x00, 0x00,
    0x00, 0x00, 0x00, 0x00, 0x00, 0x00, 0x00, 0x00, 0x00, 0x00, 0x00, 0x00,
    0x00, 0x00, 0x00, 0x00, 0xFF, 0x7D, 0x00, 0x00, 0xF8, 0x77, 0x58, 0x77,
    0x58, 0x77, 0x79, 0x7F, 0x58, 0x77, 0x58, 0x7F, 0x58, 0x7F, 0x58, 0x7F,
    0x58, 0x7F, 0x78, 0x7F, 0x58, 0x77, 0x58, 0x77, 0x18, 0x77, 0x00, 0x00,
    0xF9, 0x67, 0x00, 0x00, 0x00, 0x00, 0x00, 0x00, 0x00, 0x00, 0x00, 0x00,
    0x00, 0x00, 0x00, 0x00, 0x00, 0x00, 0x00, 0x00, 0x00, 0x00, 0x00, 0x00,
    0x00, 0x00, 0x00, 0x00, 0x00, 0x00, 0x00, 0x00, 0x00, 0x00, 0x00, 0x00,
    0x00, 0x00, 0x00, 0x00, 0x00, 0x00, 0x00, 0x00, 0x00, 0x00, 0x00, 0x00,
    0x00, 0x00, 0x00, 0x00, 0x00, 0x00, 0x00, 0x00, 0x00, 0x00, 0x00, 0x00,
    0x00, 0x00, 0x00, 0x00, 0x00, 0x00, 0x00, 0x00, 0x00, 0x00, 0x00, 0x00,
    0x00, 0x00, 0x00, 0x00, 0x00, 0x00, 0x00, 0x00, 0xEF, 0xFF, 0x00, 0x00,
    0x00, 0x00, 0x0C, 0xFF, 0xEC, 0xFE, 0x2D, 0xFF, 0x0C, 0xFF, 0x0C, 0xFF,
    0x0C, 0xFF, 0x0C, 0xFF, 0x0C, 0xFF, 0x0C, 0xFF, 0x0C, 0xFF, 0x0D, 0xFF,
    0x0D, 0xFF, 0x0D, 0xFF, 0x0D, 0xFF, 0x0D, 0xFF, 0x0C, 0xFF, 0x0B, 0xFF,
    0x0C, 0xFF, 0x0C, 0xFF, 0x0C, 0xFF, 0x0C, 0xFF, 0x0C, 0xFF, 0x0C, 0xFF,
    0x0C, 0xFF, 0x0C, 0xFF, 0x0C, 0xFF, 0x0C, 0xFF, 0x0C, 0xFF, 0x0C, 0xFF,
    0x0C, 0xFF, 0x0C, 0xFF, 0x0C, 0xFF, 0x0C, 0xFF, 0x0C, 0xFF, 0x0C, 0xFF,
    0x0C, 0xFF, 0x0C, 0xFF, 0x2C, 0xFF, 0x2C, 0xFF, 0x6C, 0xF6, 0xEA, 0xDC,
    0x09, 0xCC, 0x09, 0xCC, 0x29, 0xD4, 0x29, 0xD4, 0x29, 0xD4, 0x29, 0xD4,
    0x09, 0xCC, 0x29, 0xD4, 0xCB, 0xE4, 0x4C, 0xED, 0x6D, 0xF5, 0x4C, 0xED,
    0x4C, 0xED, 0x4C, 0xED, 0x4C, 0xED, 0x4C, 0xED, 0x4C, 0xED, 0x4C, 0xED,
    0x4C, 0xED, 0x4C, 0xED, 0x4C, 0xED, 0x4C, 0xED, 0x4C, 0xED, 0x4C, 0xED,
    0x4C, 0xED, 0x2C, 0xED, 0x8C, 0xF5, 0x6C, 0xFE, 0x0C, 0xFF, 0x2C, 0xF7,
    0x57, 0xB6, 0x9F, 0x7D, 0xBD, 0x8D, 0xBD, 0x8D, 0xBD, 0x8D, 0xBD, 0x8D,
    0xBD, 0x8D, 0xBD, 0x8D, 0xBD, 0x8D, 0x7F, 0x7D, 0xD9, 0xC6, 0x0E, 0xEF,
    0x4D, 0xFF, 0xFF, 0xFF, 0xE0, 0xFF, 0xE0, 0xFF, 0x00, 0x00, 0x00, 0x00,
    0x00, 0x00, 0x00, 0x00, 0x00, 0x00, 0x00, 0x00, 0x00, 0x00, 0x00, 0x00,
    0x00, 0x00, 0x00, 0x00, 0x00, 0x00, 0x00, 0x00, 0x00, 0x00, 0x00, 0x00,
    0xFF, 0x7F, 0x00, 0x00, 0xF5, 0x57, 0x58, 0x77, 0x58, 0x77, 0xFA, 0x87,
    0x58, 0x77, 0x58, 0x77, 0x58, 0x77, 0x58, 0x77, 0x58, 0x7F, 0xB9, 0x7F,
    0x58, 0x7F, 0x58, 0x77, 0xB6, 0x66, 0xFF, 0x07, 0xFF, 0x7F, 0x00, 0x00,
    0x00, 0x00, 0x00, 0x00, 0x00, 0x00, 0x00, 0x00, 0x00, 0x00, 0x00, 0x00,
    0x00, 0x00, 0x00, 0x00, 0x00, 0x00, 0x00, 0x00, 0x00, 0x00, 0x00, 0x00,
    0x00, 0x00, 0x00, 0x00, 0x00, 0x00, 0x00, 0x00, 0x00, 0x00, 0x00, 0x00,
    0x00, 0x00, 0x00, 0x00, 0x00, 0x00, 0x00, 0x00, 0x00, 0x00, 0x00, 0x00,
    0x00, 0x00, 0x00, 0x00, 0x00, 0x00, 0x00, 0x00, 0x00, 0x00, 0x00, 0x00,
    0x00, 0x00, 0x00, 0x00, 0x00, 0x00, 0x00, 0x00, 0x00, 0x00, 0x00, 0x00,
    0x00, 0x00, 0x00, 0x00, 0xEF, 0xFF, 0x00, 0x00, 0xCD, 0xFE, 0x0C, 0xFF,
    0x6D, 0xFF, 0x0C, 0xFF, 0x0C, 0xFF, 0x0C, 0xFF, 0x0C, 0xFF, 0x0C, 0xFF,
    0x0C, 0xFF, 0x0C, 0xFF, 0x0C, 0xFF, 0x0B, 0xFF, 0x0B, 0xFF, 0x0C, 0xFF,
    0x0B, 0xFF, 0x0C, 0xFF, 0x0C, 0xFF, 0x0D, 0xFF, 0x0D, 0xFF, 0x0C, 0xFF,
    0x0C, 0xFF, 0x0C, 0xFF, 0x0C, 0xFF, 0x0C, 0xFF, 0x0C, 0xFF, 0x0C, 0xFF,
    0x0C, 0xFF, 0x0C, 0xFF, 0x0C, 0xFF, 0x0C, 0xFF, 0x0C, 0xFF, 0x0C, 0xFF,
    0x0C, 0xFF, 0x0C, 0xFF, 0x0C, 0xFF, 0x0C, 0xFF, 0x0C, 0xFF, 0x0C, 0xFF,
    0x0C, 0xFF, 0x0C, 0xFF, 0x2D, 0xFF, 0x6C, 0xF6, 0x0A, 0xDD, 0x29, 0xD4,
    0x09, 0xCC, 0x29, 0xD4, 0x29, 0xD4, 0x29, 0xD4, 0x29, 0xD4, 0x29, 0xD4,
    0x29, 0xD4, 0xAB, 0xDC, 0x2C, 0xED, 0x4C, 0xF5, 0x4C, 0xF5, 0x4C, 0xED,
    0x4C, 0xED, 0x4C, 0xED, 0x4C, 0xED, 0x4C, 0xED, 0x4C, 0xED, 0x4C, 0xED,
    0x4C, 0xED, 0x4C, 0xED, 0x4C, 0xED, 0x4C, 0xED, 0x4C, 0xED, 0x4C, 0xED,
    0x4C, 0xED, 0xCC, 0xF5, 0xED, 0xFE, 0x4B, 0xFF, 0x93, 0xCE, 0xDE, 0x85,
    0xBE, 0x8D, 0xBD, 0x8D, 0xBD, 0x8D, 0xBD, 0x8D, 0xBD, 0x8D, 0xBD, 0x8D,
    0xBE, 0x8D, 0xBF, 0x7D, 0xF5, 0xD6, 0x0B, 0xFF, 0x0D, 0xFF, 0xEF, 0xFF,
    0x00, 0x00, 0xF5, 0xFF, 0x00, 0x00, 0x00, 0x00, 0x00, 0x00, 0x00, 0x00,
    0x00, 0x00, 0x00, 0x00, 0x00, 0x00, 0x00, 0x00, 0x00, 0x00, 0x00, 0x00,
    0x00, 0x00, 0x00, 0x00, 0x00, 0x00, 0x00, 0x00, 0xFF, 0x07, 0x00, 0x00,
    0x00, 0x00, 0xFF, 0x07, 0x58, 0x77, 0xB9, 0x7F, 0xB9, 0x7F, 0xB9, 0x7F,
    0x99, 0x7F, 0x99, 0x7F, 0xB9, 0x7F, 0x99, 0x7F, 0x58, 0x77, 0x98, 0x7F,
    0x00, 0x00, 0xFF, 0x7F, 0x00, 0x00, 0x00, 0x00, 0x00, 0x00, 0x00, 0x00,
    0x00, 0x00, 0x00, 0x00, 0x00, 0x00, 0x00, 0x00, 0x00, 0x00, 0x00, 0x00,
    0x00, 0x00, 0x00, 0x00, 0x00, 0x00, 0x00, 0x00, 0x00, 0x00, 0x00, 0x00,
    0x00, 0x00, 0x00, 0x00, 0x00, 0x00, 0x00, 0x00, 0x00, 0x00, 0x00, 0x00,
    0x00, 0x00, 0x00, 0x00, 0x00, 0x00, 0x00, 0x00, 0x00, 0x00, 0x00, 0x00,
    0x00, 0x00, 0x00, 0x00, 0x00, 0x00, 0x00, 0x00, 0x00, 0x00, 0x00, 0x00,
    0x00, 0x00, 0x00, 0x00, 0x00, 0x00, 0x00, 0x00, 0x00, 0x00, 0xEF, 0xFB,
    0x00, 0x00, 0x00, 0xF8, 0x0C, 0xFF, 0x0C, 0xFF, 0x8D, 0xFF, 0x0C, 0xFF,
    0x0C, 0xFF, 0x0C, 0xFF, 0x0C, 0xFF, 0x0C, 0xFF, 0x0C, 0xFF, 0x0C, 0xFF,
    0x0C, 0xFF, 0x0D, 0xFF, 0x2F, 0xFF, 0x2F, 0xFF, 0x2E, 0xFF, 0x0C, 0xFF,
    0x0C, 0xFF, 0x0C, 0xFF, 0x0C, 0xFF, 0x0C, 0xFF, 0x0C, 0xFF, 0x0C, 0xFF,
    0x0C, 0xFF, 0x0C, 0xFF, 0x0C, 0xFF, 0x0C, 0xFF, 0x0C, 0xFF, 0x0C, 0xFF,
    0x0C, 0xFF, 0x0C, 0xFF, 0x0C, 0xFF, 0x0C, 0xFF, 0x0C, 0xFF, 0x0C, 0xFF,
    0x0C, 0xFF, 0x0C, 0xFF, 0x0C, 0xFF, 0x0C, 0xFF, 0x0C, 0xFF, 0x0C, 0xFF,
    0x0C, 0xFF, 0x2C, 0xFF, 0x8C, 0xF6, 0x2A, 0xE5, 0x29, 0xD4, 0x09, 0xCC,
    0x29, 0xD4, 0x29, 0xD4, 0x29, 0xD4, 0x29, 0xD4, 0x29, 0xD4, 0x09, 0xCC,
    0x8A, 0xDC, 0x2C, 0xED, 0x4C, 0xED, 0x4C, 0xED, 0x4C, 0xED, 0x4C, 0xED,
    0x4C, 0xED, 0x4C, 0xED, 0x4C, 0xED, 0x4C, 0xED, 0x4C, 0xED, 0x4C, 0xED,
    0x4C, 0xED, 0x4C, 0xED, 0x4C, 0xED, 0x4C, 0xED, 0x2C, 0xED, 0x6C, 0xF5,
    0xCC, 0xFE, 0x2C, 0xFF, 0xEF, 0xE6, 0x77, 0xAE, 0xBD, 0x8D, 0xBE, 0x85,
    0xBE, 0x8D, 0xBE, 0x8D, 0xBE, 0x8D, 0xBE, 0x8D, 0xBD, 0x8D, 0x59, 0x9E,
    0xF0, 0xDE, 0x0C, 0xFF, 0x0D, 0xFF, 0x6D, 0xFF, 0x00, 0x00, 0x6C, 0xFE,
    0x00, 0x00, 0x00, 0x00, 0x00, 0x00, 0x00, 0x00, 0x00, 0x00, 0x00, 0x00,
    0x00, 0x00, 0x00, 0x00, 0x00, 0x00, 0x00, 0x00, 0x00, 0x00, 0x00, 0x00,
    0x00, 0x00, 0x00, 0x00, 0x00, 0x00, 0xE0, 0x07, 0x00, 0x00, 0xFF, 0x07,
    0xF9, 0x76, 0x38, 0x77, 0x58, 0x7F, 0x58, 0x77, 0x58, 0x77, 0x58, 0x7F,
    0x58, 0x7F, 0x38, 0x77, 0x39, 0x77, 0x00, 0x00, 0x00, 0x00, 0xFF, 0xFF,
    0x00, 0x00, 0x00, 0x00, 0x00, 0x00, 0x00, 0x00, 0x00, 0x00, 0x00, 0x00,
    0x00, 0x00, 0x00, 0x00, 0x00, 0x00, 0x00, 0x00, 0x00, 0x00, 0x00, 0x00,
    0x00, 0x00, 0x00, 0x00, 0x00, 0x00, 0x00, 0x00, 0x00, 0x00, 0x00, 0x00,
    0x00, 0x00, 0x00, 0x00, 0x00, 0x00, 0x00, 0x00, 0x00, 0x00, 0x00, 0x00,
    0x00, 0x00, 0x00, 0x00, 0x00, 0x00, 0x00, 0x00, 0x00, 0x00, 0x00, 0x00,
    0x00, 0x00, 0x00, 0x00, 0x00, 0x00, 0x00, 0x00, 0x00, 0x00, 0x00, 0x00,
    0x00, 0x00, 0x00, 0x00, 0x00, 0x00, 0xEF, 0xFF, 0x00, 0x00, 0x2C, 0xFF,
    0x0C, 0xFF, 0x0C, 0xFF, 0x4D, 0xFF, 0x0C, 0xFF, 0x0C, 0xFF, 0x0C, 0xFF,
    0x0C, 0xFF, 0x0C, 0xFF, 0x0C, 0xFF, 0x0C, 0xFF, 0x2E, 0xFF, 0xB8, 0xFF,
    0xFE, 0xFF, 0xFE, 0xFF, 0xDC, 0xFF, 0x51, 0xFF, 0x0D, 0xFF, 0x0C, 0xFF,
    0x0C, 0xFF, 0x0C, 0xFF, 0x0C, 0xFF, 0x0C, 0xFF, 0x0C, 0xFF, 0x0C, 0xFF,
    0x0C, 0xFF, 0x0C, 0xFF, 0x0C, 0xFF, 0x0C, 0xFF, 0x0C, 0xFF, 0x0C, 0xFF,
    0x0C, 0xFF, 0x0C, 0xFF, 0x0C, 0xFF, 0x0C, 0xFF, 0x0C, 0xFF, 0x0C, 0xFF,
    0x0C, 0xFF, 0x0C, 0xFF, 0x0C, 0xFF, 0x0C, 0xFF, 0x0C, 0xFF, 0x0C, 0xFF,
    0x2C, 0xFF, 0xAC, 0xFE, 0x4A, 0xE5, 0x29, 0xD4, 0x09, 0xCC, 0x29, 0xD4,
    0x29, 0xD4, 0x29, 0xD4, 0x29, 0xD4, 0x29, 0xD4, 0x09, 0xD4, 0x6A, 0xD4,
    0x0C, 0xE5, 0x4C, 0xF5, 0x4C, 0xF5, 0x4C, 0xED, 0x4C, 0xED, 0x4C, 0xED,
    0x4C, 0xED, 0x4C, 0xED, 0x4C, 0xED, 0x4C, 0xED, 0x4C, 0xED, 0x4C, 0xED,
    0x4C, 0xED, 0x4C, 0xED, 0x2C, 0xED, 0x6C, 0xF5, 0x6C, 0xFE, 0x0D, 0xFF,
    0x2C, 0xFF, 0xEF, 0xEE, 0x97, 0xAE, 0xDD, 0x85, 0xBE, 0x85, 0xBE, 0x8D,
    0xBE, 0x85, 0xDE, 0x85, 0x78, 0xA6, 0xEF, 0xE6, 0x0C, 0xFF, 0x6D, 0xFF,
    0x0C, 0xFF, 0x2C, 0xFF, 0x00, 0x00, 0x00, 0x00, 0xFF, 0xFF, 0x00, 0x00,
    0x00, 0x00, 0x00, 0x00, 0x00, 0x00, 0x00, 0x00, 0x00, 0x00, 0x00, 0x00,
    0x00, 0x00, 0x00, 0x00, 0x00, 0x00, 0x00, 0x00, 0x00, 0x00, 0x00, 0x00,
    0x00, 0x00, 0x00, 0x00, 0x00, 0x00, 0x00, 0x00, 0x00, 0x00, 0xF7, 0x7E,
    0x78, 0x77, 0x58, 0x77, 0x58, 0x7F, 0x78, 0x7F, 0x58, 0x7F, 0x3A, 0x77,
    0x00, 0x00, 0x00, 0x00, 0x00, 0x00, 0x00, 0x00, 0x00, 0x00, 0x00, 0x00,
    0x00, 0x00, 0x00, 0x00, 0x00, 0x00, 0x00, 0x00, 0x00, 0x00, 0x00, 0x00,
    0x00, 0x00, 0x00, 0x00, 0x00, 0x00, 0x00, 0x00, 0x00, 0x00, 0x00, 0x00,
    0x00, 0x00, 0x00, 0x00, 0x00, 0x00, 0x00, 0x00, 0x00, 0x00, 0x00, 0x00,
    0x00, 0x00, 0x00, 0x00, 0x00, 0x00, 0x00, 0x00, 0x00, 0x00, 0x00, 0x00,
    0x00, 0x00, 0x00, 0x00, 0x00, 0x00, 0x00, 0x00, 0x00, 0x00, 0x00, 0x00,
    0x00, 0x00, 0x00, 0x00, 0x00, 0x00, 0x00, 0x00, 0x00, 0x00, 0x00, 0x00,
    0x00, 0x00, 0xEA, 0xFF, 0x00, 0x00, 0xEC, 0xFE, 0x0C, 0xFF, 0x6D, 0xFF,
    0x0C, 0xFF, 0x0C, 0xFF, 0x0C, 0xFF, 0x0C, 0xFF, 0x0C, 0xFF, 0x0D, 0xFF,
    0x0B, 0xFF, 0x0D, 0xFF, 0x97, 0xFF, 0xFF, 0xFF, 0xFF, 0xFF, 0xFF, 0xFF,
    0xFF, 0xFF, 0xDC, 0xFF, 0x30, 0xFF, 0x0B, 0xFF, 0x0D, 0xFF, 0x0C, 0xFF,
    0x0C, 0xFF, 0x0C, 0xFF, 0x0C, 0xFF, 0x0C, 0xFF, 0x0C, 0xFF, 0x0C, 0xFF,
    0x0C, 0xFF, 0x0C, 0xFF, 0x0C, 0xFF, 0x0C, 0xFF, 0x0C, 0xFF, 0x0C, 0xFF,
    0x0C, 0xFF, 0x0C, 0xFF, 0x0C, 0xFF, 0x0C, 0xFF, 0x0C, 0xFF, 0x0C, 0xFF,
    0x0C, 0xFF, 0x0C, 0xFF, 0x0C, 0xFF, 0x0C, 0xFF, 0x0C, 0xFF, 0x2D, 0xFF,
    0xAC, 0xFE, 0x6A, 0xE5, 0x29, 0xCC, 0xE9, 0xCB, 0x49, 0xD4, 0x29, 0xD4,
    0x29, 0xD4, 0x29, 0xD4, 0x09, 0xCC, 0x09, 0xCC, 0x4A, 0xD4, 0xCB, 0xE4,
    0x4C, 0xED, 0x6D, 0xF5, 0x4C, 0xED, 0x4C, 0xED, 0x4C, 0xED, 0x4C, 0xED,
    0x4C, 0xED, 0x4C, 0xED, 0x4C, 0xED, 0x4C, 0xED, 0x4C, 0xED, 0x4C, 0xED,
    0x4C, 0xED, 0x4C, 0xED, 0x2C, 0xF6, 0xEC, 0xFE, 0x2C, 0xFF, 0x0C, 0xFF,
    0x0E, 0xEF, 0xD0, 0xE6, 0x94, 0xCE, 0x95, 0xBE, 0x94, 0xC6, 0xD1, 0xDE,
    0x0F, 0xEF, 0x0C, 0xFF, 0x0C, 0xFF, 0x4D, 0xFF, 0x0C, 0xFF, 0x0C, 0xFF,
    0x2B, 0xFF, 0x00, 0x00, 0xF5, 0xFF, 0x00, 0x00, 0x00, 0x00, 0x00, 0x00,
    0x00, 0x00, 0x00, 0x00, 0x00, 0x00, 0x00, 0x00, 0x00, 0x00, 0x00, 0x00,
    0x00, 0x00, 0x00, 0x00, 0x00, 0x00, 0x00, 0x00, 0x00, 0x00, 0x00, 0x00,
    0x00, 0x00, 0x00, 0x00, 0x00, 0x00, 0x00, 0x00, 0x00, 0x00, 0x18, 0x77,
    0x18, 0x7F, 0x58, 0x77, 0x00, 0x00, 0x00, 0x00, 0x00, 0x00, 0x00, 0x00,
    0x00, 0x00, 0x00, 0x00, 0x00, 0x00, 0x00, 0x00, 0x00, 0x00, 0x00, 0x00,
    0x00, 0x00, 0x00, 0x00, 0x00, 0x00, 0x00, 0x00, 0x00, 0x00, 0x00, 0x00,
    0x00, 0x00, 0x00, 0x00, 0x00, 0x00, 0x00, 0x00, 0x00, 0x00, 0x00, 0x00,
    0x00, 0x00, 0x00, 0x00, 0x00, 0x00, 0x00, 0x00, 0x00, 0x00, 0x00, 0x00,
    0x00, 0x00, 0x00, 0x00, 0x00, 0x00, 0x00, 0x00, 0x00, 0x00, 0x00, 0x00,
    0x00, 0x00, 0x00, 0x00, 0x00, 0x00, 0x00, 0x00, 0x00, 0x00, 0x00, 0x00,
    0x00, 0x00, 0x00, 0x00, 0x00, 0x00, 0x00, 0x00, 0xEF, 0xFF, 0xEF, 0xFF,
    0x4D, 0xFF, 0x0C, 0xFF, 0x0C, 0xFF, 0x6D, 0xFF, 0x0C, 0xFF, 0x0C, 0xFF,
    0x0C, 0xFF, 0x0C, 0xFF, 0x0C, 0xFF, 0x0D, 0xFF, 0x0C, 0xFF, 0x2F, 0xFF,
    0xFE, 0xFF, 0xFF, 0xFF, 0xFF, 0xFF, 0xFF, 0xFF, 0xFF, 0xFF, 0xFF, 0xFF,
    0x52, 0xFF, 0xEB, 0xFE, 0x0D, 0xFF, 0x0C, 0xFF, 0x0C, 0xFF, 0x0C, 0xFF,
    0x0C, 0xFF, 0x0C, 0xFF, 0x0C, 0xFF, 0x0C, 0xFF, 0x0C, 0xFF, 0x0C, 0xFF,
    0x0C, 0xFF, 0x0C, 0xFF, 0x0C, 0xFF, 0x0C, 0xFF, 0x0C, 0xFF, 0x0C, 0xFF,
    0x0C, 0xFF, 0x0C, 0xFF, 0x0C, 0xFF, 0x0C, 0xFF, 0x0C, 0xFF, 0x0C, 0xFF,
    0x0C, 0xFF, 0x0C, 0xFF, 0x0C, 0xFF, 0x0C, 0xFF, 0x2C, 0xFF, 0xAC, 0xFE,
    0x8B, 0xE5, 0x49, 0xD4, 0xE9, 0xCB, 0x29, 0xD4, 0x29, 0xD4, 0x29, 0xD4,
    0x29, 0xD4, 0x09, 0xCC, 0x09, 0xCC, 0x49, 0xD4, 0xAB, 0xDC, 0x2C, 0xED,
    0x6D, 0xF5, 0x4C, 0xED, 0x4C, 0xED, 0x4C, 0xED, 0x4C, 0xED, 0x4C, 0xED,
    0x4C, 0xED, 0x4C, 0xED, 0x4C, 0xED, 0x4C, 0xED, 0x4C, 0xED, 0x4C, 0xED,
    0xEC, 0xF5, 0xCC, 0xFE, 0x2C, 0xFF, 0x0C, 0xFF, 0x0B, 0xFF, 0x2B, 0xFF,
    0x2C, 0xFF, 0x0E, 0xF7, 0x2C, 0xFF, 0x2B, 0xFF, 0x0B, 0xFF, 0x0C, 0xFF,
    0x0C, 0xFF, 0x2C, 0xFF, 0x0C, 0xFF, 0xEC, 0xFE, 0x0C, 0xFF, 0xE0, 0xFF,
    0xEF, 0xFF, 0x00, 0x00, 0x00, 0x00, 0x00, 0x00, 0x00, 0x00, 0x00, 0x00,
    0x00, 0x00, 0x00, 0x00, 0x00, 0x00, 0x00, 0x00, 0x00, 0x00, 0x00, 0x00,
    0x00, 0x00, 0x00, 0x00, 0x00, 0x00, 0x00, 0x00, 0x00, 0x00, 0x00, 0x00,
    0x00, 0x00, 0xF7, 0x7D, 0xF5, 0x57, 0x00, 0x00, 0x00, 0x00, 0x00, 0x00,
    0xFF, 0x07, 0xF7, 0x7F, 0xFF, 0xFF, 0x00, 0x00, 0x00, 0x00, 0x00, 0x00,
    0x00, 0x00, 0x00, 0x00, 0x00, 0x00, 0x00, 0x00, 0x00, 0x00, 0x00, 0x00,
    0x00, 0x00, 0x00, 0x00, 0x00, 0x00, 0x00, 0x00, 0x00, 0x00, 0x00, 0x00,
    0x00, 0x00, 0x00, 0x00, 0x00, 0x00, 0x00, 0x00, 0x00, 0x00, 0x00, 0x00,
    0x00, 0x00, 0x00, 0x00, 0x00, 0x00, 0x00, 0x00, 0x00, 0x00, 0x00, 0x00,
    0x00, 0x00, 0x00, 0x00, 0x00, 0x00, 0x00, 0x00, 0x00, 0x00, 0x00, 0x00,
    0x00, 0x00, 0x00, 0x00, 0x00, 0x00, 0x00, 0x00, 0x00, 0x00, 0x00, 0x00,
    0x00, 0x00, 0x00, 0x00, 0xEC, 0xFF, 0x00, 0x00, 0x2D, 0xFF, 0x0C, 0xFF,
    0x0C, 0xFF, 0x2C, 0xFF, 0x0C, 0xFF, 0x0C, 0xFF, 0x0C, 0xFF, 0x0C, 0xFF,
    0x0D, 0xFF, 0x0C, 0xFF, 0x2D, 0xFF, 0x75, 0xFF, 0xFF, 0xFF, 0xFF, 0xFF,
    0xFF, 0xFF, 0xFF, 0xFF, 0xFF, 0xFF, 0xFF, 0xFF, 0x52, 0xFF, 0x0B, 0xFF,
    0x0D, 0xFF, 0x0C, 0xFF, 0x0C, 0xFF, 0x0C, 0xFF, 0x0C, 0xFF, 0x0C, 0xFF,
    0x0C, 0xFF, 0x0C, 0xFF, 0x0C, 0xFF, 0x0C, 0xFF, 0x0C, 0xFF, 0x0C, 0xFF,
    0x0C, 0xFF, 0x0C, 0xFF, 0x0C, 0xFF, 0x0C, 0xFF, 0x0C, 0xFF, 0x0C, 0xFF,
    0x0C, 0xFF, 0x0C, 0xFF, 0x0C, 0xFF, 0x0C, 0xFF, 0x0C, 0xFF, 0x0C, 0xFF,
    0x0C, 0xFF, 0x0C, 0xFF, 0x0C, 0xFF, 0x2C, 0xFF, 0xEC, 0xFE, 0xCB, 0xED,
    0x69, 0xD4, 0x09, 0xCC, 0x09, 0xCC, 0x29, 0xD4, 0x29, 0xD4, 0x29, 0xD4,
    0x29, 0xD4, 0x09, 0xCC, 0x29, 0xD4, 0x8A, 0xDC, 0x0C, 0xED, 0x4C, 0xED,
    0x6C, 0xF5, 0x4C, 0xF5, 0x4C, 0xED, 0x4C, 0xED, 0x4C, 0xED, 0x4C, 0xED,
    0x4C, 0xED, 0x4C, 0xED, 0x4C, 0xED, 0x4C, 0xED, 0xCC, 0xF5, 0xCC, 0xFE,
    0x2C, 0xFF, 0x0C, 0xFF, 0x0D, 0xFF, 0x0D, 0xFF, 0x0C, 0xFF, 0x0C, 0xFF,
    0x0C, 0xFF, 0x0D, 0xFF, 0x0D, 0xFF, 0x0C, 0xFF, 0x0C, 0xFF, 0x0C, 0xFF,
    0x2D, 0xFF, 0x2C, 0xFF, 0x0C, 0xFF, 0x00, 0x00, 0xAF, 0xFE, 0x00, 0x00,
    0x00, 0x00, 0x00, 0x00, 0x00, 0x00, 0x00, 0x00, 0x00, 0x00, 0x00, 0x00,
    0x00, 0x00, 0x00, 0x00, 0x00, 0x00, 0x00, 0x00, 0x00, 0x00, 0x00, 0x00,
    0x00, 0x00, 0x00, 0x00, 0x00, 0x00, 0x00, 0x00, 0x00, 0x00, 0x00, 0x00,
    0xFF, 0x07, 0x55, 0x55, 0xFF, 0xAF, 0xF5, 0x57, 0xFF, 0xFF, 0x00, 0x00,
    0x00, 0x00, 0x00, 0x00, 0x00, 0x00, 0x00, 0x00, 0x00, 0x00, 0x00, 0x00,
    0x00, 0x00, 0x00, 0x00, 0x00, 0x00, 0x00, 0x00, 0x00, 0x00, 0x00, 0x00,
    0x00, 0x00, 0x00, 0x00, 0x00, 0x00, 0x00, 0x00, 0x00, 0x00, 0x00, 0x00,
    0x00, 0x00, 0x00, 0x00, 0x00, 0x00, 0x00, 0x00, 0x00, 0x00, 0x00, 0x00,
    0x00, 0x00, 0x00, 0x00, 0x00, 0x00, 0x00, 0x00, 0x00, 0x00, 0x00, 0x00,
    0x00, 0x00, 0x00, 0x00, 0x00, 0x00, 0x00, 0x00, 0x00, 0x00, 0x00, 0x00,
    0x00, 0x00, 0x00, 0x00, 0x00, 0x00, 0x00, 0x00, 0x00, 0x00, 0x00, 0x00,
    0xAA, 0xFE, 0xFF, 0xFF, 0x0C, 0xFF, 0x2C, 0xFF, 0x2D, 0xFF, 0x0C, 0xFF,
    0x0C, 0xFF, 0x0C, 0xFF, 0x0C, 0xFF, 0x0C, 0xFF, 0x0D, 0xFF, 0x0B, 0xFF,
    0x30, 0xFF, 0xDB, 0xFF, 0xFF, 0xFF, 0xFF, 0xFF, 0xFF, 0xFF, 0xFF, 0xFF,
    0xFF, 0xFF, 0xFE, 0xFF, 0x50, 0xFF, 0xEB, 0xFE, 0x0D, 0xFF, 0x0C, 0xFF,
    0x0C, 0xFF, 0x0C, 0xFF, 0x0C, 0xFF, 0x0C, 0xFF, 0x0C, 0xFF, 0x0C, 0xFF,
    0x0C, 0xFF, 0x0C, 0xFF, 0x0C, 0xFF, 0x0C, 0xFF, 0x0C, 0xFF, 0x0C, 0xFF,
    0x0C, 0xFF, 0x0C, 0xFF, 0x0C, 0xFF, 0x0C, 0xFF, 0x0C, 0xFF, 0x0C, 0xFF,
    0x0C, 0xFF, 0x0C, 0xFF, 0x0C, 0xFF, 0x0C, 0xFF, 0x0C, 0xFF, 0x0C, 0xFF,
    0x0C, 0xFF, 0x0C, 0xFF, 0x0C, 0xFF, 0x2C, 0xFF, 0x2B, 0xF6, 0x89, 0xD4,
    0x09, 0xD4, 0x09, 0xCC, 0x29, 0xD4, 0x29, 0xD4, 0x29, 0xD4, 0x29, 0xD4,
    0x29, 0xD4, 0x09, 0xCC, 0x49, 0xD4, 0xEB, 0xE4, 0x4C, 0xED, 0x4C, 0xF5,
    0x4C, 0xF5, 0x4C, 0xED, 0x4C, 0xED, 0x4C, 0xED, 0x4C, 0xED, 0x4C, 0xED,
    0x4C, 0xED, 0x4C, 0xED, 0xEC, 0xF5, 0xCC, 0xFE, 0x2C, 0xFF, 0x0C, 0xFF,
    0x0C, 0xFF, 0x0C, 0xFF, 0x0C, 0xFF, 0x0C, 0xFF, 0x0C, 0xFF, 0x0C, 0xFF,
    0x0C, 0xFF, 0x0C, 0xFF, 0x0C, 0xFF, 0x0C, 0xFF, 0x2D, 0xFF, 0x4D, 0xFF,
    0x0C, 0xFF, 0xEF, 0xFF, 0xEF, 0xFF, 0xE0, 0xFF, 0x00, 0x00, 0x00, 0x00,
    0x00, 0x00, 0x00, 0x00, 0x00, 0x00, 0x00, 0x00, 0x00, 0x00, 0x00, 0x00,
    0x00, 0x00, 0x00, 0x00, 0x00, 0x00, 0x00, 0x00, 0x00, 0x00, 0x00, 0x00,
    0x00, 0x00, 0x00, 0x00, 0x00, 0x00, 0x00, 0x00, 0x00, 0x00, 0x00, 0x00,
    0x00, 0x00, 0x00, 0x00, 0x00, 0x00, 0x00, 0x00, 0x00, 0x00, 0x00, 0x00,
    0x00, 0x00, 0x00, 0x00, 0x00, 0x00, 0x00, 0x00, 0x00, 0x00, 0x00, 0x00,
    0x00, 0x00, 0x00, 0x00, 0x00, 0x00, 0x00, 0x00, 0x00, 0x00, 0x00, 0x00,
    0x00, 0x00, 0x00, 0x00, 0x00, 0x00, 0x00, 0x00, 0x00, 0x00, 0x00, 0x00,
    0x00, 0x00, 0x00, 0x00, 0x00, 0x00, 0x00, 0x00, 0x00, 0x00, 0x00, 0x00,
    0x00, 0x00, 0x00, 0x00, 0x00, 0x00, 0x00, 0x00, 0x00, 0x00, 0x00, 0x00,
    0x00, 0x00, 0x00, 0x00, 0x00, 0x00, 0x00, 0x00, 0x00, 0x00, 0x00, 0x00,
    0x00, 0x00, 0x00, 0x00, 0x00, 0x00, 0xEF, 0xFF, 0xE0, 0xFF, 0xCD, 0xFE,
    0x0C, 0xFF, 0x4D, 0xFF, 0x2C, 0xFF, 0x0C, 0xFF, 0x0C, 0xFF, 0x0C, 0xFF,
    0x0C, 0xFF, 0x0C, 0xFF, 0x0D, 0xFF, 0x0B, 0xFF, 0x73, 0xFF, 0xFF, 0xFF,
    0xFF, 0xFF, 0xFF, 0xFF, 0xFF, 0xFF, 0xFF, 0xFF, 0xFF, 0xFF, 0x97, 0xFF,
    0x2E, 0xFF, 0x0B, 0xFF, 0x0D, 0xFF, 0x0C, 0xFF, 0x0C, 0xFF, 0x0C, 0xFF,
    0x0C, 0xFF, 0x0C, 0xFF, 0x0C, 0xFF, 0x0C, 0xFF, 0x0C, 0xFF, 0x0C, 0xFF,
    0x0C, 0xFF, 0x0C, 0xFF, 0x0C, 0xFF, 0x0C, 0xFF, 0x0C, 0xFF, 0x0C, 0xFF,
    0x0C, 0xFF, 0x0C, 0xFF, 0x0C, 0xFF, 0x0C, 0xFF, 0x0C, 0xFF, 0x0C, 0xFF,
    0x0C, 0xFF, 0x0C, 0xFF, 0x0C, 0xFF, 0x0C, 0xFF, 0x0C, 0xFF, 0x0C, 0xFF,
    0x0C, 0xFF, 0x0C, 0xFF, 0x0C, 0xFF, 0x6C, 0xF6, 0xCA, 0xDC, 0x09, 0xCC,
    0x29, 0xD4, 0x29, 0xD4, 0x29, 0xD4, 0x29, 0xD4, 0x29, 0xD4, 0x09, 0xD4,
    0x09, 0xCC, 0x29, 0xD4, 0x8A, 0xDC, 0x2C, 0xED, 0x6C, 0xF5, 0x4C, 0xED,
    0x4C, 0xED, 0x4C, 0xED, 0x4C, 0xED, 0x6C, 0xED, 0x4C, 0xED, 0x4C, 0xF5,
    0x4C, 0xFE, 0xEC, 0xFE, 0x0C, 0xFF, 0x0C, 0xFF, 0x0C, 0xFF, 0x0C, 0xFF,
    0x0C, 0xFF, 0x0C, 0xFF, 0x0C, 0xFF, 0x0C, 0xFF, 0x0C, 0xFF, 0x0C, 0xFF,
    0x0C, 0xFF, 0x0C, 0xFF, 0x2C, 0xFF, 0x4D, 0xFF, 0x0C, 0xFF, 0x2D, 0xFF,
    0x00, 0x00, 0xEF, 0xFF, 0x00, 0x00, 0x00, 0x00, 0x00, 0x00, 0x00, 0x00,
    0x00, 0x00, 0x00, 0x00, 0x00, 0x00, 0x00, 0x00, 0x00, 0x00, 0x00, 0x00,
    0x00, 0x00, 0x00, 0x00, 0x00, 0x00, 0x00, 0x00, 0x00, 0x00, 0x00, 0x00,
    0x00, 0x00, 0x00, 0x00, 0x00, 0x00, 0x00, 0x00, 0x00, 0x00, 0x00, 0x00,
    0x00, 0x00, 0x00, 0x00, 0x00, 0x00, 0x00, 0x00, 0x00, 0x00, 0x00, 0x00,
    0x00, 0x00, 0x00, 0x00, 0x00, 0x00, 0x00, 0x00, 0x00, 0x00, 0x00, 0x00,
    0x00, 0x00, 0x00, 0x00, 0x00, 0x00, 0x00, 0x00, 0x00, 0x00, 0x00, 0x00,
    0x00, 0x00, 0x00, 0x00, 0x00, 0x00, 0x00, 0x00, 0x00, 0x00, 0x00, 0x00,
    0x00, 0x00, 0x00, 0x00, 0x00, 0x00, 0x00, 0x00, 0x00, 0x00, 0x00, 0x00,
    0x00, 0x00, 0x00, 0x00, 0x00, 0x00, 0x00, 0x00, 0x00, 0x00, 0x00, 0x00,
    0x00, 0x00, 0x00, 0x00, 0x00, 0x00, 0x00, 0x00, 0x00, 0x00, 0x00, 0x00,
    0x00, 0x00, 0xE7, 0xFD, 0x00, 0x00, 0x0C, 0xFF, 0xEC, 0xFE, 0x0C, 0xFF,
    0x0C, 0xFF, 0x0C, 0xFF, 0x0C, 0xFF, 0x0C, 0xFF, 0x0C, 0xFF, 0x0C, 0xFF,
    0x0C, 0xFF, 0x2F, 0xFF, 0xB8, 0xFF, 0xFF, 0xFF, 0xFF, 0xFF, 0xFF, 0xFF,
    0xFF, 0xFF, 0xFF, 0xFF, 0xFE, 0xFF, 0x51, 0xFF, 0x0C, 0xFF, 0x0C, 0xFF,
    0x0C, 0xFF, 0x0C, 0xFF, 0x0C, 0xFF, 0x0C, 0xFF, 0x0C, 0xFF, 0x0C, 0xFF,
    0x0C, 0xFF, 0x0C, 0xFF, 0x0C, 0xFF, 0x0C, 0xFF, 0x0C, 0xFF, 0x0C, 0xFF,
    0x0C, 0xFF, 0x0C, 0xFF, 0x0C, 0xFF, 0x0C, 0xFF, 0x0C, 0xFF, 0x0C, 0xFF,
    0x0C, 0xFF, 0x0C, 0xFF, 0x0C, 0xFF, 0x0C, 0xFF, 0x0C, 0xFF, 0x0C, 0xFF,
    0x0C, 0xFF, 0x0C, 0xFF, 0x0C, 0xFF, 0x0C, 0xFF, 0x0C, 0xFF, 0x0C, 0xFF,
    0x2C, 0xFF, 0x2C, 0xFF, 0x8C, 0xF6, 0x2A, 0xE5, 0x29, 0xD4, 0xE9, 0xCB,
    0x29, 0xD4, 0x29, 0xD4, 0x29, 0xD4, 0x29, 0xD4, 0x09, 0xCC, 0x09, 0xCC,
    0x29, 0xD4, 0x6A, 0xDC, 0xCB, 0xE4, 0x4C, 0xED, 0x4D, 0xF5, 0x2C, 0xED,
    0x2C, 0xED, 0x2C, 0xED, 0x2C, 0xED, 0xAC, 0xF5, 0xCC, 0xFE, 0x2C, 0xFF,
    0x0C, 0xFF, 0x0C, 0xFF, 0x0C, 0xFF, 0x0C, 0xFF, 0x0C, 0xFF, 0x0C, 0xFF,
    0x0C, 0xFF, 0x0C, 0xFF, 0x0C, 0xFF, 0x0C, 0xFF, 0x0C, 0xFF, 0x0C, 0xFF,
    0x2C, 0xFF, 0x2C, 0xFF, 0x0C, 0xFF, 0xEC, 0xFE, 0x00, 0x00, 0x4A, 0xFD,
    0x00, 0x00, 0x00, 0x00, 0x00, 0x00, 0x00, 0x00, 0x00, 0x00, 0x00, 0x00,
    0x00, 0x00, 0x00, 0x00, 0x00, 0x00, 0x00, 0x00, 0x00, 0x00, 0x00, 0x00,
    0x00, 0x00, 0x00, 0x00, 0x00, 0x00, 0x00, 0x00, 0x00, 0x00, 0x00, 0x00,
    0x00, 0x00, 0x00, 0x00, 0x00, 0x00, 0x00, 0x00, 0x00, 0x00, 0x00, 0x00,
    0x00, 0x00, 0x00, 0x00, 0x00, 0x00, 0x00, 0x00, 0x00, 0x00, 0x00, 0x00,
    0x00, 0x00, 0x00, 0x00, 0x00, 0x00, 0x00, 0x00, 0x00, 0x00, 0x00, 0x00,
    0x00, 0x00, 0x00, 0x00, 0x00, 0x00, 0x00, 0x00, 0x00, 0x00, 0x00, 0x00,
    0x00, 0x00, 0x00, 0x00, 0x00, 0x00, 0x00, 0x00, 0x00, 0x00, 0x00, 0x00,
    0x00, 0x00, 0x00, 0x00, 0x00, 0x00, 0x00, 0x00, 0x00, 0x00, 0x00, 0x00,
    0x00, 0x00, 0x00, 0x00, 0x00, 0x00, 0x00, 0x00, 0x00, 0x00, 0x00, 0x00,
    0x00, 0x00, 0x00, 0x00, 0x00, 0x00, 0x00, 0x00, 0x00, 0x00, 0x4A, 0xFD,
    0x0E, 0xFF, 0x0C, 0xFF, 0x8D, 0xFF, 0x0C, 0xFF, 0x0C, 0xFF, 0x0C, 0xFF,
    0x0C, 0xFF, 0x0C, 0xFF, 0x0C, 0xFF, 0x0D, 0xFF, 0x0B, 0xFF, 0x73, 0xFF,
    0xFE, 0xFF, 0xFF, 0xFF, 0xFF, 0xFF, 0xFF, 0xFF, 0xFF, 0xFF, 0xFF, 0xFF,
    0xDB, 0xFF, 0x2D, 0xFF, 0x0B, 0xFF, 0x0D, 0xFF, 0x0C, 0xFF, 0x0C, 0xFF,
    0x0C, 0xFF, 0x0C, 0xFF, 0x0C, 0xFF, 0x0C, 0xFF, 0x0C, 0xFF, 0x0C, 0xFF,
    0x0C, 0xFF, 0x0C, 0xFF, 0x0C, 0xFF, 0x0C, 0xFF, 0x0C, 0xFF, 0x0C, 0xFF,
    0x0C, 0xFF, 0x0C, 0xFF, 0x0C, 0xFF, 0x0C, 0xFF, 0x0C, 0xFF, 0x0C, 0xFF,
    0x0C, 0xFF, 0x0C, 0xFF, 0x0C, 0xFF, 0x0C, 0xFF, 0x0C, 0xFF, 0x0C, 0xFF,
    0x0C, 0xFF, 0x0C, 0xFF, 0x0C, 0xFF, 0x0C, 0xFF, 0x0C, 0xFF, 0x0C, 0xFF,
    0x4D, 0xFF, 0xAC, 0xFE, 0xAB, 0xED, 0xA9, 0xDC, 0xE9, 0xCB, 0x09, 0xCC,
    0x29, 0xD4, 0x29, 0xD4, 0x29, 0xD4, 0x29, 0xD4, 0x09, 0xCC, 0x09, 0xCC,
    0x49, 0xD4, 0xAA, 0xDC, 0x2B, 0xE5, 0xCC, 0xF5, 0xED, 0xF5, 0xEC, 0xF5,
    0x0C, 0xF6, 0x8C, 0xFE, 0x0C, 0xFF, 0x0C, 0xFF, 0x0C, 0xFF, 0x0C, 0xFF,
    0x0C, 0xFF, 0x0C, 0xFF, 0x0C, 0xFF, 0x0C, 0xFF, 0x0C, 0xFF, 0x0C, 0xFF,
    0x0C, 0xFF, 0x0C, 0xFF, 0x0C, 0xFF, 0x0C, 0xFF, 0x0C, 0xFF, 0x2C, 0xFF,
    0x0C, 0xFF, 0x0C, 0xFF, 0x00, 0x00, 0x4A, 0xFD, 0x00, 0x00, 0x00, 0x00,
    0x00, 0x00, 0x00, 0x00, 0x00, 0x00, 0x00, 0x00, 0x00, 0x00, 0x00, 0x00,
    0x00, 0x00, 0x00, 0x00, 0x00, 0x00, 0x00, 0x00, 0x00, 0x00, 0x00, 0x00,
    0x00, 0x00, 0x00, 0x00, 0x00, 0x00, 0x00, 0x00, 0x00, 0x00, 0x00, 0x00,
    0x00, 0x00, 0x00, 0x00, 0x00, 0x00, 0x00, 0x00, 0x00, 0x00, 0x00, 0x00,
    0x00, 0x00, 0x00, 0x00, 0x00, 0x00, 0x00, 0x00, 0x00, 0x00, 0x00, 0x00,
    0x00, 0x00, 0x00, 0x00, 0x00, 0x00, 0x00, 0x00, 0x00, 0x00, 0x00, 0x00,
    0x00, 0x00, 0x00, 0x00, 0x00, 0x00, 0x00, 0x00, 0x00, 0x00, 0x00, 0x00,
    0x00, 0x00, 0x00, 0x00, 0x00, 0x00, 0x00, 0x00, 0x00, 0x00, 0x00, 0x00,
    0x00, 0x00, 0x00, 0x00, 0x00, 0x00, 0x00, 0x00, 0x00, 0x00, 0x00, 0x00,
    0x00, 0x00, 0x00, 0x00, 0x00, 0x00, 0x00, 0x00, 0x00, 0x00, 0x00, 0x00,
    0x00, 0x00, 0xE0, 0xFF, 0x00, 0x00, 0x00, 0x00, 0x0C, 0xFF, 0xEC, 0xFE,
    0x8D, 0xFF, 0x0C, 0xFF, 0x0C, 0xFF, 0x0C, 0xFF, 0x0C, 0xFF, 0x0C, 0xFF,
    0x0C, 0xFF, 0x0C, 0xFF, 0x0C, 0xFF, 0x97, 0xFF, 0xFF, 0xFF, 0xFF, 0xFF,
    0xFF, 0xFF, 0xFF, 0xFF, 0xFF, 0xFF, 0xFE, 0xFF, 0x74, 0xFF, 0x0D, 0xFF,
    0x0C, 0xFF, 0x0D, 0xFF, 0x0C, 0xFF, 0x0C, 0xFF, 0x0C, 0xFF, 0x0C, 0xFF,
    0x0C, 0xFF, 0x0C, 0xFF, 0x0C, 0xFF, 0x0C, 0xFF, 0x0C, 0xFF, 0x0C, 0xFF,
    0x0C, 0xFF, 0x0C, 0xFF, 0x0C, 0xFF, 0x0C, 0xFF, 0x0C, 0xFF, 0x0C, 0xFF,
    0x0C, 0xFF, 0x0C, 0xFF, 0x0C, 0xFF, 0x0C, 0xFF, 0x0C, 0xFF, 0x0C, 0xFF,
    0x0C, 0xFF, 0x0C, 0xFF, 0x0C, 0xFF, 0x0C, 0xFF, 0x0C, 0xFF, 0x0C, 0xFF,
    0x0C, 0xFF, 0x0C, 0xFF, 0x0C, 0xFF, 0x0C, 0xFF, 0xEC, 0xFE, 0x2D, 0xFF,
    0x0C, 0xFF, 0x0B, 0xF6, 0xAA, 0xDC, 0x29, 0xD4, 0x09, 0xCC, 0x29, 0xD4,
    0x29, 0xD4, 0x29, 0xD4, 0x29, 0xD4, 0x29, 0xD4, 0x09, 0xCC, 0x09, 0xCC,
    0x89, 0xDC, 0x6B, 0xED, 0x0C, 0xF6, 0xAC, 0xFE, 0x2D, 0xFF, 0x4C, 0xFF,
    0x0C, 0xFF, 0x0C, 0xFF, 0x0C, 0xFF, 0x0C, 0xFF, 0x0C, 0xFF, 0x0C, 0xFF,
    0x0C, 0xFF, 0x0C, 0xFF, 0x0C, 0xFF, 0x0C, 0xFF, 0x0C, 0xFF, 0x0C, 0xFF,
    0x0C, 0xFF, 0x0C, 0xFF, 0x0C, 0xFF, 0x0C, 0xFF, 0x0C, 0xFF, 0x2C, 0xFF,
    0x00, 0x00, 0xEA, 0xFF, 0x00, 0x00, 0x00, 0x00, 0x00, 0x00, 0x00, 0x00,
    0x00, 0x00, 0x00, 0x00, 0x00, 0x00, 0x00, 0x00, 0x00, 0x00, 0x00, 0x00,
    0x00, 0x00, 0x00, 0x00, 0x00, 0x00, 0x00, 0x00, 0x00, 0x00, 0x00, 0x00,
    0x00, 0x00, 0x00, 0x00, 0x00, 0x00, 0x00, 0x00, 0x00, 0x00, 0x00, 0x00,
    0x00, 0x00, 0x00, 0x00, 0x00, 0x00, 0x00, 0x00, 0x00, 0x00, 0x00, 0x00,
    0x00, 0x00, 0x00, 0x00, 0x00, 0x00, 0x00, 0x00, 0x00, 0x00, 0x00, 0x00,
    0x00, 0x00, 0x00, 0x00, 0x00, 0x00, 0x00, 0x00, 0x00, 0x00, 0x00, 0x00,
    0x00, 0x00, 0x00, 0x00, 0x00, 0x00, 0x00, 0x00, 0x00, 0x00, 0x00, 0x00,
    0x00, 0x00, 0x00, 0x00, 0x00, 0x00, 0x00, 0x00, 0x00, 0x00, 0x00, 0x00,
    0x00, 0x00, 0x00, 0x00, 0x00, 0x00, 0x00, 0x00, 0x00, 0x00, 0x00, 0x00,
    0x00, 0x00, 0x00, 0x00, 0x00, 0x00, 0x00, 0x00, 0x00, 0x00, 0xEF, 0xFF,
    0x00, 0x00, 0x00, 0x00, 0x0C, 0xFF, 0x0C, 0xFF, 0x0C, 0xFF, 0x0C, 0xFF,
    0x0C, 0xFF, 0x0C, 0xFF, 0x0C, 0xFF, 0x0C, 0xFF, 0x0C, 0xFF, 0x0C, 0xFF,
    0x52, 0xFF, 0xDB, 0xFF, 0xFF, 0xFF, 0xFF, 0xFF, 0xFF, 0xFF, 0xFF, 0xFF,
    0xFF, 0xFF, 0xDB, 0xFF, 0x2E, 0xFF, 0x0C, 0xFF, 0x0C, 0xFF, 0x0C, 0xFF,
    0x0C, 0xFF, 0x0C, 0xFF, 0x0C, 0xFF, 0x0C, 0xFF, 0x0C, 0xFF, 0x0C, 0xFF,
    0x0C, 0xFF, 0x0C, 0xFF, 0x0C, 0xFF, 0x0C, 0xFF, 0x0C, 0xFF, 0x0C, 0xFF,
    0x0C, 0xFF, 0x0C, 0xFF, 0x0C, 0xFF, 0x0C, 0xFF, 0x0C, 0xFF, 0x0C, 0xFF,
    0x0C, 0xFF, 0x0C, 0xFF, 0x0C, 0xFF, 0x0C, 0xFF, 0x0C, 0xFF, 0x0C, 0xFF,
    0x0C, 0xFF, 0x0C, 0xFF, 0x0C, 0xFF, 0x0C, 0xFF, 0x0C, 0xFF, 0x0C, 0xFF,
    0x0C, 0xFF, 0x0C, 0xFF, 0x0C, 0xFF, 0x0C, 0xFF, 0x0C, 0xFF, 0x2C, 0xFF,
    0xAC, 0xFE, 0x0A, 0xDD, 0x29, 0xD4, 0x29, 0xD4, 0x29, 0xD4, 0x29, 0xD4,
    0x29, 0xD4, 0x29, 0xD4, 0x29, 0xD4, 0x29, 0xD4, 0x09, 0xD4, 0x09, 0xCC,
    0xAA, 0xDC, 0xEB, 0xED, 0xCC, 0xFE, 0xEC, 0xFE, 0x0C, 0xFF, 0x2C, 0xFF,
    0x0C, 0xFF, 0x0C, 0xFF, 0x0C, 0xFF, 0x0C, 0xFF, 0x0C, 0xFF, 0x0C, 0xFF,
    0x0C, 0xFF, 0x0C, 0xFF, 0x0C, 0xFF, 0x0C, 0xFF, 0x0C, 0xFF, 0x0C, 0xFF,
    0x0C, 0xFF, 0x0C, 0xFF, 0x0C, 0xFF, 0x2C, 0xFF, 0x00, 0x00, 0xEA, 0xFF,
    0x00, 0x00, 0x00, 0x00, 0x00, 0x00, 0x00, 0x00, 0x00, 0x00, 0x00, 0x00,
    0x00, 0x00, 0x00, 0x00, 0x00, 0x00, 0x00, 0x00, 0x00, 0x00, 0x00, 0x00,
    0x00, 0x00, 0x00, 0x00, 0x00, 0x00, 0x00, 0x00, 0x00, 0x00, 0x00, 0x00,
    0x00, 0x00, 0x00, 0x00, 0x00, 0x00, 0x00, 0x00, 0x00, 0x00, 0x00, 0x00,
    0x00, 0x00, 0x00, 0x00, 0x00, 0x00, 0x00, 0x00, 0x00, 0x00, 0x00, 0x00,
    0x00, 0x00, 0x00, 0x00, 0x00, 0x00, 0x00, 0x00, 0x00, 0x00, 0x00, 0x00,
    0x00, 0x00, 0x00, 0x00, 0x00, 0x00, 0x00, 0x00, 0x00, 0x00, 0x00, 0x00,
    0x00, 0x00, 0x00, 0x00, 0x00, 0x00, 0x00, 0x00, 0x00, 0x00, 0x00, 0x00,
    0x00, 0x00, 0x00, 0x00, 0x00, 0x00, 0x00, 0x00, 0x00, 0x00, 0x00, 0x00,
    0x00, 0x00, 0x00, 0x00, 0x00, 0x00, 0x00, 0x00, 0x00, 0x00, 0x00, 0x00,
    0x00, 0x00, 0x00, 0x00, 0xE0, 0xFF, 0x00, 0x00, 0x00, 0x00, 0xED, 0xFE,
    0x0C, 0xFF, 0xAD, 0xFF, 0x0C, 0xFF, 0x0C, 0xFF, 0x0C, 0xFF, 0x0C, 0xFF,
    0x0C, 0xFF, 0x0C, 0xFF, 0x0C, 0xFF, 0x0C, 0xFF, 0x97, 0xFF, 0xFF, 0xFF,
    0xFF, 0xFF, 0xFF, 0xFF, 0xFF, 0xFF, 0xFF, 0xFF, 0xFF, 0xFF, 0x97, 0xFF,
    0x0C, 0xFF, 0x0C, 0xFF, 0x0C, 0xFF, 0x0C, 0xFF, 0x0C, 0xFF, 0x0C, 0xFF,
    0x0C, 0xFF, 0x0C, 0xFF, 0x0C, 0xFF, 0x0C, 0xFF, 0x0C, 0xFF, 0x0C, 0xFF,
    0x0C, 0xFF, 0x0C, 0xFF, 0x0C, 0xFF, 0x0C, 0xFF, 0x0C, 0xFF, 0x0C, 0xFF,
    0x0C, 0xFF, 0x0C, 0xFF, 0x0C, 0xFF, 0x0C, 0xFF, 0x0C, 0xFF, 0x0C, 0xFF,
    0x0C, 0xFF, 0x0C, 0xFF, 0x0C, 0xFF, 0x0C, 0xFF, 0x0C, 0xFF, 0x0C, 0xFF,
    0x0C, 0xFF, 0x0C, 0xFF, 0x0C, 0xFF, 0x0C, 0xFF, 0x0C, 0xFF, 0x0C, 0xFF,
    0x0C, 0xFF, 0x0C, 0xFF, 0x0C, 0xFF, 0x2C, 0xFF, 0x2C, 0xFF, 0x8C, 0xFE,
    0x4B, 0xE5, 0x49, 0xD4, 0x09, 0xCC, 0x29, 0xD4, 0x29, 0xD4, 0x29, 0xD4,
    0x29, 0xD4, 0x29, 0xD4, 0x09, 0xD4, 0x09, 0xCC, 0x29, 0xD4, 0x29, 0xD4,
    0xAA, 0xDC, 0xCB, 0xED, 0xCC, 0xFE, 0x2C, 0xFF, 0x2C, 0xFF, 0x0C, 0xFF,
    0x0C, 0xFF, 0x0C, 0xFF, 0x0C, 0xFF, 0x0C, 0xFF, 0x0C, 0xFF, 0x0C, 0xFF,
    0x0C, 0xFF, 0x0C, 0xFF, 0x0C, 0xFF, 0x0C, 0xFF, 0x0C, 0xFF, 0x0C, 0xFF,
    0x0C, 0xFF, 0x2C, 0xFF, 0x00, 0x00, 0xEA, 0xFF, 0x00, 0x00, 0x00, 0x00,
    0x00, 0x00, 0x00, 0x00, 0x00, 0x00, 0x00, 0x00, 0x00, 0x00, 0x00, 0x00,
    0x00, 0x00, 0x00, 0x00, 0x00, 0x00, 0x00, 0x00, 0x00, 0x00, 0x00, 0x00,
    0x00, 0x00, 0x00, 0x00, 0x00, 0x00, 0x00, 0x00, 0x00, 0x00, 0x00, 0x00,
    0x00, 0x00, 0x00, 0x00, 0x00, 0x00, 0x00, 0x00, 0x00, 0x00, 0x00, 0x00,
    0x00, 0x00, 0x00, 0x00, 0x00, 0x00, 0x00, 0x00, 0x00, 0x00, 0x00, 0x00,
    0x00, 0x00, 0x00, 0x00, 0x00, 0x00, 0x00, 0x00, 0x00, 0x00, 0x00, 0x00,
    0x00, 0x00, 0x00, 0x00, 0x00, 0x00, 0x00, 0x00, 0x00, 0x00, 0x00, 0x00,
    0x00, 0x00, 0x00, 0x00, 0x00, 0x00, 0x00, 0x00, 0x00, 0x00, 0x00, 0x00,
    0x00, 0x00, 0x00, 0x00, 0x00, 0x00, 0x00, 0x00, 0x00, 0x00, 0x00, 0x00,
    0x00, 0x00, 0x00, 0x00, 0x00, 0x00, 0x00, 0x00, 0x00, 0x00, 0x00, 0x00,
    0x4A, 0xFD, 0x00, 0x00, 0xC9, 0xFE, 0x0C, 0xFF, 0x0C, 0xFF, 0x6D, 0xFF,
    0x0C, 0xFF, 0x0C, 0xFF, 0x0C, 0xFF, 0x0C, 0xFF, 0x0C, 0xFF, 0x0C, 0xFF,
    0x0C, 0xFF, 0x0D, 0xFF, 0xDB, 0xFF, 0xFF, 0xFF, 0xFF, 0xFF, 0xFF, 0xFF,
    0xFF, 0xFF, 0xFF, 0xFF, 0xDB, 0xFF, 0x51, 0xFF, 0x0C, 0xFF, 0x0C, 0xFF,
    0x0C, 0xFF, 0x0C, 0xFF, 0x0C, 0xFF, 0x0C, 0xFF, 0x0C, 0xFF, 0x0C, 0xFF,
    0x0C, 0xFF, 0x0C, 0xFF, 0x0C, 0xFF, 0x0C, 0xFF, 0x0C, 0xFF, 0x0C, 0xFF,
    0x0C, 0xFF, 0x0C, 0xFF, 0x0C, 0xFF, 0x0C, 0xFF, 0x0C, 0xFF, 0x0C, 0xFF,
    0x0C, 0xFF, 0x0C, 0xFF, 0x0C, 0xFF, 0x0C, 0xFF, 0x0C, 0xFF, 0x0C, 0xFF,
    0x0C, 0xFF, 0x0C, 0xFF, 0x0C, 0xFF, 0x0C, 0xFF, 0x0C, 0xFF, 0x0C, 0xFF,
    0x0C, 0xFF, 0x0C, 0xFF, 0x0C, 0xFF, 0x0C, 0xFF, 0x2C, 0xFF, 0x2C, 0xFF,
    0x0C, 0xFF, 0x8C, 0xFE, 0x0C, 0xF6, 0xCC, 0xF5, 0x6C, 0xED, 0x0B, 0xED,
    0xAA, 0xDC, 0x29, 0xD4, 0x09, 0xCC, 0x29, 0xD4, 0x29, 0xD4, 0x29, 0xD4,
    0x29, 0xD4, 0x29, 0xD4, 0x09, 0xCC, 0xE9, 0xCB, 0x09, 0xCC, 0x69, 0xD4,
    0xCA, 0xDC, 0x4A, 0xE5, 0x0B, 0xEE, 0xCC, 0xFE, 0x4D, 0xFF, 0x4D, 0xFF,
    0x2C, 0xFF, 0x0C, 0xFF, 0x0C, 0xFF, 0x0C, 0xFF, 0x0C, 0xFF, 0x0C, 0xFF,
    0x0C, 0xFF, 0x0C, 0xFF, 0x2C, 0xFF, 0x0C, 0xFF, 0x0C, 0xFF, 0x0C, 0xFF,
    0x00, 0x00, 0xEA, 0xFF, 0x00, 0x00, 0x00, 0x00, 0x00, 0x00, 0x00, 0x00,
    0x00, 0x00, 0x00, 0x00, 0x00, 0x00, 0x00, 0x00, 0x00, 0x00, 0x00, 0x00,
    0x00, 0x00, 0x00, 0x00, 0x00, 0x00, 0x00, 0x00, 0x00, 0x00, 0x00, 0x00,
    0x00, 0x00, 0x00, 0x00, 0x00, 0x00, 0x00, 0x00, 0x00, 0x00, 0x00, 0x00,
    0x00, 0x00, 0x00, 0x00, 0x00, 0x00, 0x00, 0x00, 0x00, 0x00, 0x00, 0x00,
    0x00, 0x00, 0x00, 0x00, 0x00, 0x00, 0x00, 0x00, 0x00, 0x00, 0x00, 0x00,
    0x00, 0x00, 0x00, 0x00, 0x00, 0x00, 0x00, 0x00, 0x00, 0x00, 0x00, 0x00,
    0x00, 0x00, 0x00, 0x00, 0x00, 0x00, 0x00, 0x00, 0x00, 0x00, 0x00, 0x00,
    0x00, 0x00, 0x00, 0x00, 0x00, 0x00, 0x00, 0x00, 0x00, 0x00, 0x00, 0x00,
    0x00, 0x00, 0x00, 0x00, 0x00, 0x00, 0x00, 0x00, 0x00, 0x00, 0x00, 0x00,
    0x00, 0x00, 0x00, 0x00, 0x00, 0x00, 0x00, 0x00, 0x66, 0xFE, 0x00, 0x00,
    0x6D, 0xFF, 0x0C, 0xFF, 0x4D, 0xFF, 0x0C, 0xFF, 0x0C, 0xFF, 0x0C, 0xFF,
    0x0C, 0xFF, 0x0C, 0xFF, 0x0C, 0xFF, 0x0C, 0xFF, 0x0C, 0xFF, 0x2E, 0xFF,
    0xDC, 0xFF, 0xFF, 0xFF, 0xFF, 0xFF, 0xFF, 0xFF, 0xFF, 0xFF, 0xFF, 0xFF,
    0x97, 0xFF, 0x0C, 0xFF, 0x0D, 0xFF, 0x0C, 0xFF, 0x0C, 0xFF, 0x0C, 0xFF,
    0x0C, 0xFF, 0x0C, 0xFF, 0x0C, 0xFF, 0x0C, 0xFF, 0x0C, 0xFF, 0x0C, 0xFF,
    0x0C, 0xFF, 0x0C, 0xFF, 0x0C, 0xFF, 0x0C, 0xFF, 0x0C, 0xFF, 0x0C, 0xFF,
    0x0C, 0xFF, 0x0C, 0xFF, 0x0C, 0xFF, 0x0C, 0xFF, 0x0C, 0xFF, 0x0C, 0xFF,
    0x0C, 0xFF, 0x0C, 0xFF, 0x0C, 0xFF, 0x0C, 0xFF, 0x0C, 0xFF, 0x0C, 0xFF,
    0x0C, 0xFF, 0x0C, 0xFF, 0x0C, 0xFF, 0x0C, 0xFF, 0x0C, 0xFF, 0x2C, 0xFF,
    0x2C, 0xFF, 0x0C, 0xFF, 0xCC, 0xFE, 0x6C, 0xFE, 0x0C, 0xF6, 0xAC, 0xF5,
    0x4C, 0xED, 0x2C, 0xED, 0x4C, 0xED, 0x6D, 0xF5, 0x2C, 0xED, 0xCB, 0xE4,
    0x6A, 0xDC, 0x09, 0xCC, 0x09, 0xCC, 0x29, 0xD4, 0x29, 0xD4, 0x29, 0xD4,
    0x29, 0xD4, 0x29, 0xD4, 0x29, 0xD4, 0x09, 0xCC, 0xC9, 0xCB, 0x09, 0xD4,
    0xA9, 0xDC, 0x2A, 0xE5, 0xCB, 0xED, 0x2B, 0xF6, 0x8C, 0xF6, 0xCC, 0xFE,
    0x0C, 0xFF, 0x2C, 0xFF, 0x4D, 0xFF, 0x4D, 0xFF, 0x2C, 0xFF, 0xEC, 0xFE,
    0x2C, 0xFF, 0x2C, 0xFF, 0x0C, 0xFF, 0xEC, 0xFE, 0x00, 0x00, 0x4A, 0xFD,
    0x00, 0x00, 0x00, 0x00, 0x00, 0x00, 0x00, 0x00, 0x00, 0x00, 0x00, 0x00,
    0x00, 0x00, 0x00, 0x00, 0x00, 0x00, 0x00, 0x00, 0x00, 0x00, 0x00, 0x00,
    0x00, 0x00, 0x00, 0x00, 0x00, 0x00, 0x00, 0x00, 0x00, 0x00, 0x00, 0x00,
    0x00, 0x00, 0x00, 0x00, 0x00, 0x00, 0x00, 0x00, 0x00, 0x00, 0x00, 0x00,
    0x00, 0x00, 0x00, 0x00, 0x00, 0x00, 0x00, 0x00, 0x00, 0x00, 0x00, 0x00,
    0x00, 0x00, 0x00, 0x00, 0x00, 0x00, 0x00, 0x00, 0x00, 0x00, 0x00, 0x00,
    0x00, 0x00, 0x00, 0x00, 0x00, 0x00, 0x00, 0x00, 0x00, 0x00, 0x00, 0x00,
    0x00, 0x00, 0x00, 0x00, 0x00, 0x00, 0x00, 0x00, 0x00, 0x00, 0x00, 0x00,
    0x00, 0x00, 0x00, 0x00, 0x00, 0x00, 0x00, 0x00, 0x00, 0x00, 0x00, 0x00,
    0x00, 0x00, 0x00, 0x00, 0x00, 0x00, 0x00, 0x00, 0x00, 0x00, 0x00, 0x00,
    0x00, 0x00, 0xE0, 0xFB, 0x4A, 0xFD, 0xE7, 0xFD, 0x0C, 0xFF, 0x0C, 0xFF,
    0x6D, 0xFF, 0x0C, 0xFF, 0x0C, 0xFF, 0x0C, 0xFF, 0x0C, 0xFF, 0x0C, 0xFF,
    0x0C, 0xFF, 0x0C, 0xFF, 0x0C, 0xFF, 0x0D, 0xFF, 0xBA, 0xFF, 0xFF, 0xFF,
    0xFF, 0xFF, 0xFF, 0xFF, 0xFF, 0xFF, 0xFE, 0xFF, 0x53, 0xFF, 0xEB, 0xFE,
    0x0D, 0xFF, 0x0C, 0xFF, 0x0C, 0xFF, 0x0C, 0xFF, 0x0C, 0xFF, 0x0C, 0xFF,
    0x0C, 0xFF, 0x0C, 0xFF, 0x0C, 0xFF, 0x0C, 0xFF, 0x0C, 0xFF, 0x0C, 0xFF,
    0x0C, 0xFF, 0x0C, 0xFF, 0x0C, 0xFF, 0x0C, 0xFF, 0x0C, 0xFF, 0x0C, 0xFF,
    0x0C, 0xFF, 0x0C, 0xFF, 0x0C, 0xFF, 0x0C, 0xFF, 0x0C, 0xFF, 0x0C, 0xFF,
    0x0C, 0xFF, 0x0C, 0xFF, 0x0C, 0xFF, 0x0C, 0xFF, 0x0C, 0xFF, 0x0C, 0xFF,
    0x0C, 0xFF, 0x2C, 0xFF, 0x0C, 0xFF, 0xEC, 0xFE, 0xAC, 0xFE, 0x6C, 0xFE,
    0xEC, 0xF5, 0x4C, 0xED, 0x2C, 0xED, 0x4C, 0xED, 0x4C, 0xED, 0x4C, 0xED,
    0x4C, 0xED, 0x4C, 0xED, 0x4C, 0xF5, 0x6C, 0xF5, 0x0C, 0xED, 0x8A, 0xDC,
    0x49, 0xD4, 0x29, 0xD4, 0x09, 0xCC, 0x09, 0xCC, 0x29, 0xD4, 0x29, 0xD4,
    0x29, 0xD4, 0x29, 0xD4, 0x29, 0xD4, 0x29, 0xD4, 0x09, 0xCC, 0xE9, 0xCB,
    0x09, 0xCC, 0x89, 0xD4, 0x2A, 0xE5, 0x8A, 0xE5, 0xAB, 0xED, 0xEB, 0xED,
    0x2B, 0xF6, 0x6C, 0xF6, 0xEC, 0xFE, 0x2C, 0xFF, 0x2C, 0xFF, 0x6D, 0xFF,
    0x0C, 0xFF, 0x0D, 0xFF, 0xEF, 0xFB, 0xFF, 0xFF, 0x00, 0x00, 0x00, 0x00,
    0x00, 0x00, 0x00, 0x00, 0x00, 0x00, 0x00, 0x00, 0x00, 0x00, 0x00, 0x00,
    0x00, 0x00, 0x00, 0x00, 0x00, 0x00, 0x00, 0x00, 0x00, 0x00, 0x00, 0x00,
    0x00, 0x00, 0x00, 0x00, 0x00, 0x00, 0x00, 0x00, 0x00, 0x00, 0x00, 0x00,
    0x00, 0x00, 0x00, 0x00, 0x00, 0x00, 0x00, 0x00, 0x00, 0x00, 0x00, 0x00,
    0x00, 0x00, 0x00, 0x00, 0x00, 0x00, 0x00, 0x00, 0x00, 0x00, 0x00, 0x00,
    0x00, 0x00, 0x00, 0x00, 0x00, 0x00, 0x00, 0x00, 0x00, 0x00, 0x00, 0x00,
    0x00, 0x00, 0x00, 0x00, 0x00, 0x00, 0x00, 0x00, 0x00, 0x00, 0x00, 0x00,
    0x00, 0x00, 0x00, 0x00, 0x00, 0x00, 0x00, 0x00, 0x00, 0x00, 0x00, 0x00,
    0x00, 0x00, 0x00, 0x00, 0x00, 0x00, 0x00, 0x00, 0x00, 0x00, 0x00, 0x00,
    0x00, 0x00, 0x00, 0x00, 0x00, 0x00, 0x00, 0x00, 0x00, 0x00, 0x66, 0xFE,
    0x00, 0x00, 0x4C, 0xFF, 0x0C, 0xFF, 0x0C, 0xFF, 0x4D, 0xFF, 0x0C, 0xFF,
    0x0C, 0xFF, 0x0C, 0xFF, 0x0C, 0xFF, 0x0C, 0xFF, 0x0C, 0xFF, 0x0C, 0xFF,
    0x0C, 0xFF, 0x0C, 0xFF, 0x74, 0xFF, 0xDC, 0xFF, 0xFF, 0xFF, 0xFF, 0xFF,
    0xFF, 0xFF, 0x75, 0xFF, 0x0E, 0xFF, 0x0C, 0xFF, 0x0C, 0xFF, 0x0C, 0xFF,
    0x0C, 0xFF, 0x0C, 0xFF, 0x0C, 0xFF, 0x0C, 0xFF, 0x0C, 0xFF, 0x0C, 0xFF,
    0x0C, 0xFF, 0x0C, 0xFF, 0x0C, 0xFF, 0x0C, 0xFF, 0x0C, 0xFF, 0x0C, 0xFF,
    0x0C, 0xFF, 0x0C, 0xFF, 0x0C, 0xFF, 0x0C, 0xFF, 0x0C, 0xFF, 0x0C, 0xFF,
    0x0C, 0xFF, 0x0C, 0xFF, 0x0C, 0xFF, 0x0C, 0xFF, 0x0C, 0xFF, 0x0C, 0xFF,
    0x0C, 0xFF, 0x0C, 0xFF, 0x0C, 0xFF, 0x0C, 0xFF, 0x0C, 0xFF, 0xEC, 0xFE,
    0xAC, 0xFE, 0x2C, 0xF6, 0x8C, 0xF5, 0x4C, 0xED, 0x4C, 0xED, 0x4C, 0xED,
    0x4C, 0xED, 0x4C, 0xED, 0x4C, 0xED, 0x4C, 0xED, 0x4C, 0xED, 0x4C, 0xED,
    0x4C, 0xED, 0x4C, 0xED, 0x4C, 0xED, 0x4C, 0xED, 0xEB, 0xE4, 0x6A, 0xDC,
    0x29, 0xD4, 0x29, 0xD4, 0x09, 0xCC, 0x09, 0xD4, 0x29, 0xD4, 0x29, 0xD4,
    0x29, 0xD4, 0x29, 0xD4, 0x29, 0xD4, 0x29, 0xD4, 0x29, 0xD4, 0x29, 0xD4,
    0x09, 0xCC, 0x09, 0xCC, 0x09, 0xCC, 0xE9, 0xCB, 0xE9, 0xCB, 0x69, 0xD4,
    0xEB, 0xED, 0x2C, 0xFF, 0x2D, 0xFF, 0x4D, 0xFF, 0xED, 0xFE, 0x00, 0x00,
    0xAA, 0xFE, 0x00, 0x00, 0x00, 0x00, 0x00, 0x00, 0x00, 0x00, 0x00, 0x00,
    0x00, 0x00, 0x00, 0x00, 0x00, 0x00, 0x00, 0x00, 0x00, 0x00, 0x00, 0x00,
    0x00, 0x00, 0x00, 0x00, 0x00, 0x00, 0x00, 0x00, 0x00, 0x00, 0x00, 0x00,
    0x00, 0x00, 0x00, 0x00, 0x00, 0x00, 0x00, 0x00, 0x00, 0x00, 0x00, 0x00,
    0x00, 0x00, 0x00, 0x00, 0x00, 0x00, 0x00, 0x00, 0x00, 0x00, 0x00, 0x00,
    0x00, 0x00, 0x00, 0x00, 0x00, 0x00, 0x00, 0x00, 0x00, 0x00, 0x00, 0x00,
    0x00, 0x00, 0x00, 0x00, 0x00, 0x00, 0x00, 0x00, 0x00, 0x00, 0x00, 0x00,
    0x00, 0x00, 0x00, 0x00, 0x00, 0x00, 0x00, 0x00, 0x00, 0x00, 0x00, 0x00,
    0x00, 0x00, 0x00, 0x00, 0x00, 0x00, 0x00, 0x00, 0x00, 0x00, 0x00, 0x00,
    0x00, 0x00, 0x00, 0x00, 0x00, 0x00, 0x00, 0x00, 0x00, 0x00, 0x00, 0x00,
    0x00, 0x00, 0x00, 0x00, 0x00, 0x00, 0xCD, 0xFE, 0x00, 0x00, 0x2C, 0xFF,
    0x0C, 0xFF, 0x2C, 0xFF, 0x0C, 0xFF, 0x0C, 0xFF, 0x0C, 0xFF, 0x0C, 0xFF,
    0x0C, 0xFF, 0x0C, 0xFF, 0x0C, 0xFF, 0x0C, 0xFF, 0x0C, 0xFF, 0x0C, 0xFF,
    0x0C, 0xFF, 0x50, 0xFF, 0x96, 0xFF, 0x96, 0xFF, 0x52, 0xFF, 0x2D, 0xFF,
    0x0C, 0xFF, 0x0C, 0xFF, 0x0C, 0xFF, 0x0C, 0xFF, 0x0C, 0xFF, 0x0C, 0xFF,
    0x0C, 0xFF, 0x0C, 0xFF, 0x0C, 0xFF, 0x0C, 0xFF, 0x0C, 0xFF, 0x0C, 0xFF,
    0x0C, 0xFF, 0x0C, 0xFF, 0x0C, 0xFF, 0x0C, 0xFF, 0x0C, 0xFF, 0x0C, 0xFF,
    0x0C, 0xFF, 0x0C, 0xFF, 0x0C, 0xFF, 0x0C, 0xFF, 0x0C, 0xFF, 0x0C, 0xFF,
    0x0C, 0xFF, 0x0C, 0xFF, 0x0C, 0xFF, 0x0C, 0xFF, 0x0C, 0xFF, 0x0C, 0xFF,
    0x2C, 0xFF, 0x0C, 0xFF, 0x6C, 0xFE, 0xCC, 0xF5, 0x6C, 0xF5, 0x6C, 0xED,
    0x4C, 0xED, 0x4C, 0xED, 0x4C, 0xED, 0x4C, 0xED, 0x4C, 0xED, 0x4C, 0xED,
    0x4C, 0xED, 0x4C, 0xED, 0x4C, 0xED, 0x4C, 0xED, 0x4C, 0xED, 0x4C, 0xED,
    0x4C, 0xED, 0x4C, 0xED, 0x4C, 0xED, 0x2C, 0xED, 0xEB, 0xE4, 0x6A, 0xDC,
    0x29, 0xD4, 0x09, 0xCC, 0x29, 0xD4, 0x29, 0xD4, 0x29, 0xD4, 0x29, 0xD4,
    0x29, 0xD4, 0x29, 0xD4, 0x29, 0xD4, 0x09, 0xD4, 0x09, 0xCC, 0x09, 0xCC,
    0x09, 0xCC, 0x09, 0xCC, 0x09, 0xCC, 0x09, 0xCC, 0xCA, 0xDC, 0x6C, 0xFE,
    0x0C, 0xFF, 0x0C, 0xFF, 0x8B, 0xF6, 0x00, 0x00, 0x6C, 0xFE, 0x00, 0x00,
    0x00, 0x00, 0x00, 0x00, 0x00, 0x00, 0x00, 0x00, 0x00, 0x00, 0x00, 0x00,
    0x00, 0x00, 0x00, 0x00, 0x00, 0x00, 0x00, 0x00, 0x00, 0x00, 0x00, 0x00,
    0x00, 0x00, 0x00, 0x00, 0x00, 0x00, 0x00, 0x00, 0x00, 0x00, 0x00, 0x00,
    0x00, 0x00, 0x00, 0x00, 0x00, 0x00, 0x00, 0x00, 0x00, 0x00, 0x00, 0x00,
    0x00, 0x00, 0x00, 0x00, 0x00, 0x00, 0x00, 0x00, 0x00, 0x00, 0x00, 0x00,
    0x00, 0x00, 0x00, 0x00, 0x00, 0x00, 0x00, 0x00, 0x00, 0x00, 0x00, 0x00,
    0x00, 0x00, 0x00, 0x00, 0x00, 0x00, 0x00, 0x00, 0x00, 0x00, 0x00, 0x00,
    0x00, 0x00, 0x00, 0x00, 0x00, 0x00, 0x00, 0x00, 0x00, 0x00, 0x00, 0x00,
    0x00, 0x00, 0x00, 0x00, 0x00, 0x00, 0x00, 0x00, 0x00, 0x00, 0x00, 0x00,
    0x00, 0x00, 0x00, 0x00, 0x00, 0x00, 0x00, 0x00, 0x00, 0x00, 0x00, 0x00,
    0x00, 0x00, 0xEF, 0xFF, 0xAA, 0xFE, 0x0C, 0xFF, 0x4D, 0xFF, 0x2C, 0xFF,
    0x0C, 0xFF, 0x0C, 0xFF, 0x0C, 0xFF, 0x0C, 0xFF, 0x0C, 0xFF, 0x0C, 0xFF,
    0x0C, 0xFF, 0x0C, 0xFF, 0x0C, 0xFF, 0x0C, 0xFF, 0x0C, 0xFF, 0x0C, 0xFF,
    0x2E, 0xFF, 0x2E, 0xFF, 0x0C, 0xFF, 0x0C, 0xFF, 0x0C, 0xFF, 0x0C, 0xFF,
    0x0C, 0xFF, 0x0C, 0xFF, 0x0C, 0xFF, 0x0C, 0xFF, 0x0C, 0xFF, 0x0C, 0xFF,
    0x0C, 0xFF, 0x0C, 0xFF, 0x0C, 0xFF, 0x0C, 0xFF, 0x0C, 0xFF, 0x0C, 0xFF,
    0x0C, 0xFF, 0x0C, 0xFF, 0x0C, 0xFF, 0x0C, 0xFF, 0x0C, 0xFF, 0x0C, 0xFF,
    0x0C, 0xFF, 0x0C, 0xFF, 0x0C, 0xFF, 0x0C, 0xFF, 0x0C, 0xFF, 0x0C, 0xFF,
    0x0C, 0xFF, 0x2C, 0xFF, 0x2C, 0xFF, 0xAC, 0xFE, 0x2C, 0xF6, 0xCC, 0xF5,
    0x8C, 0xF5, 0x4C, 0xED, 0x2C, 0xED, 0x4C, 0xED, 0x4C, 0xED, 0x4C, 0xED,
    0x4C, 0xED, 0x4C, 0xED, 0x4C, 0xED, 0x4C, 0xED, 0x4C, 0xED, 0x4C, 0xED,
    0x4C, 0xED, 0x4C, 0xED, 0x4C, 0xED, 0x4C, 0xED, 0x4C, 0xED, 0x4C, 0xED,
    0x4C, 0xF5, 0x6C, 0xF5, 0x4C, 0xED, 0x2C, 0xED, 0xEB, 0xE4, 0x8A, 0xDC,
    0x29, 0xD4, 0x09, 0xCC, 0x09, 0xCC, 0x29, 0xD4, 0x29, 0xD4, 0x29, 0xD4,
    0x29, 0xD4, 0x29, 0xD4, 0x29, 0xD4, 0x29, 0xD4, 0x29, 0xD4, 0x29, 0xD4,
    0x29, 0xD4, 0x09, 0xCC, 0x49, 0xD4, 0xEB, 0xF5, 0x2C, 0xFF, 0x2C, 0xFF,
    0x6C, 0xFE, 0xEA, 0xFF, 0xFF, 0xFF, 0x00, 0x00, 0x00, 0x00, 0x00, 0x00,
    0x00, 0x00, 0x00, 0x00, 0x00, 0x00, 0x00, 0x00, 0x00, 0x00, 0x00, 0x00,
    0x00, 0x00, 0x00, 0x00, 0x00, 0x00, 0x00, 0x00, 0x00, 0x00, 0x00, 0x00,
    0x00, 0x00, 0x00, 0x00, 0x00, 0x00, 0x00, 0x00, 0x00, 0x00, 0x00, 0x00,
    0x00, 0x00, 0x00, 0x00, 0x00, 0x00, 0x00, 0x00, 0x00, 0x00, 0x00, 0x00,
    0x00, 0x00, 0x00, 0x00, 0x00, 0x00, 0x00, 0x00, 0x00, 0x00, 0x00, 0x00,
    0x00, 0x00, 0x00, 0x00, 0x00, 0x00, 0x00, 0x00, 0x00, 0x00, 0x00, 0x00,
    0x00, 0x00, 0x00, 0x00, 0x00, 0x00, 0x00, 0x00, 0x00, 0x00, 0x00, 0x00,
    0x00, 0x00, 0x00, 0x00, 0x00, 0x00, 0x00, 0x00, 0x00, 0x00, 0x00, 0x00,
    0x00, 0x00, 0x00, 0x00, 0x00, 0x00, 0x00, 0x00, 0x00, 0x00, 0x00, 0x00,
    0x00, 0x00, 0x00, 0x00, 0x00, 0x00, 0x00, 0x00, 0xEF, 0xFF, 0x00, 0x00,
    0x0C, 0xFF, 0xEC, 0xFE, 0x2D, 0xFF, 0x2C, 0xFF, 0x0C, 0xFF, 0x0C, 0xFF,
    0x0C, 0xFF, 0x0C, 0xFF, 0x0C, 0xFF, 0x0C, 0xFF, 0x0C, 0xFF, 0x0C, 0xFF,
    0x0C, 0xFF, 0x0C, 0xFF, 0x0D, 0xFF, 0x0C, 0xFF, 0x0C, 0xFF, 0x0C, 0xFF,
    0x0C, 0xFF, 0x0C, 0xFF, 0x0C, 0xFF, 0x0C, 0xFF, 0x0C, 0xFF, 0x0C, 0xFF,
    0x0C, 0xFF, 0x0C, 0xFF, 0x0C, 0xFF, 0x0C, 0xFF, 0x0C, 0xFF, 0x0C, 0xFF,
    0x0C, 0xFF, 0x0C, 0xFF, 0x0C, 0xFF, 0x0C, 0xFF, 0x0C, 0xFF, 0x0C, 0xFF,
    0x0C, 0xFF, 0x0C, 0xFF, 0x0C, 0xFF, 0x0C, 0xFF, 0x0C, 0xFF, 0x0C, 0xFF,
    0x0C, 0xFF, 0x0C, 0xFF, 0x2C, 0xFF, 0x2C, 0xFF, 0xEC, 0xFE, 0x8C, 0xFE,
    0x2C, 0xF6, 0xCC, 0xF5, 0x6C, 0xF5, 0x2C, 0xED, 0x2C, 0xED, 0x4C, 0xED,
    0x4C, 0xED, 0x4C, 0xED, 0x4C, 0xED, 0x4C, 0xED, 0x4C, 0xED, 0x4C, 0xED,
    0x4C, 0xED, 0x4C, 0xED, 0x4C, 0xED, 0x4C, 0xED, 0x4C, 0xED, 0x4C, 0xED,
    0x4C, 0xED, 0x4C, 0xED, 0x4C, 0xED, 0x4C, 0xED, 0x4C, 0xED, 0x4C, 0xED,
    0x4C, 0xED, 0x6D, 0xF5, 0x4C, 0xF5, 0x2C, 0xED, 0xEB, 0xE4, 0xAA, 0xDC,
    0x6A, 0xD4, 0x29, 0xD4, 0x09, 0xCC, 0x09, 0xCC, 0x09, 0xCC, 0x09, 0xCC,
    0x29, 0xD4, 0x29, 0xD4, 0x29, 0xD4, 0x29, 0xCC, 0x09, 0xCC, 0x09, 0xCC,
    0xCA, 0xE4, 0x8B, 0xE5, 0x4C, 0xFF, 0xE0, 0xFF, 0x00, 0x00, 0xEF, 0xFF,
    0x00, 0x00, 0x00, 0x00, 0x00, 0x00, 0x00, 0x00, 0x00, 0x00, 0x00, 0x00,
    0x00, 0x00, 0x00, 0x00, 0x00, 0x00, 0x00, 0x00, 0x00, 0x00, 0x00, 0x00,
    0x00, 0x00, 0x00, 0x00, 0x00, 0x00, 0x00, 0x00, 0x00, 0x00, 0x00, 0x00,
    0x00, 0x00, 0x00, 0x00, 0x00, 0x00, 0x00, 0x00, 0x00, 0x00, 0x00, 0x00,
    0x00, 0x00, 0x00, 0x00, 0x00, 0x00, 0x00, 0x00, 0x00, 0x00, 0x00, 0x00,
    0x00, 0x00, 0x00, 0x00, 0x00, 0x00, 0x00, 0x00, 0x00, 0x00, 0x00, 0x00,
    0x00, 0x00, 0x00, 0x00, 0x00, 0x00, 0x00, 0x00, 0x00, 0x00, 0x00, 0x00,
    0x00, 0x00, 0x00, 0x00, 0x00, 0x00, 0x00, 0x00, 0x00, 0x00, 0x00, 0x00,
    0x00, 0x00, 0x00, 0x00, 0x00, 0x00, 0x00, 0x00, 0x00, 0x00, 0x00, 0x00,
    0x00, 0x00, 0x00, 0x00, 0x00, 0x00, 0x00, 0x00, 0x00, 0x00, 0x00, 0x00,
    0x00, 0x00, 0x00, 0x00, 0xEA, 0xFF, 0x00, 0x00, 0x0C, 0xFF, 0x4D, 0xFF,
    0x0C, 0xFF, 0x0C, 0xFF, 0x0C, 0xFF, 0x0C, 0xFF, 0x0C, 0xFF, 0x0C, 0xFF,
    0x0C, 0xFF, 0x0C, 0xFF, 0x0C, 0xFF, 0x0C, 0xFF, 0x0C, 0xFF, 0x0C, 0xFF,
    0x0C, 0xFF, 0x0C, 0xFF, 0x0D, 0xFF, 0x0D, 0xFF, 0x0C, 0xFF, 0x0C, 0xFF,
    0x0C, 0xFF, 0x0C, 0xFF, 0x0C, 0xFF, 0x0C, 0xFF, 0x0C, 0xFF, 0x0C, 0xFF,
    0x0C, 0xFF, 0x0C, 0xFF, 0x0C, 0xFF, 0x0C, 0xFF, 0x0C, 0xFF, 0x0C, 0xFF,
    0x0C, 0xFF, 0x0C, 0xFF, 0x0C, 0xFF, 0x0C, 0xFF, 0x0C, 0xFF, 0x0C, 0xFF,
    0x0C, 0xFF, 0x0C, 0xFF, 0x0C, 0xFF, 0x2C, 0xFF, 0x2C, 0xFF, 0xEC, 0xFE,
    0xCC, 0xFE, 0x8C, 0xFE, 0x2C, 0xF6, 0x8C, 0xF5, 0x2C, 0xED, 0x2C, 0xED,
    0x4C, 0xED, 0x4C, 0xED, 0x4C, 0xED, 0x4C, 0xED, 0x4C, 0xED, 0x4C, 0xED,
    0x4C, 0xED, 0x4C, 0xED, 0x4C, 0xED, 0x4C, 0xED, 0x4C, 0xED, 0x4C, 0xED,
    0x4C, 0xED, 0x4C, 0xED, 0x4C, 0xED, 0x4C, 0xED, 0x4C, 0xED, 0x4C, 0xED,
    0x4C, 0xED, 0x4C, 0xED, 0x4C, 0xED, 0x4C, 0xED, 0x4C, 0xED, 0x4C, 0xED,
    0x4C, 0xED, 0x4C, 0xF5, 0x6D, 0xF5, 0x4C, 0xED, 0x0B, 0xE5, 0xAB, 0xDC,
    0x6A, 0xDC, 0x6A, 0xD4, 0x49, 0xD4, 0x29, 0xD4, 0x09, 0xCC, 0x09, 0xCC,
    0x29, 0xD4, 0x6A, 0xDC, 0x6A, 0xDC, 0x29, 0xD4, 0xAA, 0xDC, 0x8B, 0xED,
    0x00, 0x00, 0xE0, 0xFF, 0xE0, 0xFB, 0x00, 0x00, 0x00, 0x00, 0x00, 0x00,
    0x00, 0x00, 0x00, 0x00, 0x00, 0x00, 0x00, 0x00, 0x00, 0x00, 0x00, 0x00,
    0x00, 0x00, 0x00, 0x00, 0x00, 0x00, 0x00, 0x00, 0x00, 0x00, 0x00, 0x00,
    0x00, 0x00, 0x00, 0x00, 0x00, 0x00, 0x00, 0x00, 0x00, 0x00, 0x00, 0x00,
    0x00, 0x00, 0x00, 0x00, 0x00, 0x00, 0x00, 0x00, 0x00, 0x00, 0x00, 0x00,
    0x00, 0x00, 0x00, 0x00, 0x00, 0x00, 0x00, 0x00, 0x00, 0x00, 0x00, 0x00,
    0x00, 0x00, 0x00, 0x00, 0x00, 0x00, 0x00, 0x00, 0x00, 0x00, 0x00, 0x00,
    0x00, 0x00, 0x00, 0x00, 0x00, 0x00, 0x00, 0x00, 0x00, 0x00, 0x00, 0x00,
    0x00, 0x00, 0x00, 0x00, 0x00, 0x00, 0x00, 0x00, 0x00, 0x00, 0x00, 0x00,
    0x00, 0x00, 0x00, 0x00, 0x00, 0x00, 0x00, 0x00, 0x00, 0x00, 0x00, 0x00,
    0x00, 0x00, 0x00, 0x00, 0x00, 0x00, 0x00, 0x00, 0x00, 0xF8, 0x00, 0x00,
    0xE0, 0xFF, 0xCC, 0xFE, 0x0C, 0xFF, 0xAD, 0xFF, 0x0C, 0xFF, 0x0C, 0xFF,
    0x0C, 0xFF, 0x0C, 0xFF, 0x0C, 0xFF, 0x0C, 0xFF, 0x0C, 0xFF, 0x0C, 0xFF,
    0x0C, 0xFF, 0x0C, 0xFF, 0x0C, 0xFF, 0x0C, 0xFF, 0x0C, 0xFF, 0x0C, 0xFF,
    0x0C, 0xFF, 0x0C, 0xFF, 0x0C, 0xFF, 0x0C, 0xFF, 0x0C, 0xFF, 0x0C, 0xFF,
    0x0C, 0xFF, 0x0C, 0xFF, 0x0C, 0xFF, 0x0C, 0xFF, 0x0C, 0xFF, 0x0C, 0xFF,
    0x0C, 0xFF, 0x0C, 0xFF, 0x0C, 0xFF, 0x0C, 0xFF, 0x0C, 0xFF, 0x0C, 0xFF,
    0x0C, 0xFF, 0x0C, 0xFF, 0x0C, 0xFF, 0x0C, 0xFF, 0x0C, 0xFF, 0x0C, 0xFF,
    0x0C, 0xFF, 0x0C, 0xFF, 0xCC, 0xFE, 0x4C, 0xFE, 0xCC, 0xF5, 0x4C, 0xED,
    0x2C, 0xED, 0x4C, 0xED, 0x4C, 0xED, 0x4C, 0xED, 0x4C, 0xED, 0x4C, 0xED,
    0x4C, 0xED, 0x4C, 0xED, 0x4C, 0xED, 0x4C, 0xED, 0x4C, 0xED, 0x4C, 0xED,
    0x4C, 0xED, 0x4C, 0xED, 0x4C, 0xED, 0x4C, 0xED, 0x4C, 0xED, 0x4C, 0xED,
    0x4C, 0xED, 0x4C, 0xED, 0x4C, 0xED, 0x4C, 0xED, 0x4C, 0xED, 0x4C, 0xED,
    0x4C, 0xED, 0x4C, 0xED, 0x4C, 0xED, 0x4C, 0xED, 0x4C, 0xED, 0x4C, 0xED,
    0x4C, 0xED, 0x4C, 0xED, 0x4C, 0xED, 0x4C, 0xF5, 0x4C, 0xED, 0x2C, 0xED,
    0xEB, 0xE4, 0xAB, 0xE4, 0x8A, 0xDC, 0x6A, 0xDC, 0x49, 0xD4, 0x29, 0xD4,
    0x29, 0xD4, 0x49, 0xD4, 0x29, 0xD4, 0x00, 0x00, 0x6C, 0xFE, 0x00, 0x00,
    0x00, 0x00, 0x00, 0x00, 0x00, 0x00, 0x00, 0x00, 0x00, 0x00, 0x00, 0x00,
    0x00, 0x00, 0x00, 0x00, 0x00, 0x00, 0x00, 0x00, 0x00, 0x00, 0x00, 0x00,
    0x00, 0x00, 0x00, 0x00, 0x00, 0x00, 0x00, 0x00, 0x00, 0x00, 0x00, 0x00,
    0x00, 0x00, 0x00, 0x00, 0x00, 0x00, 0x00, 0x00, 0x00, 0x00, 0x00, 0x00,
    0x00, 0x00, 0x00, 0x00, 0x00, 0x00, 0x00, 0x00, 0x00, 0x00, 0x00, 0x00,
    0x00, 0x00, 0x00, 0x00, 0x00, 0x00, 0x00, 0x00, 0x00, 0x00, 0x00, 0x00,
    0x00, 0x00, 0x00, 0x00, 0x00, 0x00, 0x00, 0x00, 0x00, 0x00, 0x00, 0x00,
    0x00, 0x00, 0x00, 0x00, 0x00, 0x00, 0x00, 0x00, 0x00, 0x00, 0x00, 0x00,
    0x00, 0x00, 0x00, 0x00, 0x00, 0x00, 0x00, 0x00, 0x00, 0x00, 0x00, 0x00,
    0x00, 0x00, 0x00, 0x00, 0x00, 0x00, 0x00, 0x00, 0x00, 0x00, 0x00, 0x00,
    0x00, 0x00, 0x00, 0x00, 0xEF, 0xFF, 0x00, 0x00, 0xE0, 0xFF, 0x0C, 0xFF,
    0xEC, 0xFE, 0x4D, 0xFF, 0x0C, 0xFF, 0x0C, 0xFF, 0x0C, 0xFF, 0x0C, 0xFF,
    0x0C, 0xFF, 0x0C, 0xFF, 0x0C, 0xFF, 0x0C, 0xFF, 0x0C, 0xFF, 0x0C, 0xFF,
    0x0C, 0xFF, 0x0C, 0xFF, 0x0C, 0xFF, 0x0C, 0xFF, 0x0C, 0xFF, 0x0C, 0xFF,
    0x0C, 0xFF, 0x0C, 0xFF, 0x0C, 0xFF, 0x0C, 0xFF, 0x0C, 0xFF, 0x0C, 0xFF,
    0x0C, 0xFF, 0x0C, 0xFF, 0x0C, 0xFF, 0x0C, 0xFF, 0x0C, 0xFF, 0x0C, 0xFF,
    0x0C, 0xFF, 0x0C, 0xFF, 0x0C, 0xFF, 0x0C, 0xFF, 0x0C, 0xFF, 0x0C, 0xFF,
    0x0C, 0xFF, 0x0C, 0xFF, 0x0C, 0xFF, 0x0C, 0xFF, 0xAC, 0xFE, 0x0C, 0xF6,
    0x8C, 0xF5, 0x6C, 0xF5, 0x4C, 0xED, 0x4C, 0xED, 0x4C, 0xED, 0x4C, 0xED,
    0x4C, 0xED, 0x4C, 0xED, 0x4C, 0xED, 0x4C, 0xED, 0x4C, 0xED, 0x4C, 0xED,
    0x4C, 0xED, 0x4C, 0xED, 0x4C, 0xED, 0x4C, 0xED, 0x4C, 0xED, 0x4C, 0xED,
    0x4C, 0xED, 0x4C, 0xED, 0x4C, 0xED, 0x4C, 0xED, 0x4C, 0xED, 0x4C, 0xED,
    0x4C, 0xED, 0x4C, 0xED, 0x4C, 0xED, 0x4C, 0xED, 0x4C, 0xED, 0x4C, 0xED,
    0x4C, 0xED, 0x4C, 0xED, 0x4C, 0xED, 0x4C, 0xED, 0x4C, 0xED, 0x4C, 0xED,
    0x4C, 0xED, 0x4C, 0xED, 0x4C, 0xED, 0x4C, 0xED, 0x4C, 0xED, 0x4C, 0xF5,
    0xAD, 0xFD, 0xAC, 0xF5, 0xCC, 0xF5, 0xCB, 0xE4, 0x68, 0xD4, 0x89, 0xCC,
    0xEF, 0x7B, 0x00, 0x00, 0x00, 0x00, 0x00, 0x00, 0x00, 0x00, 0x00, 0x00,
    0x00, 0x00, 0x00, 0x00, 0x00, 0x00, 0x00, 0x00, 0x00, 0x00, 0x00, 0x00,
    0x00, 0x00, 0x00, 0x00, 0x00, 0x00, 0x00, 0x00, 0x00, 0x00, 0x00, 0x00,
    0x00, 0x00, 0x00, 0x00, 0x00, 0x00, 0x00, 0x00, 0x00, 0x00, 0x00, 0x00,
    0x00, 0x00, 0x00, 0x00, 0x00, 0x00, 0x00, 0x00, 0x00, 0x00, 0x00, 0x00,
    0x00, 0x00, 0x00, 0x00, 0x00, 0x00, 0x00, 0x00, 0x00, 0x00, 0x00, 0x00,
    0x00, 0x00, 0x00, 0x00, 0x00, 0x00, 0x00, 0x00, 0x00, 0x00, 0x00, 0x00,
    0x00, 0x00, 0x00, 0x00, 0x00, 0x00, 0x00, 0x00, 0x00, 0x00, 0x00, 0x00,
    0x00, 0x00, 0x00, 0x00, 0x00, 0x00, 0x00, 0x00, 0x00, 0x00, 0x00, 0x00,
    0x00, 0x00, 0x00, 0x00, 0x00, 0x00, 0x00, 0x00, 0x00, 0x00, 0x00, 0x00,
    0x00, 0x00, 0x00, 0x00, 0x00, 0x00, 0x00, 0x00, 0x00, 0x00, 0x00, 0xF8,
    0xE0, 0xFF, 0x00, 0x00, 0x00, 0x00, 0x0C, 0xFF, 0x6D, 0xFF, 0x0C, 0xFF,
    0x0C, 0xFF, 0x0C, 0xFF, 0x0C, 0xFF, 0x0C, 0xFF, 0x0C, 0xFF, 0x0C, 0xFF,
    0x0C, 0xFF, 0x0C, 0xFF, 0x0C, 0xFF, 0x0C, 0xFF, 0x0C, 0xFF, 0x0C, 0xFF,
    0x0C, 0xFF, 0x0C, 0xFF, 0x0C, 0xFF, 0x0C, 0xFF, 0x0C, 0xFF, 0x0C, 0xFF,
    0x0C, 0xFF, 0x0C, 0xFF, 0x0C, 0xFF, 0x0C, 0xFF, 0x0C, 0xFF, 0x0C, 0xFF,
    0x0C, 0xFF, 0x0C, 0xFF, 0x0C, 0xFF, 0x0C, 0xFF, 0x0C, 0xFF, 0x0C, 0xFF,
    0x0C, 0xFF, 0x0C, 0xFF, 0x0C, 0xFF, 0x2C, 0xFF, 0x2C, 0xFF, 0xEC, 0xFE,
    0x6C, 0xFE, 0xEC, 0xF5, 0x8C, 0xF5, 0x6C, 0xF5, 0x4C, 0xED, 0x4C, 0xED,
    0x4C, 0xED, 0x4C, 0xED, 0x4C, 0xED, 0x4C, 0xED, 0x4C, 0xED, 0x4C, 0xED,
    0x4C, 0xED, 0x4C, 0xED, 0x4C, 0xED, 0x4C, 0xED, 0x4C, 0xED, 0x4C, 0xED,
    0x4C, 0xED, 0x4C, 0xED, 0x4C, 0xED, 0x4C, 0xED, 0x4C, 0xED, 0x4C, 0xED,
    0x4C, 0xED, 0x4C, 0xED, 0x4C, 0xED, 0x4C, 0xED, 0x4C, 0xED, 0x4C, 0xED,
    0x4C, 0xED, 0x4C, 0xED, 0x4C, 0xED, 0x4C, 0xED, 0x4C, 0xED, 0x4C, 0xED,
    0x4C, 0xED, 0x4C, 0xED, 0x4C, 0xED, 0x4C, 0xED, 0x4C, 0xED, 0x4C, 0xED,
    0x6D, 0xF5, 0xEE, 0xFD, 0xAD, 0xF5, 0xCC, 0xF5, 0xED, 0xF5, 0x6D, 0xFE,
    0xAF, 0xFF, 0x00, 0x00, 0x00, 0x00, 0x00, 0x00, 0x00, 0x00, 0xFF, 0xFF,
    0x00, 0x00, 0x00, 0x00, 0x00, 0x00, 0x00, 0x00, 0x00, 0x00, 0x00, 0x00,
    0x00, 0x00, 0x00, 0x00, 0x00, 0x00, 0x00, 0x00, 0x00, 0x00, 0x00, 0x00,
    0x00, 0x00, 0x00, 0x00, 0x00, 0x00, 0x00, 0x00, 0x00, 0x00, 0x00, 0x00,
    0x00, 0x00, 0x00, 0x00, 0x00, 0x00, 0x00, 0x00, 0x00, 0x00, 0x00, 0x00,
    0x00, 0x00, 0x00, 0x00, 0x00, 0x00, 0x00, 0x00, 0x00, 0x00, 0x00, 0x00,
    0x00, 0x00, 0x00, 0x00, 0x00, 0x00, 0x00, 0x00, 0x00, 0x00, 0x00, 0x00,
    0x00, 0x00, 0x00, 0x00, 0x00, 0x00, 0x00, 0x00, 0x00, 0x00, 0x00, 0x00,
    0x00, 0x00, 0x00, 0x00, 0x00, 0x00, 0x00, 0x00, 0x00, 0x00, 0x00, 0x00,
    0x00, 0x00, 0x00, 0x00, 0x00, 0x00, 0x00, 0x00, 0x00, 0x00, 0x00, 0x00,
    0x00, 0x00, 0x00, 0x00, 0x00, 0x00, 0x00, 0x00, 0x00, 0x00, 0x00, 0x00,
    0x00, 0x00, 0x00, 0x00, 0x00, 0x00, 0xE0, 0xFB, 0xE0, 0xFF, 0xEA, 0xFF,
    0x0D, 0xFF, 0x0C, 0xFF, 0xAD, 0xFF, 0x0C, 0xFF, 0x0C, 0xFF, 0x0C, 0xFF,
    0x0C, 0xFF, 0x0C, 0xFF, 0x0C, 0xFF, 0x0C, 0xFF, 0x0C, 0xFF, 0x0C, 0xFF,
    0x0C, 0xFF, 0x0C, 0xFF, 0x0C, 0xFF, 0x0C, 0xFF, 0x0C, 0xFF, 0x0C, 0xFF,
    0x0C, 0xFF, 0x0C, 0xFF, 0x0C, 0xFF, 0x0C, 0xFF, 0x0C, 0xFF, 0x0C, 0xFF,
    0x0C, 0xFF, 0x0C, 0xFF, 0x0C, 0xFF, 0x0C, 0xFF, 0x0C, 0xFF, 0x0C, 0xFF,
    0x0C, 0xFF, 0x0C, 0xFF, 0x0C, 0xFF, 0x0C, 0xFF, 0x2C, 0xFF, 0x2C, 0xFF,
    0x0C, 0xFF, 0xAC, 0xFE, 0x4C, 0xFE, 0xEC, 0xF5, 0x8C, 0xF5, 0x2C, 0xED,
    0x2C, 0xED, 0x4C, 0xED, 0x4C, 0xED, 0x4C, 0xED, 0x4C, 0xED, 0x4C, 0xED,
    0x4C, 0xED, 0x4C, 0xED, 0x4C, 0xED, 0x4C, 0xED, 0x4C, 0xED, 0x4C, 0xED,
    0x4C, 0xED, 0x4C, 0xED, 0x4C, 0xED, 0x4C, 0xED, 0x4C, 0xED, 0x4C, 0xED,
    0x4C, 0xED, 0x4C, 0xED, 0x4C, 0xED, 0x4C, 0xED, 0x4C, 0xED, 0x4C, 0xED,
    0x4C, 0xED, 0x4C, 0xED, 0x4C, 0xED, 0x4C, 0xED, 0x4C, 0xED, 0x4C, 0xED,
    0x4C, 0xED, 0x4C, 0xED, 0x4C, 0xED, 0x4C, 0xED, 0x4C, 0xED, 0x4C, 0xED,
    0x2C, 0xED, 0x6D, 0xF5, 0xCE, 0xFD, 0xED, 0xFD, 0x8C, 0xF5, 0x8C, 0xF5,
    0xCC, 0xF5, 0x4C, 0xFE, 0x00, 0x00, 0x00, 0x00, 0x00, 0x00, 0x26, 0xCB,
    0xEA, 0xD3, 0xCC, 0xCC, 0xEF, 0xFB, 0x00, 0x00, 0x00, 0x00, 0x00, 0x00,
    0x00, 0x00, 0x00, 0x00, 0x00, 0x00, 0x00, 0x00, 0x00, 0x00, 0x00, 0x00,
    0x00, 0x00, 0x00, 0x00, 0x00, 0x00, 0x00, 0x00, 0x00, 0x00, 0x00, 0x00,
    0x00, 0x00, 0x00, 0x00, 0x00, 0x00, 0x00, 0x00, 0x00, 0x00, 0x00, 0x00,
    0x00, 0x00, 0x00, 0x00, 0x00, 0x00, 0x00, 0x00, 0x00, 0x00, 0x00, 0x00,
    0x00, 0x00, 0x00, 0x00, 0x00, 0x00, 0x00, 0x00, 0x00, 0x00, 0x00, 0x00,
    0x00, 0x00, 0x00, 0x00, 0x00, 0x00, 0x00, 0x00, 0x00, 0x00, 0x00, 0x00,
    0x00, 0x00, 0x00, 0x00, 0x00, 0x00, 0x00, 0x00, 0x00, 0x00, 0x00, 0x00,
    0x00, 0x00, 0x00, 0x00, 0x00, 0x00, 0x00, 0x00, 0x00, 0x00, 0x00, 0x00,
    0x00, 0x00, 0x00, 0x00, 0x00, 0x00, 0x00, 0x00, 0x00, 0x00, 0x00, 0x00,
    0x00, 0x00, 0x00, 0x00, 0x00, 0x00, 0x00, 0x00, 0x00, 0x00, 0x00, 0x00,
    0x00, 0x00, 0xEF, 0xFF, 0x00, 0x00, 0x6C, 0xFE, 0x0C, 0xFF, 0x0C, 0xFF,
    0x2D, 0xFF, 0x0C, 0xFF, 0x0C, 0xFF, 0x0C, 0xFF, 0x0C, 0xFF, 0x0C, 0xFF,
    0x0C, 0xFF, 0x0C, 0xFF, 0x0C, 0xFF, 0x0C, 0xFF, 0x0C, 0xFF, 0x0C, 0xFF,
    0x0C, 0xFF, 0x0C, 0xFF, 0x0C, 0xFF, 0x0C, 0xFF, 0x0C, 0xFF, 0x0C, 0xFF,
    0x0C, 0xFF, 0x0C, 0xFF, 0x0C, 0xFF, 0x0C, 0xFF, 0x0C, 0xFF, 0x0C, 0xFF,
    0x0C, 0xFF, 0x0C, 0xFF, 0x0C, 0xFF, 0x0C, 0xFF, 0x0C, 0xFF, 0x2C, 0xFF,
    0x2C, 0xFF, 0x0C, 0xFF, 0xEC, 0xFE, 0xAC, 0xFE, 0x4C, 0xFE, 0xCC, 0xF5,
    0x4C, 0xED, 0x2C, 0xED, 0x4C, 0xED, 0x4C, 0xED, 0x4C, 0xED, 0x4C, 0xED,
    0x4C, 0xED, 0x4C, 0xED, 0x4C, 0xED, 0x4C, 0xED, 0x4C, 0xED, 0x4C, 0xED,
    0x4C, 0xED, 0x4C, 0xED, 0x4C, 0xED, 0x4C, 0xED, 0x4C, 0xED, 0x4C, 0xED,
    0x4C, 0xED, 0x4C, 0xED, 0x4C, 0xED, 0x4C, 0xED, 0x4C, 0xED, 0x4C, 0xED,
    0x4C, 0xED, 0x4C, 0xED, 0x4C, 0xED, 0x4C, 0xED, 0x4C, 0xED, 0x4C, 0xED,
    0x4C, 0xED, 0x4C, 0xED, 0x4C, 0xED, 0x4C, 0xED, 0x4C, 0xED, 0x4C, 0xED,
    0x4C, 0xED, 0x4C, 0xED, 0x6D, 0xF5, 0xAD, 0xFD, 0xAD, 0xFD, 0x6C, 0xF5,
    0x6C, 0xED, 0xCC, 0xF5, 0x4C, 0xF6, 0x00, 0x00, 0x00, 0x00, 0x00, 0x00,
    0xCC, 0xFC, 0xAD, 0xFD, 0x4A, 0xFD, 0x00, 0x00, 0x00, 0x00, 0x00, 0x00,
    0x00, 0x00, 0x00, 0x00, 0x00, 0x00, 0x00, 0x00, 0x00, 0x00, 0x00, 0x00,
    0x00, 0x00, 0x00, 0x00, 0x00, 0x00, 0x00, 0x00, 0x00, 0x00, 0x00, 0x00,
    0x00, 0x00, 0x00, 0x00, 0x00, 0x00, 0x00, 0x00, 0x00, 0x00, 0x00, 0x00,
    0x00, 0x00, 0x00, 0x00, 0x00, 0x00, 0x00, 0x00, 0x00, 0x00, 0x00, 0x00,
    0x00, 0x00, 0x00, 0x00, 0x00, 0x00, 0x00, 0x00, 0x00, 0x00, 0x00, 0x00,
    0x00, 0x00, 0x00, 0x00, 0x00, 0x00, 0x00, 0x00, 0x00, 0x00, 0x00, 0x00,
    0x00, 0x00, 0x00, 0x00, 0x00, 0x00, 0x00, 0x00, 0x00, 0x00, 0x00, 0x00,
    0x00, 0x00, 0x00, 0x00, 0x00, 0x00, 0x00, 0x00, 0x00, 0x00, 0x00, 0x00,
    0x00, 0x00, 0x00, 0x00, 0x00, 0x00, 0x00, 0x00, 0x00, 0x00, 0x00, 0x00,
    0x00, 0x00, 0x00, 0x00, 0x00, 0x00, 0x00, 0x00, 0x00, 0x00, 0x00, 0x00,
    0x00, 0x00, 0x00, 0x00, 0x00, 0x00, 0x00, 0x00, 0x00, 0x00, 0x6C, 0xFE,
    0x00, 0x00, 0xCB, 0xFE, 0x0C, 0xFF, 0x6D, 0xFF, 0x0C, 0xFF, 0x0C, 0xFF,
    0x0C, 0xFF, 0x0C, 0xFF, 0x0C, 0xFF, 0x0C, 0xFF, 0x0C, 0xFF, 0x0C, 0xFF,
    0x0C, 0xFF, 0x0C, 0xFF, 0x0C, 0xFF, 0x0C, 0xFF, 0x0C, 0xFF, 0x0C, 0xFF,
    0x0C, 0xFF, 0x0C, 0xFF, 0x0C, 0xFF, 0x0C, 0xFF, 0x0C, 0xFF, 0x0C, 0xFF,
    0x0C, 0xFF, 0x0C, 0xFF, 0x0C, 0xFF, 0x0C, 0xFF, 0x0C, 0xFF, 0x0C, 0xFF,
    0x0C, 0xFF, 0x0C, 0xFF, 0x0C, 0xFF, 0x0C, 0xFF, 0xEC, 0xFE, 0xAC, 0xFE,
    0x0C, 0xF6, 0x6C, 0xF5, 0x4C, 0xED, 0x4C, 0xED, 0x4C, 0xED, 0x4C, 0xED,
    0x4C, 0xED, 0x4C, 0xED, 0x4C, 0xED, 0x4C, 0xED, 0x4C, 0xED, 0x4C, 0xED,
    0x4C, 0xED, 0x4C, 0xED, 0x4C, 0xED, 0x4C, 0xED, 0x4C, 0xED, 0x4C, 0xED,
    0x4C, 0xED, 0x4C, 0xED, 0x4C, 0xED, 0x4C, 0xED, 0x4C, 0xED, 0x4C, 0xED,
    0x4C, 0xED, 0x4C, 0xED, 0x4C, 0xED, 0x4C, 0xED, 0x4C, 0xED, 0x4C, 0xED,
    0x4C, 0xED, 0x4C, 0xED, 0x4C, 0xED, 0x4C, 0xED, 0x4C, 0xED, 0x4C, 0xED,
    0x4C, 0xED, 0x4C, 0xED, 0x4C, 0xED, 0x4C, 0xF5, 0x6D, 0xF5, 0x6D, 0xF5,
    0x4C, 0xED, 0x6C, 0xF5, 0xAC, 0xF5, 0x0C, 0xF6, 0xEC, 0xFE, 0x00, 0x00,
    0x00, 0x00, 0xE7, 0xBB, 0xEF, 0xFD, 0xEF, 0xFF, 0x00, 0x00, 0x00, 0x00,
    0x00, 0x00, 0x00, 0x00, 0x00, 0x00, 0x00, 0x00, 0x00, 0x00, 0x00, 0x00,
    0x00, 0x00, 0x00, 0x00, 0x00, 0x00, 0x00, 0x00, 0x00, 0x00, 0x00, 0x00,
    0x00, 0x00, 0x00, 0x00, 0x00, 0x00, 0x00, 0x00, 0x00, 0x00, 0x00, 0x00,
    0x00, 0x00, 0x00, 0x00, 0x00, 0x00, 0x00, 0x00, 0x00, 0x00, 0x00, 0x00,
    0x00, 0x00, 0x00, 0x00, 0x00, 0x00, 0x00, 0x00, 0x00, 0x00, 0x00, 0x00,
    0x00, 0x00, 0x00, 0x00, 0x00, 0x00, 0x00, 0x00, 0x00, 0x00, 0x00, 0x00,
    0x00, 0x00, 0x00, 0x00, 0x00, 0x00, 0x00, 0x00, 0x00, 0x00, 0x00, 0x00,
    0x00, 0x00, 0x00, 0x00, 0x00, 0x00, 0x00, 0x00, 0x00, 0x00, 0x00, 0x00,
    0x00, 0x00, 0x00, 0x00, 0x00, 0x00, 0x00, 0x00, 0x00, 0x00, 0x00, 0x00,
    0x00, 0x00, 0x00, 0x00, 0x00, 0x00, 0x00, 0x00, 0x00, 0x00, 0x00, 0x00,
    0x00, 0x00, 0x00, 0x00, 0x00, 0x00, 0x00, 0x00, 0x00, 0x00, 0x00, 0x00,
    0x00, 0x00, 0x00, 0x00, 0xEA, 0xFF, 0x00, 0xF8, 0x8B, 0xFE, 0x0D, 0xFF,
    0x0C, 0xFF, 0x6D, 0xFF, 0x0C, 0xFF, 0x0C, 0xFF, 0x0C, 0xFF, 0x0C, 0xFF,
    0x0C, 0xFF, 0x0C, 0xFF, 0x0C, 0xFF, 0x0C, 0xFF, 0x0C, 0xFF, 0x0C, 0xFF,
    0x0C, 0xFF, 0x0C, 0xFF, 0x0C, 0xFF, 0x0C, 0xFF, 0x0C, 0xFF, 0x0C, 0xFF,
    0x0C, 0xFF, 0x0C, 0xFF, 0x0C, 0xFF, 0x0C, 0xFF, 0x0C, 0xFF, 0x0C, 0xFF,
    0x0C, 0xFF, 0x0C, 0xFF, 0x0C, 0xFF, 0x0C, 0xFF, 0x2C, 0xFF, 0x2C, 0xFF,
    0xEC, 0xFE, 0x4C, 0xFE, 0xCC, 0xF5, 0x6C, 0xF5, 0x4C, 0xED, 0x4C, 0xED,
    0x4C, 0xED, 0x4C, 0xED, 0x4C, 0xED, 0x4C, 0xED, 0x4C, 0xED, 0x4C, 0xED,
    0x4C, 0xED, 0x4C, 0xED, 0x4C, 0xED, 0x4C, 0xED, 0x4C, 0xED, 0x4C, 0xED,
    0x4C, 0xED, 0x4C, 0xED, 0x4C, 0xED, 0x4C, 0xED, 0x4C, 0xED, 0x4C, 0xED,
    0x4C, 0xED, 0x4C, 0xED, 0x4C, 0xED, 0x4C, 0xED, 0x4C, 0xED, 0x4C, 0xED,
    0x4C, 0xED, 0x4C, 0xED, 0x4C, 0xED, 0x4C, 0xED, 0x4C, 0xED, 0x4C, 0xED,
    0x4C, 0xED, 0x4C, 0xED, 0x4C, 0xED, 0x4C, 0xED, 0x4C, 0xED, 0x4C, 0xED,
    0x4C, 0xED, 0x4C, 0xF5, 0x8D, 0xFD, 0xAC, 0xF5, 0xEC, 0xF5, 0x0C, 0xF6,
    0xED, 0xED, 0x6C, 0xFE, 0x00, 0x00, 0x00, 0x00, 0x00, 0x00, 0x00, 0x00,
    0x00, 0x00, 0x00, 0x00, 0x00, 0x00, 0x00, 0x00, 0x00, 0x00, 0x00, 0x00,
    0x00, 0x00, 0x00, 0x00, 0x00, 0x00, 0x00, 0x00, 0x00, 0x00, 0x00, 0x00,
    0x00, 0x00, 0x00, 0x00, 0x00, 0x00, 0x00, 0x00, 0x00, 0x00, 0x00, 0x00,
    0x00, 0x00, 0x00, 0x00, 0x00, 0x00, 0x00, 0x00, 0x00, 0x00, 0x00, 0x00,
    0x00, 0x00, 0x00, 0x00, 0x00, 0x00, 0x00, 0x00, 0x00, 0x00, 0x00, 0x00,
    0x00, 0x00, 0x00, 0x00, 0x00, 0x00, 0x00, 0x00, 0x00, 0x00, 0x00, 0x00,
    0x00, 0x00, 0x00, 0x00, 0x00, 0x00, 0x00, 0x00, 0x00, 0x00, 0x00, 0x00,
    0x00, 0x00, 0x00, 0x00, 0x00, 0x00, 0x00, 0x00, 0x00, 0x00, 0x00, 0x00,
    0x00, 0x00, 0x00, 0x00, 0x00, 0x00, 0x00, 0x00, 0x00, 0x00, 0x00, 0x00,
    0x00, 0x00, 0x00, 0x00, 0x00, 0x00, 0x00, 0x00, 0x00, 0x00, 0x00, 0x00,
    0x00, 0x00, 0x00, 0x00, 0x00, 0x00, 0x00, 0x00, 0x00, 0x00, 0x00, 0x00,
    0x00, 0x00, 0x00, 0x00, 0x00, 0x00, 0x00, 0x00, 0x00, 0x00, 0x00, 0x00,
    0xEF, 0xFF, 0xE0, 0xFF, 0x0D, 0xFF, 0x0C, 0xFF, 0x0C, 0xFF, 0x2D, 0xFF,
    0x0C, 0xFF, 0x0C, 0xFF, 0x0C, 0xFF, 0x0C, 0xFF, 0x0C, 0xFF, 0x0C, 0xFF,
    0x0C, 0xFF, 0x0C, 0xFF, 0x0C, 0xFF, 0x0C, 0xFF, 0x0C, 0xFF, 0x0C, 0xFF,
    0x0C, 0xFF, 0x0C, 0xFF, 0x0C, 0xFF, 0x0C, 0xFF, 0x0C, 0xFF, 0x0C, 0xFF,
    0x0C, 0xFF, 0x0C, 0xFF, 0x0C, 0xFF, 0x0C, 0xFF, 0x0C, 0xFF, 0x2C, 0xFF,
    0x2C, 0xFF, 0x0C, 0xFF, 0x8C, 0xFE, 0x0C, 0xF6, 0xAC, 0xF5, 0x6C, 0xF5,
    0x4C, 0xED, 0x2C, 0xED, 0x4C, 0xED, 0x4C, 0xED, 0x4C, 0xED, 0x4C, 0xED,
    0x4C, 0xED, 0x4C, 0xED, 0x4C, 0xED, 0x4C, 0xED, 0x4C, 0xED, 0x4C, 0xED,
    0x4C, 0xED, 0x4C, 0xED, 0x4C, 0xED, 0x4C, 0xED, 0x4C, 0xED, 0x4C, 0xED,
    0x4C, 0xED, 0x4C, 0xED, 0x4C, 0xED, 0x4C, 0xED, 0x4C, 0xED, 0x4C, 0xED,
    0x4C, 0xED, 0x4C, 0xED, 0x4C, 0xED, 0x4C, 0xED, 0x4C, 0xED, 0x4C, 0xED,
    0x4C, 0xED, 0x4C, 0xED, 0x4C, 0xED, 0x4C, 0xED, 0x4C, 0xED, 0x4C, 0xED,
    0x4C, 0xED, 0x4C, 0xED, 0x4C, 0xED, 0xAD, 0xFD, 0x0D, 0xFE, 0xCC, 0xF5,
    0x8C, 0xF5, 0xCC, 0xF5, 0x6C, 0xF6, 0x00, 0x00, 0x00, 0x00, 0x00, 0x00,
    0x00, 0x00, 0xEF, 0xFF, 0xE0, 0xFF, 0x00, 0x00, 0x00, 0x00, 0x00, 0x00,
    0x00, 0x00, 0x00, 0x00, 0x00, 0x00, 0x00, 0x00, 0x00, 0x00, 0x00, 0x00,
    0x00, 0x00, 0x00, 0x00, 0x00, 0x00, 0x00, 0x00, 0x00, 0x00, 0x00, 0x00,
    0x00, 0x00, 0x00, 0x00, 0x00, 0x00, 0x00, 0x00, 0x00, 0x00, 0x00, 0x00,
    0x00, 0x00, 0x00, 0x00, 0x00, 0x00, 0x00, 0x00, 0x00, 0x00, 0x00, 0x00,
    0x00, 0x00, 0x00, 0x00, 0x00, 0x00, 0x00, 0x00, 0x00, 0x00, 0x00, 0x00,
    0x00, 0x00, 0x00, 0x00, 0x00, 0x00, 0x00, 0x00, 0x00, 0x00, 0x00, 0x00,
    0x00, 0x00, 0x00, 0x00, 0x00, 0x00, 0x00, 0x00, 0x00, 0x00, 0x00, 0x00,
    0x00, 0x00, 0x00, 0x00, 0x00, 0x00, 0x00, 0x00, 0x00, 0x00, 0x00, 0x00,
    0x00, 0x00, 0x00, 0x00, 0x00, 0x00, 0x00, 0x00, 0x00, 0x00, 0x00, 0x00,
    0x00, 0x00, 0x00, 0x00, 0x00, 0x00, 0x00, 0x00, 0x00, 0x00, 0x00, 0x00,
    0x00, 0x00, 0x00, 0x00, 0x00, 0x00, 0x00, 0x00, 0x00, 0x00, 0x00, 0x00,
    0x00, 0x00, 0x00, 0x00, 0x00, 0x00, 0x00, 0x00, 0xF5, 0xFF, 0x00, 0x00,
    0x2C, 0xFF, 0x2D, 0xFF, 0x2C, 0xFF, 0x0C, 0xFF, 0x0C, 0xFF, 0x0C, 0xFF,
    0x0C, 0xFF, 0x0C, 0xFF, 0x0C, 0xFF, 0x0C, 0xFF, 0x0C, 0xFF, 0x0C, 0xFF,
    0x0C, 0xFF, 0x0C, 0xFF, 0x0C, 0xFF, 0x0C, 0xFF, 0x0C, 0xFF, 0x0C, 0xFF,
    0x0C, 0xFF, 0x0C, 0xFF, 0x0C, 0xFF, 0x0C, 0xFF, 0x0C, 0xFF, 0x0C, 0xFF,
    0x2C, 0xFF, 0x2C, 0xFF, 0x2C, 0xFF, 0xCC, 0xFE, 0x6C, 0xFE, 0x0C, 0xF6,
    0xAC, 0xF5, 0x4C, 0xED, 0x2C, 0xED, 0x2C, 0xED, 0x4C, 0xED, 0x4C, 0xED,
    0x4C, 0xED, 0x4C, 0xED, 0x4C, 0xED, 0x4C, 0xED, 0x4C, 0xED, 0x4C, 0xED,
    0x4C, 0xED, 0x4C, 0xED, 0x4C, 0xED, 0x4C, 0xED, 0x4C, 0xED, 0x4C, 0xED,
    0x4C, 0xED, 0x4C, 0xED, 0x4C, 0xED, 0x4C, 0xED, 0x4C, 0xED, 0x4C, 0xED,
    0x4C, 0xED, 0x4C, 0xED, 0x4C, 0xED, 0x4C, 0xED, 0x4C, 0xED, 0x4C, 0xED,
    0x4C, 0xED, 0x4C, 0xED, 0x4C, 0xED, 0x4C, 0xED, 0x4C, 0xED, 0x4C, 0xED,
    0x4C, 0xED, 0x4C, 0xED, 0x4C, 0xED, 0x4C, 0xED, 0xAD, 0xFD, 0xEE, 0xFD,
    0x8C, 0xF5, 0x8C, 0xF5, 0xAC, 0xF5, 0x2C, 0xF6, 0xE0, 0xFF, 0x00, 0x00,
    0x00, 0x00, 0x00, 0x00, 0x4A, 0xD5, 0xEA, 0xFF, 0xE0, 0xFF, 0x00, 0x00,
    0x00, 0x00, 0x00, 0x00, 0x00, 0x00, 0x00, 0x00, 0x00, 0x00, 0x00, 0x00,
    0x00, 0x00, 0x00, 0x00, 0x00, 0x00, 0x00, 0x00, 0x00, 0x00, 0x00, 0x00,
    0x00, 0x00, 0x00, 0x00, 0x00, 0x00, 0x00, 0x00, 0x00, 0x00, 0x00, 0x00,
    0x00, 0x00, 0x00, 0x00, 0x00, 0x00, 0x00, 0x00, 0x00, 0x00, 0x00, 0x00,
    0x00, 0x00, 0x00, 0x00, 0x00, 0x00, 0x00, 0x00, 0x00, 0x00, 0x00, 0x00,
    0x00, 0x00, 0x00, 0x00, 0x00, 0x00, 0x00, 0x00, 0x00, 0x00, 0x00, 0x00,
    0x00, 0x00, 0x00, 0x00, 0x00, 0x00, 0x00, 0x00, 0x00, 0x00, 0x00, 0x00,
    0x00, 0x00, 0x00, 0x00, 0x00, 0x00, 0x00, 0x00, 0x00, 0x00, 0x00, 0x00,
    0x00, 0x00, 0x00, 0x00, 0x00, 0x00, 0x00, 0x00, 0x00, 0x00, 0x00, 0x00,
    0x00, 0x00, 0x00, 0x00, 0x00, 0x00, 0x00, 0x00, 0x00, 0x00, 0x00, 0x00,
    0x00, 0x00, 0x00, 0x00, 0x00, 0x00, 0x00, 0x00, 0x00, 0x00, 0x00, 0x00,
    0x00, 0x00, 0x00, 0x00, 0x00, 0x00, 0x00, 0x00, 0x00, 0x00, 0x00, 0x00,
    0x00, 0x00, 0xE0, 0xFF, 0x00, 0x00, 0xEC, 0xFE, 0x0C, 0xFF, 0x4D, 0xFF,
    0x2D, 0xFF, 0x0C, 0xFF, 0x0C, 0xFF, 0x0C, 0xFF, 0x0C, 0xFF, 0x0C, 0xFF,
    0x0C, 0xFF, 0x0C, 0xFF, 0x0C, 0xFF, 0x0C, 0xFF, 0x0C, 0xFF, 0x0C, 0xFF,
    0x0C, 0xFF, 0x0C, 0xFF, 0x0C, 0xFF, 0x0C, 0xFF, 0x0C, 0xFF, 0x0C, 0xFF,
    0x0C, 0xFF, 0x0C, 0xFF, 0x2C, 0xFF, 0x2C, 0xFF, 0xEC, 0xFE, 0xCC, 0xFE,
    0x6C, 0xFE, 0xEC, 0xF5, 0x6C, 0xF5, 0x2C, 0xED, 0x2C, 0xED, 0x4C, 0xED,
    0x4C, 0xED, 0x4C, 0xED, 0x4C, 0xED, 0x4C, 0xED, 0x4C, 0xED, 0x4C, 0xED,
    0x4C, 0xED, 0x4C, 0xED, 0x4C, 0xED, 0x4C, 0xED, 0x4C, 0xED, 0x4C, 0xED,
    0x4C, 0xED, 0x4C, 0xED, 0x4C, 0xED, 0x4C, 0xED, 0x4C, 0xED, 0x4C, 0xED,
    0x4C, 0xED, 0x4C, 0xED, 0x4C, 0xED, 0x4C, 0xED, 0x4C, 0xED, 0x4C, 0xED,
    0x4C, 0xED, 0x4C, 0xED, 0x4C, 0xED, 0x4C, 0xED, 0x4C, 0xED, 0x4C, 0xED,
    0x4C, 0xED, 0x4C, 0xED, 0x4C, 0xED, 0x4C, 0xED, 0x4C, 0xF5, 0x8D, 0xFD,
    0xCD, 0xFD, 0x6C, 0xED, 0x6C, 0xF5, 0xAC, 0xF5, 0x0C, 0xF6, 0xEB, 0xFE,
    0x00, 0x00, 0x00, 0x00, 0x1F, 0xF8, 0xAD, 0xFD, 0x6C, 0xFE, 0xE0, 0xFF,
    0x00, 0x00, 0x00, 0x00, 0x00, 0x00, 0x00, 0x00, 0x00, 0x00, 0x00, 0x00,
    0x00, 0x00, 0x00, 0x00, 0x00, 0x00, 0x00, 0x00, 0x00, 0x00, 0x00, 0x00,
    0x00, 0x00, 0x00, 0x00, 0x00, 0x00, 0x00, 0x00, 0x00, 0x00, 0x00, 0x00,
    0x00, 0x00, 0x00, 0x00, 0x00, 0x00, 0x00, 0x00, 0x00, 0x00, 0x00, 0x00,
    0x00, 0x00, 0x00, 0x00, 0x00, 0x00, 0x00, 0x00, 0x00, 0x00, 0x00, 0x00,
    0x00, 0x00, 0x00, 0x00, 0x00, 0x00, 0x00, 0x00, 0x00, 0x00, 0x00, 0x00,
    0x00, 0x00, 0x00, 0x00, 0x00, 0x00, 0x00, 0x00, 0x00, 0x00, 0x00, 0x00,
    0x00, 0x00, 0x00, 0x00, 0x00, 0x00, 0x00, 0x00, 0x00, 0x00, 0x00, 0x00,
    0x00, 0x00, 0x00, 0x00, 0x00, 0x00, 0x00, 0x00, 0x00, 0x00, 0x00, 0x00,
    0x00, 0x00, 0x00, 0x00, 0x00, 0x00, 0x00, 0x00, 0x00, 0x00, 0x00, 0x00,
    0x00, 0x00, 0x00, 0x00, 0x00, 0x00, 0x00, 0x00, 0x00, 0x00, 0x00, 0x00,
    0x00, 0x00, 0x00, 0x00, 0x00, 0x00, 0x00, 0x00, 0x00, 0x00, 0x00, 0x00,
    0x00, 0x00, 0x00, 0x00, 0x00, 0x00, 0x00, 0x00, 0x00, 0x00, 0xEA, 0xFF,
    0x00, 0x00, 0x0C, 0xFF, 0x2C, 0xFF, 0x0C, 0xFF, 0x0C, 0xFF, 0x0C, 0xFF,
    0x0C, 0xFF, 0x0C, 0xFF, 0x0C, 0xFF, 0x0C, 0xFF, 0x0C, 0xFF, 0x0C, 0xFF,
    0x0C, 0xFF, 0x0C, 0xFF, 0x0C, 0xFF, 0x0C, 0xFF, 0x0C, 0xFF, 0x0C, 0xFF,
    0x0C, 0xFF, 0x0C, 0xFF, 0x0C, 0xFF, 0x0C, 0xFF, 0x0C, 0xFF, 0x0C, 0xFF,
    0x0C, 0xFF, 0xCC, 0xFE, 0x4C, 0xFE, 0xAC, 0xF5, 0x4C, 0xED, 0x4C, 0xED,
    0x4C, 0xED, 0x4C, 0xED, 0x4C, 0xED, 0x4C, 0xED, 0x4C, 0xED, 0x4C, 0xED,
    0x4C, 0xED, 0x4C, 0xED, 0x4C, 0xED, 0x4C, 0xED, 0x4C, 0xED, 0x4C, 0xED,
    0x4C, 0xED, 0x4C, 0xED, 0x4C, 0xED, 0x4C, 0xED, 0x4C, 0xED, 0x4C, 0xED,
    0x4C, 0xED, 0x4C, 0xED, 0x4C, 0xED, 0x4C, 0xED, 0x4C, 0xED, 0x4C, 0xED,
    0x4C, 0xED, 0x4C, 0xED, 0x4C, 0xED, 0x4C, 0xED, 0x4C, 0xED, 0x4C, 0xED,
    0x4C, 0xED, 0x4C, 0xED, 0x4C, 0xED, 0x4C, 0xED, 0x4C, 0xED, 0x4C, 0xF5,
    0x6C, 0xF5, 0x6D, 0xF5, 0x6C, 0xF5, 0x6C, 0xED, 0x8C, 0xF5, 0xEC, 0xF5,
    0x2D, 0xF6, 0x00, 0x00, 0x00, 0x00, 0xFF, 0xFF, 0xEF, 0xFD, 0x4A, 0xFD,
    0xE0, 0xFF, 0x00, 0x00, 0x00, 0x00, 0x00, 0x00, 0x00, 0x00, 0x00, 0x00,
    0x00, 0x00, 0x00, 0x00, 0x00, 0x00, 0x00, 0x00, 0x00, 0x00, 0x00, 0x00,
    0x00, 0x00, 0x00, 0x00, 0x00, 0x00, 0x00, 0x00, 0x00, 0x00, 0x00, 0x00,
    0x00, 0x00, 0x00, 0x00, 0x00, 0x00, 0x00, 0x00, 0x00, 0x00, 0x00, 0x00,
    0x00, 0x00, 0x00, 0x00, 0x00, 0x00, 0x00, 0x00, 0x00, 0x00, 0x00, 0x00,
    0x00, 0x00, 0x00, 0x00, 0x00, 0x00, 0x00, 0x00, 0x00, 0x00, 0x00, 0x00,
    0x00, 0x00, 0x00, 0x00, 0x00, 0x00, 0x00, 0x00, 0x00, 0x00, 0x00, 0x00,
    0x00, 0x00, 0x00, 0x00, 0x00, 0x00, 0x00, 0x00, 0x00, 0x00, 0x00, 0x00,
    0x00, 0x00, 0x00, 0x00, 0x00, 0x00, 0x00, 0x00, 0x00, 0x00, 0x00, 0x00,
    0x00, 0x00, 0x00, 0x00, 0x00, 0x00, 0x00, 0x00, 0x00, 0x00, 0x00, 0x00,
    0x00, 0x00, 0x00, 0x00, 0x00, 0x00, 0x00, 0x00, 0x00, 0x00, 0x00, 0x00,
    0x00, 0x00, 0x00, 0x00, 0x00, 0x00, 0x00, 0x00, 0x00, 0x00, 0x00, 0x00,
    0x00, 0x00, 0x00, 0x00, 0x00, 0x00, 0x00, 0x00, 0x00, 0x00, 0x00, 0x00,
    0x00, 0x00, 0x00, 0x00, 0x00, 0x00, 0xEF, 0xFF, 0x00, 0x00, 0x0C, 0xFF,
    0x8D, 0xFF, 0x0C, 0xFF, 0x0C, 0xFF, 0x0C, 0xFF, 0x0C, 0xFF, 0x0C, 0xFF,
    0x0C, 0xFF, 0x0C, 0xFF, 0x0C, 0xFF, 0x0C, 0xFF, 0x0C, 0xFF, 0x0C, 0xFF,
    0x0C, 0xFF, 0x0C, 0xFF, 0x0C, 0xFF, 0x0C, 0xFF, 0x0C, 0xFF, 0x0C, 0xFF,
    0x0C, 0xFF, 0x2C, 0xFF, 0x0C, 0xFF, 0x8C, 0xFE, 0xEC, 0xF5, 0x6C, 0xF5,
    0x4C, 0xF5, 0x4C, 0xED, 0x4C, 0xED, 0x4C, 0xED, 0x4C, 0xED, 0x4C, 0xED,
    0x4C, 0xED, 0x4C, 0xED, 0x4C, 0xED, 0x4C, 0xED, 0x4C, 0xED, 0x4C, 0xED,
    0x4C, 0xED, 0x4C, 0xED, 0x4C, 0xED, 0x4C, 0xED, 0x4C, 0xED, 0x4C, 0xED,
    0x4C, 0xED, 0x4C, 0xED, 0x4C, 0xED, 0x4C, 0xED, 0x4C, 0xED, 0x4C, 0xED,
    0x4C, 0xED, 0x4C, 0xED, 0x4C, 0xED, 0x4C, 0xED, 0x4C, 0xED, 0x4C, 0xED,
    0x4C, 0xED, 0x4C, 0xED, 0x4C, 0xED, 0x4C, 0xED, 0x4C, 0xED, 0x4C, 0xED,
    0x4C, 0xED, 0x4C, 0xED, 0x4C, 0xED, 0x4C, 0xED, 0x6D, 0xF5, 0xCD, 0xFD,
    0xCC, 0xF5, 0xCC, 0xF5, 0x8C, 0xF5, 0x2C, 0xEE, 0xEF, 0xFF, 0x00, 0x00,
    0x00, 0x00, 0x00, 0x00, 0x00, 0x00, 0x00, 0x00, 0x00, 0x00, 0x00, 0x00,
    0x00, 0x00, 0x00, 0x00, 0x00, 0x00, 0x00, 0x00, 0x00, 0x00, 0x00, 0x00,
    0x00, 0x00, 0x00, 0x00, 0x00, 0x00, 0x00, 0x00, 0x00, 0x00, 0x00, 0x00,
    0x00, 0x00, 0x00, 0x00, 0x00, 0x00, 0x00, 0x00, 0x00, 0x00, 0x00, 0x00,
    0x00, 0x00, 0x00, 0x00, 0x00, 0x00, 0x00, 0x00, 0x00, 0x00, 0x00, 0x00,
    0x00, 0x00, 0x00, 0x00, 0x00, 0x00, 0x00, 0x00, 0x00, 0x00, 0x00, 0x00,
    0x00, 0x00, 0x00, 0x00, 0x00, 0x00, 0x00, 0x00, 0x00, 0x00, 0x00, 0x00,
    0x00, 0x00, 0x00, 0x00, 0x00, 0x00, 0x00, 0x00, 0x00, 0x00, 0x00, 0x00,
    0x00, 0x00, 0x00, 0x00, 0x00, 0x00, 0x00, 0x00, 0x00, 0x00, 0x00, 0x00,
    0x00, 0x00, 0x00, 0x00, 0x00, 0x00, 0x00, 0x00, 0x00, 0x00, 0x00, 0x00,
    0x00, 0x00, 0x00, 0x00, 0x00, 0x00, 0x00, 0x00, 0x00, 0x00, 0x00, 0x00,
    0x00, 0x00, 0x00, 0x00, 0x00, 0x00, 0x00, 0x00, 0x00, 0x00, 0x00, 0x00,
    0x00, 0x00, 0x00, 0x00, 0x00, 0x00, 0x00, 0x00, 0x00, 0x00, 0x00, 0x00,
    0x00, 0x00, 0x00, 0x00, 0x00, 0x00, 0x00, 0x00, 0x00, 0x00, 0xFF, 0xFF,
    0x00, 0x00, 0xEA, 0xFF, 0xCC, 0xFE, 0xEC, 0xFE, 0x8D, 0xFF, 0x0C, 0xFF,
    0x0C, 0xFF, 0x0C, 0xFF, 0x0C, 0xFF, 0x0C, 0xFF, 0x0C, 0xFF, 0x0C, 0xFF,
    0x0C, 0xFF, 0x0C, 0xFF, 0x0C, 0xFF, 0x0C, 0xFF, 0x0C, 0xFF, 0x0C, 0xFF,
    0x0C, 0xFF, 0x0C, 0xFF, 0x2C, 0xFF, 0x2C, 0xFF, 0xCC, 0xFE, 0x4C, 0xF6,
    0xCC, 0xF5, 0x8C, 0xF5, 0x6C, 0xF5, 0x2C, 0xED, 0x2C, 0xED, 0x4C, 0xED,
    0x4C, 0xED, 0x4C, 0xED, 0x4C, 0xED, 0x4C, 0xED, 0x4C, 0xED, 0x4C, 0xED,
    0x4C, 0xED, 0x4C, 0xED, 0x4C, 0xED, 0x4C, 0xED, 0x4C, 0xED, 0x4C, 0xED,
    0x4C, 0xED, 0x4C, 0xED, 0x4C, 0xED, 0x4C, 0xED, 0x4C, 0xED, 0x4C, 0xED,
    0x4C, 0xED, 0x4C, 0xED, 0x4C, 0xED, 0x4C, 0xED, 0x4C, 0xED, 0x4C, 0xED,
    0x4C, 0xED, 0x4C, 0xED, 0x4C, 0xED, 0x4C, 0xED, 0x4C, 0xED, 0x4C, 0xED,
    0x4C, 0xED, 0x4C, 0xED, 0x4C, 0xED, 0x4C, 0xED, 0x2C, 0xED, 0x8D, 0xFD,
    0xEE, 0xFD, 0xAC, 0xF5, 0xCC, 0xF5, 0xAC, 0xF5, 0x0C, 0xF6, 0x0A, 0xFF,
    0x00, 0x00, 0x00, 0x00, 0x00, 0x00, 0x4A, 0xAD, 0xEF, 0xFB, 0x00, 0xF8,
    0x00, 0x00, 0x00, 0x00, 0x00, 0x00, 0x00, 0x00, 0x00, 0x00, 0x00, 0x00,
    0x00, 0x00, 0x00, 0x00, 0x00, 0x00, 0x00, 0x00, 0x00, 0x00, 0x00, 0x00,
    0x00, 0x00, 0x00, 0x00, 0x00, 0x00, 0x00, 0x00, 0x00, 0x00, 0x00, 0x00,
    0x00, 0x00, 0x00, 0x00, 0x00, 0x00, 0x00, 0x00, 0x00, 0x00, 0x00, 0x00,
    0x00, 0x00, 0x00, 0x00, 0x00, 0x00, 0x00, 0x00, 0x00, 0x00, 0x00, 0x00,
    0x00, 0x00, 0x00, 0x00, 0x00, 0x00, 0x00, 0x00, 0x00, 0x00, 0x00, 0x00,
    0x00, 0x00, 0x00, 0x00, 0x00, 0x00, 0x00, 0x00, 0x00, 0x00, 0x00, 0x00,
    0x00, 0x00, 0x00, 0x00, 0x00, 0x00, 0x00, 0x00, 0x00, 0x00, 0x00, 0x00,
    0x00, 0x00, 0x00, 0x00, 0x00, 0x00, 0x00, 0x00, 0x00, 0x00, 0x00, 0x00,
    0x00, 0x00, 0x00, 0x00, 0x00, 0x00, 0x00, 0x00, 0x00, 0x00, 0x00, 0x00,
    0x00, 0x00, 0x00, 0x00, 0x00, 0x00, 0x00, 0x00, 0x00, 0x00, 0x00, 0x00,
    0x00, 0x00, 0x00, 0x00, 0x00, 0x00, 0x00, 0x00, 0x00, 0x00, 0x00, 0x00,
    0x00, 0x00, 0x00, 0x00, 0x00, 0x00, 0x00, 0x00, 0x00, 0x00, 0x00, 0x00,
    0x00, 0x00, 0x00, 0x00, 0x00, 0x00, 0xEF, 0xFB, 0x00, 0x00, 0x00, 0x00,
    0x0C, 0xFF, 0x4D, 0xFF, 0x2C, 0xFF, 0x0C, 0xFF, 0x0C, 0xFF, 0x0C, 0xFF,
    0x0C, 0xFF, 0x0C, 0xFF, 0x0C, 0xFF, 0x0C, 0xFF, 0x0C, 0xFF, 0x0C, 0xFF,
    0x0C, 0xFF, 0x0C, 0xFF, 0x0C, 0xFF, 0x2C, 0xFF, 0x2C, 0xFF, 0xEC, 0xFE,
    0x8C, 0xFE, 0x2C, 0xF6, 0xEC, 0xF5, 0x6C, 0xF5, 0x2C, 0xED, 0x2C, 0xED,
    0x4C, 0xED, 0x4C, 0xED, 0x4C, 0xED, 0x4C, 0xED, 0x4C, 0xED, 0x4C, 0xED,
    0x4C, 0xED, 0x4C, 0xED, 0x4C, 0xED, 0x4C, 0xED, 0x4C, 0xED, 0x4C, 0xED,
    0x4C, 0xED, 0x4C, 0xED, 0x4C, 0xED, 0x4C, 0xED, 0x4C, 0xED, 0x4C, 0xED,
    0x4C, 0xED, 0x4C, 0xED, 0x4C, 0xED, 0x4C, 0xED, 0x4C, 0xED, 0x4C, 0xED,
    0x4C, 0xED, 0x4C, 0xED, 0x4C, 0xED, 0x4C, 0xED, 0x4C, 0xED, 0x4C, 0xED,
    0x4C, 0xED, 0x4C, 0xED, 0x4C, 0xED, 0x4C, 0xED, 0x4C, 0xED, 0x4C, 0xED,
    0x8D, 0xFD, 0xEE, 0xFD, 0xAD, 0xF5, 0x8C, 0xF5, 0x8C, 0xF5, 0xEC, 0xF5,
    0xEC, 0xF6, 0x00, 0x00, 0x00, 0x00, 0x00, 0x00, 0xCC, 0xFC, 0x6C, 0xFE,
    0xEF, 0xFB, 0x00, 0x00, 0x00, 0x00, 0x00, 0x00, 0x00, 0x00, 0x00, 0x00,
    0x00, 0x00, 0x00, 0x00, 0x00, 0x00, 0x00, 0x00, 0x00, 0x00, 0x00, 0x00,
    0x00, 0x00, 0x00, 0x00, 0x00, 0x00, 0x00, 0x00, 0x00, 0x00, 0x00, 0x00,
    0x00, 0x00, 0x00, 0x00, 0x00, 0x00, 0x00, 0x00, 0x00, 0x00, 0x00, 0x00,
    0x00, 0x00, 0x00, 0x00, 0x00, 0x00, 0x00, 0x00, 0x00, 0x00, 0x00, 0x00,
    0x00, 0x00, 0x00, 0x00, 0x00, 0x00, 0x00, 0x00, 0x00, 0x00, 0x00, 0x00,
    0x00, 0x00, 0x00, 0x00, 0x00, 0x00, 0x00, 0x00, 0x00, 0x00, 0x00, 0x00,
    0x00, 0x00, 0x00, 0x00, 0x00, 0x00, 0x00, 0x00, 0x00, 0x00, 0x00, 0x00,
    0x00, 0x00, 0x00, 0x00, 0x00, 0x00, 0x00, 0x00, 0x00, 0x00, 0x00, 0x00,
    0x00, 0x00, 0x00, 0x00, 0x00, 0x00, 0x00, 0x00, 0x00, 0x00, 0x00, 0x00,
    0x00, 0x00, 0x00, 0x00, 0x00, 0x00, 0x00, 0x00, 0x00, 0x00, 0x00, 0x00,
    0x00, 0x00, 0x00, 0x00, 0x00, 0x00, 0x00, 0x00, 0x00, 0x00, 0x00, 0x00,
    0x00, 0x00, 0x00, 0x00, 0x00, 0x00, 0x00, 0x00, 0x00, 0x00, 0x00, 0x00,
    0x00, 0x00, 0x00, 0x00, 0x00, 0x00, 0x00, 0x00, 0x00, 0x00, 0x00, 0x00,
    0x00, 0xF8, 0xEF, 0xFB, 0xFF, 0xFF, 0xEB, 0xFE, 0x0C, 0xFF, 0xAD, 0xFF,
    0x0C, 0xFF, 0x0C, 0xFF, 0x0C, 0xFF, 0x0C, 0xFF, 0x0C, 0xFF, 0x0C, 0xFF,
    0x0C, 0xFF, 0x0C, 0xFF, 0x0C, 0xFF, 0x0C, 0xFF, 0x2C, 0xFF, 0x2C, 0xFF,
    0x0C, 0xFF, 0xCC, 0xFE, 0x8C, 0xFE, 0x2C, 0xF6, 0xAC, 0xF5, 0x2C, 0xED,
    0x2C, 0xED, 0x4C, 0xED, 0x4C, 0xED, 0x4C, 0xED, 0x4C, 0xED, 0x4C, 0xED,
    0x4C, 0xED, 0x4C, 0xED, 0x4C, 0xED, 0x4C, 0xED, 0x4C, 0xED, 0x4C, 0xED,
    0x4C, 0xED, 0x4C, 0xED, 0x4C, 0xED, 0x4C, 0xED, 0x4C, 0xED, 0x4C, 0xED,
    0x4C, 0xED, 0x4C, 0xED, 0x4C, 0xED, 0x4C, 0xED, 0x4C, 0xED, 0x4C, 0xED,
    0x4C, 0xED, 0x4C, 0xED, 0x4C, 0xED, 0x4C, 0xED, 0x4C, 0xED, 0x4C, 0xED,
    0x4C, 0xED, 0x4C, 0xED, 0x4C, 0xED, 0x4C, 0xED, 0x4C, 0xED, 0x4C, 0xED,
    0x4C, 0xED, 0x6D, 0xF5, 0xAD, 0xFD, 0xAD, 0xF5, 0x6C, 0xED, 0x8C, 0xF5,
    0xCC, 0xF5, 0x4D, 0xF6, 0x00, 0x00, 0x00, 0x00, 0x00, 0x00, 0xEB, 0xDC,
    0x4A, 0xFD, 0x4A, 0xAD, 0x00, 0x00, 0x00, 0x00, 0x00, 0x00, 0x00, 0x00,
    0x00, 0x00, 0x00, 0x00, 0x00, 0x00, 0x00, 0x00, 0x00, 0x00, 0x00, 0x00,
    0x00, 0x00, 0x00, 0x00, 0x00, 0x00, 0x00, 0x00, 0x00, 0x00, 0x00, 0x00,
    0x00, 0x00, 0x00, 0x00, 0x00, 0x00, 0x00, 0x00, 0x00, 0x00, 0x00, 0x00,
    0x00, 0x00, 0x00, 0x00, 0x00, 0x00, 0x00, 0x00, 0x00, 0x00, 0x00, 0x00,
    0x00, 0x00, 0x00, 0x00, 0x00, 0x00, 0x00, 0x00, 0x00, 0x00, 0x00, 0x00,
    0x00, 0x00, 0x00, 0x00, 0x00, 0x00, 0x00, 0x00, 0x00, 0x00, 0x00, 0x00,
    0x00, 0x00, 0x00, 0x00, 0x00, 0x00, 0x00, 0x00, 0x00, 0x00, 0x00, 0x00,
    0x00, 0x00, 0x00, 0x00, 0x00, 0x00, 0x00, 0x00, 0x00, 0x00, 0x00, 0x00,
    0x00, 0x00, 0x00, 0x00, 0x00, 0x00, 0x00, 0x00, 0x00, 0x00, 0x00, 0x00,
    0x00, 0x00, 0x00, 0x00, 0x00, 0x00, 0x00, 0x00, 0x00, 0x00, 0x00, 0x00,
    0x00, 0x00, 0x00, 0x00, 0x00, 0x00, 0x00, 0x00, 0x00, 0x00, 0x00, 0x00,
    0x00, 0x00, 0x00, 0x00, 0x00, 0x00, 0x00, 0x00, 0x00, 0x00, 0x00, 0x00,
    0x00, 0x00, 0x00, 0x00, 0x00, 0x00, 0x00, 0x00, 0x00, 0x00, 0x00, 0x00,
    0x00, 0x00, 0x00, 0x00, 0x00, 0x00, 0x00, 0x00, 0x4A, 0xFD, 0x00, 0x00,
    0x55, 0xFD, 0x0C, 0xFF, 0x0C, 0xFF, 0x6D, 0xFF, 0x0C, 0xFF, 0x0C, 0xFF,
    0x0C, 0xFF, 0x0C, 0xFF, 0x0C, 0xFF, 0x0C, 0xFF, 0x0C, 0xFF, 0x0C, 0xFF,
    0x0C, 0xFF, 0x0C, 0xFF, 0x0C, 0xFF, 0xEC, 0xFE, 0x6C, 0xFE, 0xEC, 0xF5,
    0x6C, 0xED, 0x2C, 0xED, 0x4C, 0xED, 0x4C, 0xED, 0x4C, 0xED, 0x4C, 0xED,
    0x4C, 0xED, 0x4C, 0xED, 0x4C, 0xED, 0x4C, 0xED, 0x4C, 0xED, 0x4C, 0xED,
    0x4C, 0xED, 0x4C, 0xED, 0x4C, 0xED, 0x4C, 0xED, 0x4C, 0xED, 0x4C, 0xED,
    0x4C, 0xED, 0x4C, 0xED, 0x4C, 0xED, 0x4C, 0xED, 0x4C, 0xED, 0x4C, 0xED,
    0x4C, 0xED, 0x4C, 0xED, 0x4C, 0xED, 0x4C, 0xED, 0x4C, 0xED, 0x4C, 0xED,
    0x4C, 0xED, 0x4C, 0xED, 0x4C, 0xED, 0x4C, 0xED, 0x4C, 0xED, 0x4C, 0xED,
    0x4C, 0xED, 0x4C, 0xED, 0x4C, 0xF5, 0x6D, 0xF5, 0x6C, 0xF5, 0x4C, 0xED,
    0x6C, 0xF5, 0xCC, 0xF5, 0x0C, 0xF6, 0x0A, 0xFF, 0x00, 0x00, 0x00, 0x00,
    0xEF, 0xBB, 0xE7, 0xBD, 0xFF, 0xFF, 0x00, 0x00, 0x00, 0x00, 0x00, 0x00,
    0x00, 0x00, 0x00, 0x00, 0x00, 0x00, 0x00, 0x00, 0x00, 0x00, 0x00, 0x00,
    0x00, 0x00, 0x00, 0x00, 0x00, 0x00, 0x00, 0x00, 0x00, 0x00, 0x00, 0x00,
    0x00, 0x00, 0x00, 0x00, 0x00, 0x00, 0x00, 0x00, 0x00, 0x00, 0x00, 0x00,
    0x00, 0x00, 0x00, 0x00, 0x00, 0x00, 0x00, 0x00, 0x00, 0x00, 0x00, 0x00,
    0x00, 0x00, 0x00, 0x00, 0x00, 0x00, 0x00, 0x00, 0x00, 0x00, 0x00, 0x00,
    0x00, 0x00, 0x00, 0x00, 0x00, 0x00, 0x00, 0x00, 0x00, 0x00, 0x00, 0x00,
    0x00, 0x00, 0x00, 0x00, 0x00, 0x00, 0x00, 0x00, 0x00, 0x00, 0x00, 0x00,
    0x00, 0x00, 0x00, 0x00, 0x00, 0x00, 0x00, 0x00, 0x00, 0x00, 0x00, 0x00,
    0x00, 0x00, 0x00, 0x00, 0x00, 0x00, 0x00, 0x00, 0x00, 0x00, 0x00, 0x00,
    0x00, 0x00, 0x00, 0x00, 0x00, 0x00, 0x00, 0x00, 0x00, 0x00, 0x00, 0x00,
    0x00, 0x00, 0x00, 0x00, 0x00, 0x00, 0x00, 0x00, 0x00, 0x00, 0x00, 0x00,
    0x00, 0x00, 0x00, 0x00, 0x00, 0x00, 0x00, 0x00, 0x00, 0x00, 0x00, 0x00,
    0x00, 0x00, 0x00, 0x00, 0x00, 0x00, 0x00, 0x00, 0x00, 0x00, 0x00, 0x00,
    0x00, 0x00, 0x00, 0x00, 0x00, 0x00, 0x00, 0x00, 0x00, 0x00, 0x00, 0x00,
    0x00, 0x00, 0x00, 0x00, 0xEC, 0xFF, 0x00, 0xF8, 0xAD, 0xFE, 0x0C, 0xFF,
    0x0C, 0xFF, 0x0C, 0xFF, 0x0C, 0xFF, 0x0C, 0xFF, 0x0C, 0xFF, 0x0C, 0xFF,
    0x0C, 0xFF, 0x0C, 0xFF, 0x0C, 0xFF, 0x0C, 0xFF, 0x2C, 0xFF, 0xCC, 0xFE,
    0x2C, 0xF6, 0x8C, 0xF5, 0x6C, 0xF5, 0x4C, 0xED, 0x4C, 0xED, 0x4C, 0xED,
    0x4C, 0xED, 0x4C, 0xED, 0x4C, 0xED, 0x4C, 0xED, 0x4C, 0xED, 0x4C, 0xED,
    0x4C, 0xED, 0x4C, 0xED, 0x4C, 0xED, 0x4C, 0xED, 0x4C, 0xED, 0x4C, 0xED,
    0x4C, 0xED, 0x4C, 0xED, 0x4C, 0xED, 0x4C, 0xED, 0x4C, 0xED, 0x4C, 0xED,
    0x4C, 0xED, 0x4C, 0xED, 0x4C, 0xED, 0x4C, 0xED, 0x4C, 0xED, 0x4C, 0xED,
    0x4C, 0xED, 0x4C, 0xED, 0x4C, 0xED, 0x4C, 0xED, 0x4C, 0xED, 0x4C, 0xED,
    0x4C, 0xED, 0x4C, 0xED, 0x4C, 0xED, 0x4C, 0xED, 0x4C, 0xED, 0x4C, 0xED,
    0x4C, 0xF5, 0xAD, 0xFD, 0xAC, 0xF5, 0xED, 0xF5, 0xCB, 0xF5, 0xCC, 0xED,
    0x6C, 0xFE, 0x00, 0x00, 0x00, 0x00, 0x00, 0x00, 0x00, 0x00, 0x00, 0x00,
    0x00, 0x00, 0x00, 0x00, 0x00, 0x00, 0x00, 0x00, 0x00, 0x00, 0x00, 0x00,
    0x00, 0x00, 0x00, 0x00, 0x00, 0x00, 0x00, 0x00, 0x00, 0x00, 0x00, 0x00,
    0x00, 0x00, 0x00, 0x00, 0x00, 0x00, 0x00, 0x00, 0x00, 0x00, 0x00, 0x00,
    0x00, 0x00, 0x00, 0x00, 0x00, 0x00, 0x00, 0x00, 0x00, 0x00, 0x00, 0x00,
    0x00, 0x00, 0x00, 0x00, 0x00, 0x00, 0x00, 0x00, 0x00, 0x00, 0x00, 0x00,
    0x00, 0x00, 0x00, 0x00, 0x00, 0x00, 0x00, 0x00, 0x00, 0x00, 0x00, 0x00,
    0x00, 0x00, 0x00, 0x00, 0x00, 0x00, 0x00, 0x00, 0x00, 0x00, 0x00, 0x00,
    0x00, 0x00, 0x00, 0x00, 0x00, 0x00, 0x00, 0x00, 0x00, 0x00, 0x00, 0x00,
    0x00, 0x00, 0x00, 0x00, 0x00, 0x00, 0x00, 0x00, 0x00, 0x00, 0x00, 0x00,
    0x00, 0x00, 0x00, 0x00, 0x00, 0x00, 0x00, 0x00, 0x00, 0x00, 0x00, 0x00,
    0x00, 0x00, 0x00, 0x00, 0x00, 0x00, 0x00, 0x00, 0x00, 0x00, 0x00, 0x00,
    0x00, 0x00, 0x00, 0x00, 0x00, 0x00, 0x00, 0x00, 0x00, 0x00, 0x00, 0x00,
    0x00, 0x00, 0x00, 0x00, 0x00, 0x00, 0x00, 0x00, 0x00, 0x00, 0x00, 0x00,
    0x00, 0x00, 0x00, 0x00, 0x00, 0x00, 0x00, 0x00, 0x00, 0x00, 0x00, 0x00,
    0x00, 0x00, 0x00, 0x00, 0x00, 0x00, 0x00, 0x00, 0x00, 0x00, 0xE0, 0xFF,
    0xEF, 0xFF, 0x00, 0x00, 0x8D, 0xFF, 0x0C, 0xFF, 0x6D, 0xFF, 0xEC, 0xFE,
    0x0C, 0xFF, 0x0C, 0xFF, 0x0C, 0xFF, 0x0C, 0xFF, 0x2C, 0xFF, 0x2C, 0xFF,
    0xEC, 0xFE, 0x8C, 0xFE, 0xEC, 0xF5, 0xAC, 0xF5, 0x6C, 0xF5, 0x4C, 0xED,
    0x2C, 0xED, 0x4C, 0xED, 0x4C, 0xED, 0x4C, 0xED, 0x4C, 0xED, 0x4C, 0xED,
    0x4C, 0xED, 0x4C, 0xED, 0x4C, 0xED, 0x4C, 0xED, 0x4C, 0xED, 0x4C, 0xED,
    0x4C, 0xED, 0x4C, 0xED, 0x4C, 0xED, 0x4C, 0xED, 0x4C, 0xED, 0x4C, 0xED,
    0x4C, 0xED, 0x4C, 0xED, 0x4C, 0xED, 0x4C, 0xED, 0x4C, 0xED, 0x4C, 0xED,
    0x4C, 0xED, 0x4C, 0xED, 0x4C, 0xED, 0x4C, 0xED, 0x4C, 0xED, 0x4C, 0xED,
    0x4C, 0xED, 0x4C, 0xED, 0x4C, 0xED, 0x4C, 0xED, 0x4C, 0xED, 0x4C, 0xED,
    0x4C, 0xED, 0x6D, 0xF5, 0xCD, 0xFD, 0xCD, 0xFD, 0xCC, 0xF5, 0xAC, 0xF5,
    0xCC, 0xF5, 0x6C, 0xEE, 0x00, 0x00, 0x00, 0x00, 0x00, 0x00, 0xE0, 0xFF,
    0xEF, 0xFF, 0xE0, 0xFF, 0x00, 0x00, 0x00, 0x00, 0x00, 0x00, 0x00, 0x00,
    0x00, 0x00, 0x00, 0x00, 0x00, 0x00, 0x00, 0x00, 0x00, 0x00, 0x00, 0x00,
    0x00, 0x00, 0x00, 0x00, 0x00, 0x00, 0x00, 0x00, 0x00, 0x00, 0x00, 0x00,
    0x00, 0x00, 0x00, 0x00, 0x00, 0x00, 0x00, 0x00, 0x00, 0x00, 0x00, 0x00,
    0x00, 0x00, 0x00, 0x00, 0x00, 0x00, 0x00, 0x00, 0x00, 0x00, 0x00, 0x00,
    0x00, 0x00, 0x00, 0x00, 0x00, 0x00, 0x00, 0x00, 0x00, 0x00, 0x00, 0x00,
    0x00, 0x00, 0x00, 0x00, 0x00, 0x00, 0x00, 0x00, 0x00, 0x00, 0x00, 0x00,
    0x00, 0x00, 0x00, 0x00, 0x00, 0x00, 0x00, 0x00, 0x00, 0x00, 0x00, 0x00,
    0x00, 0x00, 0x00, 0x00, 0x00, 0x00, 0x00, 0x00, 0x00, 0x00, 0x00, 0x00,
    0x00, 0x00, 0x00, 0x00, 0x00, 0x00, 0x00, 0x00, 0x00, 0x00, 0x00, 0x00,
    0x00, 0x00, 0x00, 0x00, 0x00, 0x00, 0x00, 0x00, 0x00, 0x00, 0x00, 0x00,
    0x00, 0x00, 0x00, 0x00, 0x00, 0x00, 0x00, 0x00, 0x00, 0x00, 0x00, 0x00,
    0x00, 0x00, 0x00, 0x00, 0x00, 0x00, 0x00, 0x00, 0x00, 0x00, 0x00, 0x00,
    0x00, 0x00, 0x00, 0x00, 0x00, 0x00, 0x00, 0x00, 0x00, 0x00, 0x00, 0x00,
    0x00, 0x00, 0x00, 0x00, 0x00, 0x00, 0x00, 0x00, 0x00, 0x00, 0x00, 0x00,
    0x00, 0x00, 0x00, 0x00, 0x00, 0x00, 0x4A, 0xD5, 0x00, 0x00, 0xAC, 0xED,
    0x4C, 0xF6, 0xCC, 0xFE, 0x4D, 0xFF, 0x4C, 0xFF, 0x2C, 0xFF, 0x2C, 0xFF,
    0x4C, 0xFF, 0x0C, 0xFF, 0xAC, 0xFE, 0x4C, 0xFE, 0xEC, 0xF5, 0xAC, 0xF5,
    0x4C, 0xED, 0x2C, 0xED, 0x4C, 0xED, 0x4C, 0xED, 0x4C, 0xED, 0x4C, 0xED,
    0x4C, 0xED, 0x4C, 0xED, 0x4C, 0xED, 0x4C, 0xED, 0x4C, 0xED, 0x4C, 0xED,
    0x4C, 0xED, 0x4C, 0xED, 0x4C, 0xED, 0x4C, 0xED, 0x4C, 0xED, 0x4C, 0xED,
    0x4C, 0xED, 0x4C, 0xED, 0x4C, 0xED, 0x4C, 0xED, 0x4C, 0xED, 0x4C, 0xED,
    0x4C, 0xED, 0x4C, 0xED, 0x4C, 0xED, 0x4C, 0xED, 0x4C, 0xED, 0x4C, 0xED,
    0x4C, 0xED, 0x4C, 0xED, 0x4C, 0xED, 0x4C, 0xED, 0x4C, 0xED, 0x4C, 0xED,
    0x4C, 0xED, 0x4C, 0xED, 0x6D, 0xF5, 0xCD, 0xFD, 0xED, 0xFD, 0x8C, 0xF5,
    0x8C, 0xF5, 0xCC, 0xF5, 0x4C, 0xF6, 0x00, 0x00, 0x00, 0x00, 0x00, 0x00,
    0x4A, 0xFD, 0x6C, 0xFE, 0x4A, 0xFD, 0x00, 0x00, 0x00, 0x00, 0x00, 0x00,
    0x00, 0x00, 0x00, 0x00, 0x00, 0x00, 0x00, 0x00, 0x00, 0x00, 0x00, 0x00,
    0x00, 0x00, 0x00, 0x00, 0x00, 0x00, 0x00, 0x00, 0x00, 0x00, 0x00, 0x00,
    0x00, 0x00, 0x00, 0x00, 0x00, 0x00, 0x00, 0x00, 0x00, 0x00, 0x00, 0x00,
    0x00, 0x00, 0x00, 0x00, 0x00, 0x00, 0x00, 0x00, 0x00, 0x00, 0x00, 0x00,
    0x00, 0x00, 0x00, 0x00, 0x00, 0x00, 0x00, 0x00, 0x00, 0x00, 0x00, 0x00,
    0x00, 0x00, 0x00, 0x00, 0x00, 0x00, 0x00, 0x00, 0x00, 0x00, 0x00, 0x00,
    0x00, 0x00, 0x00, 0x00, 0x00, 0x00, 0x00, 0x00, 0x00, 0x00, 0x00, 0x00,
    0x00, 0x00, 0x00, 0x00, 0x00, 0x00, 0x00, 0x00, 0x00, 0x00, 0x00, 0x00,
    0x00, 0x00, 0x00, 0x00, 0x00, 0x00, 0x00, 0x00, 0x00, 0x00, 0x00, 0x00,
    0x00, 0x00, 0x00, 0x00, 0x00, 0x00, 0x00, 0x00, 0x00, 0x00, 0x00, 0x00,
    0x00, 0x00, 0x00, 0x00, 0x00, 0x00, 0x00, 0x00, 0x00, 0x00, 0x00, 0x00,
    0x00, 0x00, 0x00, 0x00, 0x00, 0x00, 0x00, 0x00, 0x00, 0x00, 0x00, 0x00,
    0x00, 0x00, 0x00, 0x00, 0x00, 0x00, 0x00, 0x00, 0x00, 0x00, 0x00, 0x00,
    0x00, 0x00, 0x00, 0x00, 0x00, 0x00, 0x00, 0x00, 0x00, 0x00, 0x00, 0x00,
    0x00, 0x00, 0x00, 0x00, 0x00, 0x00, 0x00, 0x00, 0x00, 0x00, 0x00, 0x00,
    0x00, 0x00, 0x4A, 0xD5, 0x00, 0x00, 0x8C, 0xF5, 0xCD, 0xFD, 0x0C, 0xFE,
    0x6C, 0xFE, 0xCC, 0xFE, 0xCC, 0xFE, 0xCC, 0xFE, 0xAC, 0xFE, 0x4C, 0xFE,
    0xCC, 0xF5, 0x4C, 0xED, 0x2C, 0xED, 0x4C, 0xED, 0x4C, 0xED, 0x4C, 0xED,
    0x4C, 0xED, 0x4C, 0xED, 0x4C, 0xED, 0x4C, 0xED, 0x4C, 0xED, 0x4C, 0xED,
    0x4C, 0xED, 0x4C, 0xED, 0x4C, 0xED, 0x4C, 0xED, 0x4C, 0xED, 0x4C, 0xED,
    0x4C, 0xED, 0x4C, 0xED, 0x4C, 0xED, 0x4C, 0xED, 0x4C, 0xED, 0x4C, 0xED,
    0x4C, 0xED, 0x4C, 0xED, 0x4C, 0xED, 0x4C, 0xED, 0x4C, 0xED, 0x4C, 0xED,
    0x4C, 0xED, 0x4C, 0xED, 0x4C, 0xED, 0x4C, 0xED, 0x4C, 0xED, 0x4C, 0xED,
    0x4C, 0xED, 0x4C, 0xED, 0x4C, 0xED, 0x4C, 0xF5, 0xAD, 0xFD, 0xAD, 0xFD,
    0x6C, 0xF5, 0x6C, 0xF5, 0xCC, 0xF5, 0x4C, 0xFE, 0xE9, 0xFF, 0x00, 0x00,
    0x00, 0x00, 0xE7, 0xBB, 0xAD, 0xFD, 0xEF, 0xFD, 0xE0, 0xFF, 0x00, 0x00,
    0x00, 0x00, 0x00, 0x00, 0x00, 0x00, 0x00, 0x00, 0x00, 0x00, 0x00, 0x00,
    0x00, 0x00, 0x00, 0x00, 0x00, 0x00, 0x00, 0x00, 0x00, 0x00, 0x00, 0x00,
    0x00, 0x00, 0x00, 0x00, 0x00, 0x00, 0x00, 0x00, 0x00, 0x00, 0x00, 0x00,
    0x00, 0x00, 0x00, 0x00, 0x00, 0x00, 0x00, 0x00, 0x00, 0x00, 0x00, 0x00,
    0x00, 0x00, 0x00, 0x00, 0x00, 0x00, 0x00, 0x00, 0x00, 0x00, 0x00, 0x00,
    0x00, 0x00, 0x00, 0x00, 0x00, 0x00, 0x00, 0x00, 0x00, 0x00, 0x00, 0x00,
    0x00, 0x00, 0x00, 0x00, 0x00, 0x00, 0x00, 0x00, 0x00, 0x00, 0x00, 0x00,
    0x00, 0x00, 0x00, 0x00, 0x00, 0x00, 0x00, 0x00, 0x00, 0x00, 0x00, 0x00,
    0x00, 0x00, 0x00, 0x00, 0x00, 0x00, 0x00, 0x00, 0x00, 0x00, 0x00, 0x00,
    0x00, 0x00, 0x00, 0x00, 0x00, 0x00, 0x00, 0x00, 0x00, 0x00, 0x00, 0x00,
    0x00, 0x00, 0x00, 0x00, 0x00, 0x00, 0x00, 0x00, 0x00, 0x00, 0x00, 0x00,
    0x00, 0x00, 0x00, 0x00, 0x00, 0x00, 0x00, 0x00, 0x00, 0x00, 0x00, 0x00,
    0x00, 0x00, 0x00, 0x00, 0x00, 0x00, 0x00, 0x00, 0x00, 0x00, 0x00, 0x00,
    0x00, 0x00, 0x00, 0x00, 0x00, 0x00, 0x00, 0x00, 0x00, 0x00, 0x00, 0x00,
    0x00, 0x00, 0x00, 0x00, 0x00, 0x00, 0x00, 0x00, 0x00, 0x00, 0x00, 0x00,
    0x00, 0x00, 0x00, 0x00, 0x00, 0x00, 0x00, 0x00, 0xE0, 0xFF, 0x00, 0x00,
    0x2B, 0xFF, 0xAC, 0xF5, 0x6D, 0xF5, 0x4D, 0xF5, 0x4C, 0xED, 0x8C, 0xF5,
    0xAC, 0xF5, 0xAC, 0xF5, 0x4C, 0xED, 0x4C, 0xED, 0x4C, 0xED, 0x4C, 0xED,
    0x4C, 0xED, 0x4C, 0xED, 0x4C, 0xED, 0x4C, 0xED, 0x4C, 0xED, 0x4C, 0xED,
    0x4C, 0xED, 0x4C, 0xED, 0x4C, 0xED, 0x4C, 0xED, 0x4C, 0xED, 0x4C, 0xED,
    0x4C, 0xED, 0x4C, 0xED, 0x4C, 0xED, 0x4C, 0xED, 0x4C, 0xED, 0x4C, 0xED,
    0x4C, 0xED, 0x4C, 0xED, 0x4C, 0xED, 0x4C, 0xED, 0x4C, 0xED, 0x4C, 0xED,
    0x4C, 0xED, 0x4C, 0xED, 0x4C, 0xED, 0x4C, 0xED, 0x4C, 0xED, 0x4C, 0xED,
    0x4C, 0xED, 0x4C, 0xED, 0x4C, 0xED, 0x4C, 0xED, 0x4C, 0xF5, 0x6D, 0xF5,
    0x6D, 0xF5, 0x4C, 0xED, 0x6C, 0xF5, 0xAC, 0xF5, 0x0C, 0xF6, 0x4C, 0xEE,
    0x00, 0x00, 0x00, 0x00, 0xEF, 0xFF, 0xEF, 0xFD, 0x4A, 0xFD, 0x00, 0xF8,
    0x00, 0x00, 0x00, 0x00, 0x00, 0x00, 0x00, 0x00, 0x00, 0x00, 0x00, 0x00,
    0x00, 0x00, 0x00, 0x00, 0x00, 0x00, 0x00, 0x00, 0x00, 0x00, 0x00, 0x00,
    0x00, 0x00, 0x00, 0x00, 0x00, 0x00, 0x00, 0x00, 0x00, 0x00, 0x00, 0x00,
    0x00, 0x00, 0x00, 0x00, 0x00, 0x00, 0x00, 0x00, 0x00, 0x00, 0x00, 0x00,
    0x00, 0x00, 0x00, 0x00, 0x00, 0x00, 0x00, 0x00, 0x00, 0x00, 0x00, 0x00,
    0x00, 0x00, 0x00, 0x00, 0x00, 0x00, 0x00, 0x00, 0x00, 0x00, 0x00, 0x00,
    0x00, 0x00, 0x00, 0x00, 0x00, 0x00, 0x00, 0x00, 0x00, 0x00, 0x00, 0x00,
    0x00, 0x00, 0x00, 0x00, 0x00, 0x00, 0x00, 0x00, 0x00, 0x00, 0x00, 0x00,
    0x00, 0x00, 0x00, 0x00, 0x00, 0x00, 0x00, 0x00, 0x00, 0x00, 0x00, 0x00,
    0x00, 0x00, 0x00, 0x00, 0x00, 0x00, 0x00, 0x00, 0x00, 0x00, 0x00, 0x00,
    0x00, 0x00, 0x00, 0x00, 0x00, 0x00, 0x00, 0x00, 0x00, 0x00, 0x00, 0x00,
    0x00, 0x00, 0x00, 0x00, 0x00, 0x00, 0x00, 0x00, 0x00, 0x00, 0x00, 0x00,
    0x00, 0x00, 0x00, 0x00, 0x00, 0x00, 0x00, 0x00, 0x00, 0x00, 0x00, 0x00,
    0x00, 0x00, 0x00, 0x00, 0x00, 0x00, 0x00, 0x00, 0x00, 0x00, 0x00, 0x00,
    0x00, 0x00, 0x00, 0x00, 0x00, 0x00, 0x00, 0x00, 0x00, 0x00, 0x00, 0x00,
    0x00, 0x00, 0x00, 0x00, 0x00, 0x00, 0x00, 0x00, 0x00, 0x00, 0x00, 0x00,
    0x00, 0x00, 0x00, 0x00, 0xEF, 0xFD, 0xEF, 0xFB, 0x0C, 0xF6, 0xAC, 0xF5,
    0x4C, 0xED, 0x4C, 0xF5, 0x4C, 0xED, 0x4C, 0xED, 0x4C, 0xED, 0x4C, 0xED,
    0x4C, 0xED, 0x4C, 0xED, 0x4C, 0xED, 0x4C, 0xED, 0x4C, 0xED, 0x4C, 0xED,
    0x4C, 0xED, 0x4C, 0xED, 0x4C, 0xED, 0x4C, 0xED, 0x4C, 0xED, 0x4C, 0xED,
    0x4C, 0xED, 0x4C, 0xED, 0x4C, 0xED, 0x4C, 0xED, 0x4C, 0xED, 0x4C, 0xED,
    0x4C, 0xED, 0x4C, 0xED, 0x4C, 0xED, 0x4C, 0xED, 0x4C, 0xED, 0x4C, 0xED,
    0x4C, 0xED, 0x4C, 0xED, 0x4C, 0xED, 0x4C, 0xED, 0x4C, 0xED, 0x4C, 0xED,
    0x4C, 0xED, 0x4C, 0xED, 0x4C, 0xED, 0x4C, 0xED, 0x4C, 0xED, 0x4C, 0xED,
    0x4C, 0xED, 0x4C, 0xED, 0x4C, 0xED, 0x8D, 0xFD, 0xAC, 0xF5, 0xCC, 0xF5,
    0x0C, 0xF6, 0xAD, 0xF5, 0xED, 0xED, 0x00, 0x00, 0x00, 0x00, 0x00, 0x00,
    0x00, 0x00, 0x00, 0x00, 0x00, 0x00, 0x00, 0x00, 0x00, 0x00, 0x00, 0x00,
    0x00, 0x00, 0x00, 0x00, 0x00, 0x00, 0x00, 0x00, 0x00, 0x00, 0x00, 0x00,
    0x00, 0x00, 0x00, 0x00, 0x00, 0x00, 0x00, 0x00, 0x00, 0x00, 0x00, 0x00,
    0x00, 0x00, 0x00, 0x00, 0x00, 0x00, 0x00, 0x00, 0x00, 0x00, 0x00, 0x00,
    0x00, 0x00, 0x00, 0x00, 0x00, 0x00, 0x00, 0x00, 0x00, 0x00, 0x00, 0x00,
    0x00, 0x00, 0x00, 0x00, 0x00, 0x00, 0x00, 0x00, 0x00, 0x00, 0x00, 0x00,
    0x00, 0x00, 0x00, 0x00, 0x00, 0x00, 0x00, 0x00, 0x00, 0x00, 0x00, 0x00,
    0x00, 0x00, 0x00, 0x00, 0x00, 0x00, 0x00, 0x00, 0x00, 0x00, 0x00, 0x00,
    0x00, 0x00, 0x00, 0x00, 0x00, 0x00, 0x00, 0x00, 0x00, 0x00, 0x00, 0x00,
    0x00, 0x00, 0x00, 0x00, 0x00, 0x00, 0x00, 0x00, 0x00, 0x00, 0x00, 0x00,
    0x00, 0x00, 0x00, 0x00, 0x00, 0x00, 0x00, 0x00, 0x00, 0x00, 0x00, 0x00,
    0x00, 0x00, 0x00, 0x00, 0x00, 0x00, 0x00, 0x00, 0x00, 0x00, 0x00, 0x00,
    0x00, 0x00, 0x00, 0x00, 0x00, 0x00, 0x00, 0x00, 0x00, 0x00, 0x00, 0x00,
    0x00, 0x00, 0x00, 0x00, 0x00, 0x00, 0x00, 0x00, 0x00, 0x00, 0x00, 0x00,
    0x00, 0x00, 0x00, 0x00, 0x00, 0x00, 0x00, 0x00, 0x00, 0x00, 0x00, 0x00,
    0x00, 0x00, 0x00, 0x00, 0x00, 0x00, 0x00, 0x00, 0x00, 0x00, 0x00, 0x00,
    0x00, 0x00, 0x00, 0x00, 0x00, 0x00, 0x00, 0x00, 0x00, 0x00, 0x00, 0x00,
    0xEF, 0xFD, 0x00, 0x00, 0xAC, 0xF5, 0x0D, 0xFE, 0x4C, 0xED, 0x4C, 0xED,
    0x4C, 0xED, 0x4C, 0xED, 0x4C, 0xED, 0x4C, 0xED, 0x4C, 0xED, 0x4C, 0xED,
    0x4C, 0xED, 0x4C, 0xED, 0x4C, 0xED, 0x4C, 0xED, 0x4C, 0xED, 0x4C, 0xED,
    0x4C, 0xED, 0x4C, 0xED, 0x4C, 0xED, 0x4C, 0xED, 0x4C, 0xED, 0x4C, 0xED,
    0x4C, 0xED, 0x4C, 0xED, 0x4C, 0xED, 0x4C, 0xED, 0x4C, 0xED, 0x4C, 0xED,
    0x4C, 0xED, 0x4C, 0xED, 0x4C, 0xED, 0x4C, 0xED, 0x4C, 0xED, 0x4C, 0xED,
    0x4C, 0xED, 0x4C, 0xED, 0x4C, 0xED, 0x4C, 0xED, 0x4C, 0xED, 0x4C, 0xED,
    0x4C, 0xED, 0x4C, 0xED, 0x4C, 0xED, 0x4C, 0xED, 0xAD, 0xFD, 0x0E, 0xFE,
    0xAC, 0xF5, 0xAD, 0xF5, 0xCC, 0xED, 0x0C, 0xFE, 0xEC, 0xFF, 0x00, 0x00,
    0x00, 0x00, 0x00, 0x00, 0xEF, 0xFF, 0xEF, 0x7B, 0x00, 0x00, 0x00, 0x00,
    0x00, 0x00, 0x00, 0x00, 0x00, 0x00, 0x00, 0x00, 0x00, 0x00, 0x00, 0x00,
    0x00, 0x00, 0x00, 0x00, 0x00, 0x00, 0x00, 0x00, 0x00, 0x00, 0x00, 0x00,
    0x00, 0x00, 0x00, 0x00, 0x00, 0x00, 0x00, 0x00, 0x00, 0x00, 0x00, 0x00,
    0x00, 0x00, 0x00, 0x00, 0x00, 0x00, 0x00, 0x00, 0x00, 0x00, 0x00, 0x00,
    0x00, 0x00, 0x00, 0x00, 0x00, 0x00, 0x00, 0x00, 0x00, 0x00, 0x00, 0x00,
    0x00, 0x00, 0x00, 0x00, 0x00, 0x00, 0x00, 0x00, 0x00, 0x00, 0x00, 0x00,
    0x00, 0x00, 0x00, 0x00, 0x00, 0x00, 0x00, 0x00, 0x00, 0x00, 0x00, 0x00,
    0x00, 0x00, 0x00, 0x00, 0x00, 0x00, 0x00, 0x00, 0x00, 0x00, 0x00, 0x00,
    0x00, 0x00, 0x00, 0x00, 0x00, 0x00, 0x00, 0x00, 0x00, 0x00, 0x00, 0x00,
    0x00, 0x00, 0x00, 0x00, 0x00, 0x00, 0x00, 0x00, 0x00, 0x00, 0x00, 0x00,
    0x00, 0x00, 0x00, 0x00, 0x00, 0x00, 0x00, 0x00, 0x00, 0x00, 0x00, 0x00,
    0x00, 0x00, 0x00, 0x00, 0x00, 0x00, 0x00, 0x00, 0x00, 0x00, 0x00, 0x00,
    0x00, 0x00, 0x00, 0x00, 0x00, 0x00, 0x00, 0x00, 0x00, 0x00, 0x00, 0x00,
    0x00, 0x00, 0x00, 0x00, 0x00, 0x00, 0x00, 0x00, 0x00, 0x00, 0x00, 0x00,
    0x00, 0x00, 0x00, 0x00, 0x00, 0x00, 0x00, 0x00, 0x00, 0x00, 0x00, 0x00,
    0x00, 0x00, 0x00, 0x00, 0x00, 0x00, 0x00, 0x00, 0x00, 0x00, 0x00, 0x00,
    0x00, 0x00, 0x00, 0x00, 0x00, 0x00, 0x00, 0x00, 0xEF, 0xFD, 0x6C, 0xFE,
    0x6C, 0xF5, 0xAD, 0xFD, 0x4C, 0xED, 0x4C, 0xED, 0x4C, 0xED, 0x4C, 0xED,
    0x4C, 0xED, 0x4C, 0xED, 0x4C, 0xED, 0x4C, 0xED, 0x4C, 0xED, 0x4C, 0xED,
    0x4C, 0xED, 0x4C, 0xED, 0x4C, 0xED, 0x4C, 0xED, 0x4C, 0xED, 0x4C, 0xED,
    0x4C, 0xED, 0x4C, 0xED, 0x4C, 0xED, 0x4C, 0xED, 0x4C, 0xED, 0x4C, 0xED,
    0x4C, 0xED, 0x4C, 0xED, 0x4C, 0xED, 0x4C, 0xED, 0x4C, 0xED, 0x4C, 0xED,
    0x4C, 0xED, 0x4C, 0xED, 0x4C, 0xED, 0x4C, 0xED, 0x4C, 0xED, 0x4C, 0xED,
    0x4C, 0xED, 0x4C, 0xED, 0x4C, 0xED, 0x4C, 0xED, 0x4C, 0xED, 0xAD, 0xFD,
    0xEE, 0xFD, 0x8C, 0xF5, 0x8C, 0xF5, 0xAC, 0xF5, 0x0C, 0xF6, 0xEE, 0xFF,
    0x00, 0x00, 0x00, 0x00, 0x00, 0x00, 0x4A, 0xFD, 0xEF, 0xFD, 0xE0, 0xFF,
    0x00, 0x00, 0x00, 0x00, 0x00, 0x00, 0x00, 0x00, 0x00, 0x00, 0x00, 0x00,
    0x00, 0x00, 0x00, 0x00, 0x00, 0x00, 0x00, 0x00, 0x00, 0x00, 0x00, 0x00,
    0x00, 0x00, 0x00, 0x00, 0x00, 0x00, 0x00, 0x00, 0x00, 0x00, 0x00, 0x00,
    0x00, 0x00, 0x00, 0x00, 0x00, 0x00, 0x00, 0x00, 0x00, 0x00, 0x00, 0x00,
    0x00, 0x00, 0x00, 0x00, 0x00, 0x00, 0x00, 0x00, 0x00, 0x00, 0x00, 0x00,
    0x00, 0x00, 0x00, 0x00, 0x00, 0x00, 0x00, 0x00, 0x00, 0x00, 0x00, 0x00,
    0x00, 0x00, 0x00, 0x00, 0x00, 0x00, 0x00, 0x00, 0x00, 0x00, 0x00, 0x00,
    0x00, 0x00, 0x00, 0x00, 0x00, 0x00, 0x00, 0x00, 0x00, 0x00, 0x00, 0x00,
    0x00, 0x00, 0x00, 0x00, 0x00, 0x00, 0x00, 0x00, 0x00, 0x00, 0x00, 0x00,
    0x00, 0x00, 0x00, 0x00, 0x00, 0x00, 0x00, 0x00, 0x00, 0x00, 0x00, 0x00,
    0x00, 0x00, 0x00, 0x00, 0x00, 0x00, 0x00, 0x00, 0x00, 0x00, 0x00, 0x00,
    0x00, 0x00, 0x00, 0x00, 0x00, 0x00, 0x00, 0x00, 0x00, 0x00, 0x00, 0x00,
    0x00, 0x00, 0x00, 0x00, 0x00, 0x00, 0x00, 0x00, 0x00, 0x00, 0x00, 0x00,
    0x00, 0x00, 0x00, 0x00, 0x00, 0x00, 0x00, 0x00, 0x00, 0x00, 0x00, 0x00,
    0x00, 0x00, 0x00, 0x00, 0x00, 0x00, 0x00, 0x00, 0x00, 0x00, 0x00, 0x00,
    0x00, 0x00, 0x00, 0x00, 0x00, 0x00, 0x00, 0x00, 0x00, 0x00, 0x00, 0x00,
    0x00, 0x00, 0x00, 0x00, 0x00, 0x00, 0x00, 0x00, 0x00, 0x00, 0x00, 0x00,
    0x00, 0x00, 0x00, 0x00, 0x00, 0x00, 0xEC, 0xF5, 0xCD, 0xF5, 0x2C, 0xED,
    0x4C, 0xED, 0x4C, 0xED, 0x4C, 0xED, 0x4C, 0xED, 0x4C, 0xED, 0x4C, 0xED,
    0x4C, 0xED, 0x4C, 0xED, 0x4C, 0xED, 0x4C, 0xED, 0x4C, 0xED, 0x4C, 0xED,
    0x4C, 0xED, 0x4C, 0xED, 0x4C, 0xED, 0x4C, 0xED, 0x4C, 0xED, 0x4C, 0xED,
    0x4C, 0xED, 0x4C, 0xED, 0x4C, 0xED, 0x4C, 0xED, 0x4C, 0xED, 0x4C, 0xED,
    0x4C, 0xED, 0x4C, 0xED, 0x4C, 0xED, 0x4C, 0xED, 0x4C, 0xED, 0x4C, 0xED,
    0x4C, 0xED, 0x4C, 0xED, 0x4C, 0xED, 0x4C, 0xED, 0x4C, 0xED, 0x4C, 0xF5,
    0x8D, 0xFD, 0xAD, 0xFD, 0x6C, 0xF5, 0x8C, 0xF5, 0x8C, 0xF5, 0xEC, 0xF5,
    0x8C, 0xFE, 0x00, 0x00, 0x00, 0x00, 0x00, 0x00, 0xAD, 0xFD, 0x4A, 0xD5,
    0xEF, 0xFB, 0x00, 0x00, 0x00, 0x00, 0x00, 0x00, 0x00, 0x00, 0x00, 0x00,
    0x00, 0x00, 0x00, 0x00, 0x00, 0x00, 0x00, 0x00, 0x00, 0x00, 0x00, 0x00,
    0x00, 0x00, 0x00, 0x00, 0x00, 0x00, 0x00, 0x00, 0x00, 0x00, 0x00, 0x00,
    0x00, 0x00, 0x00, 0x00, 0x00, 0x00, 0x00, 0x00, 0x00, 0x00, 0x00, 0x00,
    0x00, 0x00, 0x00, 0x00, 0x00, 0x00, 0x00, 0x00, 0x00, 0x00, 0x00, 0x00,
    0x00, 0x00, 0x00, 0x00, 0x00, 0x00, 0x00, 0x00, 0x00, 0x00, 0x00, 0x00,
    0x00, 0x00, 0x00, 0x00, 0x00, 0x00, 0x00, 0x00, 0x00, 0x00, 0x00, 0x00,
    0x00, 0x00, 0x00, 0x00, 0x00, 0x00, 0x00, 0x00, 0x00, 0x00, 0x00, 0x00,
    0x00, 0x00, 0x00, 0x00, 0x00, 0x00, 0x00, 0x00, 0x00, 0x00, 0x00, 0x00,
    0x00, 0x00, 0x00, 0x00, 0x00, 0x00, 0x00, 0x00, 0x00, 0x00, 0x00, 0x00,
    0x00, 0x00, 0x00, 0x00, 0x00, 0x00, 0x00, 0x00, 0x00, 0x00, 0x00, 0x00,
    0x00, 0x00, 0x00, 0x00, 0x00, 0x00, 0x00, 0x00, 0x00, 0x00, 0x00, 0x00,
    0x00, 0x00, 0x00, 0x00, 0x00, 0x00, 0x00, 0x00, 0x00, 0x00, 0x00, 0x00,
    0x00, 0x00, 0x00, 0x00, 0x00, 0x00, 0x00, 0x00, 0x00, 0x00, 0x00, 0x00,
    0x00, 0x00, 0x00, 0x00, 0x00, 0x00, 0x00, 0x00, 0x00, 0x00, 0x00, 0x00,
    0x00, 0x00, 0x00, 0x00, 0x00, 0x00, 0x00, 0x00, 0x00, 0x00, 0x00, 0x00,
    0x00, 0x00, 0x00, 0x00, 0x00, 0x00, 0x00, 0x00, 0x00, 0x00, 0x00, 0x00,
    0x00, 0x00, 0x00, 0x00, 0x00, 0x00, 0x00, 0x00, 0x00, 0x00, 0x00, 0x00,
    0xAF, 0xFE, 0x8C, 0xF5, 0x0E, 0xFE, 0x4C, 0xED, 0x4C, 0xED, 0x4C, 0xED,
    0x4C, 0xED, 0x4C, 0xED, 0x4C, 0xED, 0x4C, 0xED, 0x4C, 0xED, 0x4C, 0xED,
    0x4C, 0xED, 0x4C, 0xED, 0x4C, 0xED, 0x4C, 0xED, 0x4C, 0xED, 0x4C, 0xED,
    0x4C, 0xED, 0x4C, 0xED, 0x4C, 0xED, 0x4C, 0xED, 0x4C, 0xED, 0x4C, 0xED,
    0x4C, 0xED, 0x4C, 0xED, 0x4C, 0xED, 0x4C, 0xED, 0x4C, 0xED, 0x4C, 0xED,
    0x4C, 0xED, 0x4C, 0xED, 0x4C, 0xED, 0x4C, 0xED, 0x4C, 0xED, 0x4C, 0xED,
    0x4C, 0xED, 0x6C, 0xF5, 0x6D, 0xF5, 0x6C, 0xF5, 0x4C, 0xED, 0x8C, 0xF5,
    0xCC, 0xF5, 0x2C, 0xFE, 0x00, 0x00, 0x00, 0x00, 0x00, 0x00, 0xEF, 0xFD,
    0x4A, 0xFD, 0xE0, 0xFF, 0x00, 0x00, 0x00, 0x00, 0x00, 0x00, 0x00, 0x00,
    0x00, 0x00, 0x00, 0x00, 0x00, 0x00, 0x00, 0x00, 0x00, 0x00, 0x00, 0x00,
    0x00, 0x00, 0x00, 0x00, 0x00, 0x00, 0x00, 0x00, 0x00, 0x00, 0x00, 0x00,
    0x00, 0x00, 0x00, 0x00, 0x00, 0x00, 0x00, 0x00, 0x00, 0x00, 0x00, 0x00,
    0x00, 0x00, 0x00, 0x00, 0x00, 0x00, 0x00, 0x00, 0x00, 0x00, 0x00, 0x00,
    0x00, 0x00, 0x00, 0x00, 0x00, 0x00, 0x00, 0x00, 0x00, 0x00, 0x00, 0x00,
    0x00, 0x00, 0x00, 0x00, 0x00, 0x00, 0x00, 0x00, 0x00, 0x00, 0x00, 0x00,
    0x00, 0x00, 0x00, 0x00, 0x00, 0x00, 0x00, 0x00, 0x00, 0x00, 0x00, 0x00,
    0x00, 0x00, 0x00, 0x00, 0x00, 0x00, 0x00, 0x00, 0x00, 0x00, 0x00, 0x00,
    0x00, 0x00, 0x00, 0x00, 0x00, 0x00, 0x00, 0x00, 0x00, 0x00, 0x00, 0x00,
    0x00, 0x00, 0x00, 0x00, 0x00, 0x00, 0x00, 0x00, 0x00, 0x00, 0x00, 0x00,
    0x00, 0x00, 0x00, 0x00, 0x00, 0x00, 0x00, 0x00, 0x00, 0x00, 0x00, 0x00,
    0x00, 0x00, 0x00, 0x00, 0x00, 0x00, 0x00, 0x00, 0x00, 0x00, 0x00, 0x00,
    0x00, 0x00, 0x00, 0x00, 0x00, 0x00, 0x00, 0x00, 0x00, 0x00, 0x00, 0x00,
    0x00, 0x00, 0x00, 0x00, 0x00, 0x00, 0x00, 0x00, 0x00, 0x00, 0x00, 0x00,
    0x00, 0x00, 0x00, 0x00, 0x00, 0x00, 0x00, 0x00, 0x00, 0x00, 0x00, 0x00,
    0x00, 0x00, 0x00, 0x00, 0x00, 0x00, 0x00, 0x00, 0x00, 0x00, 0x00, 0x00,
    0x00, 0x00, 0x00, 0x00, 0x00, 0x00, 0x00, 0x00, 0x00, 0x00, 0x00, 0x00,
    0x00, 0x00, 0x00, 0x00, 0x00, 0x00, 0x00, 0x00, 0x2C, 0xF6, 0x6C, 0xF5,
    0xAD, 0xFD, 0x4C, 0xED, 0x4C, 0xED, 0x4C, 0xED, 0x4C, 0xED, 0x4C, 0xED,
    0x4C, 0xED, 0x4C, 0xED, 0x4C, 0xED, 0x4C, 0xED, 0x4C, 0xED, 0x4C, 0xED,
    0x4C, 0xED, 0x4C, 0xED, 0x4C, 0xED, 0x4C, 0xED, 0x4C, 0xED, 0x4C, 0xED,
    0x4C, 0xED, 0x4C, 0xED, 0x4C, 0xED, 0x4C, 0xED, 0x4C, 0xED, 0x4C, 0xED,
    0x4C, 0xED, 0x4C, 0xED, 0x4C, 0xED, 0x4C, 0xED, 0x4C, 0xED, 0x4C, 0xED,
    0x4C, 0xED, 0x4C, 0xED, 0x4C, 0xED, 0x4C, 0xED, 0x4C, 0xED, 0x6D, 0xF5,
    0xAD, 0xFD, 0xCC, 0xF5, 0x0C, 0xF6, 0xCC, 0xF5, 0xAB, 0xED, 0xAA, 0xD6,
    0x00, 0x00, 0x00, 0x00, 0x00, 0x00, 0x00, 0x00, 0x00, 0x00, 0x00, 0x00,
    0x00, 0x00, 0x00, 0x00, 0x00, 0x00, 0x00, 0x00, 0x00, 0x00, 0x00, 0x00,
    0x00, 0x00, 0x00, 0x00, 0x00, 0x00, 0x00, 0x00, 0x00, 0x00, 0x00, 0x00,
    0x00, 0x00, 0x00, 0x00, 0x00, 0x00, 0x00, 0x00, 0x00, 0x00, 0x00, 0x00,
    0x00, 0x00, 0x00, 0x00, 0x00, 0x00, 0x00, 0x00, 0x00, 0x00, 0x00, 0x00,
    0x00, 0x00, 0x00, 0x00, 0x00, 0x00, 0x00, 0x00, 0x00, 0x00, 0x00, 0x00,
    0x00, 0x00, 0x00, 0x00, 0x00, 0x00, 0x00, 0x00, 0x00, 0x00, 0x00, 0x00,
    0x00, 0x00, 0x00, 0x00, 0x00, 0x00, 0x00, 0x00, 0x00, 0x00, 0x00, 0x00,
    0x00, 0x00, 0x00, 0x00, 0x00, 0x00, 0x00, 0x00, 0x00, 0x00, 0x00, 0x00,
    0x00, 0x00, 0x00, 0x00, 0x00, 0x00, 0x00, 0x00, 0x00, 0x00, 0x00, 0x00,
    0x00, 0x00, 0x00, 0x00, 0x00, 0x00, 0x00, 0x00, 0x00, 0x00, 0x00, 0x00,
    0x00, 0x00, 0x00, 0x00, 0x00, 0x00, 0x00, 0x00, 0x00, 0x00, 0x00, 0x00,
    0x00, 0x00, 0x00, 0x00, 0x00, 0x00, 0x00, 0x00, 0x00, 0x00, 0x00, 0x00,
    0x00, 0x00, 0x00, 0x00, 0x00, 0x00, 0x00, 0x00, 0x00, 0x00, 0x00, 0x00,
    0x00, 0x00, 0x00, 0x00, 0x00, 0x00, 0x00, 0x00, 0x00, 0x00, 0x00, 0x00,
    0x00, 0x00, 0x00, 0x00, 0x00, 0x00, 0x00, 0x00, 0x00, 0x00, 0x00, 0x00,
    0x00, 0x00, 0x00, 0x00, 0x00, 0x00, 0x00, 0x00, 0x00, 0x00, 0x00, 0x00,
    0x00, 0x00, 0x00, 0x00, 0x00, 0x00, 0x00, 0x00, 0x00, 0x00, 0x00, 0x00,
    0x00, 0x00, 0x00, 0x00, 0x00, 0x00, 0x00, 0x00, 0x00, 0x00, 0x00, 0x00,
    0x00, 0x00, 0x00, 0x00, 0xCC, 0xF5, 0x6C, 0xF5, 0x6D, 0xF5, 0x4C, 0xED,
    0x4C, 0xED, 0x4C, 0xED, 0x4C, 0xED, 0x4C, 0xED, 0x4C, 0xED, 0x4C, 0xED,
    0x4C, 0xED, 0x4C, 0xED, 0x4C, 0xED, 0x4C, 0xED, 0x4C, 0xED, 0x4C, 0xED,
    0x4C, 0xED, 0x4C, 0xED, 0x4C, 0xED, 0x4C, 0xED, 0x4C, 0xED, 0x4C, 0xED,
    0x4C, 0xED, 0x4C, 0xED, 0x4C, 0xED, 0x4C, 0xED, 0x4C, 0xED, 0x4C, 0xED,
    0x4C, 0xED, 0x4C, 0xED, 0x4C, 0xED, 0x4C, 0xED, 0x4C, 0xED, 0x2C, 0xED,
    0x8D, 0xFD, 0xEE, 0xFD, 0xAC, 0xF5, 0xAC, 0xF5, 0xAC, 0xF5, 0xED, 0xF5,
    0x4C, 0xFF, 0x00, 0x00, 0x00, 0x00, 0x00, 0x00, 0xEF, 0xFF, 0xEF, 0xFF,
    0xE0, 0xFF, 0x00, 0x00, 0x00, 0x00, 0x00, 0x00, 0x00, 0x00, 0x00, 0x00,
    0x00, 0x00, 0x00, 0x00, 0x00, 0x00, 0x00, 0x00, 0x00, 0x00, 0x00, 0x00,
    0x00, 0x00, 0x00, 0x00, 0x00, 0x00, 0x00, 0x00, 0x00, 0x00, 0x00, 0x00,
    0x00, 0x00, 0x00, 0x00, 0x00, 0x00, 0x00, 0x00, 0x00, 0x00, 0x00, 0x00,
    0x00, 0x00, 0x00, 0x00, 0x00, 0x00, 0x00, 0x00, 0x00, 0x00, 0x00, 0x00,
    0x00, 0x00, 0x00, 0x00, 0x00, 0x00, 0x00, 0x00, 0x00, 0x00, 0x00, 0x00,
    0x00, 0x00, 0x00, 0x00, 0x00, 0x00, 0x00, 0x00, 0x00, 0x00, 0x00, 0x00,
    0x00, 0x00, 0x00, 0x00, 0x00, 0x00, 0x00, 0x00, 0x00, 0x00, 0x00, 0x00,
    0x00, 0x00, 0x00, 0x00, 0x00, 0x00, 0x00, 0x00, 0x00, 0x00, 0x00, 0x00,
    0x00, 0x00, 0x00, 0x00, 0x00, 0x00, 0x00, 0x00, 0x00, 0x00, 0x00, 0x00,
    0x00, 0x00, 0x00, 0x00, 0x00, 0x00, 0x00, 0x00, 0x00, 0x00, 0x00, 0x00,
    0x00, 0x00, 0x00, 0x00, 0x00, 0x00, 0x00, 0x00, 0x00, 0x00, 0x00, 0x00,
    0x00, 0x00, 0x00, 0x00, 0x00, 0x00, 0x00, 0x00, 0x00, 0x00, 0x00, 0x00,
    0x00, 0x00, 0x00, 0x00, 0x00, 0x00, 0x00, 0x00, 0x00, 0x00, 0x00, 0x00,
    0x00, 0x00, 0x00, 0x00, 0x00, 0x00, 0x00, 0x00, 0x00, 0x00, 0x00, 0x00,
    0x00, 0x00, 0x00, 0x00, 0x00, 0x00, 0x00, 0x00, 0x00, 0x00, 0x00, 0x00,
    0x00, 0x00, 0x00, 0x00, 0x00, 0x00, 0x00, 0x00, 0x00, 0x00, 0x00, 0x00,
    0x00, 0x00, 0x00, 0x00, 0x00, 0x00, 0x00, 0x00, 0x00, 0x00, 0x00, 0x00,
    0x00, 0x00, 0x00, 0x00, 0x00, 0x00, 0x00, 0x00, 0x00, 0x00, 0x00, 0x00,
    0x8C, 0xF5, 0x6C, 0xED, 0x4C, 0xED, 0x4C, 0xED, 0x4C, 0xED, 0x4C, 0xED,
    0x4C, 0xED, 0x4C, 0xED, 0x4C, 0xED, 0x4C, 0xED, 0x4C, 0xED, 0x4C, 0xED,
    0x4C, 0xED, 0x4C, 0xED, 0x4C, 0xED, 0x4C, 0xED, 0x4C, 0xED, 0x4C, 0xED,
    0x4C, 0xED, 0x4C, 0xED, 0x4C, 0xED, 0x4C, 0xED, 0x4C, 0xED, 0x4C, 0xED,
    0x4C, 0xED, 0x4C, 0xED, 0x4C, 0xED, 0x4C, 0xED, 0x4C, 0xED, 0x4C, 0xED,
    0x4C, 0xED, 0x6D, 0xFD, 0xEE, 0xFD, 0xAD, 0xFD, 0xAC, 0xF5, 0x8C, 0xF5,
    0xEC, 0xF5, 0xAD, 0xFE, 0x00, 0x00, 0x00, 0x00, 0x00, 0x00, 0xCC, 0xCC,
    0x6C, 0xFE, 0xEF, 0xFF, 0x00, 0x00, 0x00, 0x00, 0x00, 0x00, 0x00, 0x00,
    0x00, 0x00, 0x00, 0x00, 0x00, 0x00, 0x00, 0x00, 0x00, 0x00, 0x00, 0x00,
    0x00, 0x00, 0x00, 0x00, 0x00, 0x00, 0x00, 0x00, 0x00, 0x00, 0x00, 0x00,
    0x00, 0x00, 0x00, 0x00, 0x00, 0x00, 0x00, 0x00, 0x00, 0x00, 0x00, 0x00,
    0x00, 0x00, 0x00, 0x00, 0x00, 0x00, 0x00, 0x00, 0x00, 0x00, 0x00, 0x00,
    0x00, 0x00, 0x00, 0x00, 0x00, 0x00, 0x00, 0x00, 0x00, 0x00, 0x00, 0x00,
    0x00, 0x00, 0x00, 0x00, 0x00, 0x00, 0x00, 0x00, 0x00, 0x00, 0x00, 0x00,
    0x00, 0x00, 0x00, 0x00, 0x00, 0x00, 0x00, 0x00, 0x00, 0x00, 0x00, 0x00,
    0x00, 0x00, 0x00, 0x00, 0x00, 0x00, 0x00, 0x00, 0x00, 0x00, 0x00, 0x00,
    0x00, 0x00, 0x00, 0x00, 0x00, 0x00, 0x00, 0x00, 0x00, 0x00, 0x00, 0x00,
    0x00, 0x00, 0x00, 0x00, 0x00, 0x00, 0x00, 0x00, 0x00, 0x00, 0x00, 0x00,
    0x00, 0x00, 0x00, 0x00, 0x00, 0x00, 0x00, 0x00, 0x00, 0x00, 0x00, 0x00,
    0x00, 0x00, 0x00, 0x00, 0x00, 0x00, 0x00, 0x00, 0x00, 0x00, 0x00, 0x00,
    0x00, 0x00, 0x00, 0x00, 0x00, 0x00, 0x00, 0x00, 0x00, 0x00, 0x00, 0x00,
    0x00, 0x00, 0x00, 0x00, 0x00, 0x00, 0x00, 0x00, 0x00, 0x00, 0x00, 0x00,
    0x00, 0x00, 0x00, 0x00, 0x00, 0x00, 0x00, 0x00, 0x00, 0x00, 0x00, 0x00,
    0x00, 0x00, 0x00, 0x00, 0x00, 0x00, 0x00, 0x00, 0x00, 0x00, 0x00, 0x00,
    0x00, 0x00, 0x00, 0x00, 0x00, 0x00, 0x00, 0x00, 0x00, 0x00, 0x00, 0x00,
    0x00, 0x00, 0x00, 0x00, 0x00, 0x00, 0x00, 0x00, 0x00, 0x00, 0x00, 0x00,
    0x00, 0x00, 0x00, 0x00, 0x00, 0x00, 0x00, 0x00, 0x6C, 0xED, 0x4C, 0xED,
    0x4C, 0xED, 0x4C, 0xED, 0x4C, 0xED, 0x4C, 0xED, 0x4C, 0xED, 0x4C, 0xED,
    0x4C, 0xED, 0x4C, 0xED, 0x4C, 0xED, 0x4C, 0xED, 0x4C, 0xED, 0x4C, 0xED,
    0x4C, 0xED, 0x4C, 0xED, 0x4C, 0xED, 0x4C, 0xED, 0x4C, 0xED, 0x4C, 0xED,
    0x4C, 0xED, 0x4C, 0xED, 0x4C, 0xED, 0x4C, 0xED, 0x4C, 0xED, 0x4C, 0xED,
    0x4C, 0xED, 0x4C, 0xED, 0x6D, 0xF5, 0xAD, 0xFD, 0xAD, 0xFD, 0x6C, 0xED,
    0x8C, 0xF5, 0xEC, 0xF5, 0x4C, 0xF6, 0x00, 0x00, 0x00, 0x00, 0x00, 0x00,
    0x4A, 0xFD, 0xAF, 0xFE, 0x4A, 0xFD, 0x00, 0x00, 0x00, 0x00, 0x00, 0x00,
    0x00, 0x00, 0x00, 0x00, 0x00, 0x00, 0x00, 0x00, 0x00, 0x00, 0x00, 0x00,
    0x00, 0x00, 0x00, 0x00, 0x00, 0x00, 0x00, 0x00, 0x00, 0x00, 0x00, 0x00,
    0x00, 0x00, 0x00, 0x00, 0x00, 0x00, 0x00, 0x00, 0x00, 0x00, 0x00, 0x00,
    0x00, 0x00, 0x00, 0x00, 0x00, 0x00, 0x00, 0x00, 0x00, 0x00, 0x00, 0x00,
    0x00, 0x00, 0x00, 0x00, 0x00, 0x00, 0x00, 0x00, 0x00, 0x00, 0x00, 0x00,
    0x00, 0x00, 0x00, 0x00, 0x00, 0x00, 0x00, 0x00, 0x00, 0x00, 0x00, 0x00,
    0x00, 0x00, 0x00, 0x00, 0x00, 0x00, 0x00, 0x00, 0x00, 0x00, 0x00, 0x00,
    0x00, 0x00, 0x00, 0x00, 0x00, 0x00, 0x00, 0x00, 0x00, 0x00, 0x00, 0x00,
    0x00, 0x00, 0x00, 0x00, 0x00, 0x00, 0x00, 0x00, 0x00, 0x00, 0x00, 0x00,
    0x00, 0x00, 0x00, 0x00, 0x00, 0x00, 0x00, 0x00, 0x00, 0x00, 0x00, 0x00,
    0x00, 0x00, 0x00, 0x00, 0x00, 0x00, 0x00, 0x00, 0x00, 0x00, 0x00, 0x00,
    0x00, 0x00, 0x00, 0x00, 0x00, 0x00, 0x00, 0x00, 0x00, 0x00, 0x00, 0x00,
    0x00, 0x00, 0x00, 0x00, 0x00, 0x00, 0x00, 0x00, 0x00, 0x00, 0x00, 0x00,
    0x00, 0x00, 0x00, 0x00, 0x00, 0x00, 0x00, 0x00, 0x00, 0x00, 0x00, 0x00,
    0x00, 0x00, 0x00, 0x00, 0x00, 0x00, 0x00, 0x00, 0x00, 0x00, 0x00, 0x00,
    0x00, 0x00, 0x00, 0x00, 0x00, 0x00, 0x00, 0x00, 0x00, 0x00, 0x00, 0x00,
    0x00, 0x00, 0x00, 0x00, 0x00, 0x00, 0x00, 0x00, 0x00, 0x00, 0x00, 0x00,
    0x00, 0x00, 0x00, 0x00, 0x00, 0x00, 0x00, 0x00, 0x00, 0x00, 0x00, 0x00,
    0x00, 0x00, 0x00, 0x00, 0x00, 0x00, 0x00, 0x00, 0x00, 0x00, 0x00, 0x00,
    0x00, 0x00, 0x00, 0x00, 0x4C, 0xED, 0x4C, 0xED, 0x4C, 0xED, 0x4C, 0xED,
    0x4C, 0xED, 0x4C, 0xED, 0x4C, 0xED, 0x4C, 0xED, 0x4C, 0xED, 0x4C, 0xED,
    0x4C, 0xED, 0x4C, 0xED, 0x4C, 0xED, 0x4C, 0xED, 0x4C, 0xED, 0x4C, 0xED,
    0x4C, 0xED, 0x4C, 0xED, 0x4C, 0xED, 0x4C, 0xED, 0x4C, 0xED, 0x4C, 0xED,
    0x4C, 0xED, 0x4C, 0xED, 0x4C, 0xED, 0x4C, 0xF5, 0x6D, 0xF5, 0x6D, 0xF5,
    0x6C, 0xF5, 0x6C, 0xED, 0xCC, 0xF5, 0x0C, 0xF6, 0xE9, 0xFE, 0x00, 0x00,
    0x00, 0x00, 0x4A, 0xFD, 0xEF, 0xFD, 0xEF, 0xFB, 0x00, 0x00, 0x00, 0x00,
    0x00, 0x00, 0x00, 0x00, 0x00, 0x00, 0x00, 0x00, 0x00, 0x00, 0x00, 0x00,
    0x00, 0x00, 0x00, 0x00, 0x00, 0x00, 0x00, 0x00, 0x00, 0x00, 0x00, 0x00,
    0x00, 0x00, 0x00, 0x00, 0x00, 0x00, 0x00, 0x00, 0x00, 0x00, 0x00, 0x00,
    0x00, 0x00, 0x00, 0x00, 0x00, 0x00, 0x00, 0x00, 0x00, 0x00, 0x00, 0x00,
    0x00, 0x00, 0x00, 0x00, 0x00, 0x00, 0x00, 0x00, 0x00, 0x00, 0x00, 0x00,
    0x00, 0x00, 0x00, 0x00, 0x00, 0x00, 0x00, 0x00, 0x00, 0x00, 0x00, 0x00,
    0x00, 0x00, 0x00, 0x00, 0x00, 0x00, 0x00, 0x00, 0x00, 0x00, 0x00, 0x00,
    0x00, 0x00, 0x00, 0x00, 0x00, 0x00, 0x00, 0x00, 0x00, 0x00, 0x00, 0x00,
    0x00, 0x00, 0x00, 0x00, 0x00, 0x00, 0x00, 0x00, 0x00, 0x00, 0x00, 0x00,
    0x00, 0x00, 0x00, 0x00, 0x00, 0x00, 0x00, 0x00, 0x00, 0x00, 0x00, 0x00,
    0x00, 0x00, 0x00, 0x00, 0x00, 0x00, 0x00, 0x00, 0x00, 0x00, 0x00, 0x00,
    0x00, 0x00, 0x00, 0x00, 0x00, 0x00, 0x00, 0x00, 0x00, 0x00, 0x00, 0x00,
    0x00, 0x00, 0x00, 0x00, 0x00, 0x00, 0x00, 0x00, 0x00, 0x00, 0x00, 0x00,
    0x00, 0x00, 0x00, 0x00, 0x00, 0x00, 0x00, 0x00, 0x00, 0x00, 0x00, 0x00,
    0x00, 0x00, 0x00, 0x00, 0x00, 0x00, 0x00, 0x00, 0x00, 0x00, 0x00, 0x00,
    0x00, 0x00, 0x00, 0x00, 0x00, 0x00, 0x00, 0x00, 0x00, 0x00, 0x00, 0x00,
    0x00, 0x00, 0x00, 0x00, 0x00, 0x00, 0x00, 0x00, 0x00, 0x00, 0x00, 0x00,
    0x00, 0x00, 0x00, 0x00, 0x00, 0x00, 0x00, 0x00, 0x00, 0x00, 0x00, 0x00,
    0x00, 0x00, 0x00, 0x00, 0x00, 0x00, 0x00, 0x00, 0x00, 0x00, 0x00, 0x00,
    0x00, 0x00, 0x00, 0x00, 0x00, 0x00, 0x00, 0x00, 0x00, 0x00, 0x00, 0x00,
    0x6C, 0xED, 0x4C, 0xED, 0x4C, 0xED, 0x4C, 0xED, 0x4C, 0xED, 0x4C, 0xED,
    0x4C, 0xED, 0x4C, 0xED, 0x4C, 0xED, 0x4C, 0xED, 0x4C, 0xED, 0x4C, 0xED,
    0x4C, 0xED, 0x4C, 0xED, 0x4C, 0xED, 0x4C, 0xED, 0x4C, 0xED, 0x4C, 0xED,
    0x4C, 0xED, 0x4C, 0xED, 0x4C, 0xED, 0x4C, 0xED, 0x4C, 0xED, 0x4C, 0xED,
    0x4C, 0xED, 0x4C, 0xF5, 0xAD, 0xFD, 0x8C, 0xF5, 0xEC, 0xF5, 0xEB, 0xFD,
    0xCC, 0xFD, 0xAF, 0xFE, 0x00, 0x00, 0x00, 0x00, 0x00, 0x00, 0x00, 0x00,
    0x00, 0x00, 0x00, 0x00, 0x00, 0x00, 0x00, 0x00, 0x00, 0x00, 0x00, 0x00,
    0x00, 0x00, 0x00, 0x00, 0x00, 0x00, 0x00, 0x00, 0x00, 0x00, 0x00, 0x00,
    0x00, 0x00, 0x00, 0x00, 0x00, 0x00, 0x00, 0x00, 0x00, 0x00, 0x00, 0x00,
    0x00, 0x00, 0x00, 0x00, 0x00, 0x00, 0x00, 0x00, 0x00, 0x00, 0x00, 0x00,
    0x00, 0x00, 0x00, 0x00, 0x00, 0x00, 0x00, 0x00, 0x00, 0x00, 0x00, 0x00,
    0x00, 0x00, 0x00, 0x00, 0x00, 0x00, 0x00, 0x00, 0x00, 0x00, 0x00, 0x00,
    0x00, 0x00, 0x00, 0x00, 0x00, 0x00, 0x00, 0x00, 0x00, 0x00, 0x00, 0x00,
    0x00, 0x00, 0x00, 0x00, 0x00, 0x00, 0x00, 0x00, 0x00, 0x00, 0x00, 0x00,
    0x00, 0x00, 0x00, 0x00, 0x00, 0x00, 0x00, 0x00, 0x00, 0x00, 0x00, 0x00,
    0x00, 0x00, 0x00, 0x00, 0x00, 0x00, 0x00, 0x00, 0x00, 0x00, 0x00, 0x00,
    0x00, 0x00, 0x00, 0x00, 0x00, 0x00, 0x00, 0x00, 0x00, 0x00, 0x00, 0x00,
    0x00, 0x00, 0x00, 0x00, 0x00, 0x00, 0x00, 0x00, 0x00, 0x00, 0x00, 0x00,
    0x00, 0x00, 0x00, 0x00, 0x00, 0x00, 0x00, 0x00, 0x00, 0x00, 0x00, 0x00,
    0x00, 0x00, 0x00, 0x00, 0x00, 0x00, 0x00, 0x00, 0x00, 0x00, 0x00, 0x00,
    0x00, 0x00, 0x00, 0x00, 0x00, 0x00, 0x00, 0x00, 0x00, 0x00, 0x00, 0x00,
    0x00, 0x00, 0x00, 0x00, 0x00, 0x00, 0x00, 0x00, 0x00, 0x00, 0x00, 0x00,
    0x00, 0x00, 0x00, 0x00, 0x00, 0x00, 0x00, 0x00, 0x00, 0x00, 0x00, 0x00,
    0x00, 0x00, 0x00, 0x00, 0x00, 0x00, 0x00, 0x00, 0x00, 0x00, 0x00, 0x00,
    0x00, 0x00, 0x00, 0x00, 0x00, 0x00, 0x00, 0x00, 0x00, 0x00, 0x00, 0x00,
    0x00, 0x00, 0x00, 0x00, 0x00, 0x00, 0x00, 0x00, 0x00, 0x00, 0x00, 0x00,
    0x00, 0x00, 0x00, 0x00, 0x00, 0x00, 0x00, 0x00, 0xAC, 0xF5, 0x6C, 0xF5,
    0x4C, 0xED, 0x4C, 0xED, 0x4C, 0xED, 0x4C, 0xED, 0x4C, 0xED, 0x4C, 0xED,
    0x4C, 0xED, 0x4C, 0xED, 0x4C, 0xED, 0x4C, 0xED, 0x4C, 0xED, 0x4C, 0xED,
    0x4C, 0xED, 0x4C, 0xED, 0x4C, 0xED, 0x4C, 0xED, 0x4C, 0xED, 0x4C, 0xED,
    0x4C, 0xED, 0x4C, 0xED, 0x4D, 0xF5, 0xCD, 0xFD, 0xED, 0xFD, 0xAC, 0xF5,
    0xAC, 0xF5, 0xCC, 0xF5, 0x2C, 0xF6, 0x00, 0x00, 0x00, 0x00, 0x00, 0x00,
    0x00, 0x00, 0xEF, 0xFF, 0xE0, 0xFF, 0x00, 0x00, 0x00, 0x00, 0x00, 0x00,
    0x00, 0x00, 0x00, 0x00, 0x00, 0x00, 0x00, 0x00, 0x00, 0x00, 0x00, 0x00,
    0x00, 0x00, 0x00, 0x00, 0x00, 0x00, 0x00, 0x00, 0x00, 0x00, 0x00, 0x00,
    0x00, 0x00, 0x00, 0x00, 0x00, 0x00, 0x00, 0x00, 0x00, 0x00, 0x00, 0x00,
    0x00, 0x00, 0x00, 0x00, 0x00, 0x00, 0x00, 0x00, 0x00, 0x00, 0x00, 0x00,
    0x00, 0x00, 0x00, 0x00, 0x00, 0x00, 0x00, 0x00, 0x00, 0x00, 0x00, 0x00,
    0x00, 0x00, 0x00, 0x00, 0x00, 0x00, 0x00, 0x00, 0x00, 0x00, 0x00, 0x00,
    0x00, 0x00, 0x00, 0x00, 0x00, 0x00, 0x00, 0x00, 0x00, 0x00, 0x00, 0x00,
    0x00, 0x00, 0x00, 0x00, 0x00, 0x00, 0x00, 0x00, 0x00, 0x00, 0x00, 0x00,
    0x00, 0x00, 0x00, 0x00, 0x00, 0x00, 0x00, 0x00, 0x00, 0x00, 0x00, 0x00,
    0x00, 0x00, 0x00, 0x00, 0x00, 0x00, 0x00, 0x00, 0x00, 0x00, 0x00, 0x00,
    0x00, 0x00, 0x00, 0x00, 0x00, 0x00, 0x00, 0x00, 0x00, 0x00, 0x00, 0x00,
    0x00, 0x00, 0x00, 0x00, 0x00, 0x00, 0x00, 0x00, 0x00, 0x00, 0x00, 0x00,
    0x00, 0x00, 0x00, 0x00, 0x00, 0x00, 0x00, 0x00, 0x00, 0x00, 0x00, 0x00,
    0x00, 0x00, 0x00, 0x00, 0x00, 0x00, 0x00, 0x00, 0x00, 0x00, 0x00, 0x00,
    0x00, 0x00, 0x00, 0x00, 0x00, 0x00, 0x00, 0x00, 0x00, 0x00, 0x00, 0x00,
    0x00, 0x00, 0x00, 0x00, 0x00, 0x00, 0x00, 0x00, 0x00, 0x00, 0x00, 0x00,
    0x00, 0x00, 0x00, 0x00, 0x00, 0x00, 0x00, 0x00, 0x00, 0x00, 0x00, 0x00,
    0x00, 0x00, 0x00, 0x00, 0x00, 0x00, 0x00, 0x00, 0x00, 0x00, 0x00, 0x00,
    0x00, 0x00, 0x00, 0x00, 0x00, 0x00, 0x00, 0x00, 0x00, 0x00, 0x00, 0x00,
    0x00, 0x00, 0x00, 0x00, 0x00, 0x00, 0x00, 0x00, 0x00, 0x00, 0x00, 0x00,
    0x00, 0x00, 0x00, 0x00, 0xEC, 0xF5, 0x6C, 0xED, 0x6D, 0xF5, 0x4C, 0xED,
    0x4C, 0xED, 0x4C, 0xED, 0x4C, 0xED, 0x4C, 0xED, 0x4C, 0xED, 0x4C, 0xED,
    0x4C, 0xED, 0x4C, 0xED, 0x4C, 0xED, 0x4C, 0xED, 0x4C, 0xED, 0x4C, 0xED,
    0x4C, 0xED, 0x4C, 0xED, 0x4C, 0xED, 0x4D, 0xF5, 0xAD, 0xFD, 0xED, 0xFD,
    0x8C, 0xF5, 0xAD, 0xF5, 0xCC, 0xF5, 0x4C, 0xF6, 0x00, 0x00, 0x00, 0x00,
    0x00, 0x00, 0xEF, 0xFB, 0x4A, 0xD5, 0x4A, 0xFD, 0x00, 0xF8, 0x00, 0x00,
    0x00, 0x00, 0x00, 0x00, 0x00, 0x00, 0x00, 0x00, 0x00, 0x00, 0x00, 0x00,
    0x00, 0x00, 0x00, 0x00, 0x00, 0x00, 0x00, 0x00, 0x00, 0x00, 0x00, 0x00,
    0x00, 0x00, 0x00, 0x00, 0x00, 0x00, 0x00, 0x00, 0x00, 0x00, 0x00, 0x00,
    0x00, 0x00, 0x00, 0x00, 0x00, 0x00, 0x00, 0x00, 0x00, 0x00, 0x00, 0x00,
    0x00, 0x00, 0x00, 0x00, 0x00, 0x00, 0x00, 0x00, 0x00, 0x00, 0x00, 0x00,
    0x00, 0x00, 0x00, 0x00, 0x00, 0x00, 0x00, 0x00, 0x00, 0x00, 0x00, 0x00,
    0x00, 0x00, 0x00, 0x00, 0x00, 0x00, 0x00, 0x00, 0x00, 0x00, 0x00, 0x00,
    0x00, 0x00, 0x00, 0x00, 0x00, 0x00, 0x00, 0x00, 0x00, 0x00, 0x00, 0x00,
    0x00, 0x00, 0x00, 0x00, 0x00, 0x00, 0x00, 0x00, 0x00, 0x00, 0x00, 0x00,
    0x00, 0x00, 0x00, 0x00, 0x00, 0x00, 0x00, 0x00, 0x00, 0x00, 0x00, 0x00,
    0x00, 0x00, 0x00, 0x00, 0x00, 0x00, 0x00, 0x00, 0x00, 0x00, 0x00, 0x00,
    0x00, 0x00, 0x00, 0x00, 0x00, 0x00, 0x00, 0x00, 0x00, 0x00, 0x00, 0x00,
    0x00, 0x00, 0x00, 0x00, 0x00, 0x00, 0x00, 0x00, 0x00, 0x00, 0x00, 0x00,
    0x00, 0x00, 0x00, 0x00, 0x00, 0x00, 0x00, 0x00, 0x00, 0x00, 0x00, 0x00,
    0x00, 0x00, 0x00, 0x00, 0x00, 0x00, 0x00, 0x00, 0x00, 0x00, 0x00, 0x00,
    0x00, 0x00, 0x00, 0x00, 0x00, 0x00, 0x00, 0x00, 0x00, 0x00, 0x00, 0x00,
    0x00, 0x00, 0x00, 0x00, 0x00, 0x00, 0x00, 0x00, 0x00, 0x00, 0x00, 0x00,
    0x00, 0x00, 0x00, 0x00, 0x00, 0x00, 0x00, 0x00, 0x00, 0x00, 0x00, 0x00,
    0x00, 0x00, 0x00, 0x00, 0x00, 0x00, 0x00, 0x00, 0x00, 0x00, 0x00, 0x00,
    0x00, 0x00, 0x00, 0x00, 0x00, 0x00, 0x00, 0x00, 0x00, 0x00, 0x00, 0x00,
    0x00, 0x00, 0x00, 0x00, 0x00, 0x00, 0x00, 0x00, 0x00, 0x00, 0x00, 0x00,
    0x2C, 0xFE, 0x6C, 0xF5, 0xEE, 0xFD, 0x4C, 0xED, 0x4C, 0xED, 0x4C, 0xED,
    0x4C, 0xED, 0x4C, 0xED, 0x4C, 0xED, 0x4C, 0xED, 0x4C, 0xED, 0x4C, 0xED,
    0x4C, 0xED, 0x4C, 0xED, 0x4C, 0xED, 0x4C, 0xED, 0x4C, 0xF5, 0x8D, 0xFD,
    0xAD, 0xFD, 0x6C, 0xF5, 0x6C, 0xED, 0xAC, 0xF5, 0x2C, 0xF6, 0x8E, 0xFF,
    0x00, 0x00, 0x00, 0x00, 0x4A, 0xFD, 0xAD, 0xFD, 0xEF, 0xFD, 0xE0, 0xFF,
    0x00, 0x00, 0x00, 0x00, 0x00, 0x00, 0x00, 0x00, 0x00, 0x00, 0x00, 0x00,
    0x00, 0x00, 0x00, 0x00, 0x00, 0x00, 0x00, 0x00, 0x00, 0x00, 0x00, 0x00,
    0x00, 0x00, 0x00, 0x00, 0x00, 0x00, 0x00, 0x00, 0x00, 0x00, 0x00, 0x00,
    0x00, 0x00, 0x00, 0x00, 0x00, 0x00, 0x00, 0x00, 0x00, 0x00, 0x00, 0x00,
    0x00, 0x00, 0x00, 0x00, 0x00, 0x00, 0x00, 0x00, 0x00, 0x00, 0x00, 0x00,
    0x00, 0x00, 0x00, 0x00, 0x00, 0x00, 0x00, 0x00, 0x00, 0x00, 0x00, 0x00,
    0x00, 0x00, 0x00, 0x00, 0x00, 0x00, 0x00, 0x00, 0x00, 0x00, 0x00, 0x00,
    0x00, 0x00, 0x00, 0x00, 0x00, 0x00, 0x00, 0x00, 0x00, 0x00, 0x00, 0x00,
    0x00, 0x00, 0x00, 0x00, 0x00, 0x00, 0x00, 0x00, 0x00, 0x00, 0x00, 0x00,
    0x00, 0x00, 0x00, 0x00, 0x00, 0x00, 0x00, 0x00, 0x00, 0x00, 0x00, 0x00,
    0x00, 0x00, 0x00, 0x00, 0x00, 0x00, 0x00, 0x00, 0x00, 0x00, 0x00, 0x00,
    0x00, 0x00, 0x00, 0x00, 0x00, 0x00, 0x00, 0x00, 0x00, 0x00, 0x00, 0x00,
    0x00, 0x00, 0x00, 0x00, 0x00, 0x00, 0x00, 0x00, 0x00, 0x00, 0x00, 0x00,
    0x00, 0x00, 0x00, 0x00, 0x00, 0x00, 0x00, 0x00, 0x00, 0x00, 0x00, 0x00,
    0x00, 0x00, 0x00, 0x00, 0x00, 0x00, 0x00, 0x00, 0x00, 0x00, 0x00, 0x00,
    0x00, 0x00, 0x00, 0x00, 0x00, 0x00, 0x00, 0x00, 0x00, 0x00, 0x00, 0x00,
    0x00, 0x00, 0x00, 0x00, 0x00, 0x00, 0x00, 0x00, 0x00, 0x00, 0x00, 0x00,
    0x00, 0x00, 0x00, 0x00, 0x00, 0x00, 0x00, 0x00, 0x00, 0x00, 0x00, 0x00,
    0x00, 0x00, 0x00, 0x00, 0x00, 0x00, 0x00, 0x00, 0x00, 0x00, 0x00, 0x00,
    0x00, 0x00, 0x00, 0x00, 0x00, 0x00, 0x00, 0x00, 0x00, 0x00, 0x00, 0x00,
    0x00, 0x00, 0x00, 0x00, 0x00, 0x00, 0x00, 0x00, 0x00, 0x00, 0x00, 0x00,
    0x00, 0x00, 0x00, 0x00, 0x00, 0x00, 0x00, 0x00, 0x00, 0x00, 0xAC, 0xF5,
    0x0D, 0xFE, 0x4C, 0xED, 0x4C, 0xED, 0x4C, 0xED, 0x4C, 0xED, 0x4C, 0xED,
    0x4C, 0xED, 0x4C, 0xED, 0x4C, 0xED, 0x4C, 0xED, 0x4C, 0xED, 0x4C, 0xF5,
    0x6C, 0xF5, 0x6D, 0xF5, 0x6C, 0xED, 0x6C, 0xF5, 0x8C, 0xF5, 0x0C, 0xF6,
    0x6B, 0xFE, 0x00, 0x00, 0x00, 0x00, 0xFF, 0xFF, 0xEF, 0xFD, 0x4A, 0xFD,
    0x00, 0xF8, 0x00, 0x00, 0x00, 0x00, 0x00, 0x00, 0x00, 0x00, 0x00, 0x00,
    0x00, 0x00, 0x00, 0x00, 0x00, 0x00, 0x00, 0x00, 0x00, 0x00, 0x00, 0x00,
    0x00, 0x00, 0x00, 0x00, 0x00, 0x00, 0x00, 0x00, 0x00, 0x00, 0x00, 0x00,
    0x00, 0x00, 0x00, 0x00, 0x00, 0x00, 0x00, 0x00, 0x00, 0x00, 0x00, 0x00,
    0x00, 0x00, 0x00, 0x00, 0x00, 0x00, 0x00, 0x00, 0x00, 0x00, 0x00, 0x00,
    0x00, 0x00, 0x00, 0x00, 0x00, 0x00, 0x00, 0x00, 0x00, 0x00, 0x00, 0x00,
    0x00, 0x00, 0x00, 0x00, 0x00, 0x00, 0x00, 0x00, 0x00, 0x00, 0x00, 0x00,
    0x00, 0x00, 0x00, 0x00, 0x00, 0x00, 0x00, 0x00, 0x00, 0x00, 0x00, 0x00,
    0x00, 0x00, 0x00, 0x00, 0x00, 0x00, 0x00, 0x00, 0x00, 0x00, 0x00, 0x00,
    0x00, 0x00, 0x00, 0x00, 0x00, 0x00, 0x00, 0x00, 0x00, 0x00, 0x00, 0x00,
    0x00, 0x00, 0x00, 0x00, 0x00, 0x00, 0x00, 0x00, 0x00, 0x00, 0x00, 0x00,
    0x00, 0x00, 0x00, 0x00, 0x00, 0x00, 0x00, 0x00, 0x00, 0x00, 0x00, 0x00,
    0x00, 0x00, 0x00, 0x00, 0x00, 0x00, 0x00, 0x00, 0x00, 0x00, 0x00, 0x00,
    0x00, 0x00, 0x00, 0x00, 0x00, 0x00, 0x00, 0x00, 0x00, 0x00, 0x00, 0x00,
    0x00, 0x00, 0x00, 0x00, 0x00, 0x00, 0x00, 0x00, 0x00, 0x00, 0x00, 0x00,
    0x00, 0x00, 0x00, 0x00, 0x00, 0x00, 0x00, 0x00, 0x00, 0x00, 0x00, 0x00,
    0x00, 0x00, 0x00, 0x00, 0x00, 0x00, 0x00, 0x00, 0x00, 0x00, 0x00, 0x00,
    0x00, 0x00, 0x00, 0x00, 0x00, 0x00, 0x00, 0x00, 0x00, 0x00, 0x00, 0x00,
    0x00, 0x00, 0x00, 0x00, 0x00, 0x00, 0x00, 0x00, 0x00, 0x00, 0x00, 0x00,
    0x00, 0x00, 0x00, 0x00, 0x00, 0x00, 0x00, 0x00, 0x00, 0x00, 0x00, 0x00,
    0x00, 0x00, 0x00, 0x00, 0x00, 0x00, 0x00, 0x00, 0x00, 0x00, 0x00, 0x00,
    0x00, 0x00, 0x00, 0x00, 0x00, 0x00, 0x00, 0x00, 0x00, 0x00, 0x00, 0x00,
    0x00, 0x00, 0x00, 0x00, 0x00, 0x00, 0x6B, 0xFE, 0xAC, 0xF5, 0xED, 0xFD,
    0x4C, 0xED, 0x4C, 0xED, 0x4C, 0xED, 0x4C, 0xED, 0x4C, 0xED, 0x4C, 0xED,
    0x4C, 0xED, 0x4C, 0xED, 0x4C, 0xED, 0x4C, 0xED, 0x8D, 0xF5, 0xAC, 0xF5,
    0xEC, 0xF5, 0xEC, 0xF5, 0xAD, 0xFD, 0x2C, 0xFE, 0x00, 0x00, 0x00, 0x00,
    0x00, 0x00, 0x00, 0x00, 0x00, 0x00, 0x00, 0x00, 0x00, 0x00, 0x00, 0x00,
    0x00, 0x00, 0x00, 0x00, 0x00, 0x00, 0x00, 0x00, 0x00, 0x00, 0x00, 0x00,
    0x00, 0x00, 0x00, 0x00, 0x00, 0x00, 0x00, 0x00, 0x00, 0x00, 0x00, 0x00,
    0x00, 0x00, 0x00, 0x00, 0x00, 0x00, 0x00, 0x00, 0x00, 0x00, 0x00, 0x00,
    0x00, 0x00, 0x00, 0x00, 0x00, 0x00, 0x00, 0x00, 0x00, 0x00, 0x00, 0x00,
    0x00, 0x00, 0x00, 0x00, 0x00, 0x00, 0x00, 0x00, 0x00, 0x00, 0x00, 0x00,
    0x00, 0x00, 0x00, 0x00, 0x00, 0x00, 0x00, 0x00, 0x00, 0x00, 0x00, 0x00,
    0x00, 0x00, 0x00, 0x00, 0x00, 0x00, 0x00, 0x00, 0x00, 0x00, 0x00, 0x00,
    0x00, 0x00, 0x00, 0x00, 0x00, 0x00, 0x00, 0x00, 0x00, 0x00, 0x00, 0x00,
    0x00, 0x00, 0x00, 0x00, 0x00, 0x00, 0x00, 0x00, 0x00, 0x00, 0x00, 0x00,
    0x00, 0x00, 0x00, 0x00, 0x00, 0x00, 0x00, 0x00, 0x00, 0x00, 0x00, 0x00,
    0x00, 0x00, 0x00, 0x00, 0x00, 0x00, 0x00, 0x00, 0x00, 0x00, 0x00, 0x00,
    0x00, 0x00, 0x00, 0x00, 0x00, 0x00, 0x00, 0x00, 0x00, 0x00, 0x00, 0x00,
    0x00, 0x00, 0x00, 0x00, 0x00, 0x00, 0x00, 0x00, 0x00, 0x00, 0x00, 0x00,
    0x00, 0x00, 0x00, 0x00, 0x00, 0x00, 0x00, 0x00, 0x00, 0x00, 0x00, 0x00,
    0x00, 0x00, 0x00, 0x00, 0x00, 0x00, 0x00, 0x00, 0x00, 0x00, 0x00, 0x00,
    0x00, 0x00, 0x00, 0x00, 0x00, 0x00, 0x00, 0x00, 0x00, 0x00, 0x00, 0x00,
    0x00, 0x00, 0x00, 0x00, 0x00, 0x00, 0x00, 0x00, 0x00, 0x00, 0x00, 0x00,
    0x00, 0x00, 0x00, 0x00, 0x00, 0x00, 0x00, 0x00, 0x00, 0x00, 0x00, 0x00,
    0x00, 0x00, 0x00, 0x00, 0x00, 0x00, 0x00, 0x00, 0x00, 0x00, 0x00, 0x00,
    0x00, 0x00, 0x00, 0x00, 0x00, 0x00, 0x00, 0x00, 0x00, 0x00, 0x00, 0x00,
    0x00, 0x00, 0x00, 0x00, 0x00, 0x00, 0x00, 0x00, 0x00, 0x00, 0x00, 0x00,
    0x00, 0x00, 0x00, 0x00, 0x00, 0x00, 0x00, 0x00, 0x00, 0x00, 0x00, 0x00,
    0xAA, 0xAA, 0x00, 0x00, 0x6B, 0xED, 0xED, 0xFD, 0xAC, 0xF5, 0xEE, 0xFD,
    0x8D, 0xFD, 0x4C, 0xF5, 0x4C, 0xED, 0x4C, 0xF5, 0x6D, 0xF5, 0xAD, 0xFD,
    0x0D, 0xFE, 0xAC, 0xF5, 0xAC, 0xF5, 0xAC, 0xF5, 0x2C, 0xF6, 0xED, 0xFF,
    0x00, 0x00, 0x00, 0x00, 0x00, 0x00, 0xEF, 0xFF, 0xEF, 0xFB, 0x00, 0x00,
    0x00, 0x00, 0x00, 0x00, 0x00, 0x00, 0x00, 0x00, 0x00, 0x00, 0x00, 0x00,
    0x00, 0x00, 0x00, 0x00, 0x00, 0x00, 0x00, 0x00, 0x00, 0x00, 0x00, 0x00,
    0x00, 0x00, 0x00, 0x00, 0x00, 0x00, 0x00, 0x00, 0x00, 0x00, 0x00, 0x00,
    0x00, 0x00, 0x00, 0x00, 0x00, 0x00, 0x00, 0x00, 0x00, 0x00, 0x00, 0x00,
    0x00, 0x00, 0x00, 0x00, 0x00, 0x00, 0x00, 0x00, 0x00, 0x00, 0x00, 0x00,
    0x00, 0x00, 0x00, 0x00, 0x00, 0x00, 0x00, 0x00, 0x00, 0x00, 0x00, 0x00,
    0x00, 0x00, 0x00, 0x00, 0x00, 0x00, 0x00, 0x00, 0x00, 0x00, 0x00, 0x00,
    0x00, 0x00, 0x00, 0x00, 0x00, 0x00, 0x00, 0x00, 0x00, 0x00, 0x00, 0x00,
    0x00, 0x00, 0x00, 0x00, 0x00, 0x00, 0x00, 0x00, 0x00, 0x00, 0x00, 0x00,
    0x00, 0x00, 0x00, 0x00, 0x00, 0x00, 0x00, 0x00, 0x00, 0x00, 0x00, 0x00,
    0x00, 0x00, 0x00, 0x00, 0x00, 0x00, 0x00, 0x00, 0x00, 0x00, 0x00, 0x00,
    0x00, 0x00, 0x00, 0x00, 0x00, 0x00, 0x00, 0x00, 0x00, 0x00, 0x00, 0x00,
    0x00, 0x00, 0x00, 0x00, 0x00, 0x00, 0x00, 0x00, 0x00, 0x00, 0x00, 0x00,
    0x00, 0x00, 0x00, 0x00, 0x00, 0x00, 0x00, 0x00, 0x00, 0x00, 0x00, 0x00,
    0x00, 0x00, 0x00, 0x00, 0x00, 0x00, 0x00, 0x00, 0x00, 0x00, 0x00, 0x00,
    0x00, 0x00, 0x00, 0x00, 0x00, 0x00, 0x00, 0x00, 0x00, 0x00, 0x00, 0x00,
    0x00, 0x00, 0x00, 0x00, 0x00, 0x00, 0x00, 0x00, 0x00, 0x00, 0x00, 0x00,
    0x00, 0x00, 0x00, 0x00, 0x00, 0x00, 0x00, 0x00, 0x00, 0x00, 0x00, 0x00,
    0x00, 0x00, 0x00, 0x00, 0x00, 0x00, 0x00, 0x00, 0x00, 0x00, 0x00, 0x00,
    0x00, 0x00, 0x00, 0x00, 0x00, 0x00, 0x00, 0x00, 0x00, 0x00, 0x00, 0x00,
    0x00, 0x00, 0x00, 0x00, 0x00, 0x00, 0x00, 0x00, 0x00, 0x00, 0x00, 0x00,
    0x00, 0x00, 0x00, 0x00, 0x00, 0x00, 0x00, 0x00, 0x00, 0x00, 0x00, 0x00,
    0x00, 0x00, 0x00, 0x00, 0x00, 0x00, 0x00, 0x00, 0x00, 0x00, 0xCC, 0xCC,
    0x00, 0x00, 0xCC, 0xE5, 0xEC, 0xF5, 0x8C, 0xF5, 0x8C, 0xF5, 0x8C, 0xF5,
    0x8C, 0xF5, 0x8C, 0xF5, 0xAC, 0xF5, 0x6C, 0xF5, 0x8C, 0xF5, 0x0C, 0xF6,
    0x0C, 0xFF, 0x00, 0x00, 0x00, 0x00, 0x00, 0x00, 0x4A, 0xFD, 0xEF, 0xFD,
    0xFF, 0xFF, 0x00, 0x00, 0x00, 0x00, 0x00, 0x00, 0x00, 0x00, 0x00, 0x00,
    0x00, 0x00, 0x00, 0x00, 0x00, 0x00, 0x00, 0x00, 0x00, 0x00, 0x00, 0x00,
    0x00, 0x00, 0x00, 0x00, 0x00, 0x00, 0x00, 0x00, 0x00, 0x00, 0x00, 0x00,
    0x00, 0x00, 0x00, 0x00, 0x00, 0x00, 0x00, 0x00, 0x00, 0x00, 0x00, 0x00,
    0x00, 0x00, 0x00, 0x00, 0x00, 0x00, 0x00, 0x00, 0x00, 0x00, 0x00, 0x00,
    0x00, 0x00, 0x00, 0x00, 0x00, 0x00, 0x00, 0x00, 0x00, 0x00, 0x00, 0x00,
    0x00, 0x00, 0x00, 0x00, 0x00, 0x00, 0x00, 0x00, 0x00, 0x00, 0x00, 0x00,
    0x00, 0x00, 0x00, 0x00, 0x00, 0x00, 0x00, 0x00, 0x00, 0x00, 0x00, 0x00,
    0x00, 0x00, 0x00, 0x00, 0x00, 0x00, 0x00, 0x00, 0x00, 0x00, 0x00, 0x00,
    0x00, 0x00, 0x00, 0x00, 0x00, 0x00, 0x00, 0x00, 0x00, 0x00, 0x00, 0x00,
    0x00, 0x00, 0x00, 0x00, 0x00, 0x00, 0x00, 0x00, 0x00, 0x00, 0x00, 0x00,
    0x00, 0x00, 0x00, 0x00, 0x00, 0x00, 0x00, 0x00, 0x00, 0x00, 0x00, 0x00,
    0x00, 0x00, 0x00, 0x00, 0x00, 0x00, 0x00, 0x00, 0x00, 0x00, 0x00, 0x00,
    0x00, 0x00, 0x00, 0x00, 0x00, 0x00, 0x00, 0x00, 0x00, 0x00, 0x00, 0x00,
    0x00, 0x00, 0x00, 0x00, 0x00, 0x00, 0x00, 0x00, 0x00, 0x00, 0x00, 0x00,
    0x00, 0x00, 0x00, 0x00, 0x00, 0x00, 0x00, 0x00, 0x00, 0x00, 0x00, 0x00,
    0x00, 0x00, 0x00, 0x00, 0x00, 0x00, 0x00, 0x00, 0x00, 0x00, 0x00, 0x00,
    0x00, 0x00, 0x00, 0x00, 0x00, 0x00, 0x00, 0x00, 0x00, 0x00, 0x00, 0x00,
    0x00, 0x00, 0x00, 0x00, 0x00, 0x00, 0x00, 0x00, 0x00, 0x00, 0x00, 0x00,
    0x00, 0x00, 0x00, 0x00, 0x00, 0x00, 0x00, 0x00, 0x00, 0x00, 0x00, 0x00,
    0x00, 0x00, 0x00, 0x00, 0x00, 0x00, 0x00, 0x00, 0x00, 0x00, 0x00, 0x00,
    0x00, 0x00, 0x00, 0x00, 0x00, 0x00, 0x00, 0x00, 0x00, 0x00, 0x00, 0x00,
    0x00, 0x00, 0x00, 0x00, 0x00, 0x00, 0x00, 0x00, 0x00, 0x00, 0x00, 0x00,
    0x00, 0x00, 0x00, 0x00, 0x00, 0x00, 0x00, 0x00, 0x6C, 0xFE, 0x00, 0x00,
    0x00, 0x00, 0x00, 0x00, 0x4C, 0xF6, 0x0C, 0xF6, 0xEC, 0xF5, 0x0C, 0xF6,
    0x2C, 0xF6, 0x4D, 0xFF, 0x00, 0x00, 0x00, 0x00, 0x00, 0x00, 0xAD, 0xDD,
    0x6C, 0xFE, 0xEF, 0xFB, 0x00, 0x00, 0x00, 0x00, 0x00, 0x00, 0x00, 0x00,
    0x00, 0x00, 0x00, 0x00, 0x00, 0x00, 0x00, 0x00, 0x00, 0x00, 0x00, 0x00,
    0x00, 0x00, 0x00, 0x00, 0x00, 0x00, 0x00, 0x00, 0x00, 0x00, 0x00, 0x00,
    0x00, 0x00, 0x00, 0x00, 0x00, 0x00, 0x00, 0x00, 0x00, 0x00, 0x00, 0x00,
    0x00, 0x00, 0x00, 0x00, 0x00, 0x00, 0x00, 0x00, 0x00, 0x00, 0x00, 0x00,
    0x00, 0x00, 0x00, 0x00, 0x00, 0x00, 0x00, 0x00, 0x00, 0x00, 0x00, 0x00,
    0x00, 0x00, 0x00, 0x00, 0x00, 0x00, 0x00, 0x00, 0x00, 0x00, 0x00, 0x00,
    0x00, 0x00, 0x00, 0x00, 0x00, 0x00, 0x00, 0x00, 0x00, 0x00, 0x00, 0x00,
    0x00, 0x00, 0x00, 0x00, 0x00, 0x00, 0x00, 0x00, 0x00, 0x00, 0x00, 0x00,
    0x00, 0x00, 0x00, 0x00, 0x00, 0x00, 0x00, 0x00, 0x00, 0x00, 0x00, 0x00,
    0x00, 0x00, 0x00, 0x00, 0x00, 0x00, 0x00, 0x00, 0x00, 0x00, 0x00, 0x00,
    0x00, 0x00, 0x00, 0x00, 0x00, 0x00, 0x00, 0x00, 0x00, 0x00, 0x00, 0x00,
    0x00, 0x00, 0x00, 0x00, 0x00, 0x00, 0x00, 0x00, 0x00, 0x00, 0x00, 0x00,
    0x00, 0x00, 0x00, 0x00, 0x00, 0x00, 0x00, 0x00, 0x00, 0x00, 0x00, 0x00,
    0x00, 0x00, 0x00, 0x00, 0x00, 0x00, 0x00, 0x00, 0x00, 0x00, 0x00, 0x00,
    0x00, 0x00, 0x00, 0x00, 0x00, 0x00, 0x00, 0x00, 0x00, 0x00, 0x00, 0x00,
    0x00, 0x00, 0x00, 0x00, 0x00, 0x00, 0x00, 0x00, 0x00, 0x00, 0x00, 0x00,
    0x00, 0x00, 0x00, 0x00, 0x00, 0x00, 0x00, 0x00, 0x00, 0x00, 0x00, 0x00,
    0x00, 0x00, 0x00, 0x00, 0x00, 0x00, 0x00, 0x00, 0x00, 0x00, 0x00, 0x00,
    0x00, 0x00, 0x00, 0x00, 0x00, 0x00, 0x00, 0x00, 0x00, 0x00, 0x00, 0x00,
    0x00, 0x00, 0x00, 0x00, 0x00, 0x00, 0x00, 0x00, 0x00, 0x00, 0x00, 0x00,
    0x00, 0x00, 0x00, 0x00, 0x00, 0x00, 0x00, 0x00, 0x00, 0x00, 0x00, 0x00,
    0x00, 0x00, 0x00, 0x00, 0x00, 0x00, 0x00, 0x00, 0x00, 0x00, 0x00, 0x00,
    0x00, 0x00, 0x00, 0x00, 0x00, 0x00, 0x00, 0x00, 0x00, 0x00, 0x00, 0x00,
    0x00, 0x00, 0x00, 0x00, 0x00, 0x00, 0xFF, 0xFF, 0xEF, 0xFD, 0xEF, 0xFB,
    0x00, 0x00, 0x00, 0x00, 0x00, 0x00, 0x00, 0x00, 0x00, 0x00, 0x00, 0x00,
    0xEF, 0xFD, 0xE7, 0xBD, 0xEF, 0x7B, 0x00, 0x00, 0x00, 0x00, 0x00, 0x00,
    0x00, 0x00, 0x00, 0x00, 0x00, 0x00, 0x00, 0x00, 0x00, 0x00, 0x00, 0x00,
    0x00, 0x00, 0x00, 0x00, 0x00, 0x00, 0x00, 0x00, 0x00, 0x00, 0x00, 0x00,
    0x00, 0x00, 0x00, 0x00, 0x00, 0x00, 0x00, 0x00, 0x00, 0x00, 0x00, 0x00,
    0x00, 0x00, 0x00, 0x00, 0x00, 0x00, 0x00, 0x00, 0x00, 0x00, 0x00, 0x00,
    0x00, 0x00, 0x00, 0x00, 0x00, 0x00, 0x00, 0x00, 0x00, 0x00, 0x00, 0x00,
    0x00, 0x00, 0x00, 0x00, 0x00, 0x00, 0x00, 0x00, 0x00, 0x00, 0x00, 0x00,
    0x00, 0x00, 0x00, 0x00, 0x00, 0x00, 0x00, 0x00, 0x00, 0x00, 0x00, 0x00,
    0x00, 0x00, 0x00, 0x00, 0x00, 0x00, 0x00, 0x00, 0x00, 0x00, 0x00, 0x00,
    0x00, 0x00, 0x00, 0x00, 0x00, 0x00, 0x00, 0x00, 0x00, 0x00, 0x00, 0x00,
    0x00, 0x00, 0x00, 0x00, 0x00, 0x00, 0x00, 0x00, 0x00, 0x00, 0x00, 0x00,
    0x00, 0x00, 0x00, 0x00, 0x00, 0x00, 0x00, 0x00, 0x00, 0x00, 0x00, 0x00,
    0x00, 0x00, 0x00, 0x00, 0x00, 0x00, 0x00, 0x00, 0x00, 0x00, 0x00, 0x00,
    0x00, 0x00, 0x00, 0x00, 0x00, 0x00, 0x00, 0x00, 0x00, 0x00, 0x00, 0x00,
    0x00, 0x00, 0x00, 0x00, 0x00, 0x00, 0x00, 0x00, 0x00, 0x00, 0x00, 0x00,
    0x00, 0x00, 0x00, 0x00, 0x00, 0x00, 0x00, 0x00, 0x00, 0x00, 0x00, 0x00,
    0x00, 0x00, 0x00, 0x00, 0x00, 0x00, 0x00, 0x00, 0x00, 0x00, 0x00, 0x00,
    0x00, 0x00, 0x00, 0x00, 0x00, 0x00, 0x00, 0x00, 0x00, 0x00, 0x00, 0x00,
    0x00, 0x00, 0x00, 0x00, 0x00, 0x00, 0x00, 0x00, 0x00, 0x00, 0x00, 0x00,
    0x00, 0x00, 0x00, 0x00, 0x00, 0x00, 0x00, 0x00, 0x00, 0x00, 0x00, 0x00,
    0x00, 0x00, 0x00, 0x00, 0x00, 0x00, 0x00, 0x00, 0x00, 0x00, 0x00, 0x00,
    0x00, 0x00, 0x00, 0x00, 0x00, 0x00, 0x00, 0x00, 0x00, 0x00, 0x00, 0x00,
    0x00, 0x00, 0x00, 0x00, 0x00, 0x00, 0x00, 0x00, 0x00, 0x00, 0x00, 0x00,
    0x00, 0x00, 0x00, 0x00, 0x00, 0x00, 0x00, 0x00, 0x00, 0x00, 0x00, 0x00,
    0x00, 0x00, 0x00, 0x00, 0x00, 0x00, 0x00, 0x00, 0x00, 0x00, 0x00, 0x00,
    0x00, 0x00, 0x00, 0x00, 0x00, 0x00, 0x00, 0x00, 0x00, 0x00, 0x00, 0x00,
    0x00, 0x00, 0x00, 0x00, 0x00, 0x00, 0x00, 0x00, 0x00, 0x00, 0x00, 0x00,
    0x00, 0x00, 0x00, 0x00, 0x00, 0x00, 0x00, 0x00, 0x00, 0x00, 0x00, 0x00,
    0x00, 0x00, 0x00, 0x00, 0x00, 0x00, 0x00, 0x00, 0x00, 0x00, 0x00, 0x00,
    0x00, 0x00, 0x00, 0x00, 0x00, 0x00, 0x00, 0x00, 0x02, 0x00, 0x00, 0x01,
    0x00, 0x00, 0x00, 0x00, 0x00, 0x00, 0x00, 0x00, 0x00, 0x00, 0x00, 0x00,
    0x00, 0x00, 0x00, 0x00, 0x00, 0x00, 0x00, 0x00, 0x00, 0x00, 0x00, 0x00,
    0x00, 0x00, 0x00, 0x00, 0x00, 0x00, 0x00, 0x00, 0x00, 0x00, 0x00, 0x00,
    0x00, 0x00, 0x00, 0x00, 0x00, 0x00, 0x00, 0x00, 0x00, 0x00, 0x00, 0x00,
    0x00, 0x00, 0x00, 0x01, 0x03, 0x04, 0x05, 0x04, 0x04, 0x02, 0x00, 0x00,
    0x00, 0x00, 0x00, 0x00, 0x00, 0x00, 0x00, 0x00, 0x00, 0x00, 0x00, 0x00,
    0x00, 0x00, 0x00, 0x00, 0x00, 0x00, 0x00, 0x00, 0x00, 0x00, 0x00, 0x00,
    0x00, 0x00, 0x00, 0x00, 0x00, 0x00, 0x00, 0x00, 0x00, 0x00, 0x00, 0x00,
    0x00, 0x00, 0x00, 0x00, 0x00, 0x00, 0x00, 0x00, 0x00, 0x00, 0x00, 0x00,
    0x00, 0x00, 0x00, 0x00, 0x00, 0x00, 0x00, 0x00, 0x00, 0x00, 0x00, 0x00,
    0x00, 0x00, 0x00, 0x00, 0x00, 0x00, 0x00, 0x00, 0x00, 0x00, 0x00, 0x00,
    0x00, 0x00, 0x00, 0x00, 0x00, 0x00, 0x00, 0x00, 0x00, 0x00, 0x00, 0x00,
    0x00, 0x00, 0x00, 0x00, 0x00, 0x00, 0x00, 0x00, 0x00, 0x00, 0x00, 0x00,
    0x00, 0x38, 0x29, 0x00, 0x01, 0x00, 0x00, 0x00, 0x00, 0x00, 0x00, 0x00,
    0x00, 0x00, 0x00, 0x00, 0x00, 0x00, 0x00, 0x00, 0x00, 0x00, 0x00, 0x00,
    0x00, 0x00, 0x00, 0x00, 0x00, 0x00, 0x00, 0x00, 0x00, 0x00, 0x00, 0x00,
    0x00, 0x00, 0x00, 0x00, 0x00, 0x00, 0x00, 0x00, 0x00, 0x00, 0x00, 0x00,
    0x00, 0x00, 0x00, 0x00, 0x00, 0x00, 0x02, 0x01, 0x00, 0x00, 0x00, 0x00,
    0x00, 0x00, 0x03, 0x01, 0x00, 0x00, 0x00, 0x00, 0x00, 0x00, 0x00, 0x00,
    0x00, 0x00, 0x00, 0x00, 0x00, 0x00, 0x00, 0x00, 0x00, 0x00, 0x00, 0x00,
    0x00, 0x00, 0x00, 0x00, 0x01, 0x01, 0x00, 0x00, 0x00, 0x00, 0x00, 0x00,
    0x00, 0x00, 0x00, 0x00, 0x00, 0x00, 0x00, 0x00, 0x00, 0x00, 0x00, 0x00,
    0x00, 0x00, 0x00, 0x00, 0x00, 0x00, 0x00, 0x00, 0x00, 0x00, 0x00, 0x00,
    0x00, 0x00, 0x00, 0x00, 0x00, 0x00, 0x00, 0x00, 0x00, 0x00, 0x00, 0x00,
    0x00, 0x00, 0x00, 0x00, 0x00, 0x00, 0x00, 0x00, 0x00, 0x00, 0x00, 0x00,
    0x00, 0x00, 0x00, 0x00, 0x00, 0x00, 0x00, 0x00, 0x00, 0x00, 0x00, 0x00,
    0x00, 0x01, 0x00, 0x03, 0x29, 0xB7, 0x9C, 0x1E, 0x02, 0x00, 0x00, 0x00,
    0x00, 0x00, 0x00, 0x00, 0x00, 0x00, 0x00, 0x00, 0x00, 0x00, 0x00, 0x00,
    0x00, 0x00, 0x00, 0x00, 0x00, 0x00, 0x00, 0x00, 0x00, 0x00, 0x00, 0x00,
    0x00, 0x00, 0x00, 0x00, 0x00, 0x00, 0x00, 0x00, 0x00, 0x00, 0x00, 0x00,
    0x00, 0x00, 0x00, 0x00, 0x00, 0x00, 0x00, 0x00, 0x01, 0x01, 0x00, 0x03,
    0x42, 0x76, 0x84, 0x81, 0x62, 0x20, 0x00, 0x00, 0x01, 0x00, 0x00, 0x00,
    0x00, 0x00, 0x00, 0x00, 0x00, 0x00, 0x00, 0x00, 0x00, 0x00, 0x00, 0x00,
    0x00, 0x00, 0x00, 0x00, 0x00, 0x01, 0x03, 0x05, 0x03, 0x04, 0x05, 0x02,
    0x00, 0x00, 0x00, 0x00, 0x00, 0x00, 0x00, 0x00, 0x00, 0x00, 0x00, 0x00,
    0x00, 0x00, 0x00, 0x00, 0x00, 0x00, 0x00, 0x00, 0x00, 0x00, 0x00, 0x00,
    0x00, 0x00, 0x00, 0x00, 0x00, 0x00, 0x00, 0x00, 0x00, 0x00, 0x00, 0x00,
    0x00, 0x00, 0x00, 0x00, 0x00, 0x00, 0x00, 0x00, 0x00, 0x00, 0x00, 0x00,
    0x00, 0x00, 0x00, 0x00, 0x00, 0x00, 0x00, 0x00, 0x00, 0x00, 0x00, 0x00,
    0x00, 0x00, 0x00, 0x00, 0x00, 0x04, 0x00, 0x06, 0x7F, 0xFD, 0xF0, 0x65,
    0x00, 0x00, 0x02, 0x00, 0x00, 0x00, 0x00, 0x00, 0x00, 0x00, 0x00, 0x00,
    0x00, 0x00, 0x00, 0x00, 0x00, 0x00, 0x00, 0x00, 0x00, 0x00, 0x00, 0x00,
    0x00, 0x00, 0x00, 0x00, 0x00, 0x00, 0x00, 0x00, 0x00, 0x00, 0x00, 0x00,
    0x00, 0x00, 0x00, 0x00, 0x00, 0x00, 0x00, 0x00, 0x00, 0x00, 0x00, 0x00,
    0x01, 0x00, 0x0C, 0x65, 0xC4, 0xFF, 0xFF, 0xFF, 0xEE, 0x96, 0x35, 0x00,
    0x01, 0x00, 0x00, 0x00, 0x00, 0x00, 0x00, 0x00, 0x00, 0x00, 0x00, 0x00,
    0x00, 0x00, 0x00, 0x00, 0x00, 0x00, 0x00, 0x00, 0x00, 0x00, 0x00, 0x00,
    0x00, 0x00, 0x00, 0x00, 0x01, 0x00, 0x00, 0x00, 0x00, 0x00, 0x00, 0x00,
    0x00, 0x00, 0x00, 0x00, 0x00, 0x00, 0x00, 0x00, 0x00, 0x00, 0x00, 0x00,
    0x00, 0x00, 0x00, 0x00, 0x00, 0x00, 0x00, 0x00, 0x00, 0x00, 0x00, 0x00,
    0x00, 0x00, 0x00, 0x00, 0x00, 0x00, 0x00, 0x00, 0x00, 0x00, 0x00, 0x00,
    0x00, 0x00, 0x00, 0x00, 0x00, 0x00, 0x00, 0x00, 0x00, 0x00, 0x00, 0x00,
    0x00, 0x00, 0x00, 0x00, 0x00, 0x00, 0x00, 0x00, 0x00, 0x05, 0x00, 0x10,
    0xC3, 0xFD, 0xFF, 0xA2, 0x01, 0x00, 0x02, 0x00, 0x00, 0x00, 0x00, 0x00,
    0x00, 0x00, 0x00, 0x00, 0x00, 0x00, 0x00, 0x00, 0x00, 0x00, 0x00, 0x00,
    0x00, 0x00, 0x00, 0x00, 0x00, 0x00, 0x00, 0x00, 0x00, 0x00, 0x00, 0x00,
    0x00, 0x00, 0x00, 0x00, 0x00, 0x00, 0x00, 0x00, 0x00, 0x00, 0x00, 0x00,
    0x00, 0x00, 0x00, 0x03, 0x00, 0x08, 0x64, 0xF8, 0xFF, 0xF8, 0xFB, 0xFB,
    0xFB, 0xFF, 0xB7, 0x2C, 0x00, 0x00, 0x01, 0x00, 0x00, 0x00, 0x00, 0x00,
    0x00, 0x00, 0x00, 0x00, 0x00, 0x00, 0x00, 0x00, 0x00, 0x00, 0x00, 0x00,
    0x00, 0x00, 0x06, 0x17, 0x27, 0x26, 0x11, 0x03, 0x00, 0x00, 0x00, 0x00,
    0x00, 0x00, 0x00, 0x00, 0x00, 0x00, 0x00, 0x00, 0x00, 0x00, 0x00, 0x00,
    0x00, 0x00, 0x00, 0x00, 0x00, 0x00, 0x00, 0x00, 0x00, 0x00, 0x00, 0x00,
    0x00, 0x00, 0x00, 0x00, 0x00, 0x00, 0x00, 0x00, 0x00, 0x00, 0x00, 0x00,
    0x00, 0x00, 0x00, 0x00, 0x00, 0x00, 0x00, 0x00, 0x00, 0x00, 0x00, 0x00,
    0x00, 0x00, 0x00, 0x00, 0x00, 0x00, 0x00, 0x00, 0x00, 0x00, 0x00, 0x00,
    0x01, 0x01, 0x00, 0x33, 0xEF, 0xFF, 0xFF, 0xCA, 0x1F, 0x00, 0x00, 0x01,
    0x00, 0x00, 0x00, 0x00, 0x00, 0x00, 0x00, 0x00, 0x00, 0x00, 0x00, 0x00,
    0x00, 0x00, 0x00, 0x00, 0x00, 0x00, 0x00, 0x00, 0x00, 0x00, 0x00, 0x00,
    0x00, 0x00, 0x00, 0x00, 0x00, 0x00, 0x00, 0x00, 0x00, 0x00, 0x00, 0x00,
    0x00, 0x00, 0x00, 0x00, 0x00, 0x00, 0x00, 0x07, 0x00, 0x34, 0xE2, 0xFF,
    0xFF, 0xFE, 0xFF, 0xFF, 0xFF, 0xFF, 0xFC, 0x99, 0x00, 0x00, 0x02, 0x00,
    0x00, 0x00, 0x00, 0x00, 0x00, 0x00, 0x00, 0x00, 0x00, 0x00, 0x00, 0x00,
    0x00, 0x00, 0x01, 0x00, 0x00, 0x0A, 0x72, 0xD4, 0xEF, 0xEE, 0xCD, 0x4F,
    0x02, 0x02, 0x01, 0x00, 0x00, 0x00, 0x00, 0x00, 0x00, 0x00, 0x00, 0x00,
    0x00, 0x00, 0x00, 0x00, 0x00, 0x00, 0x00, 0x00, 0x00, 0x00, 0x00, 0x00,
    0x00, 0x00, 0x00, 0x00, 0x00, 0x00, 0x00, 0x00, 0x00, 0x00, 0x00, 0x00,
    0x00, 0x00, 0x00, 0x00, 0x00, 0x00, 0x00, 0x00, 0x00, 0x00, 0x00, 0x00,
    0x00, 0x00, 0x00, 0x00, 0x00, 0x00, 0x00, 0x00, 0x00, 0x00, 0x00, 0x00,
    0x00, 0x00, 0x00, 0x00, 0x03, 0x00, 0x12, 0x76, 0xF9, 0xFF, 0xFF, 0xE4,
    0x61, 0x07, 0x00, 0x02, 0x00, 0x00, 0x00, 0x00, 0x00, 0x00, 0x00, 0x00,
    0x00, 0x00, 0x00, 0x00, 0x00, 0x00, 0x00, 0x00, 0x00, 0x00, 0x00, 0x00,
    0x00, 0x00, 0x00, 0x00, 0x00, 0x00, 0x00, 0x00, 0x00, 0x00, 0x00, 0x00,
    0x00, 0x00, 0x00, 0x00, 0x00, 0x00, 0x00, 0x00, 0x00, 0x00, 0x01, 0x03,
    0x00, 0x5F, 0xFF, 0xFE, 0xFC, 0xFF, 0xFF, 0xFF, 0xFE, 0xF8, 0xFF, 0xCB,
    0x19, 0x00, 0x01, 0x01, 0x00, 0x00, 0x00, 0x00, 0x00, 0x00, 0x00, 0x00,
    0x00, 0x00, 0x00, 0x00, 0x00, 0x00, 0x04, 0x00, 0x0A, 0x92, 0xE7, 0xFF,
    0xFF, 0xFF, 0xFF, 0xDB, 0x61, 0x00, 0x02, 0x00, 0x00, 0x00, 0x00, 0x00,
    0x00, 0x00, 0x00, 0x00, 0x00, 0x00, 0x00, 0x00, 0x00, 0x00, 0x00, 0x00,
    0x00, 0x00, 0x00, 0x00, 0x00, 0x00, 0x00, 0x00, 0x00, 0x00, 0x00, 0x00,
    0x00, 0x00, 0x00, 0x00, 0x00, 0x00, 0x00, 0x00, 0x00, 0x00, 0x00, 0x00,
    0x00, 0x00, 0x00, 0x00, 0x00, 0x00, 0x00, 0x00, 0x00, 0x00, 0x00, 0x00,
    0x00, 0x00, 0x00, 0x00, 0x00, 0x00, 0x00, 0x00, 0x07, 0x02, 0x29, 0xC6,
    0xFC, 0xFF, 0xFD, 0xF8, 0xB1, 0x0A, 0x02, 0x05, 0x00, 0x00, 0x00, 0x00,
    0x00, 0x00, 0x00, 0x00, 0x00, 0x00, 0x00, 0x00, 0x00, 0x00, 0x00, 0x00,
    0x00, 0x00, 0x00, 0x00, 0x00, 0x00, 0x00, 0x00, 0x00, 0x00, 0x00, 0x00,
    0x00, 0x00, 0x00, 0x00, 0x00, 0x00, 0x00, 0x00, 0x00, 0x00, 0x00, 0x00,
    0x00, 0x00, 0x01, 0x00, 0x06, 0x78, 0xFB, 0xFE, 0xFD, 0xFF, 0xFF, 0xFF,
    0xFF, 0xF9, 0xFC, 0xD2, 0x36, 0x01, 0x00, 0x02, 0x00, 0x00, 0x00, 0x00,
    0x00, 0x00, 0x00, 0x00, 0x00, 0x00, 0x00, 0x00, 0x00, 0x01, 0x02, 0x06,
    0x46, 0xF0, 0xFF, 0xFA, 0xF9, 0xF9, 0xFA, 0xFF, 0xBC, 0x2A, 0x01, 0x00,
    0x00, 0x00, 0x00, 0x00, 0x00, 0x00, 0x00, 0x00, 0x00, 0x00, 0x00, 0x00,
    0x00, 0x00, 0x00, 0x00, 0x00, 0x00, 0x00, 0x00, 0x00, 0x00, 0x00, 0x00,
    0x00, 0x00, 0x00, 0x00, 0x00, 0x00, 0x00, 0x00, 0x00, 0x00, 0x00, 0x00,
    0x00, 0x00, 0x00, 0x00, 0x00, 0x00, 0x00, 0x00, 0x00, 0x00, 0x00, 0x00,
    0x00, 0x00, 0x00, 0x00, 0x00, 0x00, 0x00, 0x00, 0x00, 0x00, 0x01, 0x02,
    0x07, 0x00, 0x43, 0xF7, 0xFF, 0xFE, 0xFA, 0xFF, 0xE4, 0x1C, 0x00, 0x06,
    0x02, 0x01, 0x00, 0x00, 0x00, 0x00, 0x00, 0x00, 0x00, 0x00, 0x00, 0x00,
    0x00, 0x00, 0x00, 0x00, 0x00, 0x00, 0x00, 0x00, 0x00, 0x00, 0x00, 0x00,
    0x00, 0x00, 0x00, 0x00, 0x00, 0x00, 0x00, 0x00, 0x00, 0x00, 0x00, 0x00,
    0x00, 0x00, 0x00, 0x00, 0x00, 0x00, 0x01, 0x01, 0x08, 0x70, 0xFF, 0xFE,
    0xFD, 0xFF, 0xFF, 0xFF, 0xFF, 0xF8, 0xFF, 0xD3, 0x2B, 0x01, 0x00, 0x02,
    0x00, 0x00, 0x00, 0x00, 0x00, 0x00, 0x00, 0x00, 0x00, 0x00, 0x00, 0x00,
    0x00, 0x04, 0x00, 0x14, 0x87, 0xF7, 0xFB, 0xFA, 0xFF, 0xFF, 0xFD, 0xFA,
    0xE0, 0x6F, 0x00, 0x00, 0x01, 0x00, 0x00, 0x00, 0x00, 0x00, 0x00, 0x00,
    0x00, 0x00, 0x00, 0x00, 0x00, 0x00, 0x00, 0x00, 0x00, 0x00, 0x00, 0x00,
    0x00, 0x00, 0x00, 0x00, 0x00, 0x00, 0x00, 0x00, 0x00, 0x00, 0x00, 0x00,
    0x00, 0x00, 0x00, 0x00, 0x00, 0x00, 0x00, 0x00, 0x00, 0x00, 0x00, 0x00,
    0x00, 0x00, 0x00, 0x00, 0x00, 0x00, 0x00, 0x00, 0x00, 0x00, 0x00, 0x00,
    0x00, 0x00, 0x00, 0x00, 0x00, 0x0C, 0x7E, 0xFF, 0xFF, 0xFD, 0xFA, 0xFF,
    0xF4, 0x61, 0x07, 0x00, 0x00, 0x00, 0x00, 0x00, 0x00, 0x00, 0x00, 0x00,
    0x00, 0x00, 0x00, 0x00, 0x00, 0x00, 0x00, 0x00, 0x00, 0x00, 0x00, 0x00,
    0x00, 0x00, 0x00, 0x00, 0x00, 0x00, 0x00, 0x00, 0x00, 0x00, 0x00, 0x00,
    0x00, 0x00, 0x00, 0x00, 0x00, 0x00, 0x00, 0x00, 0x00, 0x00, 0x00, 0x05,
    0x00, 0x4D, 0xFC, 0xFF, 0xFD, 0xFF, 0xFF, 0xFF, 0xFF, 0xF9, 0xFF, 0xBD,
    0x06, 0x00, 0x01, 0x01, 0x00, 0x00, 0x00, 0x00, 0x00, 0x00, 0x00, 0x00,
    0x00, 0x00, 0x00, 0x00, 0x00, 0x04, 0x00, 0x19, 0x92, 0xF9, 0xFF, 0xFC,
    0xFF, 0xFF, 0xFE, 0xFF, 0xEC, 0x7B, 0x00, 0x00, 0x02, 0x00, 0x00, 0x00,
    0x00, 0x00, 0x00, 0x00, 0x00, 0x00, 0x00, 0x00, 0x00, 0x00, 0x00, 0x00,
    0x00, 0x00, 0x00, 0x00, 0x00, 0x00, 0x00, 0x00, 0x00, 0x00, 0x00, 0x00,
    0x00, 0x00, 0x00, 0x00, 0x00, 0x00, 0x00, 0x00, 0x00, 0x00, 0x00, 0x00,
    0x00, 0x00, 0x00, 0x00, 0x00, 0x00, 0x00, 0x00, 0x00, 0x00, 0x00, 0x00,
    0x00, 0x00, 0x00, 0x01, 0x03, 0x03, 0x00, 0x00, 0x02, 0x67, 0xDC, 0xFF,
    0xFF, 0xFE, 0xFE, 0xFF, 0xFF, 0xCC, 0x4B, 0x00, 0x00, 0x01, 0x03, 0x02,
    0x01, 0x00, 0x00, 0x00, 0x00, 0x00, 0x00, 0x00, 0x00, 0x00, 0x00, 0x00,
    0x00, 0x00, 0x00, 0x00, 0x00, 0x00, 0x00, 0x00, 0x00, 0x00, 0x00, 0x00,
    0x00, 0x00, 0x00, 0x00, 0x00, 0x00, 0x00, 0x00, 0x00, 0x00, 0x00, 0x00,
    0x00, 0x00, 0x00, 0x05, 0x00, 0x25, 0xB6, 0xFE, 0xFC, 0xF9, 0xFD, 0xFD,
    0xFA, 0xFD, 0xE7, 0x75, 0x00, 0x00, 0x02, 0x00, 0x00, 0x00, 0x00, 0x00,
    0x00, 0x00, 0x00, 0x00, 0x00, 0x00, 0x00, 0x00, 0x00, 0x03, 0x00, 0x11,
    0x7B, 0xF5, 0xFD, 0xFB, 0xFF, 0xFF, 0xFD, 0xFC, 0xE1, 0x6E, 0x00, 0x00,
    0x02, 0x00, 0x00, 0x00, 0x00, 0x00, 0x00, 0x00, 0x00, 0x00, 0x00, 0x00,
    0x00, 0x00, 0x00, 0x00, 0x00, 0x00, 0x00, 0x00, 0x00, 0x00, 0x00, 0x00,
    0x00, 0x00, 0x00, 0x00, 0x00, 0x00, 0x00, 0x00, 0x00, 0x00, 0x00, 0x00,
    0x00, 0x00, 0x00, 0x00, 0x00, 0x00, 0x00, 0x00, 0x00, 0x00, 0x00, 0x00,
    0x00, 0x00, 0x00, 0x00, 0x00, 0x00, 0x04, 0x01, 0x00, 0x00, 0x1F, 0x72,
    0xB6, 0xE3, 0xFE, 0xFF, 0xFF, 0xFF, 0xFF, 0xFF, 0xFF, 0xFC, 0xDA, 0xAF,
    0x6E, 0x1C, 0x00, 0x00, 0x03, 0x03, 0x00, 0x00, 0x00, 0x00, 0x00, 0x00,
    0x00, 0x00, 0x00, 0x00, 0x00, 0x00, 0x00, 0x00, 0x00, 0x00, 0x00, 0x00,
    0x00, 0x00, 0x00, 0x00, 0x00, 0x00, 0x00, 0x00, 0x00, 0x00, 0x00, 0x00,
    0x00, 0x00, 0x00, 0x00, 0x00, 0x00, 0x00, 0x01, 0x03, 0x05, 0x36, 0xC6,
    0xFF, 0xFF, 0xFF, 0xFF, 0xFF, 0xF9, 0x81, 0x15, 0x01, 0x00, 0x01, 0x00,
    0x00, 0x00, 0x00, 0x00, 0x00, 0x00, 0x00, 0x00, 0x00, 0x00, 0x00, 0x00,
    0x00, 0x01, 0x03, 0x03, 0x31, 0xF0, 0xFF, 0xF6, 0xF7, 0xF8, 0xF8, 0xFF,
    0xB4, 0x22, 0x01, 0x00, 0x01, 0x00, 0x00, 0x00, 0x00, 0x00, 0x00, 0x00,
    0x00, 0x00, 0x00, 0x00, 0x00, 0x00, 0x00, 0x00, 0x00, 0x00, 0x00, 0x00,
    0x00, 0x00, 0x00, 0x00, 0x00, 0x00, 0x00, 0x00, 0x00, 0x00, 0x00, 0x00,
    0x00, 0x00, 0x00, 0x00, 0x00, 0x00, 0x00, 0x00, 0x00, 0x00, 0x00, 0x00,
    0x00, 0x00, 0x00, 0x00, 0x00, 0x00, 0x00, 0x00, 0x01, 0x00, 0x00, 0x0A,
    0x41, 0x75, 0xAA, 0xE6, 0xFF, 0xFF, 0xFE, 0xFF, 0xFF, 0xFF, 0xFF, 0xFF,
    0xFF, 0xFF, 0xFF, 0xFF, 0xE4, 0xA7, 0x6C, 0x36, 0x01, 0x00, 0x01, 0x00,
    0x00, 0x00, 0x00, 0x00, 0x00, 0x00, 0x00, 0x00, 0x00, 0x00, 0x00, 0x00,
    0x00, 0x00, 0x00, 0x00, 0x00, 0x00, 0x00, 0x00, 0x00, 0x00, 0x00, 0x00,
    0x00, 0x00, 0x00, 0x00, 0x00, 0x00, 0x00, 0x00, 0x00, 0x00, 0x00, 0x00,
    0x02, 0x00, 0x00, 0x44, 0x8E, 0xB9, 0xCD, 0xC7, 0xA8, 0x6E, 0x1C, 0x00,
    0x01, 0x00, 0x00, 0x00, 0x00, 0x00, 0x00, 0x00, 0x00, 0x00, 0x00, 0x00,
    0x00, 0x00, 0x00, 0x00, 0x00, 0x00, 0x03, 0x00, 0x03, 0x74, 0xDF, 0xFF,
    0xFF, 0xFF, 0xFF, 0xC3, 0x4C, 0x00, 0x01, 0x00, 0x00, 0x00, 0x00, 0x00,
    0x00, 0x00, 0x00, 0x00, 0x00, 0x00, 0x00, 0x00, 0x00, 0x00, 0x00, 0x00,
    0x00, 0x00, 0x00, 0x00, 0x00, 0x00, 0x00, 0x00, 0x00, 0x00, 0x00, 0x00,
    0x00, 0x00, 0x00, 0x00, 0x00, 0x00, 0x00, 0x00, 0x00, 0x00, 0x00, 0x00,
    0x00, 0x00, 0x00, 0x00, 0x00, 0x00, 0x00, 0x00, 0x00, 0x00, 0x00, 0x01,
    0x01, 0x02, 0x27, 0x6F, 0xC3, 0xFF, 0xFF, 0xFF, 0xF9, 0xFB, 0xFE, 0xFF,
    0xFF, 0xFF, 0xFF, 0xFF, 0xFF, 0xFE, 0xFA, 0xF9, 0xFF, 0xFF, 0xFB, 0xB3,
    0x5E, 0x1E, 0x01, 0x00, 0x01, 0x00, 0x00, 0x00, 0x00, 0x00, 0x00, 0x00,
    0x00, 0x00, 0x00, 0x00, 0x00, 0x00, 0x00, 0x00, 0x00, 0x00, 0x00, 0x00,
    0x00, 0x00, 0x00, 0x00, 0x00, 0x00, 0x00, 0x00, 0x00, 0x00, 0x00, 0x00,
    0x00, 0x00, 0x00, 0x00, 0x00, 0x02, 0x03, 0x00, 0x02, 0x32, 0x52, 0x47,
    0x1B, 0x00, 0x00, 0x05, 0x00, 0x00, 0x00, 0x00, 0x00, 0x00, 0x00, 0x00,
    0x00, 0x00, 0x00, 0x00, 0x00, 0x00, 0x00, 0x00, 0x00, 0x00, 0x00, 0x00,
    0x00, 0x00, 0x69, 0xBA, 0xC8, 0xC4, 0xA5, 0x41, 0x00, 0x02, 0x01, 0x00,
    0x00, 0x00, 0x00, 0x00, 0x00, 0x00, 0x00, 0x00, 0x00, 0x00, 0x00, 0x00,
    0x00, 0x00, 0x00, 0x00, 0x00, 0x00, 0x00, 0x00, 0x00, 0x00, 0x00, 0x00,
    0x00, 0x00, 0x00, 0x00, 0x00, 0x00, 0x00, 0x00, 0x00, 0x00, 0x00, 0x00,
    0x00, 0x00, 0x00, 0x00, 0x00, 0x00, 0x00, 0x00, 0x00, 0x00, 0x00, 0x00,
    0x00, 0x00, 0x00, 0x04, 0x00, 0x08, 0x8C, 0xFA, 0xFF, 0xFB, 0xFC, 0xFD,
    0xFF, 0xFF, 0xFF, 0xFF, 0xFF, 0xFF, 0xFF, 0xFF, 0xFF, 0xFF, 0xFF, 0xFF,
    0xFD, 0xFC, 0xFD, 0xFF, 0xEC, 0x70, 0x00, 0x00, 0x02, 0x00, 0x00, 0x00,
    0x00, 0x00, 0x00, 0x00, 0x00, 0x00, 0x00, 0x00, 0x00, 0x00, 0x00, 0x00,
    0x00, 0x00, 0x00, 0x00, 0x00, 0x00, 0x00, 0x00, 0x00, 0x00, 0x00, 0x00,
    0x00, 0x00, 0x00, 0x00, 0x00, 0x00, 0x00, 0x00, 0x00, 0x00, 0x00, 0x03,
    0x02, 0x00, 0x00, 0x00, 0x00, 0x03, 0x01, 0x00, 0x00, 0x00, 0x00, 0x00,
    0x00, 0x00, 0x00, 0x00, 0x00, 0x00, 0x00, 0x00, 0x00, 0x00, 0x00, 0x00,
    0x00, 0x00, 0x00, 0x00, 0x00, 0x03, 0x00, 0x03, 0x16, 0x0C, 0x00, 0x00,
    0x01, 0x00, 0x00, 0x00, 0x00, 0x00, 0x00, 0x00, 0x00, 0x00, 0x00, 0x00,
    0x00, 0x00, 0x00, 0x00, 0x00, 0x00, 0x00, 0x00, 0x00, 0x00, 0x00, 0x00,
    0x00, 0x00, 0x00, 0x00, 0x00, 0x00, 0x00, 0x00, 0x00, 0x00, 0x00, 0x00,
    0x00, 0x00, 0x00, 0x00, 0x00, 0x00, 0x00, 0x00, 0x00, 0x00, 0x00, 0x00,
    0x00, 0x00, 0x00, 0x00, 0x00, 0x00, 0x00, 0x03, 0x00, 0x05, 0x66, 0xEB,
    0xFF, 0xFD, 0xFC, 0xFC, 0xFE, 0xFF, 0xFF, 0xFF, 0xFF, 0xFF, 0xFF, 0xFF,
    0xFF, 0xFF, 0xFF, 0xFE, 0xFC, 0xFC, 0xFF, 0xFF, 0xD4, 0x4E, 0x00, 0x00,
    0x01, 0x00, 0x00, 0x00, 0x00, 0x00, 0x00, 0x00, 0x00, 0x00, 0x00, 0x00,
    0x00, 0x00, 0x00, 0x00, 0x00, 0x00, 0x00, 0x00, 0x00, 0x00, 0x00, 0x00,
    0x00, 0x00, 0x00, 0x00, 0x00, 0x00, 0x00, 0x00, 0x00, 0x00, 0x00, 0x00,
    0x00, 0x00, 0x00, 0x00, 0x00, 0x00, 0x00, 0x00, 0x00, 0x00, 0x00, 0x00,
    0x00, 0x00, 0x00, 0x00, 0x00, 0x00, 0x00, 0x00, 0x00, 0x00, 0x00, 0x00,
    0x00, 0x00, 0x00, 0x00, 0x00, 0x00, 0x00, 0x00, 0x00, 0x00, 0x00, 0x00,
    0x00, 0x00, 0x00, 0x00, 0x00, 0x00, 0x00, 0x00, 0x00, 0x00, 0x00, 0x00,
    0x00, 0x00, 0x00, 0x00, 0x00, 0x00, 0x00, 0x00, 0x00, 0x00, 0x00, 0x00,
    0x00, 0x00, 0x00, 0x00, 0x00, 0x00, 0x00, 0x00, 0x00, 0x00, 0x00, 0x00,
    0x00, 0x00, 0x00, 0x00, 0x00, 0x00, 0x00, 0x00, 0x00, 0x00, 0x00, 0x00,
    0x00, 0x00, 0x00, 0x00, 0x00, 0x00, 0x00, 0x00, 0x00, 0x00, 0x00, 0x01,
    0x00, 0x01, 0x14, 0x3E, 0x7B, 0xD0, 0xFF, 0xFF, 0xFF, 0xFA, 0xFD, 0xFF,
    0xFF, 0xFF, 0xFF, 0xFF, 0xFF, 0xFD, 0xFA, 0xFF, 0xFF, 0xFF, 0xCE, 0x7B,
    0x37, 0x0E, 0x01, 0x00, 0x00, 0x00, 0x00, 0x00, 0x00, 0x00, 0x00, 0x00,
    0x00, 0x00, 0x00, 0x00, 0x00, 0x00, 0x00, 0x00, 0x00, 0x00, 0x00, 0x00,
    0x00, 0x00, 0x00, 0x00, 0x00, 0x00, 0x00, 0x00, 0x00, 0x00, 0x00, 0x00,
    0x00, 0x00, 0x00, 0x00, 0x00, 0x00, 0x00, 0x00, 0x00, 0x01, 0x01, 0x01,
    0x01, 0x00, 0x00, 0x00, 0x00, 0x00, 0x00, 0x00, 0x00, 0x00, 0x00, 0x00,
    0x00, 0x00, 0x00, 0x00, 0x00, 0x00, 0x00, 0x00, 0x00, 0x00, 0x00, 0x00,
    0x00, 0x00, 0x02, 0x01, 0x00, 0x00, 0x02, 0x01, 0x00, 0x00, 0x00, 0x00,
    0x00, 0x00, 0x00, 0x00, 0x00, 0x00, 0x00, 0x00, 0x00, 0x00, 0x00, 0x00,
    0x00, 0x00, 0x00, 0x00, 0x00, 0x00, 0x00, 0x00, 0x00, 0x00, 0x00, 0x00,
    0x00, 0x00, 0x00, 0x00, 0x00, 0x00, 0x00, 0x00, 0x00, 0x00, 0x00, 0x00,
    0x00, 0x00, 0x00, 0x00, 0x00, 0x00, 0x00, 0x00, 0x00, 0x00, 0x00, 0x00,
    0x00, 0x00, 0x00, 0x00, 0x00, 0x00, 0x00, 0x00, 0x0D, 0x4A, 0x83, 0xBC,
    0xF9, 0xFF, 0xFF, 0xFE, 0xFF, 0xFF, 0xFF, 0xFF, 0xFF, 0xFF, 0xFF, 0xF2,
    0xB5, 0x7D, 0x49, 0x0D, 0x00, 0x00, 0x01, 0x00, 0x00, 0x00, 0x00, 0x00,
    0x00, 0x00, 0x00, 0x00, 0x00, 0x00, 0x00, 0x00, 0x00, 0x00, 0x01, 0x02,
    0x03, 0x03, 0x02, 0x00, 0x00, 0x00, 0x00, 0x00, 0x00, 0x00, 0x00, 0x00,
    0x00, 0x00, 0x00, 0x00, 0x00, 0x00, 0x00, 0x00, 0x00, 0x00, 0x00, 0x00,
    0x00, 0x00, 0x00, 0x00, 0x00, 0x00, 0x00, 0x00, 0x00, 0x00, 0x00, 0x00,
    0x00, 0x00, 0x00, 0x00, 0x00, 0x00, 0x00, 0x00, 0x00, 0x00, 0x00, 0x00,
    0x00, 0x00, 0x00, 0x00, 0x00, 0x00, 0x00, 0x00, 0x01, 0x01, 0x00, 0x00,
    0x00, 0x00, 0x00, 0x00, 0x00, 0x00, 0x00, 0x00, 0x00, 0x00, 0x00, 0x00,
    0x00, 0x00, 0x00, 0x00, 0x00, 0x00, 0x00, 0x00, 0x00, 0x00, 0x00, 0x00,
    0x00, 0x00, 0x00, 0x00, 0x00, 0x00, 0x00, 0x00, 0x00, 0x00, 0x00, 0x00,
    0x00, 0x00, 0x00, 0x00, 0x00, 0x00, 0x00, 0x00, 0x00, 0x00, 0x00, 0x00,
    0x00, 0x00, 0x00, 0x00, 0x00, 0x00, 0x00, 0x00, 0x00, 0x00, 0x03, 0x06,
    0x00, 0x00, 0x00, 0x38, 0x8B, 0xCE, 0xF6, 0xFE, 0xFF, 0xFF, 0xFF, 0xFF,
    0xFF, 0xF2, 0xC2, 0x84, 0x30, 0x00, 0x00, 0x00, 0x05, 0x02, 0x00, 0x00,
    0x00, 0x00, 0x00, 0x00, 0x00, 0x00, 0x00, 0x00, 0x00, 0x00, 0x00, 0x00,
    0x00, 0x02, 0x00, 0x00, 0x00, 0x00, 0x00, 0x01, 0x02, 0x00, 0x00, 0x00,
    0x00, 0x00, 0x00, 0x00, 0x00, 0x00, 0x00, 0x00, 0x00, 0x00, 0x00, 0x00,
    0x00, 0x00, 0x00, 0x00, 0x00, 0x00, 0x00, 0x00, 0x00, 0x00, 0x00, 0x00,
    0x00, 0x00, 0x00, 0x00, 0x00, 0x00, 0x00, 0x00, 0x00, 0x00, 0x00, 0x00,
    0x00, 0x00, 0x00, 0x00, 0x00, 0x00, 0x00, 0x00, 0x00, 0x00, 0x00, 0x00,
    0x00, 0x00, 0x00, 0x00, 0x00, 0x00, 0x00, 0x00, 0x00, 0x00, 0x00, 0x00,
    0x00, 0x00, 0x00, 0x00, 0x00, 0x00, 0x00, 0x00, 0x00, 0x00, 0x00, 0x00,
    0x00, 0x00, 0x00, 0x00, 0x00, 0x00, 0x00, 0x00, 0x00, 0x00, 0x00, 0x00,
    0x00, 0x00, 0x00, 0x00, 0x00, 0x00, 0x00, 0x00, 0x00, 0x00, 0x00, 0x00,
    0x00, 0x00, 0x00, 0x00, 0x00, 0x00, 0x00, 0x00, 0x00, 0x00, 0x00, 0x00,
    0x00, 0x00, 0x00, 0x00, 0x01, 0x03, 0x03, 0x00, 0x00, 0x35, 0xBC, 0xFF,
    0xFF, 0xFE, 0xFD, 0xFF, 0xFC, 0xA7, 0x1B, 0x00, 0x02, 0x03, 0x03, 0x01,
    0x00, 0x00, 0x00, 0x00, 0x00, 0x00, 0x00, 0x00, 0x00, 0x00, 0x00, 0x00,
    0x00, 0x00, 0x00, 0x00, 0x00, 0x00, 0x00, 0x02, 0x05, 0x05, 0x02, 0x00,
    0x00, 0x00, 0x00, 0x00, 0x00, 0x00, 0x00, 0x00, 0x00, 0x00, 0x00, 0x00,
    0x00, 0x00, 0x00, 0x00, 0x00, 0x00, 0x00, 0x00, 0x00, 0x00, 0x00, 0x00,
    0x00, 0x00, 0x00, 0x00, 0x00, 0x00, 0x00, 0x00, 0x00, 0x00, 0x00, 0x00,
    0x00, 0x00, 0x00, 0x00, 0x00, 0x00, 0x00, 0x00, 0x00, 0x00, 0x00, 0x00,
    0x00, 0x00, 0x00, 0x00, 0x00, 0x00, 0x00, 0x00, 0x00, 0x00, 0x00, 0x00,
    0x00, 0x00, 0x00, 0x00, 0x00, 0x00, 0x00, 0x00, 0x00, 0x00, 0x00, 0x00,
    0x00, 0x00, 0x00, 0x00, 0x00, 0x00, 0x00, 0x00, 0x00, 0x00, 0x00, 0x00,
    0x00, 0x00, 0x00, 0x00, 0x00, 0x00, 0x00, 0x00, 0x00, 0x00, 0x00, 0x00,
    0x00, 0x00, 0x00, 0x00, 0x00, 0x00, 0x00, 0x00, 0x00, 0x00, 0x00, 0x00,
    0x00, 0x00, 0x00, 0x00, 0x00, 0x00, 0x00, 0x00, 0x00, 0x00, 0x00, 0x00,
    0x00, 0x01, 0x69, 0xFF, 0xFF, 0xFD, 0xFA, 0xFF, 0xF3, 0x47, 0x00, 0x00,
    0x00, 0x00, 0x00, 0x00, 0x00, 0x00, 0x00, 0x00, 0x00, 0x00, 0x00, 0x00,
    0x00, 0x00, 0x00, 0x00, 0x00, 0x00, 0x00, 0x03, 0x01, 0x00, 0x0D, 0x44,
    0x67, 0x63, 0x40, 0x05, 0x00, 0x01, 0x01, 0x00, 0x00, 0x00, 0x00, 0x00,
    0x00, 0x00, 0x00, 0x00, 0x00, 0x00, 0x00, 0x00, 0x00, 0x00, 0x01, 0x03,
    0x03, 0x01, 0x00, 0x00, 0x00, 0x00, 0x00, 0x00, 0x00, 0x00, 0x00, 0x00,
    0x00, 0x00, 0x00, 0x00, 0x00, 0x00, 0x00, 0x00, 0x00, 0x00, 0x00, 0x00,
    0x00, 0x00, 0x00, 0x00, 0x00, 0x00, 0x00, 0x00, 0x00, 0x00, 0x00, 0x00,
    0x00, 0x00, 0x00, 0x00, 0x00, 0x00, 0x00, 0x00, 0x00, 0x00, 0x00, 0x00,
    0x00, 0x00, 0x00, 0x00, 0x00, 0x00, 0x00, 0x00, 0x00, 0x00, 0x00, 0x00,
    0x00, 0x00, 0x00, 0x00, 0x00, 0x00, 0x00, 0x00, 0x00, 0x00, 0x00, 0x00,
    0x00, 0x00, 0x00, 0x00, 0x00, 0x00, 0x00, 0x00, 0x00, 0x00, 0x00, 0x00,
    0x00, 0x00, 0x00, 0x00, 0x00, 0x00, 0x00, 0x00, 0x00, 0x00, 0x00, 0x00,
    0x00, 0x00, 0x00, 0x01, 0x08, 0x00, 0x39, 0xE8, 0xFF, 0xFE, 0xFC, 0xFF,
    0xD7, 0x14, 0x00, 0x06, 0x01, 0x00, 0x00, 0x00, 0x00, 0x00, 0x00, 0x00,
    0x00, 0x00, 0x00, 0x00, 0x00, 0x00, 0x00, 0x00, 0x00, 0x00, 0x04, 0x00,
    0x0E, 0x78, 0xC1, 0xD8, 0xE2, 0xE2, 0xD6, 0xBD, 0x62, 0x0B, 0x00, 0x02,
    0x00, 0x00, 0x00, 0x00, 0x00, 0x00, 0x00, 0x00, 0x00, 0x00, 0x00, 0x00,
    0x00, 0x01, 0x00, 0x00, 0x00, 0x00, 0x02, 0x00, 0x00, 0x00, 0x00, 0x00,
    0x00, 0x00, 0x00, 0x00, 0x00, 0x00, 0x00, 0x00, 0x00, 0x00, 0x00, 0x00,
    0x00, 0x00, 0x00, 0x00, 0x00, 0x00, 0x00, 0x00, 0x00, 0x00, 0x00, 0x00,
    0x00, 0x00, 0x00, 0x00, 0x00, 0x00, 0x00, 0x00, 0x00, 0x00, 0x00, 0x00,
    0x00, 0x00, 0x00, 0x00, 0x00, 0x00, 0x00, 0x00, 0x00, 0x00, 0x00, 0x00,
    0x00, 0x00, 0x00, 0x00, 0x00, 0x00, 0x00, 0x00, 0x00, 0x00, 0x00, 0x00,
    0x00, 0x00, 0x00, 0x00, 0x00, 0x00, 0x00, 0x00, 0x00, 0x00, 0x00, 0x00,
    0x00, 0x00, 0x00, 0x00, 0x00, 0x00, 0x00, 0x00, 0x00, 0x00, 0x00, 0x00,
    0x00, 0x00, 0x00, 0x00, 0x00, 0x00, 0x00, 0x00, 0x05, 0x01, 0x20, 0xAD,
    0xFB, 0xFF, 0xFE, 0xF3, 0x9A, 0x08, 0x01, 0x05, 0x00, 0x00, 0x00, 0x00,
    0x00, 0x00, 0x00, 0x00, 0x00, 0x00, 0x00, 0x00, 0x00, 0x00, 0x00, 0x00,
    0x00, 0x02, 0x00, 0x23, 0x8B, 0xEB, 0xFF, 0xFF, 0xFF, 0xFF, 0xFF, 0xFF,
    0xDB, 0x70, 0x12, 0x02, 0x00, 0x00, 0x00, 0x00, 0x00, 0x00, 0x00, 0x00,
    0x00, 0x00, 0x00, 0x01, 0x00, 0x00, 0x16, 0x47, 0x41, 0x0D, 0x00, 0x01,
    0x00, 0x00, 0x00, 0x00, 0x00, 0x00, 0x00, 0x00, 0x00, 0x00, 0x00, 0x00,
    0x00, 0x00, 0x00, 0x00, 0x00, 0x00, 0x00, 0x00, 0x00, 0x00, 0x00, 0x00,
    0x00, 0x00, 0x00, 0x00, 0x00, 0x00, 0x00, 0x00, 0x00, 0x00, 0x00, 0x00,
    0x00, 0x00, 0x00, 0x00, 0x00, 0x00, 0x00, 0x00, 0x00, 0x00, 0x00, 0x00,
    0x00, 0x00, 0x00, 0x00, 0x00, 0x00, 0x00, 0x00, 0x00, 0x00, 0x00, 0x00,
    0x00, 0x00, 0x00, 0x00, 0x00, 0x00, 0x00, 0x00, 0x00, 0x00, 0x00, 0x00,
    0x00, 0x00, 0x00, 0x00, 0x00, 0x00, 0x00, 0x00, 0x00, 0x00, 0x00, 0x00,
    0x00, 0x00, 0x00, 0x00, 0x00, 0x00, 0x00, 0x00, 0x00, 0x00, 0x00, 0x00,
    0x02, 0x01, 0x0B, 0x5E, 0xF7, 0xFF, 0xFF, 0xDD, 0x49, 0x04, 0x00, 0x02,
    0x00, 0x00, 0x00, 0x00, 0x00, 0x00, 0x00, 0x00, 0x00, 0x00, 0x00, 0x00,
    0x00, 0x00, 0x00, 0x00, 0x00, 0x03, 0x09, 0x7A, 0xFE, 0xFF, 0xF9, 0xF9,
    0xFB, 0xFB, 0xFA, 0xF6, 0xFF, 0xE2, 0x64, 0x00, 0x00, 0x01, 0x00, 0x00,
    0x00, 0x00, 0x00, 0x00, 0x00, 0x00, 0x00, 0x03, 0x00, 0x1E, 0x89, 0xCD,
    0xC4, 0x61, 0x0F, 0x02, 0x00, 0x00, 0x00, 0x00, 0x00, 0x00, 0x00, 0x00,
    0x00, 0x00, 0x00, 0x00, 0x00, 0x00, 0x00, 0x00, 0x00, 0x00, 0x00, 0x00,
    0x00, 0x00, 0x00, 0x00, 0x00, 0x00, 0x00, 0x00, 0x00, 0x00, 0x00, 0x00,
    0x00, 0x00, 0x00, 0x00, 0x00, 0x00, 0x00, 0x00, 0x00, 0x00, 0x00, 0x00,
    0x00, 0x00, 0x00, 0x00, 0x00, 0x00, 0x00, 0x00, 0x00, 0x00, 0x00, 0x00,
    0x00, 0x00, 0x00, 0x00, 0x00, 0x00, 0x00, 0x00, 0x00, 0x00, 0x00, 0x00,
    0x00, 0x00, 0x00, 0x00, 0x00, 0x00, 0x00, 0x00, 0x00, 0x00, 0x00, 0x00,
    0x00, 0x00, 0x00, 0x00, 0x00, 0x00, 0x00, 0x00, 0x00, 0x00, 0x00, 0x00,
    0x00, 0x00, 0x00, 0x00, 0x01, 0x03, 0x00, 0x21, 0xE7, 0xFF, 0xFF, 0xC1,
    0x0E, 0x00, 0x00, 0x01, 0x00, 0x00, 0x00, 0x00, 0x00, 0x00, 0x00, 0x00,
    0x00, 0x00, 0x00, 0x00, 0x00, 0x00, 0x00, 0x01, 0x00, 0x00, 0x41, 0xC5,
    0xFD, 0xFB, 0xFF, 0xFF, 0xFF, 0xFF, 0xFF, 0xFF, 0xF7, 0xFF, 0xC4, 0x10,
    0x00, 0x01, 0x01, 0x00, 0x00, 0x00, 0x00, 0x00, 0x00, 0x00, 0x01, 0x03,
    0x01, 0x62, 0xFF, 0xFF, 0xFF, 0xCF, 0x4C, 0x00, 0x00, 0x01, 0x00, 0x00,
    0x00, 0x00, 0x00, 0x00, 0x00, 0x00, 0x00, 0x00, 0x00, 0x00, 0x00, 0x00,
    0x00, 0x00, 0x00, 0x00, 0x00, 0x00, 0x00, 0x00, 0x00, 0x00, 0x00, 0x00,
    0x00, 0x00, 0x00, 0x00, 0x00, 0x00, 0x00, 0x00, 0x00, 0x00, 0x00, 0x00,
    0x00, 0x00, 0x00, 0x00, 0x00, 0x00, 0x00, 0x00, 0x00, 0x00, 0x00, 0x00,
    0x00, 0x00, 0x00, 0x00, 0x00, 0x00, 0x00, 0x00, 0x00, 0x00, 0x00, 0x00,
    0x00, 0x00, 0x00, 0x00, 0x00, 0x00, 0x00, 0x00, 0x00, 0x00, 0x00, 0x00,
    0x00, 0x00, 0x00, 0x00, 0x00, 0x00, 0x00, 0x00, 0x00, 0x00, 0x00, 0x00,
    0x00, 0x00, 0x00, 0x00, 0x00, 0x00, 0x00, 0x00, 0x00, 0x04, 0x00, 0x0C,
    0xAD, 0xF8, 0xF9, 0x8D, 0x00, 0x00, 0x02, 0x00, 0x00, 0x00, 0x00, 0x00,
    0x00, 0x00, 0x00, 0x00, 0x00, 0x00, 0x00, 0x00, 0x00, 0x00, 0x00, 0x02,
    0x00, 0x00, 0x83, 0xF5, 0xFF, 0xFE, 0xFF, 0xFF, 0xFF, 0xFF, 0xFF, 0xFF,
    0xFB, 0xFF, 0xE1, 0x5A, 0x05, 0x00, 0x03, 0x00, 0x00, 0x00, 0x00, 0x00,
    0x00, 0x00, 0x01, 0x00, 0x0A, 0x7B, 0xFF, 0xFE, 0xFD, 0xE0, 0x68, 0x00,
    0x00, 0x02, 0x00, 0x00, 0x00, 0x00, 0x00, 0x00, 0x00, 0x00, 0x00, 0x00,
    0x00, 0x00, 0x00, 0x00, 0x00, 0x00, 0x00, 0x01, 0x00, 0x00, 0x00, 0x00,
    0x00, 0x00, 0x00, 0x00, 0x00, 0x00, 0x00, 0x00, 0x00, 0x00, 0x00, 0x00,
    0x00, 0x00, 0x00, 0x00, 0x00, 0x00, 0x00, 0x00, 0x00, 0x00, 0x00, 0x00,
    0x00, 0x00, 0x00, 0x00, 0x00, 0x00, 0x00, 0x00, 0x00, 0x00, 0x00, 0x00,
    0x00, 0x00, 0x00, 0x00, 0x00, 0x00, 0x00, 0x00, 0x00, 0x00, 0x00, 0x00,
    0x00, 0x00, 0x00, 0x00, 0x00, 0x00, 0x00, 0x00, 0x00, 0x00, 0x00, 0x00,
    0x00, 0x00, 0x00, 0x00, 0x00, 0x00, 0x00, 0x00, 0x00, 0x00, 0x00, 0x00,
    0x00, 0x03, 0x00, 0x04, 0x5F, 0xFF, 0xE9, 0x47, 0x00, 0x00, 0x02, 0x00,
    0x00, 0x00, 0x00, 0x00, 0x00, 0x00, 0x00, 0x00, 0x00, 0x00, 0x00, 0x00,
    0x00, 0x00, 0x00, 0x02, 0x00, 0x00, 0xA5, 0xFF, 0xFB, 0xFF, 0xFF, 0xFF,
    0xFF, 0xFF, 0xFF, 0xFF, 0xFC, 0xFF, 0xF6, 0x9B, 0x0A, 0x00, 0x05, 0x00,
    0x00, 0x00, 0x00, 0x00, 0x00, 0x00, 0x00, 0x04, 0x03, 0x4E, 0xF4, 0xFF,
    0xFF, 0xBA, 0x2C, 0x00, 0x00, 0x01, 0x00, 0x00, 0x00, 0x00, 0x00, 0x00,
    0x00, 0x00, 0x00, 0x00, 0x00, 0x00, 0x02, 0x05, 0x07, 0x07, 0x04, 0x03,
    0x06, 0x07, 0x06, 0x04, 0x02, 0x00, 0x00, 0x00, 0x00, 0x00, 0x00, 0x00,
    0x00, 0x00, 0x00, 0x00, 0x00, 0x00, 0x00, 0x00, 0x00, 0x00, 0x00, 0x00,
    0x00, 0x00, 0x00, 0x00, 0x00, 0x00, 0x00, 0x00, 0x00, 0x00, 0x00, 0x00,
    0x00, 0x00, 0x00, 0x00, 0x00, 0x00, 0x00, 0x00, 0x00, 0x00, 0x00, 0x00,
    0x00, 0x00, 0x00, 0x00, 0x00, 0x00, 0x00, 0x00, 0x00, 0x00, 0x00, 0x00,
    0x00, 0x00, 0x00, 0x00, 0x00, 0x00, 0x00, 0x00, 0x00, 0x00, 0x00, 0x00,
    0x00, 0x00, 0x00, 0x00, 0x00, 0x01, 0x01, 0x01, 0x18, 0x8B, 0x73, 0x10,
    0x01, 0x00, 0x00, 0x00, 0x00, 0x00, 0x00, 0x00, 0x00, 0x00, 0x00, 0x00,
    0x00, 0x00, 0x00, 0x00, 0x00, 0x00, 0x00, 0x02, 0x00, 0x00, 0xAA, 0xFF,
    0xFA, 0xFF, 0xFF, 0xFF, 0xFF, 0xFF, 0xFF, 0xFF, 0xFE, 0xFC, 0xFF, 0xD2,
    0x12, 0x00, 0x05, 0x00, 0x00, 0x00, 0x00, 0x00, 0x00, 0x00, 0x00, 0x03,
    0x00, 0x12, 0x6B, 0x9D, 0x94, 0x46, 0x00, 0x00, 0x00, 0x00, 0x00, 0x00,
    0x00, 0x00, 0x00, 0x00, 0x00, 0x00, 0x00, 0x00, 0x02, 0x04, 0x00, 0x00,
    0x00, 0x00, 0x00, 0x00, 0x00, 0x00, 0x00, 0x00, 0x00, 0x05, 0x05, 0x03,
    0x02, 0x01, 0x00, 0x00, 0x00, 0x00, 0x00, 0x00, 0x00, 0x00, 0x00, 0x00,
    0x00, 0x00, 0x00, 0x00, 0x00, 0x00, 0x00, 0x00, 0x00, 0x00, 0x00, 0x00,
    0x00, 0x00, 0x00, 0x00, 0x00, 0x00, 0x00, 0x00, 0x00, 0x00, 0x00, 0x00,
    0x00, 0x00, 0x00, 0x00, 0x00, 0x00, 0x00, 0x00, 0x00, 0x00, 0x00, 0x00,
    0x00, 0x00, 0x00, 0x00, 0x00, 0x00, 0x00, 0x00, 0x00, 0x00, 0x00, 0x00,
    0x00, 0x00, 0x00, 0x00, 0x00, 0x00, 0x00, 0x00, 0x00, 0x00, 0x01, 0x00,
    0x00, 0x0A, 0x05, 0x00, 0x01, 0x00, 0x00, 0x00, 0x00, 0x00, 0x00, 0x00,
    0x00, 0x00, 0x00, 0x00, 0x00, 0x00, 0x00, 0x00, 0x00, 0x00, 0x00, 0x02,
    0x00, 0x00, 0x96, 0xFB, 0xFD, 0xFE, 0xFF, 0xFF, 0xFF, 0xFF, 0xFF, 0xFF,
    0xFF, 0xFA, 0xFF, 0xF1, 0x32, 0x01, 0x03, 0x02, 0x00, 0x00, 0x00, 0x00,
    0x00, 0x00, 0x00, 0x00, 0x01, 0x00, 0x00, 0x0E, 0x00, 0x00, 0x00, 0x00,
    0x00, 0x00, 0x00, 0x00, 0x00, 0x00, 0x00, 0x00, 0x00, 0x00, 0x00, 0x02,
    0x00, 0x00, 0x02, 0x20, 0x37, 0x47, 0x59, 0x5E, 0x4E, 0x3C, 0x2B, 0x18,
    0x03, 0x00, 0x00, 0x00, 0x00, 0x01, 0x02, 0x02, 0x01, 0x00, 0x00, 0x00,
    0x00, 0x00, 0x00, 0x00, 0x00, 0x00, 0x00, 0x00, 0x00, 0x00, 0x00, 0x00,
    0x00, 0x00, 0x00, 0x00, 0x00, 0x00, 0x00, 0x00, 0x00, 0x00, 0x00, 0x00,
    0x00, 0x00, 0x00, 0x00, 0x00, 0x00, 0x00, 0x00, 0x00, 0x00, 0x00, 0x00,
    0x00, 0x00, 0x00, 0x00, 0x00, 0x00, 0x00, 0x00, 0x00, 0x00, 0x00, 0x00,
    0x00, 0x00, 0x00, 0x00, 0x00, 0x00, 0x00, 0x00, 0x00, 0x00, 0x00, 0x00,
    0x00, 0x00, 0x00, 0x00, 0x01, 0x01, 0x01, 0x01, 0x00, 0x00, 0x00, 0x00,
    0x00, 0x00, 0x00, 0x00, 0x00, 0x00, 0x00, 0x00, 0x00, 0x00, 0x00, 0x00,
    0x00, 0x00, 0x00, 0x02, 0x00, 0x00, 0x6D, 0xE3, 0xFF, 0xFD, 0xFF, 0xFF,
    0xFF, 0xFF, 0xFF, 0xFF, 0xFF, 0xFB, 0xFF, 0xF5, 0x70, 0x0D, 0x00, 0x03,
    0x00, 0x00, 0x00, 0x00, 0x00, 0x00, 0x00, 0x00, 0x00, 0x01, 0x03, 0x01,
    0x02, 0x02, 0x00, 0x00, 0x00, 0x00, 0x00, 0x00, 0x00, 0x00, 0x00, 0x00,
    0x00, 0x00, 0x00, 0x00, 0x01, 0x12, 0x4D, 0xA6, 0xE9, 0xFF, 0xFF, 0xFF,
    0xFF, 0xF6, 0xC7, 0x8D, 0x51, 0x1C, 0x0D, 0x08, 0x01, 0x00, 0x00, 0x00,
    0x00, 0x00, 0x00, 0x00, 0x00, 0x00, 0x00, 0x00, 0x00, 0x00, 0x00, 0x00,
    0x00, 0x00, 0x00, 0x00, 0x00, 0x00, 0x00, 0x00, 0x00, 0x00, 0x00, 0x00,
    0x00, 0x00, 0x00, 0x00, 0x00, 0x00, 0x00, 0x00, 0x00, 0x00, 0x00, 0x00,
    0x00, 0x00, 0x00, 0x00, 0x00, 0x00, 0x00, 0x00, 0x00, 0x00, 0x00, 0x00,
    0x00, 0x00, 0x00, 0x00, 0x00, 0x00, 0x00, 0x00, 0x00, 0x00, 0x00, 0x00,
    0x00, 0x00, 0x00, 0x00, 0x00, 0x00, 0x00, 0x00, 0x00, 0x00, 0x00, 0x00,
    0x00, 0x00, 0x00, 0x00, 0x00, 0x00, 0x00, 0x00, 0x00, 0x00, 0x00, 0x00,
    0x00, 0x00, 0x00, 0x00, 0x00, 0x00, 0x00, 0x01, 0x00, 0x00, 0x3D, 0xBF,
    0xFF, 0xFC, 0xFF, 0xFF, 0xFF, 0xFF, 0xFF, 0xFF, 0xFF, 0xFD, 0xFF, 0xFC,
    0xAB, 0x22, 0x00, 0x05, 0x00, 0x00, 0x00, 0x00, 0x00, 0x00, 0x00, 0x00,
    0x00, 0x00, 0x00, 0x00, 0x00, 0x00, 0x00, 0x00, 0x00, 0x00, 0x00, 0x00,
    0x00, 0x00, 0x00, 0x00, 0x00, 0x00, 0x05, 0x00, 0x37, 0xB2, 0xF3, 0xFB,
    0xFF, 0xFF, 0xFF, 0xFF, 0xFF, 0xFF, 0xFE, 0xF9, 0xF3, 0xE6, 0xB5, 0x7A,
    0x3D, 0x07, 0x00, 0x00, 0x00, 0x03, 0x02, 0x00, 0x00, 0x00, 0x00, 0x00,
    0x00, 0x00, 0x00, 0x00, 0x00, 0x00, 0x00, 0x00, 0x00, 0x00, 0x00, 0x00,
    0x00, 0x00, 0x00, 0x00, 0x00, 0x00, 0x00, 0x00, 0x00, 0x00, 0x00, 0x00,
    0x00, 0x00, 0x00, 0x00, 0x00, 0x00, 0x00, 0x00, 0x00, 0x00, 0x00, 0x00,
    0x00, 0x00, 0x00, 0x00, 0x00, 0x00, 0x00, 0x00, 0x00, 0x00, 0x00, 0x00,
    0x00, 0x00, 0x00, 0x00, 0x00, 0x00, 0x00, 0x00, 0x00, 0x00, 0x00, 0x00,
    0x00, 0x00, 0x00, 0x00, 0x00, 0x00, 0x00, 0x00, 0x00, 0x00, 0x00, 0x00,
    0x00, 0x00, 0x00, 0x00, 0x00, 0x00, 0x00, 0x00, 0x00, 0x00, 0x00, 0x00,
    0x00, 0x02, 0x0B, 0x9A, 0xFE, 0xFB, 0xFF, 0xFF, 0xFF, 0xFF, 0xFF, 0xFF,
    0xFF, 0xFF, 0xFE, 0xFF, 0xEC, 0x36, 0x01, 0x07, 0x00, 0x00, 0x00, 0x00,
    0x00, 0x00, 0x00, 0x00, 0x00, 0x00, 0x00, 0x01, 0x00, 0x00, 0x00, 0x00,
    0x00, 0x00, 0x00, 0x00, 0x00, 0x00, 0x00, 0x00, 0x03, 0x03, 0x00, 0x56,
    0xC8, 0xFD, 0xFF, 0xFF, 0xFF, 0xFD, 0xFD, 0xFD, 0xFC, 0xFE, 0xFF, 0xFF,
    0xFF, 0xFF, 0xFE, 0xE9, 0xD5, 0xC0, 0x96, 0x66, 0x28, 0x00, 0x00, 0x03,
    0x01, 0x00, 0x00, 0x00, 0x00, 0x00, 0x00, 0x00, 0x00, 0x00, 0x00, 0x00,
    0x00, 0x00, 0x00, 0x00, 0x00, 0x00, 0x00, 0x00, 0x00, 0x00, 0x00, 0x00,
    0x00, 0x00, 0x00, 0x00, 0x00, 0x00, 0x00, 0x00, 0x00, 0x00, 0x00, 0x00,
    0x00, 0x00, 0x00, 0x00, 0x00, 0x00, 0x00, 0x00, 0x00, 0x00, 0x00, 0x00,
    0x00, 0x00, 0x00, 0x00, 0x00, 0x00, 0x00, 0x00, 0x00, 0x00, 0x00, 0x00,
    0x00, 0x00, 0x00, 0x00, 0x00, 0x00, 0x00, 0x00, 0x00, 0x00, 0x00, 0x00,
    0x00, 0x00, 0x00, 0x00, 0x00, 0x00, 0x00, 0x00, 0x00, 0x00, 0x00, 0x00,
    0x00, 0x00, 0x00, 0x00, 0x00, 0x04, 0x00, 0x79, 0xFF, 0xFC, 0xFF, 0xFF,
    0xFF, 0xFF, 0xFF, 0xFF, 0xFF, 0xFF, 0xFD, 0xFF, 0xFF, 0x57, 0x00, 0x04,
    0x00, 0x00, 0x00, 0x00, 0x00, 0x00, 0x00, 0x00, 0x00, 0x00, 0x00, 0x00,
    0x00, 0x00, 0x00, 0x00, 0x00, 0x00, 0x00, 0x00, 0x00, 0x00, 0x00, 0x04,
    0x00, 0x00, 0x50, 0xD0, 0xFF, 0xFF, 0xFA, 0xFC, 0xFE, 0xFF, 0xFF, 0xFF,
    0xFF, 0xFE, 0xFD, 0xFC, 0xFA, 0xFA, 0xFF, 0xFF, 0xFF, 0xFF, 0xFF, 0xDC,
    0xB1, 0x7E, 0x31, 0x00, 0x00, 0x02, 0x00, 0x00, 0x00, 0x00, 0x00, 0x00,
    0x00, 0x00, 0x00, 0x00, 0x00, 0x00, 0x00, 0x00, 0x00, 0x00, 0x00, 0x00,
    0x00, 0x00, 0x00, 0x00, 0x00, 0x00, 0x00, 0x00, 0x00, 0x00, 0x00, 0x00,
    0x00, 0x00, 0x00, 0x00, 0x00, 0x00, 0x00, 0x00, 0x00, 0x00, 0x00, 0x00,
    0x00, 0x00, 0x00, 0x00, 0x00, 0x00, 0x00, 0x00, 0x00, 0x00, 0x00, 0x00,
    0x00, 0x00, 0x00, 0x00, 0x00, 0x00, 0x00, 0x00, 0x00, 0x00, 0x00, 0x00,
    0x00, 0x00, 0x00, 0x00, 0x00, 0x00, 0x00, 0x00, 0x00, 0x00, 0x00, 0x00,
    0x00, 0x00, 0x00, 0x00, 0x00, 0x00, 0x00, 0x00, 0x00, 0x04, 0x02, 0x58,
    0xE8, 0xFF, 0xFF, 0xFF, 0xFF, 0xFF, 0xFF, 0xFF, 0xFF, 0xFF, 0xFD, 0xFF,
    0xFD, 0x87, 0x12, 0x00, 0x01, 0x00, 0x00, 0x00, 0x00, 0x00, 0x00, 0x00,
    0x00, 0x00, 0x00, 0x00, 0x00, 0x00, 0x00, 0x00, 0x00, 0x00, 0x00, 0x00,
    0x00, 0x00, 0x03, 0x00, 0x02, 0x46, 0xD7, 0xFF, 0xFA, 0xFB, 0xFF, 0xFF,
    0xFF, 0xFF, 0xFF, 0xFF, 0xFF, 0xFF, 0xFF, 0xFF, 0xFF, 0xFF, 0xFD, 0xFB,
    0xF9, 0xF8, 0xFD, 0xFF, 0xFF, 0xFF, 0xAC, 0x2D, 0x03, 0x03, 0x01, 0x00,
    0x00, 0x00, 0x00, 0x00, 0x00, 0x00, 0x00, 0x00, 0x00, 0x00, 0x00, 0x00,
    0x00, 0x00, 0x00, 0x00, 0x00, 0x00, 0x00, 0x00, 0x00, 0x00, 0x00, 0x00,
    0x00, 0x00, 0x00, 0x00, 0x00, 0x00, 0x00, 0x00, 0x00, 0x00, 0x00, 0x00,
    0x00, 0x00, 0x00, 0x00, 0x00, 0x00, 0x00, 0x00, 0x00, 0x00, 0x00, 0x00,
    0x00, 0x00, 0x00, 0x00, 0x00, 0x00, 0x00, 0x00, 0x00, 0x00, 0x00, 0x00,
    0x00, 0x00, 0x00, 0x00, 0x00, 0x00, 0x00, 0x00, 0x00, 0x00, 0x00, 0x00,
    0x00, 0x00, 0x00, 0x00, 0x00, 0x00, 0x00, 0x00, 0x00, 0x00, 0x00, 0x00,
    0x00, 0x02, 0x00, 0x34, 0xB2, 0xFF, 0xFF, 0xFE, 0xFF, 0xFF, 0xFF, 0xFF,
    0xFF, 0xFF, 0xFE, 0xFF, 0xFF, 0xBB, 0x3B, 0x00, 0x02, 0x00, 0x00, 0x00,
    0x00, 0x00, 0x00, 0x00, 0x00, 0x00, 0x00, 0x00, 0x00, 0x00, 0x00, 0x00,
    0x00, 0x00, 0x00, 0x00, 0x00, 0x00, 0x01, 0x03, 0x46, 0xDA, 0xFF, 0xFD,
    0xFD, 0xFF, 0xFF, 0xFF, 0xFF, 0xFF, 0xFF, 0xFF, 0xFF, 0xFF, 0xFF, 0xFF,
    0xFF, 0xFF, 0xFF, 0xFF, 0xFF, 0xFF, 0xFE, 0xFD, 0xF9, 0xFC, 0xFF, 0xB0,
    0x23, 0x00, 0x04, 0x00, 0x00, 0x00, 0x00, 0x00, 0x00, 0x00, 0x00, 0x00,
    0x00, 0x00, 0x00, 0x00, 0x00, 0x00, 0x00, 0x00, 0x00, 0x00, 0x00, 0x00,
    0x00, 0x00, 0x00, 0x00, 0x00, 0x00, 0x00, 0x00, 0x00, 0x00, 0x00, 0x00,
    0x00, 0x00, 0x00, 0x00, 0x00, 0x00, 0x00, 0x00, 0x00, 0x00, 0x00, 0x00,
    0x00, 0x00, 0x00, 0x00, 0x00, 0x00, 0x00, 0x00, 0x00, 0x00, 0x00, 0x00,
    0x00, 0x00, 0x00, 0x00, 0x00, 0x00, 0x00, 0x00, 0x00, 0x00, 0x00, 0x00,
    0x00, 0x00, 0x00, 0x00, 0x00, 0x00, 0x00, 0x01, 0x01, 0x00, 0x00, 0x00,
    0x00, 0x00, 0x00, 0x00, 0x00, 0x01, 0x00, 0x10, 0x81, 0xFE, 0xFF, 0xFD,
    0xFF, 0xFF, 0xFF, 0xFF, 0xFF, 0xFF, 0xFE, 0xFF, 0xFE, 0xED, 0x5E, 0x00,
    0x04, 0x00, 0x00, 0x00, 0x00, 0x00, 0x00, 0x00, 0x00, 0x00, 0x00, 0x00,
    0x00, 0x00, 0x00, 0x00, 0x00, 0x00, 0x00, 0x00, 0x00, 0x06, 0x00, 0x50,
    0xD7, 0xFF, 0xFF, 0xFE, 0xFF, 0xFF, 0xFF, 0xFF, 0xFF, 0xFF, 0xFF, 0xFF,
    0xFF, 0xFF, 0xFF, 0xFF, 0xFF, 0xFF, 0xFF, 0xFF, 0xFF, 0xFF, 0xFF, 0xFF,
    0xFF, 0xFD, 0xFF, 0xFC, 0x5F, 0x00, 0x02, 0x01, 0x00, 0x00, 0x00, 0x00,
    0x00, 0x00, 0x00, 0x00, 0x00, 0x00, 0x00, 0x00, 0x00, 0x00, 0x00, 0x00,
    0x00, 0x00, 0x00, 0x00, 0x00, 0x00, 0x00, 0x00, 0x00, 0x00, 0x00, 0x00,
    0x00, 0x00, 0x00, 0x00, 0x00, 0x00, 0x00, 0x00, 0x00, 0x00, 0x00, 0x00,
    0x00, 0x00, 0x00, 0x00, 0x00, 0x00, 0x00, 0x00, 0x00, 0x00, 0x00, 0x00,
    0x00, 0x00, 0x00, 0x00, 0x00, 0x00, 0x00, 0x00, 0x00, 0x00, 0x00, 0x00,
    0x00, 0x00, 0x00, 0x00, 0x00, 0x00, 0x00, 0x03, 0x06, 0x08, 0x07, 0x04,
    0x01, 0x05, 0x08, 0x07, 0x06, 0x04, 0x01, 0x00, 0x00, 0x00, 0x05, 0x01,
    0x53, 0xFF, 0xFF, 0xFD, 0xFF, 0xFF, 0xFF, 0xFF, 0xFF, 0xFF, 0xFF, 0xFF,
    0xFC, 0xFF, 0x79, 0x00, 0x04, 0x00, 0x00, 0x00, 0x00, 0x00, 0x00, 0x00,
    0x00, 0x00, 0x00, 0x00, 0x00, 0x00, 0x00, 0x00, 0x00, 0x00, 0x00, 0x02,
    0x03, 0x00, 0x58, 0xD1, 0xFF, 0xFF, 0xFE, 0xFF, 0xFF, 0xFF, 0xFF, 0xFF,
    0xFF, 0xFF, 0xFF, 0xFF, 0xFF, 0xFF, 0xFF, 0xFF, 0xFF, 0xFF, 0xFF, 0xFF,
    0xFF, 0xFF, 0xFF, 0xFF, 0xFF, 0xFD, 0xFE, 0xFF, 0x9E, 0x22, 0x00, 0x02,
    0x00, 0x00, 0x00, 0x00, 0x00, 0x00, 0x00, 0x00, 0x00, 0x00, 0x00, 0x00,
    0x00, 0x00, 0x00, 0x00, 0x00, 0x00, 0x00, 0x00, 0x00, 0x00, 0x00, 0x00,
    0x00, 0x00, 0x00, 0x00, 0x00, 0x00, 0x00, 0x00, 0x00, 0x00, 0x00, 0x00,
    0x00, 0x00, 0x00, 0x00, 0x00, 0x00, 0x00, 0x00, 0x00, 0x00, 0x00, 0x00,
    0x00, 0x00, 0x00, 0x00, 0x00, 0x00, 0x00, 0x00, 0x00, 0x00, 0x00, 0x00,
    0x00, 0x00, 0x00, 0x00, 0x00, 0x00, 0x00, 0x00, 0x00, 0x01, 0x05, 0x00,
    0x00, 0x00, 0x00, 0x00, 0x00, 0x00, 0x00, 0x00, 0x00, 0x00, 0x01, 0x06,
    0x05, 0x04, 0x09, 0x00, 0x36, 0xE7, 0xFF, 0xFE, 0xFE, 0xFF, 0xFF, 0xFF,
    0xFF, 0xFF, 0xFF, 0xFF, 0xFB, 0xFF, 0x8B, 0x00, 0x03, 0x00, 0x00, 0x00,
    0x00, 0x00, 0x00, 0x00, 0x00, 0x00, 0x00, 0x00, 0x00, 0x00, 0x00, 0x00,
    0x00, 0x00, 0x02, 0x00, 0x00, 0x42, 0xCD, 0xFF, 0xFC, 0xFD, 0xFF, 0xFF,
    0xFF, 0xFF, 0xFF, 0xFF, 0xFF, 0xFF, 0xFF, 0xFF, 0xFF, 0xFF, 0xFF, 0xFF,
    0xFF, 0xFF, 0xFF, 0xFF, 0xFF, 0xFF, 0xFF, 0xFF, 0xFF, 0xFE, 0xFF, 0xFD,
    0xC3, 0x42, 0x00, 0x03, 0x00, 0x00, 0x00, 0x00, 0x00, 0x00, 0x00, 0x00,
    0x00, 0x00, 0x00, 0x00, 0x00, 0x00, 0x00, 0x00, 0x00, 0x00, 0x00, 0x00,
    0x00, 0x00, 0x00, 0x00, 0x00, 0x00, 0x00, 0x00, 0x00, 0x00, 0x00, 0x00,
    0x00, 0x00, 0x00, 0x00, 0x00, 0x00, 0x00, 0x00, 0x00, 0x00, 0x00, 0x00,
    0x00, 0x00, 0x00, 0x00, 0x00, 0x00, 0x00, 0x00, 0x00, 0x00, 0x00, 0x00,
    0x00, 0x00, 0x00, 0x00, 0x00, 0x00, 0x00, 0x00, 0x00, 0x00, 0x00, 0x00,
    0x01, 0x00, 0x00, 0x0C, 0x31, 0x3F, 0x46, 0x5C, 0x6A, 0x58, 0x43, 0x3E,
    0x2F, 0x18, 0x00, 0x00, 0x00, 0x00, 0x02, 0x02, 0x26, 0xAF, 0xFC, 0xFF,
    0xFC, 0xFF, 0xFF, 0xFF, 0xFF, 0xFF, 0xFF, 0xFF, 0xFB, 0xFE, 0x91, 0x00,
    0x02, 0x00, 0x00, 0x00, 0x00, 0x00, 0x00, 0x00, 0x00, 0x00, 0x00, 0x00,
    0x00, 0x00, 0x00, 0x00, 0x00, 0x01, 0x03, 0x05, 0x29, 0xC4, 0xFF, 0xFB,
    0xFC, 0xFF, 0xFF, 0xFF, 0xFF, 0xFF, 0xFF, 0xFF, 0xFD, 0xFD, 0xFE, 0xFE,
    0xFF, 0xFF, 0xFF, 0xFF, 0xFF, 0xFF, 0xFF, 0xFF, 0xFF, 0xFF, 0xFF, 0xFF,
    0xFF, 0xFE, 0xFF, 0xFF, 0xCB, 0x48, 0x00, 0x03, 0x00, 0x00, 0x00, 0x00,
    0x00, 0x00, 0x00, 0x00, 0x00, 0x00, 0x00, 0x00, 0x00, 0x00, 0x00, 0x00,
    0x00, 0x00, 0x00, 0x00, 0x00, 0x00, 0x00, 0x00, 0x00, 0x00, 0x00, 0x00,
    0x00, 0x00, 0x00, 0x00, 0x00, 0x00, 0x00, 0x00, 0x00, 0x00, 0x00, 0x00,
    0x00, 0x00, 0x00, 0x00, 0x00, 0x00, 0x00, 0x00, 0x00, 0x00, 0x00, 0x00,
    0x00, 0x00, 0x00, 0x00, 0x00, 0x00, 0x00, 0x00, 0x00, 0x00, 0x00, 0x00,
    0x00, 0x00, 0x00, 0x00, 0x00, 0x00, 0x0F, 0x6C, 0xD2, 0xFF, 0xFF, 0xFF,
    0xFF, 0xFF, 0xFF, 0xFC, 0xD3, 0x8E, 0x3A, 0x12, 0x10, 0x09, 0x03, 0x00,
    0x0A, 0x70, 0xF6, 0xFF, 0xFB, 0xFF, 0xFF, 0xFF, 0xFF, 0xFF, 0xFF, 0xFF,
    0xFB, 0xFF, 0x8B, 0x00, 0x03, 0x00, 0x00, 0x00, 0x00, 0x00, 0x00, 0x00,
    0x00, 0x00, 0x00, 0x00, 0x00, 0x00, 0x00, 0x00, 0x00, 0x05, 0x00, 0x1E,
    0xA6, 0xFD, 0xFE, 0xFC, 0xFF, 0xFF, 0xFF, 0xFF, 0xFF, 0xFF, 0xFF, 0xFE,
    0xFF, 0xFF, 0xFF, 0xFF, 0xFF, 0xFF, 0xFF, 0xFF, 0xFF, 0xFF, 0xFF, 0xFF,
    0xFF, 0xFF, 0xFF, 0xFF, 0xFF, 0xFE, 0xFF, 0xFF, 0xBA, 0x3A, 0x00, 0x03,
    0x00, 0x00, 0x00, 0x00, 0x00, 0x00, 0x00, 0x00, 0x00, 0x00, 0x00, 0x00,
    0x00, 0x00, 0x00, 0x00, 0x00, 0x00, 0x00, 0x00, 0x00, 0x00, 0x00, 0x00,
    0x00, 0x00, 0x00, 0x00, 0x00, 0x00, 0x00, 0x00, 0x00, 0x00, 0x00, 0x00,
    0x00, 0x00, 0x00, 0x00, 0x00, 0x00, 0x00, 0x00, 0x00, 0x00, 0x00, 0x00,
    0x00, 0x00, 0x00, 0x00, 0x00, 0x00, 0x00, 0x00, 0x00, 0x00, 0x00, 0x00,
    0x00, 0x00, 0x00, 0x00, 0x00, 0x00, 0x01, 0x03, 0x00, 0x22, 0xCC, 0xF5,
    0xFC, 0xFF, 0xFF, 0xFF, 0xFF, 0xFF, 0xFF, 0xFF, 0xFF, 0xF8, 0xF1, 0xE7,
    0xCA, 0x8F, 0x37, 0x00, 0x00, 0x33, 0xF1, 0xFF, 0xFA, 0xFF, 0xFF, 0xFF,
    0xFF, 0xFF, 0xFF, 0xFF, 0xFC, 0xFF, 0x78, 0x00, 0x04, 0x00, 0x00, 0x00,
    0x00, 0x00, 0x00, 0x00, 0x00, 0x00, 0x00, 0x00, 0x00, 0x00, 0x00, 0x00,
    0x00, 0x08, 0x00, 0x3C, 0xFB, 0xFF, 0xFD, 0xFF, 0xFF, 0xFF, 0xFF, 0xFF,
    0xFF, 0xFF, 0xFE, 0xF4, 0xFF, 0xFF, 0xFF, 0xFF, 0xFC, 0xFB, 0xFC, 0xFD,
    0xFE, 0xFF, 0xFF, 0xFF, 0xFF, 0xFF, 0xFF, 0xFF, 0xFF, 0xFD, 0xFE, 0xFE,
    0x8B, 0x17, 0x00, 0x01, 0x00, 0x00, 0x00, 0x00, 0x00, 0x00, 0x00, 0x00,
    0x00, 0x00, 0x00, 0x00, 0x00, 0x00, 0x00, 0x00, 0x00, 0x00, 0x00, 0x00,
    0x00, 0x00, 0x00, 0x00, 0x00, 0x00, 0x00, 0x00, 0x00, 0x00, 0x00, 0x00,
    0x00, 0x00, 0x00, 0x00, 0x00, 0x00, 0x00, 0x00, 0x00, 0x00, 0x00, 0x00,
    0x00, 0x00, 0x00, 0x00, 0x00, 0x00, 0x00, 0x00, 0x00, 0x00, 0x00, 0x00,
    0x00, 0x00, 0x00, 0x00, 0x00, 0x00, 0x00, 0x00, 0x00, 0x02, 0x06, 0x00,
    0x33, 0xC0, 0xFF, 0xFF, 0xFF, 0xFD, 0xFC, 0xFD, 0xFD, 0xFD, 0xFC, 0xFE,
    0xFF, 0xFF, 0xFF, 0xFF, 0xFF, 0xF2, 0xD3, 0xBF, 0xA3, 0x93, 0xEA, 0xFF,
    0xFE, 0xFF, 0xFF, 0xFF, 0xFF, 0xFF, 0xFE, 0xFF, 0xFC, 0xE6, 0x5C, 0x00,
    0x04, 0x00, 0x00, 0x00, 0x00, 0x00, 0x00, 0x00, 0x00, 0x00, 0x00, 0x00,
    0x00, 0x00, 0x00, 0x00, 0x01, 0x02, 0x00, 0x61, 0xFF, 0xFE, 0xFD, 0xFF,
    0xFF, 0xFF, 0xFF, 0xFF, 0xFE, 0xFF, 0xFF, 0xF1, 0x78, 0x60, 0xAB, 0xD7,
    0xFF, 0xFF, 0xFF, 0xFF, 0xFE, 0xF8, 0xF9, 0xFB, 0xFD, 0xFE, 0xFE, 0xFE,
    0xFB, 0xF9, 0xFF, 0xF3, 0x49, 0x02, 0x05, 0x00, 0x00, 0x00, 0x00, 0x00,
    0x00, 0x00, 0x00, 0x00, 0x00, 0x00, 0x00, 0x00, 0x00, 0x00, 0x00, 0x00,
    0x00, 0x00, 0x00, 0x00, 0x00, 0x00, 0x00, 0x00, 0x00, 0x00, 0x00, 0x00,
    0x00, 0x00, 0x00, 0x00, 0x00, 0x00, 0x00, 0x00, 0x00, 0x00, 0x00, 0x00,
    0x00, 0x00, 0x00, 0x00, 0x00, 0x00, 0x00, 0x00, 0x00, 0x00, 0x00, 0x00,
    0x00, 0x00, 0x00, 0x00, 0x00, 0x00, 0x00, 0x00, 0x00, 0x00, 0x00, 0x00,
    0x01, 0x03, 0x00, 0x37, 0xB9, 0xFF, 0xFD, 0xFB, 0xFD, 0xFF, 0xFF, 0xFF,
    0xFF, 0xFF, 0xFF, 0xFF, 0xFE, 0xFC, 0xFA, 0xFA, 0xFE, 0xFF, 0xFF, 0xFF,
    0xFF, 0xF2, 0xF5, 0xFF, 0xFF, 0xFF, 0xFF, 0xFF, 0xFF, 0xFF, 0xFD, 0xFE,
    0xFF, 0xAA, 0x29, 0x00, 0x02, 0x00, 0x00, 0x00, 0x00, 0x00, 0x00, 0x00,
    0x00, 0x00, 0x00, 0x00, 0x00, 0x00, 0x00, 0x00, 0x02, 0x00, 0x1E, 0x98,
    0xFC, 0xFF, 0xFE, 0xFF, 0xFF, 0xFF, 0xFF, 0xFF, 0xFE, 0xFE, 0xFF, 0xF9,
    0x2D, 0x00, 0x34, 0x4E, 0x72, 0x95, 0xB7, 0xD9, 0xFC, 0xFF, 0xFF, 0xFF,
    0xFF, 0xFE, 0xFB, 0xFD, 0xFF, 0xFF, 0xF8, 0x80, 0x11, 0x00, 0x04, 0x00,
    0x00, 0x00, 0x00, 0x00, 0x00, 0x00, 0x00, 0x00, 0x00, 0x00, 0x00, 0x00,
    0x00, 0x00, 0x00, 0x00, 0x00, 0x00, 0x00, 0x00, 0x00, 0x00, 0x00, 0x00,
    0x00, 0x00, 0x00, 0x00, 0x00, 0x00, 0x00, 0x00, 0x00, 0x00, 0x00, 0x00,
    0x00, 0x00, 0x00, 0x00, 0x00, 0x00, 0x00, 0x00, 0x00, 0x00, 0x00, 0x00,
    0x00, 0x00, 0x00, 0x00, 0x00, 0x00, 0x00, 0x00, 0x00, 0x00, 0x00, 0x00,
    0x00, 0x00, 0x00, 0x01, 0x00, 0x00, 0x31, 0xB7, 0xFF, 0xF9, 0xFE, 0xFF,
    0xFF, 0xFF, 0xFF, 0xFF, 0xFF, 0xFF, 0xFF, 0xFF, 0xFF, 0xFF, 0xFF, 0xFF,
    0xFE, 0xFC, 0xF9, 0xF7, 0xFB, 0xFF, 0xFF, 0xFF, 0xFF, 0xFF, 0xFF, 0xFF,
    0xFF, 0xFE, 0xFD, 0xFF, 0xFA, 0x60, 0x03, 0x02, 0x01, 0x00, 0x00, 0x00,
    0x00, 0x00, 0x00, 0x00, 0x00, 0x00, 0x00, 0x00, 0x00, 0x00, 0x00, 0x00,
    0x02, 0x00, 0x41, 0xC3, 0xFF, 0xFF, 0xFE, 0xFF, 0xFF, 0xFF, 0xFF, 0xFF,
    0xFF, 0xFD, 0xFF, 0xFF, 0x62, 0x0A, 0x00, 0x00, 0x00, 0x02, 0x30, 0x60,
    0x90, 0xBC, 0xD1, 0xE4, 0xF7, 0xFF, 0xFF, 0xFF, 0xF4, 0xD8, 0x8E, 0x0C,
    0x00, 0x02, 0x00, 0x00, 0x00, 0x00, 0x00, 0x00, 0x00, 0x00, 0x00, 0x00,
    0x00, 0x00, 0x00, 0x00, 0x00, 0x00, 0x00, 0x00, 0x00, 0x00, 0x00, 0x00,
    0x00, 0x00, 0x00, 0x00, 0x00, 0x00, 0x00, 0x00, 0x00, 0x00, 0x00, 0x00,
    0x00, 0x00, 0x00, 0x00, 0x00, 0x00, 0x00, 0x00, 0x00, 0x00, 0x00, 0x00,
    0x00, 0x00, 0x00, 0x00, 0x00, 0x00, 0x00, 0x00, 0x00, 0x00, 0x00, 0x00,
    0x00, 0x00, 0x00, 0x00, 0x00, 0x00, 0x01, 0x00, 0x00, 0x2B, 0xC4, 0xFF,
    0xF9, 0xFF, 0xFF, 0xFF, 0xFF, 0xFF, 0xFF, 0xFF, 0xFF, 0xFF, 0xFF, 0xFF,
    0xFF, 0xFF, 0xFF, 0xFF, 0xFF, 0xFF, 0xFF, 0xFF, 0xFF, 0xFE, 0xFF, 0xFF,
    0xFF, 0xFF, 0xFF, 0xFF, 0xFF, 0xFD, 0xFF, 0xFE, 0xB3, 0x23, 0x01, 0x06,
    0x00, 0x00, 0x00, 0x00, 0x00, 0x00, 0x00, 0x00, 0x00, 0x00, 0x00, 0x00,
    0x00, 0x00, 0x00, 0x00, 0x03, 0x00, 0x45, 0xCB, 0xFF, 0xFF, 0xFE, 0xFF,
    0xFF, 0xFF, 0xFF, 0xFF, 0xFF, 0xFD, 0xFF, 0xFF, 0xAA, 0x2D, 0x02, 0x05,
    0x04, 0x02, 0x00, 0x00, 0x00, 0x00, 0x2F, 0x6A, 0x9F, 0xC8, 0xDC, 0xC9,
    0x96, 0x44, 0x00, 0x01, 0x01, 0x00, 0x00, 0x00, 0x00, 0x00, 0x00, 0x00,
    0x00, 0x00, 0x00, 0x00, 0x00, 0x00, 0x00, 0x00, 0x00, 0x00, 0x00, 0x00,
    0x00, 0x00, 0x00, 0x00, 0x00, 0x00, 0x00, 0x00, 0x00, 0x00, 0x00, 0x00,
    0x00, 0x00, 0x00, 0x00, 0x00, 0x00, 0x00, 0x00, 0x00, 0x00, 0x00, 0x00,
    0x00, 0x00, 0x00, 0x00, 0x00, 0x00, 0x00, 0x00, 0x00, 0x00, 0x00, 0x00,
    0x00, 0x00, 0x00, 0x00, 0x00, 0x00, 0x00, 0x00, 0x00, 0x01, 0x02, 0x00,
    0x2B, 0xCB, 0xFE, 0xFF, 0xFE, 0xFF, 0xFF, 0xFF, 0xFF, 0xFF, 0xFF, 0xFF,
    0xFF, 0xFF, 0xFF, 0xFF, 0xFF, 0xFF, 0xFF, 0xFF, 0xFF, 0xFF, 0xFF, 0xFF,
    0xFF, 0xFF, 0xFF, 0xFF, 0xFF, 0xFF, 0xFF, 0xFF, 0xFE, 0xFC, 0xFF, 0xD6,
    0x2D, 0x01, 0x03, 0x02, 0x00, 0x00, 0x00, 0x00, 0x00, 0x00, 0x00, 0x00,
    0x00, 0x00, 0x00, 0x00, 0x00, 0x00, 0x00, 0x00, 0x03, 0x00, 0x41, 0xC5,
    0xFF, 0xFF, 0xFE, 0xFF, 0xFF, 0xFF, 0xFF, 0xFF, 0xFF, 0xFE, 0xFF, 0xFF,
    0xE8, 0x59, 0x00, 0x03, 0x00, 0x00, 0x00, 0x00, 0x00, 0x00, 0x00, 0x06,
    0x0B, 0x0F, 0x11, 0x0F, 0x0A, 0x02, 0x00, 0x00, 0x00, 0x00, 0x00, 0x00,
    0x00, 0x00, 0x00, 0x00, 0x00, 0x00, 0x00, 0x00, 0x00, 0x00, 0x00, 0x00,
    0x00, 0x00, 0x00, 0x00, 0x00, 0x00, 0x00, 0x00, 0x00, 0x00, 0x00, 0x00,
    0x00, 0x00, 0x00, 0x00, 0x00, 0x00, 0x00, 0x00, 0x00, 0x00, 0x00, 0x00,
    0x00, 0x00, 0x00, 0x00, 0x00, 0x00, 0x00, 0x00, 0x00, 0x00, 0x00, 0x00,
    0x00, 0x00, 0x00, 0x00, 0x00, 0x00, 0x00, 0x00, 0x00, 0x00, 0x00, 0x00,
    0x00, 0x05, 0x00, 0x32, 0xC5, 0xFF, 0xFF, 0xFC, 0xFF, 0xFF, 0xFF, 0xFF,
    0xFF, 0xFF, 0xFF, 0xFF, 0xFF, 0xFF, 0xFF, 0xFF, 0xFF, 0xFF, 0xFF, 0xFF,
    0xFF, 0xFF, 0xFF, 0xFF, 0xFF, 0xFF, 0xFF, 0xFF, 0xFF, 0xFF, 0xFF, 0xFE,
    0xF8, 0xFF, 0xD1, 0x3E, 0x00, 0x00, 0x02, 0x00, 0x00, 0x00, 0x00, 0x00,
    0x00, 0x00, 0x00, 0x00, 0x00, 0x00, 0x00, 0x00, 0x00, 0x00, 0x00, 0x00,
    0x02, 0x00, 0x25, 0xA2, 0xFE, 0xFF, 0xFD, 0xFF, 0xFF, 0xFF, 0xFF, 0xFF,
    0xFF, 0xFF, 0xFF, 0xFC, 0xFF, 0x74, 0x02, 0x04, 0x00, 0x00, 0x01, 0x02,
    0x02, 0x02, 0x00, 0x00, 0x00, 0x00, 0x00, 0x00, 0x00, 0x00, 0x02, 0x00,
    0x00, 0x00, 0x00, 0x00, 0x00, 0x00, 0x00, 0x00, 0x00, 0x00, 0x00, 0x00,
    0x00, 0x00, 0x00, 0x00, 0x00, 0x00, 0x00, 0x00, 0x00, 0x00, 0x00, 0x00,
    0x00, 0x00, 0x00, 0x00, 0x00, 0x00, 0x00, 0x00, 0x00, 0x00, 0x00, 0x00,
    0x00, 0x00, 0x00, 0x00, 0x00, 0x00, 0x00, 0x00, 0x00, 0x00, 0x00, 0x00,
    0x00, 0x01, 0x03, 0x03, 0x03, 0x03, 0x03, 0x02, 0x01, 0x00, 0x00, 0x00,
    0x00, 0x00, 0x00, 0x00, 0x03, 0x00, 0x31, 0xB8, 0xFF, 0xFF, 0xFD, 0xFF,
    0xFF, 0xFF, 0xFF, 0xFF, 0xFE, 0xFE, 0xFF, 0xFF, 0xFF, 0xFF, 0xFF, 0xFF,
    0xFF, 0xFF, 0xFF, 0xFF, 0xFF, 0xFF, 0xFF, 0xFF, 0xFF, 0xFF, 0xFF, 0xFF,
    0xFF, 0xFF, 0xFE, 0xFC, 0xFF, 0xCB, 0x49, 0x00, 0x00, 0x01, 0x00, 0x00,
    0x00, 0x00, 0x00, 0x00, 0x00, 0x00, 0x00, 0x00, 0x00, 0x00, 0x00, 0x00,
    0x00, 0x00, 0x00, 0x00, 0x01, 0x03, 0x08, 0x68, 0xFF, 0xFF, 0xFC, 0xFF,
    0xFF, 0xFF, 0xFF, 0xFF, 0xFF, 0xFF, 0xFF, 0xFA, 0xFF, 0x87, 0x00, 0x03,
    0x00, 0x00, 0x00, 0x00, 0x00, 0x00, 0x02, 0x03, 0x04, 0x05, 0x06, 0x05,
    0x04, 0x02, 0x00, 0x00, 0x00, 0x00, 0x00, 0x00, 0x00, 0x00, 0x00, 0x00,
    0x00, 0x00, 0x00, 0x00, 0x00, 0x00, 0x00, 0x00, 0x00, 0x00, 0x00, 0x00,
    0x00, 0x00, 0x00, 0x00, 0x00, 0x00, 0x00, 0x00, 0x00, 0x00, 0x00, 0x00,
    0x00, 0x00, 0x00, 0x00, 0x00, 0x00, 0x00, 0x00, 0x00, 0x00, 0x00, 0x00,
    0x00, 0x00, 0x00, 0x01, 0x02, 0x00, 0x00, 0x00, 0x00, 0x00, 0x00, 0x00,
    0x00, 0x02, 0x02, 0x01, 0x00, 0x00, 0x01, 0x00, 0x02, 0x15, 0x9E, 0xFF,
    0xF8, 0xFE, 0xFF, 0xFF, 0xFF, 0xFF, 0xFF, 0xFF, 0xFF, 0xFF, 0xFD, 0xFD,
    0xFE, 0xFF, 0xFF, 0xFF, 0xFF, 0xFF, 0xFF, 0xFF, 0xFF, 0xFF, 0xFF, 0xFF,
    0xFF, 0xFF, 0xFF, 0xFF, 0xFF, 0xFE, 0xFF, 0xFF, 0xD1, 0x4C, 0x00, 0x06,
    0x01, 0x00, 0x00, 0x00, 0x00, 0x00, 0x00, 0x00, 0x00, 0x00, 0x00, 0x00,
    0x00, 0x00, 0x00, 0x00, 0x00, 0x00, 0x00, 0x00, 0x00, 0x08, 0x00, 0x41,
    0xFE, 0xFF, 0xFD, 0xFF, 0xFF, 0xFF, 0xFF, 0xFF, 0xFF, 0xFF, 0xFF, 0xFC,
    0xFF, 0xAF, 0x22, 0x00, 0x00, 0x01, 0x00, 0x00, 0x00, 0x00, 0x00, 0x00,
    0x00, 0x00, 0x00, 0x00, 0x00, 0x00, 0x00, 0x00, 0x00, 0x00, 0x00, 0x00,
    0x00, 0x00, 0x00, 0x00, 0x00, 0x00, 0x00, 0x00, 0x00, 0x00, 0x00, 0x00,
    0x00, 0x00, 0x00, 0x00, 0x00, 0x00, 0x00, 0x00, 0x00, 0x00, 0x00, 0x00,
    0x00, 0x00, 0x00, 0x00, 0x00, 0x00, 0x00, 0x00, 0x00, 0x00, 0x00, 0x00,
    0x00, 0x00, 0x00, 0x00, 0x00, 0x00, 0x00, 0x00, 0x00, 0x00, 0x04, 0x06,
    0x07, 0x07, 0x04, 0x02, 0x00, 0x00, 0x00, 0x00, 0x00, 0x00, 0x02, 0x00,
    0x00, 0x74, 0xE5, 0xFC, 0xFD, 0xFF, 0xFF, 0xFF, 0xFF, 0xFF, 0xFF, 0xFF,
    0xFE, 0xFF, 0xFF, 0xFF, 0xFF, 0xFF, 0xFF, 0xFF, 0xFF, 0xFF, 0xFF, 0xFF,
    0xFF, 0xFF, 0xFF, 0xFF, 0xFF, 0xFF, 0xFF, 0xFF, 0xFE, 0xFF, 0xFF, 0xD9,
    0x40, 0x00, 0x06, 0x00, 0x00, 0x00, 0x00, 0x00, 0x00, 0x00, 0x00, 0x00,
    0x00, 0x00, 0x00, 0x00, 0x00, 0x00, 0x00, 0x00, 0x00, 0x00, 0x00, 0x00,
    0x00, 0x07, 0x00, 0x35, 0xE2, 0xFF, 0xFF, 0xFE, 0xFF, 0xFF, 0xFF, 0xFF,
    0xFF, 0xFF, 0xFF, 0xFD, 0xFF, 0xE4, 0x70, 0x00, 0x00, 0x02, 0x00, 0x00,
    0x00, 0x00, 0x00, 0x00, 0x00, 0x00, 0x00, 0x00, 0x00, 0x00, 0x00, 0x00,
    0x00, 0x00, 0x00, 0x00, 0x00, 0x00, 0x00, 0x00, 0x00, 0x00, 0x00, 0x00,
    0x00, 0x00, 0x00, 0x00, 0x00, 0x00, 0x00, 0x00, 0x00, 0x00, 0x00, 0x00,
    0x00, 0x00, 0x00, 0x00, 0x00, 0x00, 0x00, 0x00, 0x00, 0x00, 0x00, 0x00,
    0x00, 0x00, 0x00, 0x00, 0x00, 0x00, 0x00, 0x00, 0x00, 0x01, 0x03, 0x00,
    0x00, 0x26, 0x57, 0x72, 0x7A, 0x75, 0x5D, 0x41, 0x16, 0x00, 0x00, 0x00,
    0x02, 0x04, 0x02, 0x01, 0x0B, 0xBD, 0xFF, 0xF9, 0xFF, 0xFF, 0xFF, 0xFF,
    0xFF, 0xFF, 0xFE, 0xFF, 0xE7, 0xE0, 0xFF, 0xFF, 0xFF, 0xFD, 0xFB, 0xFC,
    0xFE, 0xFF, 0xFF, 0xFF, 0xFF, 0xFF, 0xFF, 0xFF, 0xFF, 0xFF, 0xFF, 0xFE,
    0xFB, 0xFF, 0xDA, 0x39, 0x02, 0x00, 0x01, 0x00, 0x00, 0x00, 0x00, 0x00,
    0x00, 0x00, 0x00, 0x00, 0x00, 0x00, 0x00, 0x00, 0x00, 0x00, 0x00, 0x00,
    0x00, 0x00, 0x00, 0x00, 0x00, 0x04, 0x00, 0x1B, 0x9A, 0xF9, 0xFF, 0xFC,
    0xFF, 0xFF, 0xFF, 0xFF, 0xFF, 0xFF, 0xFF, 0xFE, 0xFC, 0xFE, 0x9F, 0x01,
    0x00, 0x02, 0x00, 0x00, 0x00, 0x00, 0x00, 0x00, 0x00, 0x00, 0x00, 0x00,
    0x00, 0x00, 0x00, 0x00, 0x00, 0x00, 0x00, 0x00, 0x00, 0x00, 0x00, 0x00,
    0x00, 0x00, 0x00, 0x00, 0x00, 0x00, 0x00, 0x00, 0x00, 0x00, 0x00, 0x00,
    0x00, 0x00, 0x00, 0x00, 0x00, 0x00, 0x00, 0x00, 0x00, 0x00, 0x00, 0x00,
    0x00, 0x00, 0x00, 0x00, 0x00, 0x00, 0x00, 0x00, 0x00, 0x00, 0x00, 0x00,
    0x04, 0x00, 0x00, 0x46, 0xB0, 0xCE, 0xDE, 0xE7, 0xEA, 0xE9, 0xE0, 0xD6,
    0xC8, 0xAF, 0x80, 0x45, 0x05, 0x00, 0x00, 0x04, 0x45, 0xDC, 0xFF, 0xF9,
    0xFF, 0xFF, 0xFF, 0xFF, 0xFF, 0xFF, 0xFD, 0xFF, 0xC9, 0x5F, 0x42, 0x76,
    0xC7, 0xFF, 0xFF, 0xFF, 0xFF, 0xFA, 0xF8, 0xFA, 0xFC, 0xFD, 0xFD, 0xFD,
    0xFD, 0xFB, 0xF8, 0xF8, 0xFF, 0xD9, 0x3E, 0x00, 0x00, 0x03, 0x00, 0x00,
    0x00, 0x00, 0x00, 0x00, 0x00, 0x00, 0x00, 0x00, 0x00, 0x00, 0x02, 0x03,
    0x02, 0x01, 0x00, 0x00, 0x00, 0x00, 0x00, 0x00, 0x00, 0x01, 0x04, 0x04,
    0x37, 0xF1, 0xFE, 0xF9, 0xFF, 0xFF, 0xFF, 0xFF, 0xFF, 0xFF, 0xFF, 0xFF,
    0xF8, 0xFF, 0xB6, 0x00, 0x00, 0x03, 0x00, 0x00, 0x00, 0x00, 0x00, 0x00,
    0x00, 0x00, 0x00, 0x00, 0x00, 0x00, 0x00, 0x00, 0x00, 0x00, 0x00, 0x00,
    0x00, 0x00, 0x00, 0x00, 0x00, 0x00, 0x00, 0x00, 0x00, 0x00, 0x00, 0x00,
    0x00, 0x00, 0x00, 0x00, 0x00, 0x00, 0x00, 0x00, 0x00, 0x00, 0x00, 0x00,
    0x00, 0x00, 0x00, 0x00, 0x00, 0x00, 0x00, 0x00, 0x00, 0x00, 0x00, 0x00,
    0x00, 0x00, 0x01, 0x00, 0x00, 0x18, 0x6A, 0xC7, 0xFF, 0xFF, 0xFF, 0xFF,
    0xFF, 0xFF, 0xFF, 0xFF, 0xFF, 0xFF, 0xF1, 0xC5, 0x97, 0x70, 0x30, 0x0A,
    0x73, 0xE7, 0xFE, 0xFB, 0xFF, 0xFF, 0xFF, 0xFF, 0xFF, 0xFF, 0xFD, 0xFF,
    0xD9, 0x4C, 0x00, 0x08, 0x45, 0x6D, 0x83, 0xAC, 0xE7, 0xFF, 0xFF, 0xFF,
    0xFF, 0xFF, 0xFF, 0xFF, 0xFF, 0xFF, 0xFF, 0xFF, 0xB7, 0x4F, 0x00, 0x00,
    0x02, 0x00, 0x00, 0x00, 0x00, 0x00, 0x00, 0x00, 0x00, 0x00, 0x00, 0x01,
    0x04, 0x04, 0x00, 0x00, 0x00, 0x00, 0x05, 0x05, 0x03, 0x02, 0x01, 0x00,
    0x00, 0x00, 0x06, 0x00, 0x0D, 0xE1, 0xFF, 0xFA, 0xFF, 0xFF, 0xFF, 0xFF,
    0xFF, 0xFF, 0xFF, 0xFF, 0xF7, 0xFE, 0xC5, 0x12, 0x00, 0x02, 0x01, 0x00,
    0x00, 0x00, 0x00, 0x00, 0x00, 0x00, 0x00, 0x00, 0x00, 0x00, 0x00, 0x00,
    0x00, 0x00, 0x00, 0x00, 0x00, 0x00, 0x00, 0x00, 0x00, 0x00, 0x00, 0x00,
    0x00, 0x00, 0x00, 0x00, 0x00, 0x00, 0x00, 0x00, 0x00, 0x00, 0x00, 0x00,
    0x00, 0x00, 0x00, 0x00, 0x00, 0x00, 0x00, 0x00, 0x00, 0x00, 0x00, 0x00,
    0x00, 0x00, 0x00, 0x00, 0x00, 0x01, 0x01, 0x00, 0x0E, 0x7B, 0xEE, 0xFF,
    0xF8, 0xF9, 0xFA, 0xFB, 0xFB, 0xFB, 0xFA, 0xFA, 0xF8, 0xF9, 0xFF, 0xFF,
    0xFF, 0xFF, 0xAD, 0x73, 0xA9, 0xF1, 0xFF, 0xFD, 0xFF, 0xFF, 0xFF, 0xFF,
    0xFF, 0xFF, 0xFE, 0xFD, 0xFA, 0x99, 0x04, 0x00, 0x00, 0x00, 0x00, 0x21,
    0x74, 0xA9, 0xC0, 0xD7, 0xF0, 0xFD, 0xFF, 0xFF, 0xF5, 0xE1, 0xC2, 0x9F,
    0x30, 0x00, 0x06, 0x01, 0x00, 0x00, 0x00, 0x00, 0x00, 0x00, 0x00, 0x00,
    0x00, 0x00, 0x01, 0x00, 0x00, 0x00, 0x01, 0x0A, 0x08, 0x00, 0x00, 0x00,
    0x00, 0x00, 0x01, 0x02, 0x02, 0x01, 0x05, 0x01, 0x0F, 0xBA, 0xFC, 0xFE,
    0xFD, 0xFF, 0xFF, 0xFF, 0xFF, 0xFF, 0xFF, 0xFF, 0xFA, 0xFF, 0xD7, 0x42,
    0x01, 0x00, 0x03, 0x00, 0x00, 0x00, 0x00, 0x00, 0x00, 0x00, 0x00, 0x00,
    0x00, 0x00, 0x00, 0x00, 0x00, 0x00, 0x00, 0x00, 0x00, 0x00, 0x00, 0x00,
    0x00, 0x00, 0x00, 0x00, 0x00, 0x00, 0x00, 0x00, 0x00, 0x00, 0x00, 0x00,
    0x00, 0x00, 0x00, 0x00, 0x00, 0x00, 0x00, 0x00, 0x00, 0x00, 0x00, 0x00,
    0x00, 0x00, 0x00, 0x00, 0x00, 0x00, 0x00, 0x00, 0x00, 0x03, 0x00, 0x04,
    0x68, 0xE8, 0xFE, 0xF8, 0xFF, 0xFF, 0xFF, 0xFF, 0xFF, 0xFF, 0xFF, 0xFF,
    0xFF, 0xFF, 0xFE, 0xFD, 0xFB, 0xFC, 0xFF, 0xFF, 0xEF, 0xF9, 0xFF, 0xFE,
    0xFF, 0xFF, 0xFF, 0xFF, 0xFF, 0xFF, 0xFF, 0xF8, 0xFF, 0xBB, 0x03, 0x01,
    0x04, 0x04, 0x04, 0x00, 0x00, 0x00, 0x04, 0x44, 0x8C, 0xB0, 0xBB, 0xB6,
    0x9D, 0x5F, 0x05, 0x00, 0x00, 0x03, 0x00, 0x00, 0x00, 0x00, 0x00, 0x00,
    0x00, 0x00, 0x00, 0x00, 0x00, 0x00, 0x00, 0x00, 0x08, 0x1D, 0x4B, 0x65,
    0x60, 0x3D, 0x17, 0x0C, 0x07, 0x01, 0x00, 0x00, 0x00, 0x00, 0x02, 0x00,
    0x07, 0x6A, 0xE6, 0xFF, 0xFB, 0xFF, 0xFF, 0xFF, 0xFF, 0xFF, 0xFF, 0xFF,
    0xFB, 0xFF, 0xE1, 0x61, 0x05, 0x00, 0x03, 0x00, 0x00, 0x00, 0x00, 0x00,
    0x00, 0x00, 0x00, 0x00, 0x00, 0x00, 0x00, 0x00, 0x00, 0x00, 0x00, 0x00,
    0x00, 0x00, 0x00, 0x00, 0x00, 0x00, 0x00, 0x00, 0x00, 0x00, 0x00, 0x00,
    0x00, 0x00, 0x00, 0x00, 0x00, 0x00, 0x00, 0x00, 0x00, 0x00, 0x00, 0x00,
    0x00, 0x00, 0x00, 0x00, 0x00, 0x00, 0x00, 0x00, 0x00, 0x00, 0x00, 0x00,
    0x01, 0x03, 0x00, 0x23, 0xDA, 0xFF, 0xFC, 0xFE, 0xFF, 0xFF, 0xFF, 0xFF,
    0xFF, 0xFF, 0xFF, 0xFF, 0xFF, 0xFF, 0xFF, 0xFF, 0xFF, 0xFF, 0xFF, 0xFF,
    0xFF, 0xFF, 0xFF, 0xFF, 0xFF, 0xFF, 0xFF, 0xFF, 0xFF, 0xFF, 0xFF, 0xF9,
    0xFF, 0xD2, 0x32, 0x01, 0x00, 0x02, 0x00, 0x00, 0x00, 0x00, 0x00, 0x02,
    0x09, 0x0C, 0x0D, 0x0D, 0x0B, 0x05, 0x00, 0x00, 0x00, 0x00, 0x00, 0x00,
    0x00, 0x00, 0x00, 0x00, 0x00, 0x00, 0x00, 0x00, 0x00, 0x03, 0x00, 0x1A,
    0x84, 0xE0, 0xF2, 0xF5, 0xF3, 0xF1, 0xE2, 0xAE, 0x76, 0x3C, 0x0A, 0x00,
    0x00, 0x00, 0x01, 0x04, 0x04, 0x0B, 0xC4, 0xFE, 0xF8, 0xFF, 0xFF, 0xFF,
    0xFF, 0xFF, 0xFF, 0xFF, 0xFA, 0xFF, 0xDC, 0x52, 0x03, 0x00, 0x02, 0x00,
    0x00, 0x00, 0x00, 0x00, 0x00, 0x00, 0x00, 0x00, 0x00, 0x00, 0x00, 0x00,
    0x00, 0x00, 0x00, 0x00, 0x00, 0x00, 0x00, 0x00, 0x00, 0x00, 0x00, 0x00,
    0x00, 0x00, 0x00, 0x00, 0x00, 0x00, 0x00, 0x00, 0x00, 0x00, 0x00, 0x00,
    0x00, 0x00, 0x00, 0x00, 0x00, 0x00, 0x00, 0x00, 0x00, 0x00, 0x00, 0x00,
    0x00, 0x00, 0x00, 0x00, 0x03, 0x03, 0x11, 0x76, 0xFC, 0xFF, 0xFB, 0xFF,
    0xFF, 0xFF, 0xFF, 0xFF, 0xFF, 0xFF, 0xFF, 0xFF, 0xFF, 0xFF, 0xFF, 0xFF,
    0xFF, 0xFF, 0xFE, 0xFD, 0xFF, 0xFF, 0xFF, 0xFF, 0xFF, 0xFF, 0xFF, 0xFF,
    0xFF, 0xFF, 0xFF, 0xFB, 0xFF, 0xE5, 0x6A, 0x07, 0x00, 0x03, 0x00, 0x01,
    0x02, 0x02, 0x01, 0x00, 0x00, 0x00, 0x00, 0x00, 0x00, 0x00, 0x01, 0x02,
    0x01, 0x00, 0x00, 0x00, 0x00, 0x00, 0x00, 0x00, 0x00, 0x00, 0x00, 0x01,
    0x00, 0x00, 0x2E, 0x9E, 0xEE, 0xFF, 0xFF, 0xFF, 0xFF, 0xFF, 0xFF, 0xFC,
    0xE8, 0xD5, 0xC1, 0x9F, 0x6D, 0x3D, 0x0A, 0x00, 0x00, 0x00, 0xAC, 0xFF,
    0xFA, 0xFE, 0xFF, 0xFF, 0xFF, 0xFF, 0xFF, 0xFF, 0xFA, 0xFF, 0xD0, 0x2F,
    0x01, 0x00, 0x01, 0x00, 0x00, 0x00, 0x00, 0x00, 0x00, 0x00, 0x00, 0x00,
    0x00, 0x00, 0x00, 0x00, 0x00, 0x00, 0x00, 0x00, 0x00, 0x00, 0x00, 0x00,
    0x00, 0x00, 0x00, 0x00, 0x00, 0x00, 0x00, 0x00, 0x00, 0x00, 0x00, 0x00,
    0x00, 0x00, 0x00, 0x00, 0x00, 0x00, 0x00, 0x00, 0x00, 0x00, 0x00, 0x00,
    0x00, 0x00, 0x00, 0x00, 0x00, 0x00, 0x00, 0x00, 0x04, 0x00, 0x37, 0xDA,
    0xFC, 0xFD, 0xFE, 0xFF, 0xFF, 0xFF, 0xFF, 0xFF, 0xFF, 0xFF, 0xFF, 0xFF,
    0xFF, 0xFF, 0xFF, 0xFF, 0xFF, 0xFF, 0xFF, 0xFF, 0xFE, 0xFF, 0xFF, 0xFF,
    0xFF, 0xFF, 0xFF, 0xFF, 0xFF, 0xFF, 0xFF, 0xFD, 0xFF, 0xF7, 0xA4, 0x0A,
    0x00, 0x04, 0x00, 0x00, 0x00, 0x00, 0x00, 0x02, 0x04, 0x05, 0x05, 0x05,
    0x04, 0x03, 0x00, 0x00, 0x00, 0x00, 0x00, 0x00, 0x00, 0x00, 0x00, 0x00,
    0x00, 0x00, 0x00, 0x01, 0x00, 0x07, 0x91, 0xF8, 0xFF, 0xFA, 0xFA, 0xFB,
    0xFB, 0xFA, 0xFB, 0xFF, 0xFF, 0xFF, 0xFF, 0xFF, 0xE3, 0xBF, 0x9C, 0x7E,
    0x57, 0x35, 0x8B, 0xEA, 0xFD, 0xFE, 0xFF, 0xFF, 0xFF, 0xFF, 0xFF, 0xFF,
    0xF8, 0xFE, 0xC3, 0x0C, 0x00, 0x02, 0x00, 0x00, 0x00, 0x00, 0x00, 0x00,
    0x00, 0x00, 0x00, 0x00, 0x00, 0x00, 0x00, 0x00, 0x00, 0x00, 0x00, 0x00,
    0x00, 0x00, 0x00, 0x00, 0x00, 0x00, 0x00, 0x00, 0x00, 0x00, 0x00, 0x00,
    0x00, 0x00, 0x00, 0x00, 0x00, 0x00, 0x00, 0x00, 0x00, 0x00, 0x00, 0x00,
    0x00, 0x00, 0x00, 0x00, 0x00, 0x00, 0x00, 0x00, 0x00, 0x00, 0x00, 0x02,
    0x01, 0x15, 0x89, 0xFF, 0xFF, 0xFD, 0xFF, 0xFF, 0xFF, 0xFF, 0xFF, 0xFF,
    0xFF, 0xFF, 0xFF, 0xFF, 0xFF, 0xFF, 0xFF, 0xFF, 0xFF, 0xFF, 0xFF, 0xFF,
    0xFF, 0xFF, 0xFF, 0xFF, 0xFF, 0xFF, 0xFF, 0xFF, 0xFF, 0xFF, 0xFF, 0xFE,
    0xFC, 0xFF, 0xD6, 0x13, 0x00, 0x05, 0x00, 0x00, 0x00, 0x00, 0x00, 0x00,
    0x00, 0x00, 0x00, 0x00, 0x00, 0x00, 0x00, 0x00, 0x00, 0x00, 0x00, 0x00,
    0x00, 0x00, 0x00, 0x00, 0x00, 0x00, 0x01, 0x00, 0x02, 0x3A, 0xDC, 0xFF,
    0xF6, 0xFF, 0xFF, 0xFF, 0xFF, 0xFF, 0xFF, 0xFD, 0xFB, 0xF9, 0xF8, 0xFC,
    0xFF, 0xFF, 0xFF, 0xFF, 0xE3, 0xB1, 0xAD, 0xE1, 0xFF, 0xFE, 0xFF, 0xFF,
    0xFF, 0xFF, 0xFF, 0xFF, 0xF8, 0xFF, 0xB0, 0x00, 0x00, 0x03, 0x00, 0x00,
    0x00, 0x00, 0x00, 0x00, 0x00, 0x00, 0x00, 0x00, 0x00, 0x00, 0x00, 0x00,
    0x00, 0x00, 0x00, 0x00, 0x00, 0x00, 0x00, 0x00, 0x00, 0x00, 0x00, 0x00,
    0x00, 0x00, 0x00, 0x00, 0x00, 0x00, 0x00, 0x00, 0x00, 0x00, 0x00, 0x00,
    0x00, 0x00, 0x00, 0x00, 0x00, 0x00, 0x00, 0x00, 0x00, 0x00, 0x00, 0x00,
    0x00, 0x00, 0x00, 0x03, 0x00, 0x5B, 0xE8, 0xFD, 0xFF, 0xFE, 0xFF, 0xFF,
    0xFF, 0xFF, 0xFF, 0xFF, 0xFF, 0xFF, 0xFF, 0xFF, 0xFF, 0xFF, 0xFF, 0xFF,
    0xFF, 0xFF, 0xFF, 0xFF, 0xFF, 0xFF, 0xFF, 0xFF, 0xFF, 0xFF, 0xFF, 0xFF,
    0xFF, 0xFF, 0xFF, 0xFF, 0xF9, 0xFF, 0xF1, 0x35, 0x01, 0x02, 0x01, 0x00,
    0x00, 0x00, 0x00, 0x00, 0x00, 0x00, 0x00, 0x00, 0x00, 0x00, 0x00, 0x00,
    0x00, 0x00, 0x00, 0x00, 0x00, 0x00, 0x00, 0x00, 0x00, 0x00, 0x03, 0x00,
    0x09, 0x87, 0xED, 0xFE, 0xFC, 0xFF, 0xFF, 0xFF, 0xFF, 0xFF, 0xFF, 0xFF,
    0xFF, 0xFF, 0xFF, 0xFE, 0xFD, 0xFC, 0xFB, 0xFC, 0xFF, 0xFF, 0xFF, 0xFF,
    0xFF, 0xFF, 0xFF, 0xFF, 0xFF, 0xFF, 0xFF, 0xFD, 0xFF, 0xEB, 0x73, 0x01,
    0x00, 0x02, 0x00, 0x00, 0x00, 0x00, 0x00, 0x00, 0x00, 0x00, 0x00, 0x00,
    0x00, 0x00, 0x00, 0x00, 0x00, 0x00, 0x00, 0x00, 0x00, 0x00, 0x00, 0x00,
    0x00, 0x00, 0x00, 0x00, 0x00, 0x00, 0x00, 0x00, 0x00, 0x00, 0x00, 0x00,
    0x00, 0x00, 0x00, 0x00, 0x00, 0x00, 0x00, 0x00, 0x00, 0x00, 0x00, 0x00,
    0x00, 0x00, 0x00, 0x00, 0x00, 0x00, 0x00, 0x04, 0x00, 0x72, 0xFF, 0xFC,
    0xFF, 0xFF, 0xFF, 0xFF, 0xFF, 0xFF, 0xFF, 0xFF, 0xFF, 0xFF, 0xFF, 0xFF,
    0xFF, 0xFF, 0xFF, 0xFF, 0xFF, 0xFF, 0xFF, 0xFF, 0xFF, 0xFF, 0xFF, 0xFF,
    0xFF, 0xFF, 0xFF, 0xFF, 0xFF, 0xFF, 0xFF, 0xFF, 0xFB, 0xFF, 0xF6, 0x6D,
    0x0D, 0x00, 0x03, 0x00, 0x00, 0x00, 0x00, 0x00, 0x00, 0x00, 0x00, 0x00,
    0x00, 0x00, 0x00, 0x00, 0x00, 0x00, 0x00, 0x00, 0x00, 0x00, 0x00, 0x00,
    0x00, 0x00, 0x05, 0x00, 0x0C, 0xA8, 0xFA, 0xFF, 0xFD, 0xFF, 0xFF, 0xFF,
    0xFF, 0xFF, 0xFF, 0xFF, 0xFF, 0xFF, 0xFF, 0xFF, 0xFF, 0xFF, 0xFF, 0xFF,
    0xFF, 0xFF, 0xFF, 0xFF, 0xFF, 0xFF, 0xFF, 0xFF, 0xFF, 0xFF, 0xFF, 0xF8,
    0xFF, 0x97, 0x08, 0x03, 0x00, 0x00, 0x00, 0x00, 0x00, 0x00, 0x00, 0x00,
    0x00, 0x00, 0x00, 0x00, 0x00, 0x00, 0x00, 0x00, 0x00, 0x00, 0x00, 0x00,
    0x00, 0x00, 0x00, 0x00, 0x00, 0x00, 0x00, 0x00, 0x00, 0x00, 0x00, 0x00,
    0x00, 0x00, 0x00, 0x00, 0x00, 0x00, 0x00, 0x00, 0x00, 0x00, 0x00, 0x00,
    0x00, 0x00, 0x00, 0x00, 0x00, 0x00, 0x00, 0x00, 0x00, 0x01, 0x00, 0x02,
    0x0B, 0x94, 0xFF, 0xFC, 0xFF, 0xFF, 0xFF, 0xFF, 0xFF, 0xFF, 0xFF, 0xFF,
    0xFF, 0xFF, 0xFF, 0xFF, 0xFF, 0xFF, 0xFF, 0xFF, 0xFF, 0xFF, 0xFF, 0xFF,
    0xFF, 0xFF, 0xFF, 0xFF, 0xFF, 0xFF, 0xFF, 0xFF, 0xFF, 0xFF, 0xFF, 0xFF,
    0xFC, 0xFF, 0xFB, 0xA5, 0x21, 0x00, 0x04, 0x00, 0x00, 0x00, 0x00, 0x00,
    0x00, 0x00, 0x00, 0x00, 0x00, 0x00, 0x00, 0x00, 0x00, 0x00, 0x00, 0x00,
    0x00, 0x00, 0x00, 0x00, 0x00, 0x00, 0x04, 0x00, 0x0C, 0xAB, 0xFB, 0xFF,
    0xFD, 0xFF, 0xFF, 0xFF, 0xFF, 0xFF, 0xFF, 0xFF, 0xFF, 0xFF, 0xFF, 0xFF,
    0xFF, 0xFF, 0xFF, 0xFF, 0xFE, 0xFE, 0xFE, 0xFF, 0xFF, 0xFF, 0xFF, 0xFF,
    0xFF, 0xFD, 0xFC, 0xFF, 0xA2, 0x24, 0x00, 0x02, 0x00, 0x00, 0x00, 0x00,
    0x00, 0x00, 0x00, 0x00, 0x00, 0x00, 0x00, 0x00, 0x00, 0x00, 0x00, 0x00,
    0x00, 0x00, 0x00, 0x00, 0x00, 0x00, 0x00, 0x00, 0x00, 0x00, 0x00, 0x00,
    0x00, 0x00, 0x00, 0x00, 0x00, 0x00, 0x00, 0x00, 0x00, 0x00, 0x00, 0x00,
    0x00, 0x00, 0x00, 0x00, 0x00, 0x00, 0x00, 0x00, 0x00, 0x00, 0x00, 0x00,
    0x00, 0x02, 0x00, 0x00, 0x44, 0xCB, 0xFF, 0xFD, 0xFF, 0xFF, 0xFF, 0xFF,
    0xFF, 0xFF, 0xFF, 0xFF, 0xFF, 0xFF, 0xFF, 0xFF, 0xFF, 0xFF, 0xFF, 0xFF,
    0xFF, 0xFF, 0xFF, 0xFF, 0xFF, 0xFF, 0xFF, 0xFF, 0xFF, 0xFF, 0xFF, 0xFF,
    0xFF, 0xFF, 0xFF, 0xFF, 0xFE, 0xFF, 0xFF, 0xE2, 0x33, 0x02, 0x08, 0x00,
    0x00, 0x00, 0x00, 0x00, 0x00, 0x00, 0x00, 0x00, 0x00, 0x00, 0x00, 0x00,
    0x00, 0x00, 0x00, 0x00, 0x00, 0x00, 0x00, 0x00, 0x00, 0x00, 0x04, 0x00,
    0x09, 0x94, 0xF1, 0xFD, 0xFC, 0xFF, 0xFF, 0xFF, 0xFF, 0xFF, 0xFF, 0xFF,
    0xFF, 0xFF, 0xFF, 0xFF, 0xFF, 0xFF, 0xFF, 0xFF, 0xFF, 0xFF, 0xFF, 0xFF,
    0xFF, 0xFF, 0xFF, 0xFF, 0xFB, 0xFF, 0xFF, 0xB6, 0x2C, 0x00, 0x04, 0x00,
    0x00, 0x00, 0x00, 0x00, 0x00, 0x00, 0x00, 0x00, 0x00, 0x00, 0x00, 0x00,
    0x00, 0x00, 0x00, 0x00, 0x00, 0x00, 0x00, 0x00, 0x00, 0x00, 0x00, 0x00,
    0x00, 0x00, 0x00, 0x00, 0x00, 0x00, 0x00, 0x00, 0x00, 0x00, 0x00, 0x00,
    0x00, 0x00, 0x00, 0x00, 0x00, 0x00, 0x00, 0x00, 0x00, 0x00, 0x00, 0x00,
    0x00, 0x00, 0x00, 0x00, 0x00, 0x02, 0x00, 0x00, 0x93, 0xF5, 0xFD, 0xFE,
    0xFF, 0xFF, 0xFF, 0xFF, 0xFF, 0xFF, 0xFF, 0xFF, 0xFF, 0xFF, 0xFF, 0xFF,
    0xFF, 0xFF, 0xFF, 0xFF, 0xFF, 0xFF, 0xFF, 0xFF, 0xFF, 0xFF, 0xFF, 0xFF,
    0xFF, 0xFF, 0xFF, 0xFF, 0xFF, 0xFF, 0xFF, 0xFF, 0xFF, 0xFD, 0xFF, 0xFF,
    0x4C, 0x00, 0x05, 0x01, 0x00, 0x00, 0x00, 0x00, 0x00, 0x00, 0x00, 0x00,
    0x00, 0x00, 0x00, 0x00, 0x00, 0x00, 0x00, 0x00, 0x00, 0x00, 0x00, 0x00,
    0x00, 0x00, 0x02, 0x00, 0x04, 0x54, 0xE4, 0xFF, 0xF9, 0xFF, 0xFF, 0xFF,
    0xFF, 0xFF, 0xFF, 0xFF, 0xFF, 0xFF, 0xFF, 0xFF, 0xFF, 0xFF, 0xFF, 0xFF,
    0xFF, 0xFF, 0xFF, 0xFF, 0xFF, 0xFF, 0xFF, 0xFC, 0xFF, 0xFE, 0xBF, 0x2E,
    0x00, 0x04, 0x02, 0x00, 0x00, 0x00, 0x00, 0x00, 0x00, 0x00, 0x00, 0x00,
    0x00, 0x00, 0x00, 0x00, 0x00, 0x00, 0x00, 0x00, 0x00, 0x00, 0x00, 0x00,
    0x00, 0x00, 0x00, 0x00, 0x00, 0x00, 0x00, 0x00, 0x00, 0x00, 0x00, 0x00,
    0x00, 0x00, 0x00, 0x00, 0x00, 0x00, 0x00, 0x00, 0x00, 0x00, 0x00, 0x00,
    0x00, 0x00, 0x00, 0x00, 0x00, 0x00, 0x00, 0x00, 0x01, 0x00, 0x00, 0x17,
    0xC9, 0xFF, 0xF8, 0xFF, 0xFF, 0xFF, 0xFF, 0xFF, 0xFF, 0xFF, 0xFF, 0xFF,
    0xFF, 0xFF, 0xFF, 0xFF, 0xFF, 0xFF, 0xFF, 0xFF, 0xFF, 0xFF, 0xFF, 0xFF,
    0xFF, 0xFF, 0xFF, 0xFF, 0xFF, 0xFF, 0xFF, 0xFF, 0xFF, 0xFF, 0xFF, 0xFF,
    0xFF, 0xFD, 0xFF, 0xFE, 0x8D, 0x19, 0x00, 0x00, 0x00, 0x00, 0x00, 0x00,
    0x00, 0x00, 0x00, 0x00, 0x00, 0x00, 0x00, 0x00, 0x00, 0x00, 0x00, 0x00,
    0x00, 0x00, 0x00, 0x00, 0x00, 0x00, 0x01, 0x00, 0x00, 0x0B, 0xB1, 0xFD,
    0xFE, 0xFF, 0xFF, 0xFF, 0xFF, 0xFF, 0xFF, 0xFF, 0xFF, 0xFF, 0xFF, 0xFF,
    0xFF, 0xFF, 0xFF, 0xFF, 0xFF, 0xFF, 0xFF, 0xFF, 0xFF, 0xFF, 0xFF, 0xFD,
    0xFC, 0xBF, 0x2C, 0x00, 0x02, 0x02, 0x00, 0x00, 0x00, 0x00, 0x00, 0x00,
    0x00, 0x00, 0x00, 0x00, 0x00, 0x00, 0x00, 0x00, 0x00, 0x00, 0x00, 0x00,
    0x00, 0x00, 0x00, 0x00, 0x00, 0x00, 0x00, 0x00, 0x00, 0x00, 0x00, 0x00,
    0x00, 0x00, 0x00, 0x00, 0x00, 0x00, 0x00, 0x00, 0x00, 0x00, 0x00, 0x00,
    0x00, 0x00, 0x00, 0x00, 0x00, 0x00, 0x00, 0x00, 0x00, 0x00, 0x00, 0x00,
    0x03, 0x00, 0x07, 0x71, 0xE9, 0xFF, 0xFA, 0xFF, 0xFF, 0xFF, 0xFF, 0xFF,
    0xFF, 0xFF, 0xFF, 0xFF, 0xFF, 0xFF, 0xFF, 0xFF, 0xFF, 0xFF, 0xFF, 0xFF,
    0xFF, 0xFF, 0xFF, 0xFF, 0xFF, 0xFF, 0xFF, 0xFF, 0xFF, 0xFF, 0xFF, 0xFF,
    0xFF, 0xFF, 0xFF, 0xFF, 0xFF, 0xFF, 0xFF, 0xFD, 0xF8, 0x92, 0x12, 0x00,
    0x02, 0x01, 0x00, 0x00, 0x00, 0x00, 0x00, 0x00, 0x00, 0x00, 0x00, 0x00,
    0x00, 0x00, 0x00, 0x00, 0x00, 0x00, 0x00, 0x00, 0x00, 0x00, 0x00, 0x01,
    0x00, 0x00, 0x3B, 0xC1, 0xFF, 0xFB, 0xFB, 0xFC, 0xFD, 0xFE, 0xFF, 0xFF,
    0xFF, 0xFF, 0xFF, 0xFF, 0xFF, 0xFF, 0xFF, 0xFF, 0xFF, 0xFF, 0xFF, 0xFF,
    0xFF, 0xFF, 0xF9, 0xFF, 0xB4, 0x2E, 0x00, 0x00, 0x01, 0x00, 0x00, 0x00,
    0x00, 0x00, 0x00, 0x00, 0x00, 0x00, 0x00, 0x00, 0x00, 0x00, 0x00, 0x00,
    0x00, 0x00, 0x00, 0x00, 0x00, 0x00, 0x00, 0x00, 0x00, 0x00, 0x00, 0x00,
    0x00, 0x00, 0x00, 0x00, 0x00, 0x00, 0x00, 0x00, 0x00, 0x00, 0x00, 0x00,
    0x00, 0x00, 0x00, 0x00, 0x00, 0x00, 0x00, 0x00, 0x00, 0x00, 0x00, 0x00,
    0x00, 0x00, 0x00, 0x00, 0x04, 0x00, 0x10, 0xCA, 0xFC, 0xFC, 0xFE, 0xFF,
    0xFF, 0xFF, 0xFF, 0xFF, 0xFF, 0xFF, 0xFF, 0xFF, 0xFF, 0xFF, 0xFF, 0xFF,
    0xFF, 0xFF, 0xFF, 0xFF, 0xFF, 0xFF, 0xFF, 0xFF, 0xFF, 0xFF, 0xFF, 0xFF,
    0xFF, 0xFF, 0xFF, 0xFF, 0xFF, 0xFF, 0xFF, 0xFF, 0xFF, 0xFF, 0xFF, 0xFE,
    0xFF, 0xF1, 0xA4, 0x27, 0x00, 0x03, 0x03, 0x00, 0x00, 0x00, 0x00, 0x00,
    0x00, 0x00, 0x00, 0x00, 0x00, 0x00, 0x00, 0x00, 0x00, 0x00, 0x00, 0x00,
    0x00, 0x00, 0x00, 0x00, 0x00, 0x01, 0x03, 0x38, 0x98, 0xF0, 0xFF, 0xFF,
    0xFF, 0xFE, 0xF8, 0xF9, 0xFB, 0xFD, 0xFF, 0xFF, 0xFF, 0xFF, 0xFF, 0xFF,
    0xFF, 0xFF, 0xFF, 0xFF, 0xFA, 0xFC, 0xFF, 0xAD, 0x33, 0x00, 0x00, 0x01,
    0x00, 0x00, 0x00, 0x00, 0x00, 0x00, 0x00, 0x00, 0x00, 0x00, 0x00, 0x00,
    0x00, 0x00, 0x03, 0x06, 0x03, 0x00, 0x00, 0x00, 0x00, 0x00, 0x00, 0x00,
    0x00, 0x00, 0x00, 0x00, 0x00, 0x00, 0x00, 0x00, 0x00, 0x00, 0x00, 0x00,
    0x00, 0x00, 0x00, 0x00, 0x00, 0x00, 0x00, 0x00, 0x00, 0x00, 0x00, 0x00,
    0x00, 0x00, 0x00, 0x00, 0x00, 0x00, 0x00, 0x01, 0x02, 0x06, 0x42, 0xF2,
    0xFF, 0xFA, 0xFF, 0xFF, 0xFF, 0xFF, 0xFF, 0xFF, 0xFF, 0xFF, 0xFF, 0xFF,
    0xFF, 0xFF, 0xFF, 0xFF, 0xFF, 0xFF, 0xFF, 0xFF, 0xFF, 0xFF, 0xFF, 0xFF,
    0xFF, 0xFF, 0xFF, 0xFF, 0xFF, 0xFF, 0xFF, 0xFF, 0xFF, 0xFF, 0xFF, 0xFF,
    0xFF, 0xFF, 0xFF, 0xFF, 0xF9, 0xFF, 0xFF, 0xAA, 0x35, 0x00, 0x00, 0x05,
    0x00, 0x00, 0x00, 0x00, 0x00, 0x00, 0x00, 0x00, 0x00, 0x00, 0x00, 0x00,
    0x00, 0x00, 0x00, 0x00, 0x00, 0x00, 0x00, 0x00, 0x00, 0x01, 0x00, 0x00,
    0x20, 0x62, 0x90, 0xB3, 0xD9, 0xFD, 0xFF, 0xFF, 0xFF, 0xFF, 0xFB, 0xFA,
    0xFB, 0xFD, 0xFD, 0xFD, 0xFD, 0xFC, 0xFA, 0xFA, 0xFF, 0xFF, 0xB2, 0x33,
    0x00, 0x02, 0x02, 0x00, 0x00, 0x00, 0x00, 0x00, 0x00, 0x00, 0x00, 0x00,
    0x00, 0x00, 0x00, 0x00, 0x00, 0x00, 0x00, 0x00, 0x00, 0x00, 0x00, 0x00,
    0x00, 0x00, 0x00, 0x00, 0x00, 0x00, 0x00, 0x00, 0x00, 0x00, 0x00, 0x00,
    0x00, 0x00, 0x00, 0x00, 0x00, 0x00, 0x00, 0x00, 0x00, 0x00, 0x00, 0x00,
    0x00, 0x00, 0x00, 0x00, 0x00, 0x00, 0x00, 0x00, 0x00, 0x00, 0x00, 0x05,
    0x00, 0x19, 0x9F, 0xF9, 0xFF, 0xFC, 0xFF, 0xFF, 0xFF, 0xFF, 0xFF, 0xFF,
    0xFF, 0xFF, 0xFF, 0xFF, 0xFF, 0xFF, 0xFF, 0xFF, 0xFF, 0xFF, 0xFF, 0xFF,
    0xFF, 0xFF, 0xFF, 0xFF, 0xFF, 0xFF, 0xFF, 0xFF, 0xFF, 0xFF, 0xFF, 0xFF,
    0xFF, 0xFF, 0xFF, 0xFF, 0xFF, 0xFF, 0xFF, 0xFF, 0xFF, 0xFA, 0xFD, 0xFF,
    0xB1, 0x39, 0x01, 0x00, 0x02, 0x00, 0x00, 0x00, 0x00, 0x00, 0x00, 0x00,
    0x00, 0x00, 0x00, 0x00, 0x00, 0x00, 0x00, 0x00, 0x00, 0x00, 0x00, 0x00,
    0x00, 0x00, 0x01, 0x04, 0x00, 0x00, 0x00, 0x2C, 0x60, 0x92, 0xBD, 0xD4,
    0xE8, 0xFE, 0xFF, 0xFF, 0xFF, 0xFF, 0xFF, 0xFF, 0xFF, 0xFF, 0xFF, 0xFF,
    0xE8, 0xAC, 0x29, 0x00, 0x03, 0x03, 0x00, 0x00, 0x00, 0x00, 0x00, 0x00,
    0x00, 0x00, 0x00, 0x00, 0x00, 0x00, 0x00, 0x01, 0x00, 0x02, 0x18, 0x38,
    0x1C, 0x01, 0x01, 0x00, 0x00, 0x00, 0x00, 0x00, 0x00, 0x00, 0x00, 0x00,
    0x00, 0x00, 0x00, 0x00, 0x00, 0x00, 0x00, 0x00, 0x00, 0x00, 0x00, 0x00,
    0x00, 0x00, 0x00, 0x00, 0x00, 0x00, 0x00, 0x00, 0x00, 0x00, 0x00, 0x00,
    0x00, 0x00, 0x00, 0x07, 0x00, 0x3C, 0xEB, 0xFF, 0xFF, 0xFE, 0xFF, 0xFF,
    0xFF, 0xFF, 0xFF, 0xFF, 0xFF, 0xFF, 0xFF, 0xFF, 0xFF, 0xFF, 0xFF, 0xFF,
    0xFF, 0xFF, 0xFF, 0xFF, 0xFF, 0xFF, 0xFF, 0xFF, 0xFF, 0xFF, 0xFF, 0xFF,
    0xFF, 0xFF, 0xFF, 0xFF, 0xFF, 0xFF, 0xFF, 0xFF, 0xFF, 0xFF, 0xFF, 0xFF,
    0xFF, 0xFF, 0xFD, 0xFD, 0xFF, 0xBD, 0x3F, 0x03, 0x00, 0x00, 0x00, 0x00,
    0x00, 0x00, 0x00, 0x00, 0x00, 0x00, 0x00, 0x00, 0x00, 0x00, 0x00, 0x00,
    0x00, 0x00, 0x00, 0x00, 0x00, 0x00, 0x00, 0x00, 0x02, 0x03, 0x02, 0x00,
    0x00, 0x00, 0x01, 0x3A, 0x75, 0xB3, 0xE2, 0xF2, 0xF7, 0xFB, 0xFD, 0xFD,
    0xFC, 0xF7, 0xF2, 0xD6, 0x74, 0x0B, 0x00, 0x02, 0x01, 0x00, 0x00, 0x00,
    0x00, 0x00, 0x00, 0x00, 0x00, 0x00, 0x00, 0x00, 0x00, 0x00, 0x00, 0x03,
    0x00, 0x07, 0x79, 0xDF, 0x6E, 0x00, 0x03, 0x00, 0x00, 0x00, 0x00, 0x00,
    0x00, 0x00, 0x00, 0x00, 0x00, 0x00, 0x00, 0x00, 0x00, 0x00, 0x00, 0x00,
    0x00, 0x00, 0x00, 0x00, 0x00, 0x00, 0x00, 0x00, 0x00, 0x00, 0x00, 0x00,
    0x00, 0x00, 0x00, 0x00, 0x00, 0x00, 0x01, 0x01, 0x0C, 0x78, 0xFF, 0xFF,
    0xFD, 0xFF, 0xFF, 0xFF, 0xFF, 0xFF, 0xFF, 0xFF, 0xFF, 0xFF, 0xFF, 0xFF,
    0xFF, 0xFF, 0xFF, 0xFF, 0xFF, 0xFF, 0xFF, 0xFF, 0xFF, 0xFF, 0xFF, 0xFF,
    0xFF, 0xFF, 0xFF, 0xFF, 0xFF, 0xFF, 0xFF, 0xFF, 0xFF, 0xFF, 0xFF, 0xFF,
    0xFF, 0xFF, 0xFF, 0xFF, 0xFF, 0xFF, 0xFF, 0xFF, 0xFF, 0xFD, 0xCD, 0x53,
    0x00, 0x02, 0x02, 0x00, 0x00, 0x00, 0x00, 0x00, 0x00, 0x00, 0x00, 0x00,
    0x00, 0x00, 0x00, 0x00, 0x00, 0x00, 0x00, 0x00, 0x00, 0x00, 0x00, 0x00,
    0x00, 0x00, 0x00, 0x00, 0x00, 0x00, 0x00, 0x01, 0x08, 0x0D, 0x1B, 0x4A,
    0x7F, 0xA8, 0xBB, 0xBC, 0xAE, 0x8A, 0x4B, 0x1B, 0x07, 0x00, 0x00, 0x00,
    0x00, 0x00, 0x00, 0x00, 0x00, 0x00, 0x00, 0x00, 0x00, 0x00, 0x00, 0x00,
    0x00, 0x00, 0x00, 0x05, 0x00, 0x0E, 0xC3, 0xFF, 0x93, 0x01, 0x02, 0x00,
    0x00, 0x00, 0x00, 0x00, 0x00, 0x00, 0x00, 0x00, 0x00, 0x00, 0x00, 0x00,
    0x00, 0x00, 0x00, 0x00, 0x00, 0x00, 0x00, 0x00, 0x00, 0x00, 0x00, 0x00,
    0x00, 0x00, 0x00, 0x00, 0x00, 0x00, 0x00, 0x00, 0x00, 0x00, 0x03, 0x02,
    0x3E, 0xC8, 0xFF, 0xFF, 0xFD, 0xFF, 0xFF, 0xFF, 0xFF, 0xFF, 0xFF, 0xFF,
    0xFF, 0xFF, 0xFF, 0xFF, 0xFF, 0xFF, 0xFF, 0xFF, 0xFF, 0xFF, 0xFF, 0xFF,
    0xFF, 0xFF, 0xFF, 0xFF, 0xFF, 0xFF, 0xFF, 0xFF, 0xFF, 0xFF, 0xFF, 0xFF,
    0xFF, 0xFF, 0xFF, 0xFF, 0xFF, 0xFF, 0xFF, 0xFF, 0xFF, 0xFF, 0xFF, 0xFF,
    0xFD, 0xFF, 0xFF, 0xD3, 0x61, 0x00, 0x01, 0x05, 0x00, 0x00, 0x00, 0x00,
    0x00, 0x00, 0x00, 0x00, 0x00, 0x00, 0x00, 0x00, 0x00, 0x00, 0x00, 0x00,
    0x00, 0x00, 0x00, 0x00, 0x00, 0x00, 0x00, 0x01, 0x02, 0x02, 0x01, 0x00,
    0x00, 0x00, 0x00, 0x01, 0x13, 0x21, 0x27, 0x28, 0x23, 0x17, 0x01, 0x00,
    0x00, 0x01, 0x01, 0x00, 0x00, 0x00, 0x00, 0x00, 0x00, 0x00, 0x00, 0x00,
    0x00, 0x00, 0x00, 0x00, 0x00, 0x00, 0x01, 0x01, 0x00, 0x35, 0xEA, 0xFF,
    0xB9, 0x36, 0x02, 0x00, 0x01, 0x00, 0x00, 0x00, 0x00, 0x00, 0x00, 0x00,
    0x00, 0x00, 0x00, 0x00, 0x00, 0x00, 0x00, 0x00, 0x00, 0x00, 0x00, 0x00,
    0x00, 0x00, 0x00, 0x00, 0x00, 0x00, 0x00, 0x00, 0x00, 0x00, 0x00, 0x00,
    0x00, 0x00, 0x03, 0x00, 0x75, 0xF8, 0xFC, 0xFF, 0xFF, 0xFF, 0xFF, 0xFF,
    0xFF, 0xFF, 0xFF, 0xFF, 0xFF, 0xFF, 0xFF, 0xFF, 0xFF, 0xFF, 0xFF, 0xFF,
    0xFF, 0xFF, 0xFF, 0xFF, 0xFF, 0xFF, 0xFF, 0xFF, 0xFF, 0xFF, 0xFF, 0xFF,
    0xFF, 0xFF, 0xFF, 0xFF, 0xFF, 0xFF, 0xFF, 0xFF, 0xFF, 0xFF, 0xFF, 0xFF,
    0xFF, 0xFF, 0xFF, 0xFF, 0xFF, 0xFB, 0xFE, 0xFF, 0xD8, 0x5B, 0x04, 0x00,
    0x05, 0x00, 0x00, 0x00, 0x00, 0x00, 0x00, 0x00, 0x00, 0x00, 0x00, 0x00,
    0x00, 0x00, 0x00, 0x00, 0x00, 0x00, 0x00, 0x00, 0x00, 0x00, 0x00, 0x00,
    0x00, 0x00, 0x00, 0x02, 0x03, 0x05, 0x05, 0x00, 0x00, 0x00, 0x00, 0x00,
    0x00, 0x00, 0x00, 0x04, 0x03, 0x00, 0x00, 0x00, 0x00, 0x00, 0x00, 0x00,
    0x00, 0x00, 0x00, 0x00, 0x00, 0x00, 0x00, 0x00, 0x00, 0x00, 0x05, 0x03,
    0x11, 0x76, 0xF7, 0xFF, 0xE9, 0x7C, 0x00, 0x03, 0x03, 0x00, 0x00, 0x00,
    0x00, 0x00, 0x00, 0x00, 0x00, 0x00, 0x00, 0x00, 0x00, 0x00, 0x00, 0x00,
    0x00, 0x00, 0x00, 0x00, 0x00, 0x00, 0x00, 0x00, 0x00, 0x00, 0x00, 0x00,
    0x00, 0x00, 0x00, 0x00, 0x01, 0x00, 0x02, 0x18, 0xAB, 0xFF, 0xFB, 0xFF,
    0xFF, 0xFF, 0xFF, 0xFF, 0xFF, 0xFF, 0xFF, 0xFF, 0xFF, 0xFF, 0xFF, 0xFF,
    0xFF, 0xFF, 0xFF, 0xFF, 0xFF, 0xFF, 0xFF, 0xFF, 0xFF, 0xFF, 0xFF, 0xFF,
    0xFF, 0xFF, 0xFF, 0xFF, 0xFF, 0xFF, 0xFF, 0xFF, 0xFF, 0xFF, 0xFF, 0xFF,
    0xFF, 0xFF, 0xFF, 0xFF, 0xFF, 0xFF, 0xFF, 0xFF, 0xFF, 0xFF, 0xFC, 0xFB,
    0xFF, 0xDA, 0x50, 0x06, 0x00, 0x02, 0x00, 0x00, 0x00, 0x00, 0x00, 0x00,
    0x00, 0x00, 0x00, 0x00, 0x00, 0x00, 0x00, 0x00, 0x00, 0x00, 0x00, 0x00,
    0x00, 0x00, 0x00, 0x00, 0x00, 0x00, 0x00, 0x00, 0x00, 0x00, 0x00, 0x02,
    0x03, 0x05, 0x05, 0x05, 0x05, 0x04, 0x02, 0x00, 0x00, 0x00, 0x00, 0x00,
    0x00, 0x00, 0x00, 0x00, 0x00, 0x00, 0x00, 0x00, 0x00, 0x00, 0x00, 0x00,
    0x01, 0x02, 0x04, 0x00, 0x22, 0xC2, 0xFB, 0xFD, 0xFF, 0xAE, 0x00, 0x00,
    0x01, 0x03, 0x01, 0x00, 0x00, 0x00, 0x00, 0x00, 0x00, 0x00, 0x00, 0x00,
    0x00, 0x00, 0x00, 0x00, 0x00, 0x00, 0x00, 0x00, 0x00, 0x00, 0x00, 0x00,
    0x00, 0x00, 0x00, 0x00, 0x00, 0x00, 0x00, 0x00, 0x02, 0x00, 0x00, 0x6E,
    0xE1, 0xFE, 0xFD, 0xFF, 0xFF, 0xFF, 0xFF, 0xFF, 0xFF, 0xFF, 0xFF, 0xFF,
    0xFF, 0xFF, 0xFF, 0xFF, 0xFF, 0xFF, 0xFF, 0xFF, 0xFF, 0xFF, 0xFF, 0xFF,
    0xFF, 0xFF, 0xFF, 0xFF, 0xFF, 0xFF, 0xFF, 0xFF, 0xFF, 0xFF, 0xFF, 0xFF,
    0xFF, 0xFF, 0xFF, 0xFF, 0xFF, 0xFF, 0xFF, 0xFF, 0xFF, 0xFF, 0xFF, 0xFF,
    0xFF, 0xFF, 0xFF, 0xFE, 0xFD, 0xFF, 0xCE, 0x4C, 0x02, 0x01, 0x00, 0x00,
    0x00, 0x00, 0x00, 0x00, 0x00, 0x00, 0x00, 0x00, 0x00, 0x00, 0x00, 0x00,
    0x00, 0x00, 0x00, 0x00, 0x00, 0x00, 0x00, 0x00, 0x00, 0x00, 0x00, 0x00,
    0x00, 0x00, 0x00, 0x00, 0x00, 0x00, 0x00, 0x00, 0x00, 0x00, 0x00, 0x00,
    0x00, 0x00, 0x00, 0x00, 0x00, 0x00, 0x00, 0x00, 0x00, 0x00, 0x00, 0x00,
    0x00, 0x00, 0x00, 0x00, 0x00, 0x00, 0x05, 0x08, 0x50, 0xFB, 0xFF, 0xF8,
    0xFE, 0xD5, 0x3B, 0x06, 0x00, 0x00, 0x00, 0x00, 0x00, 0x00, 0x00, 0x00,
    0x00, 0x00, 0x00, 0x00, 0x00, 0x00, 0x00, 0x00, 0x00, 0x00, 0x00, 0x00,
    0x00, 0x00, 0x00, 0x00, 0x00, 0x00, 0x00, 0x00, 0x00, 0x00, 0x00, 0x00,
    0x01, 0x00, 0x00, 0xB2, 0xFE, 0xF9, 0xFF, 0xFF, 0xFF, 0xFF, 0xFF, 0xFF,
    0xFF, 0xFF, 0xFF, 0xFF, 0xFF, 0xFF, 0xFF, 0xFF, 0xFF, 0xFF, 0xFF, 0xFF,
    0xFF, 0xFF, 0xFF, 0xFF, 0xFF, 0xFF, 0xFF, 0xFF, 0xFF, 0xFF, 0xFF, 0xFF,
    0xFF, 0xFF, 0xFF, 0xFF, 0xFF, 0xFF, 0xFF, 0xFF, 0xFF, 0xFF, 0xFF, 0xFF,
    0xFF, 0xFF, 0xFF, 0xFF, 0xFF, 0xFF, 0xFF, 0xFF, 0xFF, 0xFF, 0xFE, 0xC5,
    0x46, 0x00, 0x02, 0x01, 0x00, 0x00, 0x00, 0x00, 0x00, 0x00, 0x00, 0x00,
    0x00, 0x00, 0x00, 0x00, 0x00, 0x00, 0x00, 0x00, 0x00, 0x00, 0x00, 0x00,
    0x00, 0x00, 0x00, 0x00, 0x00, 0x00, 0x00, 0x00, 0x00, 0x00, 0x00, 0x00,
    0x00, 0x00, 0x00, 0x00, 0x00, 0x00, 0x00, 0x00, 0x00, 0x00, 0x00, 0x00,
    0x00, 0x00, 0x00, 0x00, 0x00, 0x00, 0x01, 0x02, 0x00, 0x00, 0x25, 0x83,
    0xD8, 0xFF, 0xFF, 0xFD, 0xFF, 0xFD, 0xD3, 0x71, 0x15, 0x00, 0x00, 0x02,
    0x00, 0x00, 0x00, 0x00, 0x00, 0x00, 0x00, 0x00, 0x00, 0x00, 0x00, 0x00,
    0x00, 0x00, 0x00, 0x00, 0x00, 0x00, 0x00, 0x00, 0x00, 0x00, 0x00, 0x00,
    0x00, 0x00, 0x00, 0x02, 0x00, 0x05, 0x41, 0xDA, 0xFF, 0xFA, 0xFF, 0xFF,
    0xFF, 0xFF, 0xFF, 0xFF, 0xFF, 0xFF, 0xFF, 0xFF, 0xFF, 0xFF, 0xFF, 0xFF,
    0xFF, 0xFF, 0xFF, 0xFF, 0xFF, 0xFF, 0xFF, 0xFF, 0xFF, 0xFF, 0xFF, 0xFF,
    0xFF, 0xFF, 0xFF, 0xFF, 0xFF, 0xFF, 0xFF, 0xFF, 0xFF, 0xFF, 0xFF, 0xFF,
    0xFF, 0xFF, 0xFF, 0xFF, 0xFF, 0xFF, 0xFF, 0xFF, 0xFF, 0xFF, 0xFF, 0xFF,
    0xFF, 0xFE, 0xFE, 0xFD, 0xC0, 0x39, 0x00, 0x02, 0x03, 0x00, 0x00, 0x00,
    0x00, 0x00, 0x00, 0x00, 0x00, 0x00, 0x00, 0x00, 0x00, 0x00, 0x00, 0x00,
    0x00, 0x00, 0x00, 0x00, 0x00, 0x00, 0x00, 0x00, 0x00, 0x00, 0x00, 0x00,
    0x00, 0x00, 0x00, 0x00, 0x00, 0x00, 0x00, 0x00, 0x00, 0x00, 0x00, 0x00,
    0x00, 0x00, 0x00, 0x00, 0x00, 0x00, 0x00, 0x00, 0x00, 0x02, 0x00, 0x00,
    0x49, 0x98, 0xCB, 0xED, 0xFF, 0xFF, 0xFF, 0xFF, 0xFF, 0xFF, 0xFF, 0xE6,
    0xC5, 0x92, 0x33, 0x00, 0x00, 0x00, 0x00, 0x00, 0x00, 0x00, 0x00, 0x00,
    0x00, 0x00, 0x00, 0x00, 0x00, 0x00, 0x00, 0x00, 0x00, 0x00, 0x00, 0x00,
    0x00, 0x00, 0x00, 0x00, 0x00, 0x00, 0x00, 0x05, 0x00, 0x06, 0xA0, 0xF4,
    0xFD, 0xFD, 0xFF, 0xFF, 0xFF, 0xFF, 0xFF, 0xFF, 0xFF, 0xFF, 0xFF, 0xFF,
    0xFF, 0xFF, 0xFF, 0xFF, 0xFF, 0xFF, 0xFF, 0xFF, 0xFF, 0xFF, 0xFF, 0xFF,
    0xFF, 0xFF, 0xFF, 0xFF, 0xFF, 0xFF, 0xFF, 0xFF, 0xFF, 0xFF, 0xFF, 0xFF,
    0xFF, 0xFF, 0xFF, 0xFF, 0xFF, 0xFF, 0xFF, 0xFF, 0xFF, 0xFF, 0xFF, 0xFF,
    0xFF, 0xFF, 0xFF, 0xFF, 0xFF, 0xFF, 0xFB, 0xFE, 0xFF, 0xB7, 0x2D, 0x00,
    0x03, 0x02, 0x00, 0x00, 0x00, 0x00, 0x00, 0x00, 0x00, 0x00, 0x00, 0x00,
    0x00, 0x00, 0x00, 0x00, 0x00, 0x00, 0x00, 0x00, 0x00, 0x00, 0x00, 0x00,
    0x00, 0x00, 0x00, 0x00, 0x00, 0x00, 0x00, 0x00, 0x00, 0x00, 0x00, 0x00,
    0x00, 0x00, 0x00, 0x00, 0x00, 0x00, 0x00, 0x00, 0x00, 0x00, 0x00, 0x00,
    0x02, 0x01, 0x2A, 0x86, 0xCE, 0xFD, 0xFF, 0xFF, 0xFD, 0xFF, 0xFF, 0xFF,
    0xFF, 0xFE, 0xFE, 0xFF, 0xFF, 0xF9, 0xBC, 0x92, 0x00, 0x00, 0x00, 0x00,
    0x00, 0x00, 0x00, 0x00, 0x00, 0x00, 0x00, 0x00, 0x00, 0x00, 0x00, 0x00,
    0x00, 0x00, 0x00, 0x00, 0x00, 0x00, 0x00, 0x00, 0x00, 0x00, 0x01, 0x04,
    0x00, 0x21, 0xDF, 0xFF, 0xFC, 0xFF, 0xFF, 0xFF, 0xFF, 0xFF, 0xFF, 0xFF,
    0xFF, 0xFF, 0xFF, 0xFF, 0xFF, 0xFF, 0xFF, 0xFF, 0xFF, 0xFF, 0xFF, 0xFF,
    0xFF, 0xFF, 0xFF, 0xFF, 0xFF, 0xFF, 0xFF, 0xFF, 0xFF, 0xFF, 0xFF, 0xFF,
    0xFF, 0xFF, 0xFF, 0xFF, 0xFF, 0xFF, 0xFF, 0xFF, 0xFF, 0xFF, 0xFF, 0xFF,
    0xFF, 0xFF, 0xFF, 0xFF, 0xFF, 0xFF, 0xFF, 0xFF, 0xFF, 0xFF, 0xFF, 0xFA,
    0xFD, 0xFF, 0xA5, 0x25, 0x00, 0x04, 0x00, 0x00, 0x00, 0x00, 0x00, 0x00,
    0x00, 0x00, 0x00, 0x00, 0x00, 0x00, 0x00, 0x00, 0x00, 0x00, 0x00, 0x00,
    0x00, 0x00, 0x00, 0x00, 0x00, 0x00, 0x00, 0x00, 0x00, 0x00, 0x00, 0x00,
    0x00, 0x00, 0x00, 0x00, 0x00, 0x00, 0x00, 0x00, 0x00, 0x00, 0x00, 0x00,
    0x00, 0x00, 0x00, 0x00, 0x03, 0x00, 0x3F, 0xC3, 0xFF, 0xFF, 0xFF, 0xFC,
    0xFD, 0xFF, 0xFF, 0xFF, 0xFF, 0xFF, 0xFC, 0xFD, 0xFF, 0xFF, 0xF9, 0xD8,
    0x00, 0x00, 0x00, 0x00, 0x00, 0x00, 0x00, 0x00, 0x00, 0x00, 0x00, 0x00,
    0x00, 0x00, 0x00, 0x00, 0x00, 0x00, 0x00, 0x00, 0x00, 0x00, 0x00, 0x00,
    0x00, 0x00, 0x03, 0x00, 0x0B, 0x6F, 0xF6, 0xFF, 0xFB, 0xFF, 0xFF, 0xFF,
    0xFF, 0xFF, 0xFF, 0xFF, 0xFF, 0xFF, 0xFF, 0xFF, 0xFF, 0xFF, 0xFF, 0xFF,
    0xFF, 0xFF, 0xFF, 0xFF, 0xFF, 0xFF, 0xFF, 0xFF, 0xFF, 0xFF, 0xFF, 0xFF,
    0xFF, 0xFF, 0xFF, 0xFF, 0xFF, 0xFF, 0xFF, 0xFF, 0xFF, 0xFF, 0xFF, 0xFF,
    0xFF, 0xFF, 0xFF, 0xFF, 0xFF, 0xFF, 0xFF, 0xFF, 0xFF, 0xFF, 0xFF, 0xFF,
    0xFF, 0xFF, 0xFF, 0xFF, 0xFD, 0xFD, 0xFF, 0x8D, 0x16, 0x00, 0x01, 0x00,
    0x00, 0x00, 0x00, 0x00, 0x00, 0x00, 0x00, 0x00, 0x00, 0x00, 0x00, 0x00,
    0x00, 0x00, 0x00, 0x00, 0x00, 0x00, 0x00, 0x00, 0x00, 0x00, 0x00, 0x00,
    0x00, 0x00, 0x00, 0x00, 0x00, 0x00, 0x00, 0x00, 0x00, 0x00, 0x00, 0x00,
    0x00, 0x00, 0x00, 0x00, 0x00, 0x00, 0x00, 0x00, 0x01, 0x00, 0x05, 0x3E,
    0xA5, 0xEA, 0xF7, 0xFE, 0xFF, 0xFF, 0xFF, 0xFF, 0xFF, 0xFF, 0xFF, 0xFE,
    0xF7, 0xE8, 0x8C, 0x38, 0x00, 0x00, 0x00, 0x00, 0x00, 0x00, 0x00, 0x00,
    0x00, 0x00, 0x00, 0x00, 0x00, 0x00, 0x00, 0x00, 0x00, 0x00, 0x00, 0x00,
    0x00, 0x00, 0x00, 0x00, 0x00, 0x00, 0x06, 0x01, 0x2B, 0xC9, 0xFF, 0xFF,
    0xFE, 0xFF, 0xFF, 0xFF, 0xFF, 0xFF, 0xFF, 0xFF, 0xFF, 0xFF, 0xFF, 0xFF,
    0xFF, 0xFF, 0xFF, 0xFF, 0xFF, 0xFF, 0xFF, 0xFF, 0xFF, 0xFF, 0xFF, 0xFF,
    0xFF, 0xFF, 0xFF, 0xFF, 0xFF, 0xFF, 0xFF, 0xFF, 0xFF, 0xFF, 0xFF, 0xFF,
    0xFF, 0xFF, 0xFF, 0xFF, 0xFF, 0xFF, 0xFF, 0xFF, 0xFF, 0xFF, 0xFF, 0xFF,
    0xFF, 0xFF, 0xFF, 0xFF, 0xFF, 0xFF, 0xFF, 0xFF, 0xFF, 0xFF, 0xFF, 0xF8,
    0x7C, 0x00, 0x05, 0x00, 0x00, 0x00, 0x00, 0x00, 0x00, 0x00, 0x00, 0x00,
    0x00, 0x00, 0x00, 0x00, 0x00, 0x00, 0x00, 0x00, 0x00, 0x00, 0x00, 0x00,
    0x00, 0x00, 0x00, 0x00, 0x00, 0x00, 0x00, 0x00, 0x00, 0x00, 0x00, 0x00,
    0x00, 0x00, 0x00, 0x00, 0x00, 0x00, 0x00, 0x00, 0x00, 0x00, 0x00, 0x00,
    0x00, 0x00, 0x00, 0x02, 0x0B, 0x2B, 0x7B, 0xDB, 0xFF, 0xFD, 0xFF, 0xFF,
    0xFD, 0xFF, 0xFF, 0xD2, 0x7E, 0x2E, 0x09, 0x02, 0x00, 0x00, 0x00, 0x00,
    0x00, 0x00, 0x00, 0x00, 0x00, 0x00, 0x00, 0x00, 0x00, 0x00, 0x00, 0x00,
    0x00, 0x00, 0x00, 0x00, 0x00, 0x00, 0x00, 0x00, 0x00, 0x01, 0x03, 0x00,
    0x56, 0xFA, 0xFF, 0xFD, 0xFF, 0xFF, 0xFF, 0xFF, 0xFF, 0xFF, 0xFF, 0xFF,
    0xFF, 0xFF, 0xFF, 0xFF, 0xFF, 0xFF, 0xFF, 0xFF, 0xFF, 0xFF, 0xFF, 0xFF,
    0xFF, 0xFF, 0xFF, 0xFF, 0xFF, 0xFF, 0xFF, 0xFF, 0xFF, 0xFF, 0xFF, 0xFF,
    0xFF, 0xFF, 0xFF, 0xFF, 0xFF, 0xFF, 0xFF, 0xFF, 0xFF, 0xFF, 0xFF, 0xFF,
    0xFF, 0xFF, 0xFF, 0xFF, 0xFF, 0xFF, 0xFF, 0xFF, 0xFF, 0xFF, 0xFF, 0xFF,
    0xFF, 0xFF, 0xFC, 0xFF, 0xE8, 0x68, 0x00, 0x03, 0x02, 0x00, 0x00, 0x00,
    0x00, 0x00, 0x00, 0x00, 0x00, 0x00, 0x00, 0x00, 0x00, 0x00, 0x00, 0x00,
    0x00, 0x00, 0x00, 0x00, 0x00, 0x00, 0x00, 0x00, 0x00, 0x00, 0x00, 0x00,
    0x00, 0x00, 0x00, 0x00, 0x00, 0x00, 0x00, 0x00, 0x00, 0x00, 0x00, 0x00,
    0x00, 0x00, 0x00, 0x00, 0x00, 0x00, 0x00, 0x00, 0x00, 0x00, 0x13, 0x33,
    0x8C, 0xFF, 0xFF, 0xF9, 0xFD, 0xE8, 0x86, 0x32, 0x12, 0x00, 0x00, 0x00,
    0x00, 0x00, 0x00, 0x00, 0x00, 0x00, 0x00, 0x00, 0x00, 0x00, 0x00, 0x00,
    0x00, 0x00, 0x00, 0x00, 0x00, 0x00, 0x00, 0x00, 0x00, 0x00, 0x00, 0x00,
    0x00, 0x02, 0x02, 0x1E, 0x9C, 0xFF, 0xFF, 0xFD, 0xFF, 0xFF, 0xFF, 0xFF,
    0xFF, 0xFF, 0xFF, 0xFF, 0xFF, 0xFF, 0xFF, 0xFF, 0xFF, 0xFF, 0xFF, 0xFF,
    0xFF, 0xFF, 0xFF, 0xFF, 0xFF, 0xFF, 0xFF, 0xFF, 0xFF, 0xFF, 0xFF, 0xFF,
    0xFF, 0xFF, 0xFF, 0xFF, 0xFF, 0xFF, 0xFF, 0xFF, 0xFF, 0xFF, 0xFF, 0xFF,
    0xFF, 0xFF, 0xFF, 0xFF, 0xFF, 0xFF, 0xFF, 0xFF, 0xFF, 0xFF, 0xFF, 0xFF,
    0xFF, 0xFF, 0xFF, 0xFF, 0xFF, 0xFF, 0xFF, 0xF9, 0xFF, 0xD7, 0x44, 0x00,
    0x01, 0x03, 0x00, 0x00, 0x00, 0x00, 0x00, 0x00, 0x00, 0x00, 0x00, 0x00,
    0x00, 0x00, 0x00, 0x00, 0x00, 0x00, 0x00, 0x00, 0x00, 0x00, 0x00, 0x00,
    0x00, 0x00, 0x00, 0x00, 0x00, 0x00, 0x00, 0x00, 0x00, 0x00, 0x00, 0x00,
    0x00, 0x00, 0x00, 0x00, 0x00, 0x00, 0x00, 0x00, 0x00, 0x00, 0x00, 0x02,
    0x04, 0x03, 0x00, 0x00, 0x33, 0xE6, 0xFE, 0xFA, 0xFF, 0xC9, 0x15, 0x00,
    0x00, 0x03, 0x04, 0x02, 0x00, 0x00, 0x00, 0x00, 0x00, 0x00, 0x00, 0x00,
    0x00, 0x00, 0x00, 0x00, 0x00, 0x00, 0x00, 0x00, 0x00, 0x00, 0x00, 0x00,
    0x00, 0x00, 0x00, 0x00, 0x00, 0x03, 0x00, 0x59, 0xE1, 0xFD, 0xFF, 0xFE,
    0xFF, 0xFF, 0xFF, 0xFF, 0xFF, 0xFF, 0xFF, 0xFF, 0xFF, 0xFF, 0xFF, 0xFF,
    0xFF, 0xFF, 0xFF, 0xFF, 0xFF, 0xFF, 0xFF, 0xFF, 0xFF, 0xFF, 0xFF, 0xFF,
    0xFF, 0xFF, 0xFF, 0xFF, 0xFF, 0xFF, 0xFF, 0xFF, 0xFF, 0xFF, 0xFF, 0xFF,
    0xFF, 0xFF, 0xFF, 0xFF, 0xFF, 0xFF, 0xFF, 0xFF, 0xFF, 0xFF, 0xFF, 0xFF,
    0xFF, 0xFF, 0xFF, 0xFF, 0xFF, 0xFF, 0xFF, 0xFF, 0xFF, 0xFF, 0xFF, 0xFD,
    0xFB, 0xFE, 0xC6, 0x25, 0x00, 0x04, 0x01, 0x00, 0x00, 0x00, 0x00, 0x00,
    0x00, 0x00, 0x00, 0x00, 0x00, 0x00, 0x00, 0x00, 0x00, 0x00, 0x00, 0x00,
    0x00, 0x00, 0x00, 0x00, 0x00, 0x00, 0x00, 0x00, 0x00, 0x00, 0x00, 0x00,
    0x00, 0x00, 0x00, 0x00, 0x00, 0x00, 0x00, 0x00, 0x00, 0x00, 0x00, 0x00,
    0x00, 0x00, 0x00, 0x00, 0x00, 0x01, 0x08, 0x06, 0x20, 0xA2, 0xFB, 0xFF,
    0xF8, 0x9E, 0x00, 0x06, 0x06, 0x01, 0x00, 0x00, 0x00, 0x00, 0x00, 0x00,
    0x00, 0x00, 0x00, 0x00, 0x00, 0x00, 0x00, 0x00, 0x00, 0x00, 0x00, 0x00,
    0x00, 0x00, 0x00, 0x00, 0x00, 0x00, 0x00, 0x00, 0x00, 0x03, 0x04, 0x8D,
    0xFF, 0xFC, 0xFF, 0xFF, 0xFF, 0xFF, 0xFF, 0xFF, 0xFF, 0xFF, 0xFF, 0xFF,
    0xFF, 0xFF, 0xFF, 0xFF, 0xFF, 0xFF, 0xFF, 0xFF, 0xFF, 0xFF, 0xFF, 0xFF,
    0xFF, 0xFF, 0xFF, 0xFF, 0xFF, 0xFF, 0xFF, 0xFF, 0xFF, 0xFF, 0xFF, 0xFF,
    0xFF, 0xFF, 0xFF, 0xFF, 0xFF, 0xFF, 0xFF, 0xFF, 0xFF, 0xFF, 0xFF, 0xFF,
    0xFF, 0xFF, 0xFF, 0xFF, 0xFF, 0xFF, 0xFF, 0xFF, 0xFF, 0xFF, 0xFF, 0xFF,
    0xFF, 0xFF, 0xFF, 0xFF, 0xFC, 0xFE, 0xFB, 0x97, 0x1B, 0x00, 0x04, 0x00,
    0x00, 0x00, 0x00, 0x00, 0x00, 0x00, 0x00, 0x00, 0x00, 0x00, 0x00, 0x00,
    0x00, 0x00, 0x00, 0x00, 0x00, 0x00, 0x00, 0x00, 0x00, 0x00, 0x00, 0x00,
    0x00, 0x00, 0x00, 0x00, 0x00, 0x00, 0x00, 0x00, 0x00, 0x00, 0x00, 0x00,
    0x00, 0x00, 0x00, 0x00, 0x00, 0x00, 0x00, 0x00, 0x00, 0x00, 0x03, 0x00,
    0x08, 0x5A, 0xF2, 0xFF, 0xD3, 0x5C, 0x01, 0x00, 0x02, 0x00, 0x00, 0x00,
    0x00, 0x00, 0x00, 0x00, 0x00, 0x00, 0x00, 0x00, 0x00, 0x00, 0x00, 0x00,
    0x00, 0x00, 0x00, 0x00, 0x00, 0x00, 0x00, 0x00, 0x00, 0x00, 0x00, 0x01,
    0x00, 0x02, 0x45, 0xC7, 0xFF, 0xFD, 0xFF, 0xFF, 0xFF, 0xFF, 0xFF, 0xFF,
    0xFF, 0xFF, 0xFF, 0xFF, 0xFF, 0xFF, 0xFF, 0xFF, 0xFF, 0xFF, 0xFF, 0xFF,
    0xFF, 0xFF, 0xFF, 0xFF, 0xFF, 0xFF, 0xFF, 0xFF, 0xFF, 0xFF, 0xFF, 0xFF,
    0xFF, 0xFF, 0xFF, 0xFF, 0xFF, 0xFF, 0xFF, 0xFF, 0xFF, 0xFF, 0xFF, 0xFF,
    0xFF, 0xFF, 0xFF, 0xFF, 0xFF, 0xFF, 0xFF, 0xFF, 0xFF, 0xFF, 0xFF, 0xFF,
    0xFF, 0xFF, 0xFF, 0xFF, 0xFF, 0xFF, 0xFF, 0xFF, 0xFF, 0xFD, 0xFF, 0xF9,
    0x6C, 0x07, 0x02, 0x01, 0x00, 0x00, 0x00, 0x00, 0x00, 0x00, 0x00, 0x00,
    0x00, 0x00, 0x00, 0x00, 0x00, 0x00, 0x00, 0x00, 0x00, 0x00, 0x00, 0x00,
    0x00, 0x00, 0x00, 0x00, 0x00, 0x00, 0x00, 0x00, 0x00, 0x00, 0x00, 0x00,
    0x00, 0x00, 0x00, 0x00, 0x00, 0x00, 0x00, 0x00, 0x00, 0x00, 0x00, 0x00,
    0x00, 0x00, 0x00, 0x05, 0x00, 0x1A, 0xDC, 0xFC, 0xA5, 0x1C, 0x00, 0x00,
    0x01, 0x00, 0x00, 0x00, 0x00, 0x00, 0x00, 0x00, 0x00, 0x00, 0x00, 0x00,
    0x00, 0x00, 0x00, 0x00, 0x00, 0x00, 0x00, 0x00, 0x00, 0x00, 0x00, 0x00,
    0x00, 0x00, 0x00, 0x02, 0x00, 0x00, 0x90, 0xF6, 0xFC, 0xFF, 0xFF, 0xFF,
    0xFF, 0xFF, 0xFF, 0xFF, 0xFF, 0xFF, 0xFF, 0xFF, 0xFF, 0xFF, 0xFF, 0xFF,
    0xFF, 0xFF, 0xFF, 0xFF, 0xFF, 0xFF, 0xFF, 0xFF, 0xFF, 0xFF, 0xFF, 0xFF,
    0xFF, 0xFF, 0xFF, 0xFF, 0xFF, 0xFF, 0xFF, 0xFF, 0xFF, 0xFF, 0xFF, 0xFF,
    0xFF, 0xFF, 0xFF, 0xFF, 0xFF, 0xFF, 0xFF, 0xFF, 0xFF, 0xFF, 0xFF, 0xFF,
    0xFF, 0xFF, 0xFF, 0xFF, 0xFF, 0xFF, 0xFF, 0xFF, 0xFF, 0xFF, 0xFF, 0xFF,
    0xFF, 0xFE, 0xFF, 0xFF, 0xE3, 0x53, 0x00, 0x05, 0x00, 0x00, 0x00, 0x00,
    0x00, 0x00, 0x00, 0x00, 0x00, 0x00, 0x00, 0x00, 0x00, 0x00, 0x00, 0x00,
    0x00, 0x00, 0x00, 0x00, 0x00, 0x00, 0x00, 0x00, 0x00, 0x00, 0x00, 0x00,
    0x00, 0x00, 0x01, 0x00, 0x00, 0x00, 0x00, 0x00, 0x00, 0x00, 0x00, 0x00,
    0x00, 0x00, 0x00, 0x00, 0x00, 0x00, 0x00, 0x05, 0x00, 0x09, 0xA7, 0xFF,
    0x87, 0x01, 0x03, 0x00, 0x00, 0x00, 0x00, 0x00, 0x00, 0x00, 0x00, 0x00,
    0x00, 0x00, 0x00, 0x00, 0x00, 0x00, 0x00, 0x00, 0x00, 0x00, 0x00, 0x00,
    0x00, 0x00, 0x00, 0x00, 0x00, 0x00, 0x01, 0x01, 0x02, 0x1C, 0xC4, 0xFF,
    0xFA, 0xFF, 0xFF, 0xFF, 0xFF, 0xFF, 0xFF, 0xFF, 0xFF, 0xFF, 0xFF, 0xFF,
    0xFF, 0xFF, 0xFF, 0xFF, 0xFF, 0xFF, 0xFF, 0xFF, 0xFF, 0xFF, 0xFF, 0xFF,
    0xFF, 0xFF, 0xFF, 0xFF, 0xFF, 0xFF, 0xFF, 0xFF, 0xFF, 0xFF, 0xFF, 0xFF,
    0xFF, 0xFF, 0xFF, 0xFF, 0xFF, 0xFF, 0xFF, 0xFF, 0xFF, 0xFF, 0xFF, 0xFF,
    0xFF, 0xFF, 0xFF, 0xFF, 0xFF, 0xFF, 0xFF, 0xFF, 0xFF, 0xFF, 0xFF, 0xFF,
    0xFF, 0xFF, 0xFF, 0xFF, 0xFF, 0xFF, 0xFF, 0xFA, 0xFF, 0xB4, 0x28, 0x00,
    0x01, 0x01, 0x00, 0x00, 0x00, 0x00, 0x00, 0x00, 0x00, 0x00, 0x00, 0x00,
    0x00, 0x00, 0x00, 0x00, 0x00, 0x00, 0x00, 0x00, 0x00, 0x00, 0x00, 0x00,
    0x00, 0x00, 0x00, 0x02, 0x05, 0x05, 0x03, 0x04, 0x05, 0x03, 0x00, 0x00,
    0x00, 0x00, 0x00, 0x00, 0x00, 0x00, 0x00, 0x00, 0x00, 0x00, 0x00, 0x02,
    0x00, 0x06, 0x45, 0x92, 0x46, 0x00, 0x03, 0x00, 0x00, 0x00, 0x00, 0x00,
    0x00, 0x00, 0x00, 0x00, 0x00, 0x00, 0x00, 0x00, 0x00, 0x00, 0x00, 0x00,
    0x00, 0x00, 0x00, 0x00, 0x00, 0x00, 0x00, 0x00, 0x00, 0x00, 0x03, 0x00,
    0x03, 0x6E, 0xE8, 0xFE, 0xFB, 0xFF, 0xFF, 0xFF, 0xFF, 0xFF, 0xFF, 0xFF,
    0xFF, 0xFF, 0xFF, 0xFF, 0xFF, 0xFF, 0xFF, 0xFF, 0xFF, 0xFF, 0xFF, 0xFF,
    0xFF, 0xFF, 0xFF, 0xFF, 0xFF, 0xFF, 0xFF, 0xFF, 0xFF, 0xFF, 0xFF, 0xFF,
    0xFF, 0xFF, 0xFF, 0xFF, 0xFF, 0xFF, 0xFF, 0xFF, 0xFF, 0xFF, 0xFF, 0xFF,
    0xFF, 0xFF, 0xFF, 0xFF, 0xFF, 0xFF, 0xFF, 0xFF, 0xFF, 0xFF, 0xFF, 0xFF,
    0xFF, 0xFF, 0xFF, 0xFF, 0xFF, 0xFF, 0xFF, 0xFF, 0xFF, 0xFF, 0xFF, 0xFE,
    0xF9, 0xEF, 0x8C, 0x04, 0x00, 0x02, 0x00, 0x00, 0x00, 0x00, 0x00, 0x00,
    0x00, 0x00, 0x00, 0x00, 0x00, 0x00, 0x00, 0x00, 0x00, 0x00, 0x00, 0x00,
    0x00, 0x00, 0x00, 0x00, 0x00, 0x00, 0x02, 0x00, 0x00, 0x00, 0x00, 0x00,
    0x00, 0x00, 0x01, 0x00, 0x00, 0x00, 0x00, 0x00, 0x00, 0x00, 0x00, 0x00,
    0x00, 0x00, 0x00, 0x00, 0x00, 0x00, 0x01, 0x0A, 0x09, 0x01, 0x00, 0x00,
    0x00, 0x00, 0x00, 0x00, 0x00, 0x00, 0x00, 0x00, 0x00, 0x00, 0x00, 0x00,
    0x00, 0x00, 0x00, 0x00, 0x00, 0x00, 0x00, 0x00, 0x00, 0x00, 0x00, 0x00,
    0x00, 0x00, 0x05, 0x00, 0x10, 0xC0, 0xFF, 0xFF, 0xFD, 0xFF, 0xFF, 0xFF,
    0xFF, 0xFF, 0xFF, 0xFF, 0xFF, 0xFF, 0xFF, 0xFF, 0xFF, 0xFF, 0xFF, 0xFF,
    0xFF, 0xFF, 0xFF, 0xFF, 0xFF, 0xFF, 0xFF, 0xFF, 0xFF, 0xFF, 0xFF, 0xFF,
    0xFF, 0xFF, 0xFF, 0xFF, 0xFF, 0xFF, 0xFF, 0xFF, 0xFF, 0xFF, 0xFF, 0xFF,
    0xFF, 0xFF, 0xFF, 0xFF, 0xFF, 0xFF, 0xFF, 0xFF, 0xFF, 0xFF, 0xFF, 0xFF,
    0xFF, 0xFF, 0xFF, 0xFF, 0xFF, 0xFF, 0xFF, 0xFF, 0xFF, 0xFF, 0xFF, 0xFF,
    0xFF, 0xFF, 0xFF, 0xFF, 0xF9, 0xFF, 0xDC, 0x49, 0x00, 0x00, 0x02, 0x00,
    0x00, 0x00, 0x00, 0x00, 0x00, 0x00, 0x00, 0x00, 0x00, 0x00, 0x00, 0x00,
    0x00, 0x00, 0x00, 0x00, 0x00, 0x00, 0x00, 0x00, 0x00, 0x00, 0x00, 0x02,
    0x0C, 0x1A, 0x2C, 0x20, 0x0F, 0x04, 0x00, 0x00, 0x00, 0x00, 0x00, 0x00,
    0x00, 0x00, 0x00, 0x00, 0x00, 0x00, 0x00, 0x00, 0x00, 0x00, 0x01, 0x01,
    0x00, 0x00, 0x00, 0x00, 0x00, 0x00, 0x00, 0x00, 0x00, 0x00, 0x00, 0x00,
    0x00, 0x00, 0x00, 0x00, 0x00, 0x00, 0x00, 0x00, 0x00, 0x00, 0x00, 0x00,
    0x00, 0x00, 0x00, 0x00, 0x00, 0x02, 0x00, 0x00, 0x42, 0xF0, 0xFF, 0xFA,
    0xFF, 0xFF, 0xFF, 0xFF, 0xFF, 0xFF, 0xFF, 0xFF, 0xFF, 0xFF, 0xFF, 0xFF,
    0xFF, 0xFF, 0xFF, 0xFF, 0xFF, 0xFF, 0xFF, 0xFF, 0xFF, 0xFF, 0xFF, 0xFF,
    0xFF, 0xFF, 0xFF, 0xFF, 0xFF, 0xFF, 0xFF, 0xFF, 0xFF, 0xFF, 0xFF, 0xFF,
    0xFF, 0xFF, 0xFF, 0xFF, 0xFF, 0xFF, 0xFF, 0xFF, 0xFF, 0xFF, 0xFF, 0xFF,
    0xFF, 0xFF, 0xFF, 0xFF, 0xFF, 0xFF, 0xFF, 0xFF, 0xFF, 0xFF, 0xFF, 0xFF,
    0xFF, 0xFF, 0xFF, 0xFF, 0xFF, 0xFF, 0xFF, 0xFF, 0xFD, 0xFD, 0xFE, 0xCD,
    0x14, 0x00, 0x05, 0x01, 0x00, 0x00, 0x00, 0x00, 0x00, 0x00, 0x00, 0x00,
    0x00, 0x00, 0x00, 0x00, 0x00, 0x00, 0x00, 0x00, 0x00, 0x00, 0x00, 0x00,
    0x00, 0x04, 0x00, 0x3E, 0xB0, 0xE7, 0xEF, 0xED, 0xC5, 0x5D, 0x00, 0x01,
    0x00, 0x00, 0x00, 0x00, 0x00, 0x00, 0x00, 0x00, 0x00, 0x00, 0x00, 0x00,
    0x00, 0x00, 0x00, 0x00, 0x00, 0x00, 0x00, 0x00, 0x00, 0x00, 0x00, 0x00,
    0x00, 0x00, 0x00, 0x00, 0x00, 0x00, 0x00, 0x00, 0x00, 0x00, 0x00, 0x00,
    0x00, 0x00, 0x00, 0x00, 0x00, 0x00, 0x00, 0x00, 0x00, 0x04, 0x01, 0x1A,
    0x98, 0xFD, 0xFF, 0xFC, 0xFF, 0xFF, 0xFF, 0xFF, 0xFF, 0xFF, 0xFF, 0xFF,
    0xFF, 0xFF, 0xFF, 0xFF, 0xFF, 0xFF, 0xFF, 0xFF, 0xFF, 0xFF, 0xFF, 0xFF,
    0xFF, 0xFF, 0xFF, 0xFF, 0xFF, 0xFF, 0xFF, 0xFF, 0xFF, 0xFF, 0xFF, 0xFF,
    0xFF, 0xFF, 0xFF, 0xFF, 0xFF, 0xFF, 0xFF, 0xFF, 0xFF, 0xFF, 0xFF, 0xFF,
    0xFF, 0xFF, 0xFF, 0xFF, 0xFF, 0xFF, 0xFF, 0xFF, 0xFF, 0xFF, 0xFF, 0xFF,
    0xFF, 0xFF, 0xFF, 0xFF, 0xFF, 0xFF, 0xFF, 0xFF, 0xFF, 0xFF, 0xFF, 0xFF,
    0xFF, 0xFD, 0xFF, 0xFF, 0xC1, 0x1C, 0x00, 0x06, 0x00, 0x00, 0x00, 0x00,
    0x00, 0x00, 0x00, 0x00, 0x00, 0x00, 0x00, 0x00, 0x00, 0x00, 0x00, 0x00,
    0x00, 0x00, 0x00, 0x02, 0x00, 0x00, 0x63, 0xD2, 0xFD, 0xFF, 0xFF, 0xFF,
    0xFF, 0xE0, 0x86, 0x06, 0x00, 0x03, 0x00, 0x00, 0x00, 0x00, 0x00, 0x00,
    0x00, 0x00, 0x00, 0x00, 0x00, 0x00, 0x00, 0x00, 0x00, 0x00, 0x00, 0x00,
    0x00, 0x00, 0x00, 0x00, 0x00, 0x00, 0x00, 0x00, 0x00, 0x00, 0x00, 0x00,
    0x00, 0x00, 0x00, 0x00, 0x00, 0x00, 0x00, 0x00, 0x00, 0x00, 0x00, 0x00,
    0x00, 0x05, 0x00, 0x3B, 0xE6, 0xFE, 0xFE, 0xFE, 0xFF, 0xFF, 0xFF, 0xFF,
    0xFF, 0xFF, 0xFF, 0xFF, 0xFF, 0xFF, 0xFF, 0xFF, 0xFF, 0xFF, 0xFF, 0xFF,
    0xFF, 0xFF, 0xFF, 0xFF, 0xFF, 0xFF, 0xFF, 0xFF, 0xFF, 0xFF, 0xFF, 0xFF,
    0xFF, 0xFF, 0xFF, 0xFF, 0xFF, 0xFF, 0xFF, 0xFF, 0xFF, 0xFF, 0xFF, 0xFF,
    0xFF, 0xFF, 0xFF, 0xFF, 0xFF, 0xFF, 0xFF, 0xFF, 0xFF, 0xFF, 0xFF, 0xFF,
    0xFF, 0xFF, 0xFF, 0xFF, 0xFF, 0xFF, 0xFF, 0xFF, 0xFF, 0xFF, 0xFF, 0xFF,
    0xFF, 0xFF, 0xFF, 0xFF, 0xFF, 0xFF, 0xFD, 0xFF, 0xFF, 0xA1, 0x2E, 0x06,
    0x02, 0x00, 0x00, 0x00, 0x00, 0x00, 0x00, 0x00, 0x00, 0x00, 0x00, 0x00,
    0x00, 0x00, 0x00, 0x00, 0x00, 0x00, 0x01, 0x01, 0x01, 0x26, 0xC7, 0xFF,
    0xFE, 0xF9, 0xF9, 0xF8, 0xFC, 0xFF, 0xEC, 0x44, 0x06, 0x02, 0x01, 0x00,
    0x00, 0x00, 0x00, 0x00, 0x00, 0x00, 0x00, 0x00, 0x00, 0x00, 0x00, 0x00,
    0x00, 0x00, 0x00, 0x00, 0x00, 0x00, 0x00, 0x00, 0x00, 0x00, 0x00, 0x00,
    0x00, 0x00, 0x00, 0x00, 0x00, 0x00, 0x00, 0x00, 0x00, 0x00, 0x00, 0x00,
    0x00, 0x00, 0x00, 0x00, 0x00, 0x03, 0x0A, 0x71, 0xFF, 0xFF, 0xFD, 0xFF,
    0xFF, 0xFF, 0xFF, 0xFF, 0xFF, 0xFF, 0xFF, 0xFF, 0xFF, 0xFF, 0xFF, 0xFF,
    0xFF, 0xFF, 0xFF, 0xFF, 0xFF, 0xFF, 0xFF, 0xFF, 0xFF, 0xFF, 0xFF, 0xFF,
    0xFF, 0xFF, 0xFF, 0xFF, 0xFF, 0xFF, 0xFF, 0xFF, 0xFF, 0xFF, 0xFF, 0xFF,
    0xFF, 0xFF, 0xFF, 0xFF, 0xFF, 0xFF, 0xFF, 0xFF, 0xFF, 0xFF, 0xFF, 0xFF,
    0xFF, 0xFF, 0xFF, 0xFF, 0xFF, 0xFF, 0xFF, 0xFF, 0xFF, 0xFF, 0xFF, 0xFF,
    0xFF, 0xFF, 0xFF, 0xFF, 0xFF, 0xFF, 0xFF, 0xFF, 0xFF, 0xFF, 0xFF, 0xFE,
    0xF7, 0xFF, 0x78, 0x00, 0x04, 0x00, 0x00, 0x00, 0x00, 0x00, 0x00, 0x00,
    0x00, 0x00, 0x00, 0x00, 0x00, 0x00, 0x00, 0x00, 0x00, 0x00, 0x04, 0x00,
    0x06, 0x77, 0xEA, 0xFA, 0xF8, 0xFF, 0xFF, 0xFF, 0xFA, 0xFA, 0xFA, 0x9B,
    0x1A, 0x00, 0x04, 0x00, 0x00, 0x00, 0x00, 0x00, 0x00, 0x00, 0x00, 0x00,
    0x00, 0x00, 0x00, 0x00, 0x00, 0x00, 0x00, 0x00, 0x00, 0x00, 0x00, 0x00,
    0x00, 0x00, 0x00, 0x00, 0x00, 0x00, 0x00, 0x00, 0x00, 0x00, 0x00, 0x00,
    0x00, 0x00, 0x00, 0x00, 0x00, 0x00, 0x00, 0x00, 0x02, 0x00, 0x3C, 0xBF,
    0xFE, 0xFF, 0xFE, 0xFF, 0xFF, 0xFF, 0xFF, 0xFF, 0xFF, 0xFF, 0xFF, 0xFF,
    0xFF, 0xFF, 0xFF, 0xFF, 0xFF, 0xFF, 0xFF, 0xFF, 0xFF, 0xFF, 0xFF, 0xFF,
    0xFF, 0xFF, 0xFF, 0xFF, 0xFF, 0xFF, 0xFF, 0xFF, 0xFF, 0xFF, 0xFF, 0xFF,
    0xFF, 0xFF, 0xFF, 0xFF, 0xFF, 0xFF, 0xFF, 0xFF, 0xFF, 0xFF, 0xFF, 0xFF,
    0xFF, 0xFF, 0xFF, 0xFF, 0xFF, 0xFF, 0xFF, 0xFF, 0xFF, 0xFF, 0xFF, 0xFF,
    0xFF, 0xFF, 0xFF, 0xFF, 0xFF, 0xFF, 0xFF, 0xFF, 0xFF, 0xFF, 0xFF, 0xFF,
    0xFF, 0xFF, 0xFF, 0xFF, 0xFB, 0xFD, 0x9D, 0x0A, 0x02, 0x00, 0x00, 0x00,
    0x00, 0x00, 0x00, 0x00, 0x00, 0x00, 0x00, 0x00, 0x00, 0x00, 0x00, 0x00,
    0x00, 0x00, 0x04, 0x00, 0x0B, 0xA6, 0xF8, 0xFF, 0xFD, 0xFF, 0xFF, 0xFF,
    0xFD, 0xFF, 0xFD, 0xCA, 0x2D, 0x00, 0x06, 0x00, 0x00, 0x00, 0x00, 0x00,
    0x00, 0x00, 0x00, 0x00, 0x00, 0x00, 0x00, 0x00, 0x00, 0x00, 0x00, 0x00,
    0x00, 0x00, 0x00, 0x00, 0x00, 0x00, 0x00, 0x00, 0x00, 0x00, 0x00, 0x00,
    0x00, 0x00, 0x00, 0x00, 0x00, 0x00, 0x00, 0x00, 0x00, 0x00, 0x00, 0x00,
    0x03, 0x00, 0x73, 0xFC, 0xFC, 0xFF, 0xFF, 0xFF, 0xFF, 0xFF, 0xFF, 0xFF,
    0xFF, 0xFF, 0xFF, 0xFF, 0xFF, 0xFF, 0xFF, 0xFF, 0xFF, 0xFF, 0xFF, 0xFF,
    0xFF, 0xFF, 0xFF, 0xFF, 0xFF, 0xFF, 0xFF, 0xFF, 0xFF, 0xFF, 0xFF, 0xFF,
    0xFF, 0xFF, 0xFF, 0xFF, 0xFF, 0xFF, 0xFF, 0xFF, 0xFF, 0xFF, 0xFF, 0xFF,
    0xFF, 0xFF, 0xFF, 0xFF, 0xFF, 0xFF, 0xFF, 0xFF, 0xFF, 0xFF, 0xFF, 0xFF,
    0xFF, 0xFF, 0xFF, 0xFF, 0xFF, 0xFF, 0xFF, 0xFF, 0xFF, 0xFF, 0xFF, 0xFF,
    0xFF, 0xFF, 0xFF, 0xFF, 0xFF, 0xFF, 0xFF, 0xFF, 0xFD, 0xFF, 0xDB, 0x61,
    0x01, 0x00, 0x02, 0x00, 0x00, 0x00, 0x00, 0x00, 0x00, 0x00, 0x00, 0x00,
    0x00, 0x00, 0x00, 0x00, 0x00, 0x00, 0x05, 0x00, 0x0C, 0xAD, 0xFB, 0xFF,
    0xFD, 0xFF, 0xFF, 0xFF, 0xFD, 0xFF, 0xFF, 0xD1, 0x2F, 0x00, 0x06, 0x00,
    0x00, 0x00, 0x00, 0x00, 0x00, 0x00, 0x00, 0x00, 0x00, 0x00, 0x00, 0x00,
    0x00, 0x00, 0x00, 0x00, 0x00, 0x00, 0x00, 0x00, 0x00, 0x00, 0x00, 0x00,
    0x00, 0x00, 0x00, 0x00, 0x00, 0x00, 0x00, 0x00, 0x00, 0x00, 0x00, 0x00,
    0x00, 0x00, 0x01, 0x00, 0x02, 0x22, 0xA8, 0xFF, 0xFC, 0xFF, 0xFF, 0xFF,
    0xFF, 0xFF, 0xFF, 0xFF, 0xFF, 0xFF, 0xFF, 0xFF, 0xFF, 0xFF, 0xFF, 0xFF,
    0xFF, 0xFF, 0xFF, 0xFF, 0xFF, 0xFF, 0xFF, 0xFF, 0xFF, 0xFF, 0xFF, 0xFF,
    0xFF, 0xFF, 0xFF, 0xFF, 0xFF, 0xFF, 0xFF, 0xFF, 0xFF, 0xFF, 0xFF, 0xFF,
    0xFF, 0xFF, 0xFF, 0xFF, 0xFF, 0xFF, 0xFF, 0xFF, 0xFF, 0xFF, 0xFF, 0xFF,
    0xFF, 0xFF, 0xFF, 0xFF, 0xFF, 0xFF, 0xFF, 0xFF, 0xFF, 0xFF, 0xFF, 0xFF,
    0xFF, 0xFF, 0xFF, 0xFF, 0xFF, 0xFF, 0xFF, 0xFF, 0xFF, 0xFF, 0xFF, 0xFF,
    0xFF, 0xFC, 0xFC, 0x9A, 0x00, 0x00, 0x02, 0x00, 0x00, 0x00, 0x00, 0x00,
    0x00, 0x00, 0x00, 0x00, 0x00, 0x00, 0x00, 0x00, 0x00, 0x00, 0x04, 0x00,
    0x09, 0x91, 0xEF, 0xFC, 0xFC, 0xFF, 0xFF, 0xFF, 0xFC, 0xFD, 0xF9, 0xB4,
    0x25, 0x00, 0x05, 0x00, 0x00, 0x00, 0x00, 0x00, 0x00, 0x00, 0x00, 0x00,
    0x00, 0x00, 0x00, 0x00, 0x00, 0x00, 0x00, 0x00, 0x00, 0x00, 0x00, 0x00,
    0x00, 0x00, 0x00, 0x00, 0x00, 0x00, 0x00, 0x00, 0x00, 0x00, 0x00, 0x00,
    0x00, 0x00, 0x00, 0x00, 0x00, 0x00, 0x02, 0x00, 0x00, 0x67, 0xE4, 0xFD,
    0xFD, 0xFF, 0xFF, 0xFF, 0xFF, 0xFF, 0xFF, 0xFF, 0xFF, 0xFF, 0xFF, 0xFF,
    0xFF, 0xFF, 0xFF, 0xFF, 0xFF, 0xFF, 0xFF, 0xFF, 0xFF, 0xFF, 0xFF, 0xFF,
    0xFF, 0xFF, 0xFF, 0xFF, 0xFF, 0xFF, 0xFF, 0xFF, 0xFF, 0xFF, 0xFF, 0xFF,
    0xFF, 0xFF, 0xFF, 0xFF, 0xFF, 0xFF, 0xFF, 0xFF, 0xFF, 0xFF, 0xFF, 0xFF,
    0xFF, 0xFF, 0xFF, 0xFF, 0xFF, 0xFF, 0xFF, 0xFF, 0xFF, 0xFF, 0xFF, 0xFF,
    0xFF, 0xFF, 0xFF, 0xFF, 0xFF, 0xFF, 0xFF, 0xFF, 0xFF, 0xFF, 0xFF, 0xFF,
    0xFF, 0xFF, 0xFF, 0xFF, 0xFF, 0xFA, 0xFF, 0xC0, 0x17, 0x01, 0x01, 0x01,
    0x00, 0x00, 0x00, 0x00, 0x00, 0x00, 0x00, 0x00, 0x00, 0x00, 0x00, 0x00,
    0x00, 0x00, 0x02, 0x00, 0x03, 0x40, 0xE0, 0xFF, 0xF5, 0xFB, 0xFB, 0xFB,
    0xF6, 0xFF, 0xFF, 0x64, 0x0D, 0x01, 0x02, 0x00, 0x00, 0x00, 0x00, 0x00,
    0x00, 0x00, 0x00, 0x00, 0x00, 0x00, 0x00, 0x00, 0x00, 0x00, 0x00, 0x00,
    0x00, 0x00, 0x00, 0x00, 0x00, 0x00, 0x00, 0x00, 0x00, 0x00, 0x00, 0x00,
    0x00, 0x00, 0x00, 0x00, 0x00, 0x00, 0x00, 0x00, 0x00, 0x00, 0x02, 0x00,
    0x07, 0xAB, 0xFF, 0xFC, 0xFE, 0xFF, 0xFF, 0xFF, 0xFF, 0xFF, 0xFF, 0xFF,
    0xFF, 0xFF, 0xFF, 0xFF, 0xFF, 0xFF, 0xFF, 0xFF, 0xFF, 0xFF, 0xFF, 0xFF,
    0xFF, 0xFF, 0xFF, 0xFF, 0xFF, 0xFF, 0xFF, 0xFF, 0xFF, 0xFF, 0xFF, 0xFF,
    0xFF, 0xFF, 0xFF, 0xFF, 0xFF, 0xFF, 0xFF, 0xFF, 0xFF, 0xFF, 0xFF, 0xFF,
    0xFF, 0xFF, 0xFF, 0xFF, 0xFF, 0xFF, 0xFF, 0xFF, 0xFF, 0xFF, 0xFF, 0xFF,
    0xFF, 0xFF, 0xFF, 0xFF, 0xFF, 0xFF, 0xFF, 0xFF, 0xFF, 0xFF, 0xFF, 0xFF,
    0xFF, 0xFF, 0xFF, 0xFF, 0xFF, 0xFF, 0xFF, 0xFF, 0xFF, 0xFB, 0xFE, 0xE5,
    0x64, 0x02, 0x00, 0x03, 0x00, 0x00, 0x00, 0x00, 0x00, 0x00, 0x00, 0x00,
    0x00, 0x00, 0x00, 0x00, 0x00, 0x00, 0x01, 0x00, 0x00, 0x01, 0x8A, 0xEC,
    0xFF, 0xFF, 0xFF, 0xFF, 0xFF, 0xF9, 0xB1, 0x16, 0x00, 0x02, 0x00, 0x00,
    0x00, 0x00, 0x00, 0x00, 0x00, 0x00, 0x00, 0x00, 0x00, 0x00, 0x00, 0x00,
    0x00, 0x00, 0x00, 0x00, 0x00, 0x00, 0x00, 0x00, 0x00, 0x00, 0x00, 0x00,
    0x00, 0x00, 0x00, 0x00, 0x00, 0x00, 0x00, 0x00, 0x00, 0x00, 0x00, 0x00,
    0x00, 0x02, 0x00, 0x01, 0x3D, 0xD6, 0xFE, 0xF9, 0xFF, 0xFF, 0xFF, 0xFF,
    0xFF, 0xFF, 0xFF, 0xFF, 0xFF, 0xFF, 0xFF, 0xFF, 0xFF, 0xFF, 0xFF, 0xFF,
    0xFF, 0xFF, 0xFF, 0xFF, 0xFF, 0xFF, 0xFF, 0xFF, 0xFF, 0xFF, 0xFF, 0xFF,
    0xFF, 0xFF, 0xFF, 0xFF, 0xFF, 0xFF, 0xFF, 0xFF, 0xFF, 0xFF, 0xFF, 0xFF,
    0xFF, 0xFF, 0xFF, 0xFF, 0xFF, 0xFF, 0xFF, 0xFF, 0xFF, 0xFF, 0xFF, 0xFF,
    0xFF, 0xFF, 0xFF, 0xFF, 0xFF, 0xFF, 0xFF, 0xFF, 0xFF, 0xFF, 0xFF, 0xFF,
    0xFF, 0xFF, 0xFF, 0xFF, 0xFF, 0xFF, 0xFF, 0xFF, 0xFF, 0xFF, 0xFF, 0xFF,
    0xFF, 0xFD, 0xFF, 0xFE, 0xBA, 0x0E, 0x00, 0x05, 0x00, 0x00, 0x00, 0x00,
    0x00, 0x00, 0x00, 0x00, 0x00, 0x00, 0x00, 0x00, 0x00, 0x00, 0x00, 0x01,
    0x00, 0x01, 0x0F, 0x80, 0xEA, 0xF3, 0xF7, 0xF4, 0xF1, 0xA6, 0x21, 0x00,
    0x01, 0x01, 0x00, 0x00, 0x00, 0x00, 0x00, 0x00, 0x00, 0x00, 0x00, 0x00,
    0x00, 0x00, 0x00, 0x00, 0x00, 0x00, 0x00, 0x00, 0x00, 0x00, 0x00, 0x00,
    0x00, 0x00, 0x00, 0x00, 0x00, 0x00, 0x00, 0x00, 0x00, 0x00, 0x00, 0x00,
    0x00, 0x00, 0x00, 0x00, 0x00, 0x04, 0x00, 0x0A, 0x97, 0xF6, 0xFF, 0xFC,
    0xFF, 0xFF, 0xFF, 0xFF, 0xFF, 0xFF, 0xFF, 0xFF, 0xFF, 0xFF, 0xFF, 0xFF,
    0xFF, 0xFF, 0xFF, 0xFF, 0xFF, 0xFF, 0xFF, 0xFF, 0xFF, 0xFF, 0xFF, 0xFF,
    0xFF, 0xFF, 0xFF, 0xFF, 0xFF, 0xFF, 0xFF, 0xFF, 0xFF, 0xFF, 0xFF, 0xFF,
    0xFF, 0xFF, 0xFF, 0xFF, 0xFF, 0xFF, 0xFF, 0xFF, 0xFF, 0xFF, 0xFF, 0xFF,
    0xFF, 0xFF, 0xFF, 0xFF, 0xFF, 0xFF, 0xFF, 0xFF, 0xFF, 0xFF, 0xFF, 0xFF,
    0xFF, 0xFF, 0xFF, 0xFF, 0xFF, 0xFF, 0xFF, 0xFF, 0xFF, 0xFF, 0xFF, 0xFF,
    0xFF, 0xFF, 0xFF, 0xFF, 0xFF, 0xFF, 0xFA, 0xFF, 0xEE, 0x39, 0x00, 0x00,
    0x01, 0x00, 0x00, 0x00, 0x00, 0x00, 0x00, 0x00, 0x00, 0x00, 0x00, 0x00,
    0x00, 0x00, 0x00, 0x00, 0x00, 0x00, 0x00, 0x08, 0x29, 0x62, 0x79, 0x6C,
    0x39, 0x0B, 0x00, 0x00, 0x00, 0x00, 0x00, 0x00, 0x00, 0x00, 0x00, 0x00,
    0x00, 0x00, 0x00, 0x00, 0x00, 0x00, 0x00, 0x00, 0x00, 0x00, 0x00, 0x00,
    0x00, 0x00, 0x00, 0x00, 0x00, 0x00, 0x00, 0x00, 0x00, 0x00, 0x00, 0x00,
    0x00, 0x00, 0x00, 0x00, 0x00, 0x00, 0x00, 0x00, 0x00, 0x03, 0x00, 0x1F,
    0xDF, 0xFF, 0xFB, 0xFF, 0xFF, 0xFF, 0xFF, 0xFF, 0xFF, 0xFF, 0xFF, 0xFF,
    0xFF, 0xFF, 0xFF, 0xFF, 0xFF, 0xFF, 0xFF, 0xFF, 0xFF, 0xFF, 0xFF, 0xFF,
    0xFF, 0xFF, 0xFF, 0xFF, 0xFF, 0xFF, 0xFF, 0xFF, 0xFF, 0xFF, 0xFF, 0xFF,
    0xFF, 0xFF, 0xFF, 0xFF, 0xFF, 0xFF, 0xFF, 0xFF, 0xFF, 0xFF, 0xFF, 0xFF,
    0xFF, 0xFF, 0xFF, 0xFF, 0xFF, 0xFF, 0xFF, 0xFF, 0xFF, 0xFF, 0xFF, 0xFF,
    0xFF, 0xFF, 0xFF, 0xFF, 0xFF, 0xFF, 0xFF, 0xFF, 0xFF, 0xFF, 0xFF, 0xFF,
    0xFF, 0xFF, 0xFF, 0xFF, 0xFF, 0xFF, 0xFF, 0xFF, 0xFF, 0xFF, 0xFB, 0xFF,
    0xFB, 0x7D, 0x13, 0x00, 0x03, 0x00, 0x00, 0x00, 0x00, 0x00, 0x00, 0x00,
    0x00, 0x00, 0x00, 0x00, 0x00, 0x00, 0x00, 0x00, 0x00, 0x00, 0x00, 0x00,
    0x00, 0x09, 0x11, 0x0D, 0x00, 0x00, 0x00, 0x00, 0x00, 0x00, 0x00, 0x00,
    0x00, 0x00, 0x00, 0x00, 0x00, 0x00, 0x00, 0x00, 0x00, 0x00, 0x00, 0x00,
    0x00, 0x00, 0x00, 0x00, 0x00, 0x00, 0x00, 0x00, 0x00, 0x00, 0x00, 0x00,
    0x00, 0x00, 0x00, 0x00, 0x00, 0x00, 0x00, 0x00, 0x00, 0x00, 0x00, 0x00,
    0x02, 0x02, 0x0C, 0x63, 0xF9, 0xFF, 0xFA, 0xFF, 0xFF, 0xFF, 0xFF, 0xFF,
    0xFF, 0xFF, 0xFF, 0xFF, 0xFF, 0xFF, 0xFF, 0xFF, 0xFF, 0xFF, 0xFF, 0xFF,
    0xFF, 0xFF, 0xFF, 0xFF, 0xFF, 0xFF, 0xFF, 0xFF, 0xFF, 0xFF, 0xFF, 0xFF,
    0xFF, 0xFF, 0xFF, 0xFF, 0xFF, 0xFF, 0xFF, 0xFF, 0xFF, 0xFF, 0xFF, 0xFF,
    0xFF, 0xFF, 0xFF, 0xFF, 0xFF, 0xFF, 0xFF, 0xFF, 0xFF, 0xFF, 0xFF, 0xFF,
    0xFF, 0xFF, 0xFF, 0xFF, 0xFF, 0xFF, 0xFF, 0xFF, 0xFF, 0xFF, 0xFF, 0xFF,
    0xFF, 0xFF, 0xFF, 0xFF, 0xFF, 0xFF, 0xFF, 0xFF, 0xFF, 0xFF, 0xFF, 0xFF,
    0xFF, 0xFF, 0xFD, 0xFF, 0xFC, 0xCD, 0x2B, 0x01, 0x06, 0x00, 0x00, 0x00,
    0x00, 0x00, 0x00, 0x00, 0x00, 0x00, 0x00, 0x00, 0x00, 0x00, 0x00, 0x00,
    0x00, 0x00, 0x00, 0x04, 0x03, 0x00, 0x00, 0x00, 0x01, 0x04, 0x01, 0x00,
    0x00, 0x00, 0x00, 0x00, 0x00, 0x00, 0x00, 0x00, 0x00, 0x00, 0x00, 0x00,
    0x00, 0x00, 0x00, 0x00, 0x00, 0x00, 0x00, 0x00, 0x00, 0x00, 0x00, 0x00,
    0x00, 0x00, 0x00, 0x00, 0x00, 0x00, 0x00, 0x00, 0x00, 0x00, 0x00, 0x00,
    0x00, 0x00, 0x00, 0x00, 0x05, 0x00, 0x27, 0xC3, 0xFA, 0xFF, 0xFD, 0xFF,
    0xFF, 0xFF, 0xFF, 0xFF, 0xFF, 0xFF, 0xFF, 0xFF, 0xFF, 0xFF, 0xFF, 0xFF,
    0xFF, 0xFF, 0xFF, 0xFF, 0xFF, 0xFF, 0xFF, 0xFF, 0xFF, 0xFF, 0xFF, 0xFF,
    0xFF, 0xFF, 0xFF, 0xFF, 0xFF, 0xFF, 0xFF, 0xFF, 0xFF, 0xFF, 0xFF, 0xFF,
    0xFF, 0xFF, 0xFF, 0xFF, 0xFF, 0xFF, 0xFF, 0xFF, 0xFF, 0xFF, 0xFF, 0xFF,
    0xFF, 0xFF, 0xFF, 0xFF, 0xFF, 0xFF, 0xFF, 0xFF, 0xFF, 0xFF, 0xFF, 0xFF,
    0xFF, 0xFF, 0xFF, 0xFF, 0xFF, 0xFF, 0xFF, 0xFF, 0xFF, 0xFF, 0xFF, 0xFF,
    0xFF, 0xFF, 0xFF, 0xFF, 0xFF, 0xFF, 0xFE, 0xFE, 0xFF, 0xFC, 0x46, 0x00,
    0x06, 0x00, 0x00, 0x00, 0x00, 0x00, 0x00, 0x00, 0x00, 0x00, 0x00, 0x00,
    0x00, 0x00, 0x00, 0x00, 0x00, 0x00, 0x00, 0x00, 0x01, 0x03, 0x03, 0x03,
    0x01, 0x00, 0x00, 0x00, 0x00, 0x00, 0x00, 0x00, 0x00, 0x00, 0x00, 0x00,
    0x00, 0x00, 0x00, 0x00, 0x00, 0x00, 0x00, 0x00, 0x00, 0x00, 0x00, 0x00,
    0x00, 0x00, 0x00, 0x00, 0x00, 0x00, 0x00, 0x00, 0x00, 0x00, 0x00, 0x00,
    0x00, 0x00, 0x00, 0x00, 0x00, 0x00, 0x00, 0x00, 0x06, 0x01, 0x4F, 0xFF,
    0xFF, 0xFE, 0xFF, 0xFF, 0xFF, 0xFF, 0xFF, 0xFF, 0xFF, 0xFF, 0xFF, 0xFF,
    0xFF, 0xFF, 0xFF, 0xFF, 0xFF, 0xFF, 0xFF, 0xFF, 0xFF, 0xFF, 0xFF, 0xFF,
    0xFF, 0xFF, 0xFF, 0xFF, 0xFF, 0xFF, 0xFF, 0xFF, 0xFF, 0xFF, 0xFF, 0xFF,
    0xFF, 0xFF, 0xFF, 0xFF, 0xFF, 0xFF, 0xFF, 0xFF, 0xFF, 0xFF, 0xFF, 0xFF,
    0xFF, 0xFF, 0xFF, 0xFF, 0xFF, 0xFF, 0xFF, 0xFF, 0xFF, 0xFF, 0xFF, 0xFF,
    0xFF, 0xFF, 0xFF, 0xFF, 0xFF, 0xFF, 0xFF, 0xFF, 0xFF, 0xFF, 0xFF, 0xFF,
    0xFF, 0xFF, 0xFF, 0xFF, 0xFF, 0xFF, 0xFF, 0xFF, 0xFF, 0xFF, 0xFF, 0xFD,
    0xFF, 0xFE, 0x6D, 0x02, 0x02, 0x01, 0x00, 0x00, 0x00, 0x00, 0x00, 0x00,
    0x00, 0x00, 0x00, 0x00, 0x00, 0x00, 0x00, 0x00, 0x00, 0x00, 0x00, 0x00,
    0x00, 0x00, 0x00, 0x00, 0x00, 0x00, 0x00, 0x00, 0x00, 0x00, 0x00, 0x00,
    0x00, 0x00, 0x00, 0x00, 0x00, 0x00, 0x00, 0x00, 0x00, 0x00, 0x00, 0x00,
    0x00, 0x00, 0x00, 0x00, 0x00, 0x00, 0x00, 0x00, 0x00, 0x00, 0x00, 0x00,
    0x00, 0x00, 0x00, 0x00, 0x00, 0x00, 0x00, 0x00, 0x00, 0x00, 0x00, 0x02,
    0x01, 0x22, 0x97, 0xFF, 0xFF, 0xFD, 0xFF, 0xFF, 0xFF, 0xFF, 0xFF, 0xFF,
    0xFF, 0xFF, 0xFF, 0xFF, 0xFF, 0xFF, 0xFF, 0xFF, 0xFF, 0xFF, 0xFF, 0xFF,
    0xFF, 0xFF, 0xFF, 0xFF, 0xFF, 0xFF, 0xFF, 0xFF, 0xFF, 0xFF, 0xFF, 0xFF,
    0xFF, 0xFF, 0xFF, 0xFF, 0xFF, 0xFF, 0xFF, 0xFF, 0xFF, 0xFF, 0xFF, 0xFF,
    0xFF, 0xFF, 0xFF, 0xFF, 0xFF, 0xFF, 0xFF, 0xFF, 0xFF, 0xFF, 0xFF, 0xFF,
    0xFF, 0xFF, 0xFF, 0xFF, 0xFF, 0xFF, 0xFF, 0xFF, 0xFF, 0xFF, 0xFF, 0xFF,
    0xFF, 0xFF, 0xFF, 0xFF, 0xFF, 0xFF, 0xFF, 0xFF, 0xFF, 0xFF, 0xFF, 0xFF,
    0xFF, 0xFF, 0xFF, 0xFD, 0xFF, 0xFF, 0x9A, 0x21, 0x00, 0x02, 0x00, 0x00,
    0x00, 0x00, 0x00, 0x00, 0x00, 0x00, 0x00, 0x00, 0x00, 0x00, 0x00, 0x00,
    0x00, 0x00, 0x00, 0x00, 0x00, 0x00, 0x00, 0x00, 0x00, 0x00, 0x00, 0x00,
    0x00, 0x00, 0x00, 0x00, 0x00, 0x00, 0x00, 0x00, 0x00, 0x00, 0x00, 0x00,
    0x00, 0x00, 0x00, 0x00, 0x00, 0x00, 0x00, 0x00, 0x00, 0x00, 0x00, 0x00,
    0x00, 0x00, 0x00, 0x00, 0x00, 0x00, 0x00, 0x00, 0x00, 0x00, 0x00, 0x00,
    0x00, 0x00, 0x00, 0x04, 0x00, 0x56, 0xEA, 0xFD, 0xFF, 0xFE, 0xFF, 0xFF,
    0xFF, 0xFF, 0xFF, 0xFF, 0xFF, 0xFF, 0xFF, 0xFF, 0xFF, 0xFF, 0xFF, 0xFF,
    0xFF, 0xFF, 0xFF, 0xFF, 0xFF, 0xFF, 0xFF, 0xFF, 0xFF, 0xFF, 0xFF, 0xFF,
    0xFF, 0xFF, 0xFF, 0xFF, 0xFF, 0xFF, 0xFF, 0xFF, 0xFF, 0xFF, 0xFF, 0xFF,
    0xFF, 0xFF, 0xFF, 0xFF, 0xFF, 0xFF, 0xFF, 0xFF, 0xFF, 0xFF, 0xFF, 0xFF,
    0xFF, 0xFF, 0xFF, 0xFF, 0xFF, 0xFF, 0xFF, 0xFF, 0xFF, 0xFF, 0xFF, 0xFF,
    0xFF, 0xFF, 0xFF, 0xFF, 0xFF, 0xFF, 0xFF, 0xFF, 0xFF, 0xFF, 0xFF, 0xFF,
    0xFF, 0xFF, 0xFF, 0xFF, 0xFF, 0xFF, 0xFF, 0xFE, 0xFF, 0xFF, 0xB9, 0x39,
    0x00, 0x03, 0x00, 0x00, 0x00, 0x00, 0x00, 0x00, 0x00, 0x00, 0x00, 0x00,
    0x00, 0x00, 0x00, 0x00, 0x00, 0x00, 0x00, 0x00, 0x00, 0x00, 0x00, 0x00,
    0x00, 0x00, 0x00, 0x00, 0x00, 0x00, 0x00, 0x00, 0x00, 0x00, 0x00, 0x00,
    0x00, 0x00, 0x00, 0x00, 0x00, 0x00, 0x00, 0x00, 0x00, 0x00, 0x00, 0x00,
    0x00, 0x00, 0x00, 0x00, 0x00, 0x00, 0x00, 0x00, 0x00, 0x00, 0x00, 0x00,
    0x00, 0x00, 0x00, 0x00, 0x00, 0x00, 0x00, 0x03, 0x09, 0x8B, 0xFF, 0xFC,
    0xFF, 0xFF, 0xFF, 0xFF, 0xFF, 0xFF, 0xFF, 0xFF, 0xFF, 0xFF, 0xFF, 0xFF,
    0xFF, 0xFF, 0xFF, 0xFF, 0xFF, 0xFF, 0xFF, 0xFF, 0xFF, 0xFF, 0xFF, 0xFF,
    0xFF, 0xFF, 0xFF, 0xFF, 0xFF, 0xFF, 0xFF, 0xFF, 0xFF, 0xFF, 0xFF, 0xFF,
    0xFF, 0xFF, 0xFF, 0xFF, 0xFF, 0xFF, 0xFF, 0xFF, 0xFF, 0xFF, 0xFF, 0xFF,
    0xFF, 0xFF, 0xFF, 0xFF, 0xFF, 0xFF, 0xFF, 0xFF, 0xFF, 0xFF, 0xFF, 0xFF,
    0xFF, 0xFF, 0xFF, 0xFF, 0xFF, 0xFF, 0xFF, 0xFF, 0xFF, 0xFF, 0xFF, 0xFF,
    0xFF, 0xFF, 0xFF, 0xFF, 0xFF, 0xFF, 0xFF, 0xFF, 0xFF, 0xFF, 0xFF, 0xFE,
    0xFF, 0xFF, 0xD2, 0x4B, 0x00, 0x03, 0x00, 0x00, 0x00, 0x00, 0x00, 0x00,
    0x00, 0x00, 0x00, 0x00, 0x00, 0x00, 0x00, 0x00, 0x00, 0x00, 0x00, 0x00,
    0x00, 0x00, 0x00, 0x00, 0x00, 0x00, 0x00, 0x00, 0x00, 0x00, 0x00, 0x00,
    0x00, 0x00, 0x00, 0x00, 0x00, 0x00, 0x00, 0x00, 0x00, 0x00, 0x00, 0x00,
    0x00, 0x00, 0x00, 0x00, 0x00, 0x00, 0x00, 0x00, 0x00, 0x00, 0x00, 0x00,
    0x00, 0x00, 0x00, 0x00, 0x00, 0x00, 0x00, 0x00, 0x00, 0x02, 0x00, 0x00,
    0x3B, 0xC4, 0xFD, 0xFC, 0xFF, 0xFF, 0xFF, 0xFF, 0xFF, 0xFF, 0xFF, 0xFF,
    0xFF, 0xFF, 0xFF, 0xFF, 0xFF, 0xFF, 0xFF, 0xFF, 0xFF, 0xFF, 0xFF, 0xFF,
    0xFF, 0xFF, 0xFF, 0xFF, 0xFF, 0xFF, 0xFF, 0xFF, 0xFF, 0xFF, 0xFF, 0xFF,
    0xFF, 0xFF, 0xFF, 0xFF, 0xFF, 0xFF, 0xFF, 0xFF, 0xFF, 0xFF, 0xFF, 0xFF,
    0xFF, 0xFF, 0xFF, 0xFF, 0xFF, 0xFF, 0xFF, 0xFF, 0xFF, 0xFF, 0xFF, 0xFF,
    0xFF, 0xFF, 0xFF, 0xFF, 0xFF, 0xFF, 0xFF, 0xFF, 0xFF, 0xFF, 0xFF, 0xFF,
    0xFF, 0xFF, 0xFF, 0xFF, 0xFF, 0xFF, 0xFF, 0xFF, 0xFF, 0xFF, 0xFF, 0xFF,
    0xFF, 0xFF, 0xFF, 0xFE, 0xFF, 0xFF, 0xE1, 0x55, 0x00, 0x03, 0x00, 0x00,
    0x00, 0x00, 0x00, 0x00, 0x00, 0x00, 0x00, 0x00, 0x00, 0x00, 0x00, 0x00,
    0x00, 0x00, 0x00, 0x00, 0x00, 0x00, 0x00, 0x00, 0x00, 0x00, 0x00, 0x00,
    0x00, 0x00, 0x00, 0x00, 0x00, 0x00, 0x00, 0x00, 0x00, 0x00, 0x00, 0x00,
    0x00, 0x00, 0x00, 0x00, 0x00, 0x00, 0x00, 0x00, 0x00, 0x00, 0x00, 0x00,
    0x00, 0x00, 0x00, 0x00, 0x00, 0x00, 0x00, 0x00, 0x00, 0x00, 0x00, 0x00,
    0x00, 0x02, 0x00, 0x00, 0x8B, 0xF5, 0xFE, 0xFE, 0xFF, 0xFF, 0xFF, 0xFF,
    0xFF, 0xFF, 0xFF, 0xFF, 0xFF, 0xFF, 0xFF, 0xFF, 0xFF, 0xFF, 0xFF, 0xFF,
    0xFF, 0xFF, 0xFF, 0xFF, 0xFF, 0xFF, 0xFF, 0xFF, 0xFF, 0xFF, 0xFF, 0xFF,
    0xFF, 0xFF, 0xFF, 0xFF, 0xFF, 0xFF, 0xFF, 0xFF, 0xFF, 0xFF, 0xFF, 0xFF,
    0xFF, 0xFF, 0xFF, 0xFF, 0xFF, 0xFF, 0xFF, 0xFF, 0xFF, 0xFF, 0xFF, 0xFF,
    0xFF, 0xFF, 0xFF, 0xFF, 0xFF, 0xFF, 0xFF, 0xFF, 0xFF, 0xFF, 0xFF, 0xFF,
    0xFF, 0xFF, 0xFF, 0xFF, 0xFF, 0xFF, 0xFF, 0xFF, 0xFF, 0xFF, 0xFF, 0xFF,
    0xFF, 0xFF, 0xFF, 0xFF, 0xFF, 0xFF, 0xFF, 0xFE, 0xFF, 0xFF, 0xE4, 0x57,
    0x00, 0x03, 0x00, 0x00, 0x00, 0x00, 0x00, 0x00, 0x00, 0x00, 0x00, 0x00,
    0x00, 0x00, 0x00, 0x00, 0x00, 0x00, 0x00, 0x00, 0x00, 0x00, 0x00, 0x00,
    0x00, 0x00, 0x00, 0x00, 0x00, 0x00, 0x00, 0x00, 0x00, 0x00, 0x00, 0x00,
    0x00, 0x00, 0x00, 0x00, 0x00, 0x00, 0x00, 0x00, 0x00, 0x00, 0x00, 0x00,
    0x00, 0x00, 0x00, 0x00, 0x00, 0x00, 0x00, 0x00, 0x00, 0x00, 0x00, 0x00,
    0x00, 0x00, 0x00, 0x00, 0x01, 0x00, 0x00, 0x16, 0xC4, 0xFF, 0xF8, 0xFF,
    0xFF, 0xFF, 0xFF, 0xFF, 0xFF, 0xFF, 0xFF, 0xFF, 0xFF, 0xFF, 0xFF, 0xFF,
    0xFF, 0xFF, 0xFF, 0xFF, 0xFF, 0xFF, 0xFF, 0xFF, 0xFF, 0xFF, 0xFF, 0xFF,
    0xFF, 0xFF, 0xFF, 0xFF, 0xFF, 0xFF, 0xFF, 0xFF, 0xFF, 0xFF, 0xFF, 0xFF,
    0xFF, 0xFF, 0xFF, 0xFF, 0xFF, 0xFF, 0xFF, 0xFF, 0xFF, 0xFF, 0xFF, 0xFF,
    0xFF, 0xFF, 0xFF, 0xFF, 0xFF, 0xFF, 0xFF, 0xFF, 0xFF, 0xFF, 0xFF, 0xFF,
    0xFF, 0xFF, 0xFF, 0xFF, 0xFF, 0xFF, 0xFF, 0xFF, 0xFF, 0xFF, 0xFF, 0xFF,
    0xFF, 0xFF, 0xFF, 0xFF, 0xFF, 0xFF, 0xFF, 0xFF, 0xFF, 0xFF, 0xFF, 0xFE,
    0xFF, 0xFF, 0xE4, 0x57, 0x00, 0x03, 0x00, 0x00, 0x00, 0x00, 0x00, 0x00,
    0x00, 0x00, 0x00, 0x00, 0x00, 0x00, 0x00, 0x00, 0x00, 0x00, 0x00, 0x00,
    0x00, 0x00, 0x00, 0x00, 0x00, 0x00, 0x00, 0x00, 0x00, 0x00, 0x00, 0x00,
    0x00, 0x00, 0x00, 0x00, 0x00, 0x00, 0x00, 0x00, 0x00, 0x00, 0x00, 0x00,
    0x00, 0x00, 0x00, 0x00, 0x00, 0x00, 0x00, 0x00, 0x00, 0x00, 0x00, 0x00,
    0x00, 0x00, 0x00, 0x00, 0x00, 0x00, 0x00, 0x00, 0x03, 0x00, 0x07, 0x64,
    0xE7, 0xFF, 0xFA, 0xFF, 0xFF, 0xFF, 0xFF, 0xFF, 0xFF, 0xFF, 0xFF, 0xFF,
    0xFF, 0xFF, 0xFF, 0xFF, 0xFF, 0xFF, 0xFF, 0xFF, 0xFF, 0xFF, 0xFF, 0xFF,
    0xFF, 0xFF, 0xFF, 0xFF, 0xFF, 0xFF, 0xFF, 0xFF, 0xFF, 0xFF, 0xFF, 0xFF,
    0xFF, 0xFF, 0xFF, 0xFF, 0xFF, 0xFF, 0xFF, 0xFF, 0xFF, 0xFF, 0xFF, 0xFF,
    0xFF, 0xFF, 0xFF, 0xFF, 0xFF, 0xFF, 0xFF, 0xFF, 0xFF, 0xFF, 0xFF, 0xFF,
    0xFF, 0xFF, 0xFF, 0xFF, 0xFF, 0xFF, 0xFF, 0xFF, 0xFF, 0xFF, 0xFF, 0xFF,
    0xFF, 0xFF, 0xFF, 0xFF, 0xFF, 0xFF, 0xFF, 0xFF, 0xFF, 0xFF, 0xFF, 0xFF,
    0xFF, 0xFF, 0xFF, 0xFE, 0xFF, 0xFF, 0xDC, 0x52, 0x00, 0x03, 0x00, 0x00,
    0x00, 0x00, 0x00, 0x00, 0x00, 0x00, 0x00, 0x00, 0x00, 0x00, 0x00, 0x00,
    0x00, 0x00, 0x00, 0x00, 0x00, 0x00, 0x00, 0x00, 0x00, 0x00, 0x00, 0x00,
    0x00, 0x00, 0x00, 0x00, 0x00, 0x00, 0x00, 0x00, 0x00, 0x00, 0x00, 0x00,
    0x00, 0x00, 0x00, 0x00, 0x00, 0x00, 0x00, 0x00, 0x00, 0x00, 0x00, 0x00,
    0x00, 0x00, 0x00, 0x00, 0x00, 0x00, 0x00, 0x00, 0x00, 0x00, 0x00, 0x00,
    0x05, 0x00, 0x0E, 0xC0, 0xF9, 0xFD, 0xFE, 0xFF, 0xFF, 0xFF, 0xFF, 0xFF,
    0xFF, 0xFF, 0xFF, 0xFF, 0xFF, 0xFF, 0xFF, 0xFF, 0xFF, 0xFF, 0xFF, 0xFF,
    0xFF, 0xFF, 0xFF, 0xFF, 0xFF, 0xFF, 0xFF, 0xFF, 0xFF, 0xFF, 0xFF, 0xFF,
    0xFF, 0xFF, 0xFF, 0xFF, 0xFF, 0xFF, 0xFF, 0xFF, 0xFF, 0xFF, 0xFF, 0xFF,
    0xFF, 0xFF, 0xFF, 0xFF, 0xFF, 0xFF, 0xFF, 0xFF, 0xFF, 0xFF, 0xFF, 0xFF,
    0xFF, 0xFF, 0xFF, 0xFF, 0xFF, 0xFF, 0xFF, 0xFF, 0xFF, 0xFF, 0xFF, 0xFF,
    0xFF, 0xFF, 0xFF, 0xFF, 0xFF, 0xFF, 0xFF, 0xFF, 0xFF, 0xFF, 0xFF, 0xFF,
    0xFF, 0xFF, 0xFF, 0xFF, 0xFF, 0xFF, 0xFF, 0xFE, 0xFF, 0xFD, 0xB8, 0x37,
    0x00, 0x03, 0x00, 0x00, 0x00, 0x00, 0x00, 0x00, 0x00, 0x00, 0x00, 0x00,
    0x00, 0x00, 0x00, 0x00, 0x00, 0x00, 0x00, 0x00, 0x00, 0x00, 0x00, 0x00,
    0x00, 0x00, 0x00, 0x00, 0x00, 0x00, 0x00, 0x00, 0x00, 0x00, 0x00, 0x00,
    0x00, 0x00, 0x00, 0x00, 0x00, 0x00, 0x00, 0x00, 0x00, 0x00, 0x00, 0x00,
    0x00, 0x00, 0x00, 0x00, 0x00, 0x00, 0x00, 0x00, 0x00, 0x00, 0x00, 0x00,
    0x00, 0x00, 0x00, 0x02, 0x03, 0x04, 0x38, 0xF1, 0xFF, 0xFB, 0xFF, 0xFF,
    0xFF, 0xFF, 0xFF, 0xFF, 0xFF, 0xFF, 0xFF, 0xFF, 0xFF, 0xFF, 0xFF, 0xFF,
    0xFF, 0xFF, 0xFF, 0xFF, 0xFF, 0xFF, 0xFF, 0xFF, 0xFF, 0xFF, 0xFF, 0xFF,
    0xFF, 0xFF, 0xFF, 0xFF, 0xFF, 0xFF, 0xFF, 0xFF, 0xFF, 0xFF, 0xFF, 0xFF,
    0xFF, 0xFF, 0xFF, 0xFF, 0xFF, 0xFF, 0xFF, 0xFF, 0xFF, 0xFF, 0xFF, 0xFF,
    0xFF, 0xFF, 0xFF, 0xFF, 0xFF, 0xFF, 0xFF, 0xFF, 0xFF, 0xFF, 0xFF, 0xFF,
    0xFF, 0xFF, 0xFF, 0xFF, 0xFF, 0xFF, 0xFF, 0xFF, 0xFF, 0xFF, 0xFF, 0xFF,
    0xFF, 0xFF, 0xFF, 0xFF, 0xFF, 0xFF, 0xFF, 0xFF, 0xFF, 0xFF, 0xFF, 0xFD,
    0xFF, 0xFF, 0x7E, 0x11, 0x02, 0x01, 0x00, 0x00, 0x00, 0x00, 0x00, 0x00,
    0x00, 0x00, 0x00, 0x00, 0x00, 0x00, 0x00, 0x00, 0x00, 0x00, 0x00, 0x00,
    0x00, 0x00, 0x00, 0x00, 0x00, 0x00, 0x00, 0x00, 0x00, 0x00, 0x00, 0x00,
    0x00, 0x00, 0x00, 0x00, 0x00, 0x00, 0x00, 0x00, 0x00, 0x00, 0x00, 0x00,
    0x00, 0x00, 0x00, 0x00, 0x00, 0x00, 0x00, 0x00, 0x00, 0x00, 0x00, 0x00,
    0x00, 0x00, 0x00, 0x00, 0x00, 0x00, 0x00, 0x05, 0x00, 0x17, 0x92, 0xF8,
    0xFF, 0xFC, 0xFF, 0xFF, 0xFF, 0xFF, 0xFF, 0xFF, 0xFF, 0xFF, 0xFF, 0xFF,
    0xFF, 0xFF, 0xFF, 0xFF, 0xFF, 0xFF, 0xFF, 0xFF, 0xFF, 0xFF, 0xFF, 0xFF,
    0xFF, 0xFF, 0xFF, 0xFF, 0xFF, 0xFF, 0xFF, 0xFF, 0xFF, 0xFF, 0xFF, 0xFF,
    0xFF, 0xFF, 0xFF, 0xFF, 0xFF, 0xFF, 0xFF, 0xFF, 0xFF, 0xFF, 0xFF, 0xFF,
    0xFF, 0xFF, 0xFF, 0xFF, 0xFF, 0xFF, 0xFF, 0xFF, 0xFF, 0xFF, 0xFF, 0xFF,
    0xFF, 0xFF, 0xFF, 0xFF, 0xFF, 0xFF, 0xFF, 0xFF, 0xFF, 0xFF, 0xFF, 0xFF,
    0xFF, 0xFF, 0xFF, 0xFF, 0xFF, 0xFF, 0xFF, 0xFF, 0xFF, 0xFF, 0xFF, 0xFF,
    0xFF, 0xFF, 0xFF, 0xFD, 0xFF, 0xFB, 0x49, 0x00, 0x06, 0x00, 0x00, 0x00,
    0x00, 0x00, 0x00, 0x00, 0x00, 0x00, 0x00, 0x00, 0x00, 0x00, 0x00, 0x00,
    0x00, 0x00, 0x00, 0x00, 0x00, 0x00, 0x00, 0x00, 0x00, 0x00, 0x00, 0x00,
    0x00, 0x00, 0x00, 0x00, 0x00, 0x00, 0x00, 0x00, 0x00, 0x00, 0x00, 0x00,
    0x00, 0x00, 0x00, 0x00, 0x00, 0x00, 0x00, 0x00, 0x00, 0x00, 0x00, 0x00,
    0x00, 0x00, 0x00, 0x00, 0x00, 0x00, 0x00, 0x00, 0x00, 0x00, 0x00, 0x07,
    0x00, 0x36, 0xE7, 0xFF, 0xFF, 0xFE, 0xFF, 0xFF, 0xFF, 0xFF, 0xFF, 0xFF,
    0xFF, 0xFF, 0xFF, 0xFF, 0xFF, 0xFF, 0xFF, 0xFF, 0xFF, 0xFF, 0xFF, 0xFF,
    0xFF, 0xFF, 0xFF, 0xFF, 0xFF, 0xFF, 0xFF, 0xFF, 0xFF, 0xFF, 0xFF, 0xFF,
    0xFF, 0xFF, 0xFF, 0xFF, 0xFF, 0xFF, 0xFF, 0xFF, 0xFF, 0xFF, 0xFF, 0xFF,
    0xFF, 0xFF, 0xFF, 0xFF, 0xFF, 0xFF, 0xFF, 0xFF, 0xFF, 0xFF, 0xFF, 0xFF,
    0xFF, 0xFF, 0xFF, 0xFF, 0xFF, 0xFF, 0xFF, 0xFF, 0xFF, 0xFF, 0xFF, 0xFF,
    0xFF, 0xFF, 0xFF, 0xFF, 0xFF, 0xFF, 0xFF, 0xFF, 0xFF, 0xFF, 0xFF, 0xFF,
    0xFF, 0xFF, 0xFF, 0xFF, 0xFF, 0xFF, 0xFC, 0xFD, 0xFC, 0xAF, 0x23, 0x00,
    0x05, 0x00, 0x00, 0x00, 0x00, 0x00, 0x00, 0x00, 0x00, 0x00, 0x00, 0x00,
    0x00, 0x00, 0x00, 0x00, 0x00, 0x00, 0x00, 0x00, 0x00, 0x00, 0x00, 0x00,
    0x00, 0x00, 0x00, 0x00, 0x00, 0x00, 0x00, 0x00, 0x00, 0x00, 0x00, 0x00,
    0x00, 0x00, 0x00, 0x00, 0x00, 0x00, 0x00, 0x00, 0x00, 0x00, 0x00, 0x00,
    0x00, 0x00, 0x00, 0x00, 0x00, 0x00, 0x00, 0x00, 0x00, 0x00, 0x00, 0x00,
    0x00, 0x00, 0x00, 0x02, 0x0C, 0x6F, 0xFF, 0xFF, 0xFD, 0xFF, 0xFF, 0xFF,
    0xFF, 0xFF, 0xFF, 0xFF, 0xFF, 0xFF, 0xFF, 0xFF, 0xFF, 0xFF, 0xFF, 0xFF,
    0xFF, 0xFF, 0xFF, 0xFF, 0xFF, 0xFF, 0xFF, 0xFF, 0xFF, 0xFF, 0xFF, 0xFF,
    0xFF, 0xFF, 0xFF, 0xFF, 0xFF, 0xFF, 0xFF, 0xFF, 0xFF, 0xFF, 0xFF, 0xFF,
    0xFF, 0xFF, 0xFF, 0xFF, 0xFF, 0xFF, 0xFF, 0xFF, 0xFF, 0xFF, 0xFF, 0xFF,
    0xFF, 0xFF, 0xFF, 0xFF, 0xFF, 0xFF, 0xFF, 0xFF, 0xFF, 0xFF, 0xFF, 0xFF,
    0xFF, 0xFF, 0xFF, 0xFF, 0xFF, 0xFF, 0xFF, 0xFF, 0xFF, 0xFF, 0xFF, 0xFF,
    0xFF, 0xFF, 0xFF, 0xFF, 0xFF, 0xFF, 0xFF, 0xFF, 0xFF, 0xFC, 0xFA, 0xFF,
    0xDE, 0x3B, 0x05, 0x03, 0x01, 0x00, 0x00, 0x00, 0x00, 0x00, 0x00, 0x00,
    0x00, 0x00, 0x00, 0x00, 0x00, 0x00, 0x00, 0x00, 0x00, 0x00, 0x00, 0x00,
    0x00, 0x00, 0x00, 0x00, 0x00, 0x00, 0x00, 0x00, 0x00, 0x00, 0x00, 0x00,
    0x00, 0x00, 0x00, 0x00, 0x00, 0x00, 0x00, 0x00, 0x00, 0x00, 0x00, 0x00,
    0x00, 0x00, 0x00, 0x00, 0x00, 0x00, 0x00, 0x00, 0x00, 0x00, 0x00, 0x00,
    0x00, 0x00, 0x00, 0x00, 0x00, 0x00, 0x02, 0x00, 0x35, 0xBF, 0xFF, 0xFF,
    0xFD, 0xFF, 0xFF, 0xFF, 0xFF, 0xFF, 0xFF, 0xFF, 0xFF, 0xFF, 0xFF, 0xFF,
    0xFF, 0xFF, 0xFF, 0xFF, 0xFF, 0xFF, 0xFF, 0xFF, 0xFF, 0xFF, 0xFF, 0xFF,
    0xFF, 0xFF, 0xFF, 0xFF, 0xFF, 0xFF, 0xFF, 0xFF, 0xFF, 0xFF, 0xFF, 0xFF,
    0xFF, 0xFF, 0xFF, 0xFF, 0xFF, 0xFF, 0xFF, 0xFF, 0xFF, 0xFF, 0xFF, 0xFF,
    0xFF, 0xFF, 0xFF, 0xFF, 0xFF, 0xFF, 0xFF, 0xFF, 0xFF, 0xFF, 0xFF, 0xFF,
    0xFF, 0xFF, 0xFF, 0xFF, 0xFF, 0xFF, 0xFF, 0xFF, 0xFF, 0xFF, 0xFF, 0xFF,
    0xFF, 0xFF, 0xFF, 0xFF, 0xFF, 0xFF, 0xFF, 0xFF, 0xFF, 0xFE, 0xFC, 0xF9,
    0xF8, 0xFE, 0xFF, 0xD5, 0x57, 0x01, 0x00, 0x02, 0x00, 0x00, 0x00, 0x00,
    0x00, 0x00, 0x00, 0x00, 0x00, 0x00, 0x00, 0x00, 0x00, 0x00, 0x00, 0x00,
    0x00, 0x00, 0x00, 0x00, 0x00, 0x00, 0x00, 0x00, 0x00, 0x00, 0x00, 0x00,
    0x00, 0x00, 0x00, 0x00, 0x00, 0x00, 0x00, 0x00, 0x00, 0x00, 0x00, 0x00,
    0x00, 0x00, 0x00, 0x00, 0x00, 0x00, 0x00, 0x00, 0x00, 0x00, 0x00, 0x00,
    0x00, 0x00, 0x00, 0x00, 0x00, 0x00, 0x00, 0x00, 0x00, 0x00, 0x03, 0x00,
    0x6E, 0xF6, 0xFD, 0xFF, 0xFE, 0xFF, 0xFF, 0xFF, 0xFF, 0xFF, 0xFF, 0xFF,
    0xFF, 0xFF, 0xFF, 0xFF, 0xFF, 0xFF, 0xFF, 0xFF, 0xFF, 0xFF, 0xFF, 0xFF,
    0xFF, 0xFF, 0xFF, 0xFF, 0xFF, 0xFF, 0xFF, 0xFF, 0xFF, 0xFF, 0xFF, 0xFF,
    0xFF, 0xFF, 0xFF, 0xFF, 0xFF, 0xFF, 0xFF, 0xFF, 0xFF, 0xFF, 0xFF, 0xFF,
    0xFF, 0xFF, 0xFF, 0xFF, 0xFF, 0xFF, 0xFF, 0xFF, 0xFF, 0xFF, 0xFF, 0xFF,
    0xFF, 0xFF, 0xFF, 0xFF, 0xFF, 0xFF, 0xFF, 0xFF, 0xFF, 0xFF, 0xFF, 0xFF,
    0xFF, 0xFF, 0xFF, 0xFF, 0xFF, 0xFF, 0xFF, 0xFF, 0xFF, 0xFF, 0xFF, 0xFE,
    0xFD, 0xFF, 0xFF, 0xFF, 0xFF, 0xFF, 0xCD, 0x5B, 0x00, 0x01, 0x02, 0x00,
    0x00, 0x00, 0x00, 0x00, 0x00, 0x00, 0x00, 0x00, 0x00, 0x00, 0x00, 0x00,
    0x00, 0x00, 0x00, 0x00, 0x00, 0x00, 0x00, 0x00, 0x00, 0x00, 0x00, 0x00,
    0x00, 0x00, 0x00, 0x00, 0x00, 0x00, 0x00, 0x00, 0x00, 0x00, 0x00, 0x00,
    0x00, 0x00, 0x00, 0x00, 0x00, 0x00, 0x00, 0x00, 0x00, 0x00, 0x00, 0x00,
    0x00, 0x00, 0x00, 0x00, 0x00, 0x00, 0x00, 0x00, 0x00, 0x00, 0x00, 0x00,
    0x01, 0x00, 0x01, 0x14, 0xA5, 0xFF, 0xFB, 0xFF, 0xFF, 0xFF, 0xFF, 0xFF,
    0xFF, 0xFF, 0xFF, 0xFF, 0xFF, 0xFF, 0xFF, 0xFF, 0xFF, 0xFF, 0xFF, 0xFF,
    0xFF, 0xFF, 0xFF, 0xFF, 0xFF, 0xFF, 0xFF, 0xFF, 0xFF, 0xFF, 0xFF, 0xFF,
    0xFF, 0xFF, 0xFF, 0xFF, 0xFF, 0xFF, 0xFF, 0xFF, 0xFF, 0xFF, 0xFF, 0xFF,
    0xFF, 0xFF, 0xFF, 0xFF, 0xFF, 0xFF, 0xFF, 0xFF, 0xFF, 0xFF, 0xFF, 0xFF,
    0xFF, 0xFF, 0xFF, 0xFF, 0xFF, 0xFF, 0xFF, 0xFF, 0xFF, 0xFF, 0xFF, 0xFF,
    0xFF, 0xFF, 0xFF, 0xFF, 0xFF, 0xFF, 0xFF, 0xFF, 0xFF, 0xFF, 0xFF, 0xFF,
    0xFF, 0xFF, 0xFF, 0xFF, 0xFF, 0xFF, 0xF7, 0xEE, 0xEC, 0xBE, 0x40, 0x00,
    0x05, 0x00, 0x00, 0x00, 0x00, 0x00, 0x00, 0x00, 0x00, 0x00, 0x00, 0x00,
    0x00, 0x00, 0x00, 0x00, 0x00, 0x00, 0x00, 0x00, 0x00, 0x00, 0x00, 0x00,
    0x00, 0x00, 0x00, 0x00, 0x00, 0x00, 0x00, 0x00, 0x00, 0x00, 0x00, 0x00,
    0x00, 0x00, 0x00, 0x00, 0x00, 0x00, 0x00, 0x00, 0x00, 0x00, 0x00, 0x00,
    0x00, 0x00, 0x00, 0x00, 0x00, 0x00, 0x00, 0x00, 0x00, 0x00, 0x00, 0x00,
    0x00, 0x00, 0x00, 0x00, 0x02, 0x00, 0x01, 0x63, 0xDE, 0xFF, 0xFD, 0xFF,
    0xFF, 0xFF, 0xFF, 0xFF, 0xFF, 0xFF, 0xFF, 0xFF, 0xFF, 0xFF, 0xFF, 0xFF,
    0xFF, 0xFF, 0xFF, 0xFF, 0xFF, 0xFF, 0xFF, 0xFF, 0xFF, 0xFF, 0xFF, 0xFF,
    0xFF, 0xFF, 0xFF, 0xFF, 0xFF, 0xFF, 0xFF, 0xFF, 0xFF, 0xFF, 0xFF, 0xFF,
    0xFF, 0xFF, 0xFF, 0xFF, 0xFF, 0xFF, 0xFF, 0xFF, 0xFF, 0xFF, 0xFF, 0xFF,
    0xFF, 0xFF, 0xFF, 0xFF, 0xFF, 0xFF, 0xFF, 0xFF, 0xFF, 0xFF, 0xFF, 0xFF,
    0xFF, 0xFF, 0xFF, 0xFF, 0xFF, 0xFF, 0xFF, 0xFF, 0xFF, 0xFF, 0xFF, 0xFF,
    0xFF, 0xFF, 0xFF, 0xFF, 0xFD, 0xFB, 0xFD, 0xFF, 0xFF, 0xE9, 0x85, 0x1C,
    0x12, 0x0E, 0x02, 0x00, 0x00, 0x00, 0x00, 0x00, 0x00, 0x00, 0x00, 0x00,
    0x00, 0x00, 0x00, 0x00, 0x00, 0x00, 0x00, 0x00, 0x00, 0x00, 0x00, 0x00,
    0x00, 0x00, 0x00, 0x00, 0x00, 0x00, 0x00, 0x00, 0x00, 0x00, 0x00, 0x00,
    0x00, 0x00, 0x00, 0x00, 0x00, 0x00, 0x00, 0x00, 0x00, 0x00, 0x00, 0x00,
    0x00, 0x00, 0x00, 0x00, 0x00, 0x00, 0x00, 0x00, 0x00, 0x00, 0x00, 0x00,
    0x00, 0x00, 0x00, 0x00, 0x00, 0x00, 0x00, 0x01, 0x01, 0x00, 0x00, 0xAA,
    0xFC, 0xFA, 0xFF, 0xFF, 0xFF, 0xFF, 0xFF, 0xFF, 0xFF, 0xFF, 0xFF, 0xFF,
    0xFF, 0xFF, 0xFF, 0xFF, 0xFF, 0xFF, 0xFF, 0xFF, 0xFF, 0xFF, 0xFF, 0xFF,
    0xFF, 0xFF, 0xFF, 0xFF, 0xFF, 0xFF, 0xFF, 0xFF, 0xFF, 0xFF, 0xFF, 0xFF,
    0xFF, 0xFF, 0xFF, 0xFF, 0xFF, 0xFF, 0xFF, 0xFF, 0xFF, 0xFF, 0xFF, 0xFF,
    0xFF, 0xFF, 0xFF, 0xFF, 0xFF, 0xFF, 0xFF, 0xFF, 0xFF, 0xFF, 0xFF, 0xFF,
    0xFF, 0xFF, 0xFF, 0xFF, 0xFF, 0xFF, 0xFF, 0xFF, 0xFF, 0xFF, 0xFF, 0xFF,
    0xFF, 0xFF, 0xFF, 0xFF, 0xFE, 0xFC, 0xF8, 0xF9, 0xFF, 0xFF, 0xFF, 0xB3,
    0x56, 0x37, 0x18, 0x00, 0x00, 0x00, 0x00, 0x01, 0x00, 0x00, 0x00, 0x00,
    0x00, 0x00, 0x00, 0x00, 0x00, 0x00, 0x00, 0x00, 0x00, 0x00, 0x00, 0x00,
    0x00, 0x00, 0x00, 0x00, 0x00, 0x00, 0x00, 0x00, 0x00, 0x00, 0x00, 0x00,
    0x00, 0x00, 0x00, 0x00, 0x00, 0x00, 0x00, 0x00, 0x00, 0x00, 0x00, 0x00,
    0x00, 0x00, 0x00, 0x00, 0x00, 0x00, 0x00, 0x00, 0x00, 0x00, 0x00, 0x00,
    0x00, 0x00, 0x00, 0x00, 0x00, 0x00, 0x00, 0x00, 0x00, 0x00, 0x00, 0x02,
    0x01, 0x03, 0x32, 0xD5, 0xFF, 0xF9, 0xFF, 0xFF, 0xFF, 0xFF, 0xFF, 0xFF,
    0xFF, 0xFF, 0xFF, 0xFF, 0xFF, 0xFF, 0xFF, 0xFF, 0xFF, 0xFF, 0xFF, 0xFF,
    0xFF, 0xFF, 0xFF, 0xFF, 0xFF, 0xFF, 0xFF, 0xFF, 0xFF, 0xFF, 0xFF, 0xFF,
    0xFF, 0xFF, 0xFF, 0xFF, 0xFF, 0xFF, 0xFF, 0xFF, 0xFF, 0xFF, 0xFF, 0xFF,
    0xFF, 0xFF, 0xFF, 0xFF, 0xFF, 0xFF, 0xFF, 0xFF, 0xFF, 0xFF, 0xFF, 0xFF,
    0xFF, 0xFF, 0xFF, 0xFF, 0xFF, 0xFF, 0xFF, 0xFF, 0xFF, 0xFF, 0xFF, 0xFF,
    0xFF, 0xFF, 0xFF, 0xFF, 0xFF, 0xFF, 0xFD, 0xFA, 0xFC, 0xFF, 0xFF, 0xFF,
    0xD1, 0x8F, 0x6D, 0x34, 0x00, 0x00, 0x00, 0x05, 0x06, 0x05, 0x02, 0x00,
    0x00, 0x00, 0x00, 0x00, 0x00, 0x00, 0x00, 0x00, 0x00, 0x00, 0x00, 0x00,
    0x00, 0x00, 0x00, 0x00, 0x00, 0x00, 0x00, 0x00, 0x00, 0x00, 0x00, 0x00,
    0x00, 0x00, 0x00, 0x00, 0x00, 0x00, 0x00, 0x00, 0x00, 0x00, 0x00, 0x00,
    0x00, 0x00, 0x00, 0x00, 0x00, 0x00, 0x00, 0x00, 0x00, 0x00, 0x00, 0x00,
    0x00, 0x00, 0x00, 0x00, 0x00, 0x00, 0x00, 0x00, 0x00, 0x00, 0x00, 0x00,
    0x00, 0x00, 0x00, 0x04, 0x00, 0x05, 0x94, 0xF0, 0xFD, 0xFC, 0xFF, 0xFF,
    0xFF, 0xFF, 0xFF, 0xFF, 0xFF, 0xFF, 0xFF, 0xFF, 0xFF, 0xFF, 0xFF, 0xFF,
    0xFF, 0xFF, 0xFF, 0xFF, 0xFF, 0xFF, 0xFF, 0xFF, 0xFF, 0xFF, 0xFF, 0xFF,
    0xFF, 0xFF, 0xFF, 0xFF, 0xFF, 0xFF, 0xFF, 0xFF, 0xFF, 0xFF, 0xFF, 0xFF,
    0xFF, 0xFF, 0xFF, 0xFF, 0xFF, 0xFF, 0xFF, 0xFF, 0xFF, 0xFF, 0xFF, 0xFF,
    0xFF, 0xFF, 0xFF, 0xFF, 0xFF, 0xFF, 0xFF, 0xFF, 0xFF, 0xFF, 0xFF, 0xFF,
    0xFF, 0xFF, 0xFF, 0xFF, 0xFF, 0xFF, 0xFF, 0xFE, 0xFD, 0xFE, 0xFF, 0xFF,
    0xFF, 0xEE, 0xC5, 0xAB, 0x55, 0x00, 0x00, 0x00, 0x05, 0x07, 0x03, 0x00,
    0x00, 0x00, 0x00, 0x00, 0x00, 0x00, 0x00, 0x00, 0x00, 0x00, 0x00, 0x00,
    0x00, 0x00, 0x00, 0x00, 0x00, 0x00, 0x00, 0x00, 0x00, 0x00, 0x00, 0x00,
    0x00, 0x00, 0x00, 0x00, 0x00, 0x00, 0x00, 0x00, 0x00, 0x00, 0x00, 0x00,
    0x00, 0x00, 0x00, 0x00, 0x00, 0x00, 0x00, 0x00, 0x00, 0x00, 0x00, 0x00,
    0x00, 0x00, 0x00, 0x00, 0x00, 0x00, 0x00, 0x00, 0x00, 0x00, 0x00, 0x00,
    0x00, 0x00, 0x00, 0x00, 0x00, 0x00, 0x00, 0x05, 0x00, 0x1B, 0xDC, 0xFF,
    0xFC, 0xFE, 0xFF, 0xFF, 0xFF, 0xFF, 0xFF, 0xFF, 0xFF, 0xFF, 0xFF, 0xFF,
    0xFF, 0xFF, 0xFF, 0xFF, 0xFF, 0xFF, 0xFF, 0xFF, 0xFF, 0xFF, 0xFF, 0xFF,
    0xFF, 0xFF, 0xFF, 0xFF, 0xFF, 0xFF, 0xFF, 0xFF, 0xFF, 0xFF, 0xFF, 0xFF,
    0xFF, 0xFF, 0xFF, 0xFF, 0xFF, 0xFF, 0xFF, 0xFF, 0xFF, 0xFF, 0xFF, 0xFF,
    0xFF, 0xFF, 0xFF, 0xFF, 0xFF, 0xFF, 0xFF, 0xFF, 0xFF, 0xFF, 0xFF, 0xFF,
    0xFF, 0xFF, 0xFF, 0xFF, 0xFF, 0xFF, 0xFF, 0xFF, 0xFF, 0xFF, 0xFF, 0xFF,
    0xFF, 0xFF, 0xFA, 0xF1, 0xD7, 0x85, 0x0F, 0x00, 0x00, 0x04, 0x04, 0x02,
    0x00, 0x00, 0x00, 0x00, 0x00, 0x00, 0x00, 0x00, 0x00, 0x00, 0x00, 0x00,
    0x00, 0x00, 0x00, 0x00, 0x00, 0x00, 0x00, 0x00, 0x00, 0x00, 0x00, 0x00,
    0x00, 0x00, 0x00, 0x00, 0x00, 0x00, 0x00, 0x00, 0x00, 0x00, 0x00, 0x00,
    0x00, 0x00, 0x00, 0x00, 0x00, 0x00, 0x00, 0x00, 0x00, 0x00, 0x00, 0x00,
    0x00, 0x00, 0x00, 0x00, 0x00, 0x00, 0x00, 0x00, 0x00, 0x00, 0x00, 0x00,
    0x00, 0x00, 0x00, 0x00, 0x00, 0x00, 0x00, 0x00, 0x00, 0x00, 0x03, 0x01,
    0x0B, 0x64, 0xF5, 0xFF, 0xFB, 0xFF, 0xFF, 0xFF, 0xFF, 0xFF, 0xFF, 0xFF,
    0xFF, 0xFF, 0xFF, 0xFF, 0xFF, 0xFF, 0xFF, 0xFF, 0xFF, 0xFF, 0xFF, 0xFF,
    0xFF, 0xFF, 0xFF, 0xFF, 0xFF, 0xFF, 0xFF, 0xFF, 0xFF, 0xFF, 0xFF, 0xFF,
    0xFF, 0xFF, 0xFF, 0xFF, 0xFF, 0xFF, 0xFF, 0xFF, 0xFF, 0xFF, 0xFF, 0xFF,
    0xFF, 0xFF, 0xFF, 0xFF, 0xFF, 0xFF, 0xFF, 0xFF, 0xFF, 0xFF, 0xFF, 0xFF,
    0xFF, 0xFF, 0xFF, 0xFF, 0xFF, 0xFF, 0xFF, 0xFF, 0xFF, 0xFF, 0xFF, 0xFF,
    0xFE, 0xFC, 0xFA, 0xFF, 0xFF, 0xFC, 0xAE, 0x41, 0x10, 0x0A, 0x00, 0x00,
    0x00, 0x00, 0x00, 0x00, 0x00, 0x00, 0x00, 0x00, 0x00, 0x00, 0x00, 0x00,
    0x00, 0x00, 0x00, 0x00, 0x00, 0x00, 0x00, 0x00, 0x00, 0x00, 0x00, 0x00,
    0x00, 0x00, 0x00, 0x00, 0x00, 0x00, 0x00, 0x00, 0x00, 0x00, 0x00, 0x00,
    0x00, 0x00, 0x00, 0x00, 0x00, 0x00, 0x00, 0x00, 0x00, 0x00, 0x00, 0x00,
    0x00, 0x00, 0x00, 0x00, 0x00, 0x00, 0x00, 0x00, 0x00, 0x00, 0x00, 0x00,
    0x00, 0x00, 0x00, 0x00, 0x00, 0x00, 0x00, 0x00, 0x00, 0x00, 0x00, 0x00,
    0x00, 0x00, 0x06, 0x01, 0x24, 0xBF, 0xFE, 0xFF, 0xFD, 0xFF, 0xFF, 0xFF,
    0xFF, 0xFF, 0xFF, 0xFF, 0xFF, 0xFF, 0xFF, 0xFF, 0xFF, 0xFF, 0xFF, 0xFF,
    0xFF, 0xFF, 0xFF, 0xFF, 0xFF, 0xFF, 0xFF, 0xFF, 0xFF, 0xFF, 0xFF, 0xFF,
    0xFF, 0xFF, 0xFF, 0xFF, 0xFF, 0xFF, 0xFF, 0xFF, 0xFF, 0xFF, 0xFF, 0xFF,
    0xFF, 0xFF, 0xFF, 0xFF, 0xFF, 0xFF, 0xFF, 0xFF, 0xFF, 0xFF, 0xFF, 0xFF,
    0xFF, 0xFF, 0xFF, 0xFF, 0xFF, 0xFF, 0xFF, 0xFF, 0xFF, 0xFF, 0xFF, 0xFF,
    0xFF, 0xFD, 0xFA, 0xF8, 0xFF, 0xFF, 0xFF, 0xD1, 0x6C, 0x3E, 0x23, 0x00,
    0x00, 0x00, 0x00, 0x02, 0x01, 0x00, 0x00, 0x00, 0x00, 0x00, 0x00, 0x00,
    0x00, 0x00, 0x00, 0x00, 0x00, 0x00, 0x00, 0x00, 0x00, 0x00, 0x00, 0x00,
    0x00, 0x00, 0x00, 0x00, 0x00, 0x00, 0x00, 0x00, 0x00, 0x00, 0x00, 0x00,
    0x00, 0x00, 0x00, 0x00, 0x00, 0x00, 0x00, 0x00, 0x00, 0x00, 0x00, 0x00,
    0x00, 0x00, 0x00, 0x00, 0x00, 0x00, 0x00, 0x00, 0x00, 0x00, 0x00, 0x00,
    0x00, 0x00, 0x00, 0x00, 0x00, 0x00, 0x00, 0x00, 0x00, 0x00, 0x00, 0x00,
    0x00, 0x00, 0x00, 0x00, 0x00, 0x00, 0x03, 0x00, 0x4E, 0xF6, 0xFF, 0xFE,
    0xFF, 0xFF, 0xFF, 0xFF, 0xFF, 0xFF, 0xFF, 0xFF, 0xFF, 0xFF, 0xFF, 0xFF,
    0xFF, 0xFF, 0xFF, 0xFF, 0xFF, 0xFF, 0xFF, 0xFF, 0xFF, 0xFF, 0xFF, 0xFF,
    0xFF, 0xFF, 0xFF, 0xFF, 0xFF, 0xFF, 0xFF, 0xFF, 0xFF, 0xFF, 0xFF, 0xFF,
    0xFF, 0xFF, 0xFF, 0xFF, 0xFF, 0xFF, 0xFF, 0xFF, 0xFF, 0xFF, 0xFF, 0xFF,
    0xFF, 0xFF, 0xFF, 0xFF, 0xFF, 0xFF, 0xFF, 0xFF, 0xFF, 0xFF, 0xFF, 0xFF,
    0xFF, 0xFF, 0xFE, 0xFB, 0xFA, 0xFF, 0xFF, 0xFF, 0xF1, 0xA3, 0x7A, 0x4C,
    0x01, 0x00, 0x00, 0x00, 0x06, 0x03, 0x01, 0x00, 0x00, 0x00, 0x00, 0x00,
    0x00, 0x00, 0x00, 0x00, 0x00, 0x00, 0x00, 0x00, 0x00, 0x00, 0x00, 0x00,
    0x00, 0x00, 0x00, 0x00, 0x00, 0x00, 0x00, 0x00, 0x00, 0x00, 0x00, 0x00,
    0x00, 0x00, 0x00, 0x00, 0x00, 0x00, 0x00, 0x00, 0x00, 0x00, 0x00, 0x00,
    0x00, 0x00, 0x00, 0x00, 0x00, 0x00, 0x00, 0x00, 0x00, 0x00, 0x00, 0x00,
    0x00, 0x00, 0x00, 0x00, 0x00, 0x00, 0x00, 0x00, 0x00, 0x00, 0x00, 0x00,
    0x00, 0x00, 0x00, 0x00, 0x00, 0x00, 0x00, 0x00, 0x00, 0x02, 0x00, 0x17,
    0x92, 0xFF, 0xFF, 0xFD, 0xFF, 0xFF, 0xFF, 0xFF, 0xFF, 0xFF, 0xFF, 0xFF,
    0xFF, 0xFF, 0xFF, 0xFF, 0xFF, 0xFF, 0xFF, 0xFF, 0xFF, 0xFF, 0xFF, 0xFF,
    0xFF, 0xFF, 0xFF, 0xFF, 0xFF, 0xFF, 0xFF, 0xFF, 0xFF, 0xFF, 0xFF, 0xFF,
    0xFF, 0xFF, 0xFF, 0xFF, 0xFF, 0xFF, 0xFF, 0xFF, 0xFF, 0xFF, 0xFF, 0xFF,
    0xFF, 0xFF, 0xFF, 0xFF, 0xFF, 0xFF, 0xFF, 0xFF, 0xFF, 0xFF, 0xFF, 0xFF,
    0xFF, 0xFF, 0xFF, 0xFF, 0xFD, 0xFD, 0xFF, 0xFF, 0xFF, 0xFD, 0xD8, 0xB5,
    0x82, 0x16, 0x00, 0x00, 0x01, 0x07, 0x05, 0x01, 0x00, 0x00, 0x00, 0x00,
    0x00, 0x00, 0x00, 0x00, 0x00, 0x00, 0x00, 0x00, 0x00, 0x00, 0x00, 0x00,
    0x00, 0x00, 0x00, 0x00, 0x00, 0x00, 0x00, 0x00, 0x00, 0x00, 0x00, 0x00,
    0x00, 0x00, 0x00, 0x00, 0x00, 0x00, 0x00, 0x00, 0x00, 0x00, 0x00, 0x00,
    0x00, 0x00, 0x00, 0x00, 0x00, 0x00, 0x00, 0x00, 0x00, 0x00, 0x00, 0x00,
    0x00, 0x00, 0x00, 0x00, 0x00, 0x00, 0x00, 0x00, 0x00, 0x00, 0x00, 0x00,
    0x00, 0x00, 0x00, 0x00, 0x00, 0x00, 0x00, 0x00, 0x00, 0x00, 0x00, 0x00,
    0x00, 0x03, 0x00, 0x53, 0xDB, 0xFE, 0xFF, 0xFE, 0xFF, 0xFF, 0xFF, 0xFF,
    0xFF, 0xFF, 0xFF, 0xFF, 0xFF, 0xFF, 0xFF, 0xFF, 0xFF, 0xFF, 0xFF, 0xFF,
    0xFF, 0xFF, 0xFF, 0xFF, 0xFF, 0xFF, 0xFF, 0xFF, 0xFF, 0xFF, 0xFF, 0xFF,
    0xFF, 0xFF, 0xFF, 0xFF, 0xFF, 0xFF, 0xFF, 0xFF, 0xFF, 0xFF, 0xFF, 0xFF,
    0xFF, 0xFF, 0xFF, 0xFF, 0xFF, 0xFF, 0xFF, 0xFF, 0xFF, 0xFF, 0xFF, 0xFF,
    0xFF, 0xFF, 0xFF, 0xFF, 0xFF, 0xFF, 0xFF, 0xFF, 0xFF, 0xFF, 0xFF, 0xF3,
    0xE9, 0xB3, 0x47, 0x00, 0x00, 0x01, 0x04, 0x03, 0x01, 0x00, 0x00, 0x00,
    0x00, 0x00, 0x00, 0x00, 0x00, 0x00, 0x00, 0x00, 0x00, 0x00, 0x00, 0x00,
    0x00, 0x00, 0x00, 0x00, 0x00, 0x00, 0x00, 0x00, 0x00, 0x00, 0x00, 0x00,
    0x00, 0x00, 0x00, 0x00, 0x00, 0x00, 0x00, 0x00, 0x00, 0x00, 0x00, 0x00,
    0x00, 0x00, 0x00, 0x00, 0x00, 0x00, 0x00, 0x00, 0x00, 0x00, 0x00, 0x00,
    0x00, 0x00, 0x00, 0x00, 0x00, 0x00, 0x00, 0x00, 0x00, 0x00, 0x00, 0x00,
    0x00, 0x00, 0x00, 0x00, 0x00, 0x00, 0x00, 0x00, 0x00, 0x00, 0x00, 0x00,
    0x00, 0x00, 0x00, 0x00, 0x00, 0x02, 0x00, 0x87, 0xFE, 0xFB, 0xFF, 0xFF,
    0xFF, 0xFF, 0xFF, 0xFF, 0xFF, 0xFF, 0xFF, 0xFF, 0xFF, 0xFF, 0xFF, 0xFF,
    0xFF, 0xFF, 0xFF, 0xFF, 0xFF, 0xFF, 0xFF, 0xFF, 0xFF, 0xFF, 0xFF, 0xFF,
    0xFF, 0xFF, 0xFF, 0xFF, 0xFF, 0xFF, 0xFF, 0xFF, 0xFF, 0xFF, 0xFF, 0xFF,
    0xFF, 0xFF, 0xFF, 0xFF, 0xFF, 0xFF, 0xFF, 0xFF, 0xFF, 0xFF, 0xFF, 0xFF,
    0xFF, 0xFF, 0xFF, 0xFF, 0xFF, 0xFF, 0xFF, 0xFF, 0xFE, 0xFD, 0xFB, 0xFD,
    0xFF, 0xFF, 0xD7, 0x62, 0x1A, 0x0D, 0x04, 0x00, 0x00, 0x00, 0x00, 0x00,
    0x00, 0x00, 0x00, 0x00, 0x00, 0x00, 0x00, 0x00, 0x00, 0x00, 0x00, 0x00,
    0x00, 0x00, 0x00, 0x00, 0x00, 0x00, 0x00, 0x00, 0x00, 0x00, 0x00, 0x00,
    0x00, 0x00, 0x00, 0x00, 0x00, 0x00, 0x00, 0x00, 0x00, 0x00, 0x00, 0x00,
    0x00, 0x00, 0x00, 0x00, 0x00, 0x00, 0x00, 0x00, 0x00, 0x00, 0x00, 0x00,
    0x00, 0x00, 0x00, 0x00, 0x00, 0x00, 0x00, 0x00, 0x00, 0x00, 0x00, 0x00,
    0x00, 0x00, 0x00, 0x00, 0x00, 0x00, 0x00, 0x00, 0x00, 0x00, 0x00, 0x00,
    0x00, 0x00, 0x00, 0x00, 0x00, 0x00, 0x00, 0x01, 0x00, 0x03, 0x39, 0xC0,
    0xFF, 0xFC, 0xFF, 0xFF, 0xFF, 0xFF, 0xFF, 0xFF, 0xFF, 0xFF, 0xFF, 0xFF,
    0xFF, 0xFF, 0xFF, 0xFF, 0xFF, 0xFF, 0xFF, 0xFF, 0xFF, 0xFF, 0xFF, 0xFF,
    0xFF, 0xFF, 0xFF, 0xFF, 0xFF, 0xFF, 0xFF, 0xFF, 0xFF, 0xFF, 0xFF, 0xFF,
    0xFF, 0xFF, 0xFF, 0xFF, 0xFF, 0xFF, 0xFF, 0xFF, 0xFF, 0xFF, 0xFF, 0xFF,
    0xFF, 0xFF, 0xFF, 0xFF, 0xFF, 0xFF, 0xFF, 0xFF, 0xFF, 0xFE, 0xFB, 0xF8,
    0xFD, 0xFF, 0xFF, 0xF5, 0x91, 0x44, 0x32, 0x09, 0x00, 0x00, 0x00, 0x03,
    0x02, 0x01, 0x00, 0x00, 0x00, 0x00, 0x00, 0x00, 0x00, 0x00, 0x00, 0x00,
    0x00, 0x00, 0x00, 0x00, 0x00, 0x00, 0x00, 0x00, 0x00, 0x00, 0x00, 0x00,
    0x00, 0x00, 0x00, 0x00, 0x00, 0x00, 0x00, 0x00, 0x00, 0x00, 0x00, 0x00,
    0x00, 0x00, 0x00, 0x00, 0x00, 0x00, 0x00, 0x00, 0x00, 0x00, 0x00, 0x00,
    0x00, 0x00, 0x00, 0x00, 0x00, 0x00, 0x00, 0x00, 0x00, 0x00, 0x00, 0x00,
    0x00, 0x00, 0x00, 0x00, 0x00, 0x00, 0x00, 0x00, 0x00, 0x00, 0x00, 0x00,
    0x00, 0x00, 0x00, 0x00, 0x00, 0x00, 0x00, 0x00, 0x00, 0x00, 0x00, 0x02,
    0x00, 0x00, 0x89, 0xEF, 0xFC, 0xFE, 0xFF, 0xFF, 0xFF, 0xFF, 0xFF, 0xFF,
    0xFF, 0xFF, 0xFF, 0xFF, 0xFF, 0xFF, 0xFF, 0xFF, 0xFF, 0xFF, 0xFF, 0xFF,
    0xFF, 0xFF, 0xFF, 0xFF, 0xFF, 0xFF, 0xFF, 0xFF, 0xFF, 0xFF, 0xFF, 0xFF,
    0xFF, 0xFF, 0xFF, 0xFF, 0xFF, 0xFF, 0xFF, 0xFF, 0xFF, 0xFF, 0xFF, 0xFF,
    0xFF, 0xFF, 0xFF, 0xFF, 0xFF, 0xFF, 0xFF, 0xFF, 0xFF, 0xFF, 0xFF, 0xFC,
    0xF9, 0xFD, 0xFF, 0xFF, 0xFF, 0xC6, 0x83, 0x64, 0x1E, 0x00, 0x00, 0x00,
    0x05, 0x05, 0x02, 0x00, 0x00, 0x00, 0x00, 0x00, 0x00, 0x00, 0x00, 0x00,
    0x00, 0x00, 0x00, 0x00, 0x00, 0x00, 0x00, 0x00, 0x00, 0x00, 0x00, 0x00,
    0x00, 0x00, 0x00, 0x00, 0x00, 0x00, 0x00, 0x00, 0x00, 0x00, 0x00, 0x00,
    0x00, 0x00, 0x00, 0x00, 0x00, 0x00, 0x00, 0x00, 0x00, 0x00, 0x00, 0x00,
    0x00, 0x00, 0x00, 0x00, 0x00, 0x00, 0x00, 0x00, 0x00, 0x00, 0x00, 0x00,
    0x00, 0x00, 0x00, 0x00, 0x00, 0x00, 0x00, 0x00, 0x00, 0x00, 0x00, 0x00,
    0x00, 0x00, 0x00, 0x00, 0x00, 0x00, 0x00, 0x00, 0x00, 0x00, 0x00, 0x00,
    0x00, 0x00, 0x01, 0x02, 0x01, 0x10, 0xC0, 0xFF, 0xF9, 0xFF, 0xFF, 0xFF,
    0xFF, 0xFF, 0xFF, 0xFF, 0xFF, 0xFF, 0xFF, 0xFF, 0xFF, 0xFF, 0xFF, 0xFF,
    0xFF, 0xFF, 0xFF, 0xFF, 0xFF, 0xFF, 0xFF, 0xFF, 0xFF, 0xFF, 0xFF, 0xFF,
    0xFF, 0xFF, 0xFF, 0xFF, 0xFF, 0xFF, 0xFF, 0xFF, 0xFF, 0xFF, 0xFF, 0xFF,
    0xFF, 0xFF, 0xFF, 0xFF, 0xFF, 0xFF, 0xFF, 0xFF, 0xFF, 0xFF, 0xFF, 0xFF,
    0xFE, 0xFD, 0xFE, 0xFF, 0xFF, 0xFF, 0xE2, 0xC3, 0x9B, 0x46, 0x00, 0x00,
    0x00, 0x08, 0x06, 0x03, 0x00, 0x00, 0x00, 0x00, 0x00, 0x00, 0x00, 0x00,
    0x00, 0x00, 0x00, 0x00, 0x00, 0x00, 0x00, 0x00, 0x00, 0x00, 0x00, 0x00,
    0x00, 0x00, 0x00, 0x00, 0x00, 0x00, 0x00, 0x00, 0x00, 0x00, 0x00, 0x00,
    0x00, 0x00, 0x00, 0x00, 0x00, 0x00, 0x00, 0x00, 0x00, 0x00, 0x00, 0x00,
    0x00, 0x00, 0x00, 0x00, 0x00, 0x00, 0x00, 0x00, 0x00, 0x00, 0x00, 0x00,
    0x00, 0x00, 0x00, 0x00, 0x00, 0x00, 0x00, 0x00, 0x00, 0x00, 0x00, 0x00,
    0x00, 0x00, 0x00, 0x00, 0x00, 0x00, 0x00, 0x00, 0x00, 0x00, 0x00, 0x00,
    0x00, 0x00, 0x00, 0x00, 0x00, 0x00, 0x03, 0x00, 0x03, 0x62, 0xE1, 0xFE,
    0xFA, 0xFF, 0xFF, 0xFF, 0xFF, 0xFF, 0xFF, 0xFF, 0xFF, 0xFF, 0xFF, 0xFF,
    0xFF, 0xFF, 0xFF, 0xFF, 0xFF, 0xFF, 0xFF, 0xFF, 0xFF, 0xFF, 0xFF, 0xFF,
    0xFF, 0xFF, 0xFF, 0xFF, 0xFF, 0xFF, 0xFF, 0xFF, 0xFF, 0xFF, 0xFF, 0xFF,
    0xFF, 0xFF, 0xFF, 0xFF, 0xFF, 0xFF, 0xFF, 0xFF, 0xFF, 0xFF, 0xFF, 0xFF,
    0xFF, 0xFF, 0xFF, 0xFF, 0xFF, 0xFF, 0xFF, 0xFA, 0xEE, 0xCD, 0x65, 0x09,
    0x00, 0x00, 0x04, 0x04, 0x01, 0x00, 0x00, 0x00, 0x00, 0x00, 0x00, 0x00,
    0x00, 0x00, 0x00, 0x00, 0x00, 0x00, 0x00, 0x00, 0x00, 0x00, 0x00, 0x00,
    0x00, 0x00, 0x00, 0x00, 0x00, 0x00, 0x00, 0x00, 0x00, 0x00, 0x00, 0x00,
    0x00, 0x00, 0x00, 0x00, 0x00, 0x00, 0x00, 0x00, 0x00, 0x00, 0x00, 0x00,
    0x00, 0x00, 0x00, 0x00, 0x00, 0x00, 0x00, 0x00, 0x00, 0x00, 0x00, 0x00,
    0x00, 0x00, 0x00, 0x00, 0x00, 0x00, 0x00, 0x00, 0x00, 0x00, 0x00, 0x00,
    0x00, 0x00, 0x00, 0x00, 0x00, 0x00, 0x00, 0x00, 0x00, 0x00, 0x00, 0x00,
    0x00, 0x00, 0x00, 0x00, 0x00, 0x00, 0x00, 0x00, 0x00, 0x00, 0x05, 0x01,
    0x0C, 0xB9, 0xFE, 0xFF, 0xFE, 0xFF, 0xFF, 0xFF, 0xFF, 0xFF, 0xFF, 0xFF,
    0xFF, 0xFF, 0xFF, 0xFF, 0xFF, 0xFF, 0xFF, 0xFF, 0xFF, 0xFF, 0xFF, 0xFF,
    0xFF, 0xFF, 0xFF, 0xFF, 0xFF, 0xFF, 0xFF, 0xFF, 0xFF, 0xFF, 0xFF, 0xFF,
    0xFF, 0xFF, 0xFF, 0xFF, 0xFF, 0xFF, 0xFF, 0xFF, 0xFF, 0xFF, 0xFF, 0xFF,
    0xFF, 0xFF, 0xFF, 0xFF, 0xFF, 0xFD, 0xFB, 0xFC, 0xFF, 0xFF, 0xF6, 0x98,
    0x28, 0x0F, 0x05, 0x00, 0x00, 0x00, 0x00, 0x00, 0x00, 0x00, 0x00, 0x00,
    0x00, 0x00, 0x00, 0x00, 0x00, 0x00, 0x00, 0x00, 0x00, 0x00, 0x00, 0x00,
    0x00, 0x00, 0x00, 0x00, 0x00, 0x00, 0x00, 0x00, 0x00, 0x00, 0x00, 0x00,
    0x00, 0x00, 0x00, 0x00, 0x00, 0x00, 0x00, 0x00, 0x00, 0x00, 0x00, 0x00,
    0x00, 0x00, 0x00, 0x00, 0x00, 0x00, 0x00, 0x00, 0x00, 0x00, 0x00, 0x00,
    0x00, 0x00, 0x00, 0x00, 0x00, 0x00, 0x00, 0x00, 0x00, 0x00, 0x00, 0x00,
    0x00, 0x00, 0x00, 0x00, 0x00, 0x00, 0x00, 0x00, 0x00, 0x00, 0x00, 0x00,
    0x00, 0x00, 0x00, 0x00, 0x00, 0x00, 0x00, 0x00, 0x00, 0x00, 0x00, 0x00,
    0x00, 0x01, 0x02, 0x00, 0x33, 0xEB, 0xFF, 0xFB, 0xFF, 0xFF, 0xFF, 0xFF,
    0xFF, 0xFF, 0xFF, 0xFF, 0xFF, 0xFF, 0xFF, 0xFF, 0xFF, 0xFF, 0xFF, 0xFF,
    0xFF, 0xFF, 0xFF, 0xFF, 0xFF, 0xFF, 0xFF, 0xFF, 0xFF, 0xFF, 0xFF, 0xFF,
    0xFF, 0xFF, 0xFF, 0xFF, 0xFF, 0xFF, 0xFF, 0xFF, 0xFF, 0xFF, 0xFF, 0xFF,
    0xFF, 0xFF, 0xFF, 0xFF, 0xFF, 0xFF, 0xFC, 0xF9, 0xF9, 0xFF, 0xFF, 0xFF,
    0xC7, 0x61, 0x3C, 0x1F, 0x00, 0x00, 0x00, 0x01, 0x02, 0x01, 0x00, 0x00,
    0x00, 0x00, 0x00, 0x00, 0x00, 0x00, 0x00, 0x00, 0x00, 0x00, 0x00, 0x00,
    0x00, 0x00, 0x00, 0x00, 0x00, 0x00, 0x00, 0x00, 0x00, 0x00, 0x00, 0x00,
    0x00, 0x00, 0x00, 0x00, 0x00, 0x00, 0x00, 0x00, 0x00, 0x00, 0x00, 0x00,
    0x00, 0x00, 0x00, 0x00, 0x00, 0x00, 0x00, 0x00, 0x00, 0x00, 0x00, 0x00,
    0x00, 0x00, 0x00, 0x00, 0x00, 0x00, 0x00, 0x00, 0x00, 0x00, 0x00, 0x00,
    0x00, 0x00, 0x00, 0x00, 0x00, 0x00, 0x00, 0x00, 0x00, 0x00, 0x00, 0x00,
    0x00, 0x00, 0x00, 0x00, 0x00, 0x00, 0x00, 0x00, 0x00, 0x00, 0x00, 0x00,
    0x00, 0x00, 0x00, 0x00, 0x00, 0x06, 0x00, 0x1C, 0xA9, 0xFC, 0xFE, 0xFB,
    0xFF, 0xFF, 0xFF, 0xFF, 0xFF, 0xFF, 0xFF, 0xFF, 0xFF, 0xFF, 0xFF, 0xFF,
    0xFF, 0xFF, 0xFF, 0xFF, 0xFF, 0xFF, 0xFF, 0xFF, 0xFF, 0xFF, 0xFF, 0xFF,
    0xFF, 0xFF, 0xFF, 0xFF, 0xFF, 0xFF, 0xFF, 0xFF, 0xFF, 0xFF, 0xFF, 0xFF,
    0xFF, 0xFF, 0xFF, 0xFF, 0xFF, 0xFF, 0xFF, 0xFD, 0xFA, 0xFB, 0xFF, 0xFF,
    0xFF, 0xD9, 0x98, 0x71, 0x43, 0x00, 0x00, 0x00, 0x03, 0x05, 0x03, 0x00,
    0x00, 0x00, 0x00, 0x00, 0x00, 0x00, 0x00, 0x00, 0x00, 0x00, 0x00, 0x00,
    0x00, 0x00, 0x00, 0x00, 0x00, 0x00, 0x00, 0x00, 0x00, 0x00, 0x00, 0x00,
    0x00, 0x00, 0x00, 0x00, 0x00, 0x00, 0x00, 0x00, 0x00, 0x00, 0x00, 0x00,
    0x00, 0x00, 0x00, 0x00, 0x00, 0x00, 0x00, 0x00, 0x00, 0x00, 0x00, 0x00,
    0x00, 0x00, 0x00, 0x00, 0x00, 0x00, 0x00, 0x00, 0x00, 0x00, 0x00, 0x00,
    0x00, 0x00, 0x00, 0x00, 0x00, 0x00, 0x00, 0x00, 0x00, 0x00, 0x00, 0x00,
    0x00, 0x00, 0x00, 0x00, 0x00, 0x00, 0x00, 0x00, 0x00, 0x00, 0x00, 0x00,
    0x00, 0x00, 0x00, 0x00, 0x00, 0x00, 0x00, 0x00, 0x00, 0x06, 0x00, 0x49,
    0xFF, 0xFF, 0xFE, 0xFF, 0xFF, 0xFF, 0xFF, 0xFF, 0xFF, 0xFF, 0xFF, 0xFF,
    0xFF, 0xFF, 0xFF, 0xFF, 0xFF, 0xFF, 0xFF, 0xFF, 0xFF, 0xFF, 0xFF, 0xFF,
    0xFF, 0xFF, 0xFF, 0xFF, 0xFF, 0xFF, 0xFF, 0xFF, 0xFF, 0xFF, 0xFF, 0xFF,
    0xFF, 0xFF, 0xFF, 0xFF, 0xFF, 0xFF, 0xFF, 0xFF, 0xFE, 0xFD, 0xFD, 0xFF,
    0xFF, 0xFF, 0xF3, 0xC9, 0xAC, 0x60, 0x07, 0x00, 0x00, 0x04, 0x07, 0x04,
    0x01, 0x00, 0x00, 0x00, 0x00, 0x00, 0x00, 0x00, 0x00, 0x00, 0x00, 0x00,
    0x00, 0x00, 0x00, 0x00, 0x00, 0x00, 0x00, 0x00, 0x00, 0x00, 0x00, 0x00,
    0x00, 0x00, 0x00, 0x00, 0x00, 0x00, 0x00, 0x00, 0x00, 0x00, 0x00, 0x00,
    0x00, 0x00, 0x00, 0x00, 0x00, 0x00, 0x00, 0x00, 0x00, 0x00, 0x00, 0x00,
    0x00, 0x00, 0x00, 0x00, 0x00, 0x00, 0x00, 0x00, 0x00, 0x00, 0x00, 0x00,
    0x00, 0x00, 0x00, 0x00, 0x00, 0x00, 0x00, 0x00, 0x00, 0x00, 0x00, 0x00,
    0x00, 0x00, 0x00, 0x00, 0x00, 0x00, 0x00, 0x00, 0x00, 0x00, 0x00, 0x00,
    0x00, 0x00, 0x00, 0x00, 0x00, 0x00, 0x00, 0x00, 0x00, 0x00, 0x00, 0x00,
    0x01, 0x00, 0x13, 0x87, 0xFD, 0xFF, 0xFD, 0xFF, 0xFF, 0xFF, 0xFF, 0xFF,
    0xFF, 0xFF, 0xFF, 0xFF, 0xFF, 0xFF, 0xFF, 0xFF, 0xFF, 0xFF, 0xFF, 0xFF,
    0xFF, 0xFF, 0xFF, 0xFF, 0xFF, 0xFF, 0xFF, 0xFF, 0xFF, 0xFF, 0xFF, 0xFF,
    0xFF, 0xFF, 0xFF, 0xFF, 0xFF, 0xFF, 0xFF, 0xFF, 0xFF, 0xFF, 0xFF, 0xFF,
    0xFF, 0xFF, 0xFF, 0xFC, 0xF3, 0xDF, 0x96, 0x1D, 0x00, 0x00, 0x02, 0x04,
    0x03, 0x01, 0x00, 0x00, 0x00, 0x00, 0x00, 0x00, 0x00, 0x00, 0x00, 0x00,
    0x00, 0x00, 0x00, 0x00, 0x00, 0x00, 0x00, 0x00, 0x00, 0x00, 0x00, 0x00,
    0x00, 0x00, 0x00, 0x00, 0x00, 0x00, 0x00, 0x00, 0x00, 0x00, 0x00, 0x00,
    0x00, 0x00, 0x00, 0x00, 0x00, 0x00, 0x00, 0x00, 0x00, 0x00, 0x00, 0x00,
    0x00, 0x00, 0x00, 0x00, 0x00, 0x00, 0x00, 0x00, 0x00, 0x00, 0x00, 0x00,
    0x00, 0x00, 0x00, 0x00, 0x00, 0x00, 0x00, 0x00, 0x00, 0x00, 0x00, 0x00,
    0x00, 0x00, 0x00, 0x00, 0x00, 0x00, 0x00, 0x00, 0x00, 0x00, 0x00, 0x00,
    0x00, 0x00, 0x00, 0x00, 0x00, 0x00, 0x00, 0x00, 0x00, 0x00, 0x00, 0x00,
    0x00, 0x00, 0x00, 0x00, 0x04, 0x02, 0x5E, 0xEC, 0xFE, 0xFF, 0xFF, 0xFF,
    0xFF, 0xFF, 0xFF, 0xFF, 0xFF, 0xFF, 0xFF, 0xFF, 0xFF, 0xFF, 0xFF, 0xFF,
    0xFF, 0xFF, 0xFF, 0xFF, 0xFF, 0xFF, 0xFF, 0xFF, 0xFF, 0xFF, 0xFF, 0xFF,
    0xFF, 0xFF, 0xFF, 0xFF, 0xFF, 0xFF, 0xFF, 0xFF, 0xFF, 0xFF, 0xFF, 0xFF,
    0xFF, 0xFE, 0xFC, 0xFB, 0xFF, 0xFF, 0xFF, 0xC5, 0x51, 0x11, 0x0C, 0x00,
    0x00, 0x00, 0x00, 0x00, 0x00, 0x00, 0x00, 0x00, 0x00, 0x00, 0x00, 0x00,
    0x00, 0x00, 0x00, 0x00, 0x00, 0x00, 0x00, 0x00, 0x00, 0x00, 0x00, 0x00,
    0x00, 0x00, 0x00, 0x00, 0x00, 0x00, 0x00, 0x00, 0x00, 0x00, 0x00, 0x00,
    0x00, 0x00, 0x00, 0x00, 0x00, 0x00, 0x00, 0x00, 0x00, 0x00, 0x00, 0x00,
    0x00, 0x00, 0x00, 0x00, 0x00, 0x00, 0x00, 0x00, 0x00, 0x00, 0x00, 0x00,
    0x00, 0x00, 0x00, 0x00, 0x00, 0x00, 0x00, 0x00, 0x00, 0x00, 0x00, 0x00,
    0x00, 0x00, 0x00, 0x00, 0x00, 0x00, 0x00, 0x00, 0x00, 0x00, 0x00, 0x00,
    0x00, 0x00, 0x00, 0x00, 0x00, 0x00, 0x00, 0x00, 0x00, 0x00, 0x00, 0x00,
    0x00, 0x00, 0x00, 0x00, 0x00, 0x00, 0x00, 0x00, 0x04, 0x00, 0x82, 0xFF,
    0xFB, 0xFF, 0xFF, 0xFF, 0xFF, 0xFF, 0xFF, 0xFF, 0xFF, 0xFF, 0xFF, 0xFF,
    0xFF, 0xFF, 0xFF, 0xFF, 0xFF, 0xFF, 0xFF, 0xFF, 0xFF, 0xFF, 0xFF, 0xFF,
    0xFF, 0xFF, 0xFF, 0xFF, 0xFF, 0xFF, 0xFF, 0xFF, 0xFF, 0xFF, 0xFF, 0xFF,
    0xFF, 0xFF, 0xFE, 0xFA, 0xF8, 0xFD, 0xFF, 0xFF, 0xE1, 0x7C, 0x42, 0x2B,
    0x05, 0x00, 0x00, 0x00, 0x02, 0x02, 0x00, 0x00, 0x00, 0x00, 0x00, 0x00,
    0x00, 0x00, 0x00, 0x00, 0x00, 0x00, 0x00, 0x00, 0x00, 0x00, 0x00, 0x00,
    0x00, 0x00, 0x00, 0x00, 0x00, 0x00, 0x00, 0x00, 0x00, 0x00, 0x00, 0x00,
    0x00, 0x00, 0x00, 0x00, 0x00, 0x00, 0x00, 0x00, 0x00, 0x00, 0x00, 0x00,
    0x00, 0x00, 0x00, 0x00, 0x00, 0x00, 0x00, 0x00, 0x00, 0x00, 0x00, 0x00,
    0x00, 0x00, 0x00, 0x00, 0x00, 0x00, 0x00, 0x00, 0x00, 0x00, 0x00, 0x00,
    0x00, 0x00, 0x00, 0x00, 0x00, 0x00, 0x00, 0x00, 0x00, 0x00, 0x00, 0x00,
    0x00, 0x00, 0x00, 0x00, 0x00, 0x00, 0x00, 0x00, 0x00, 0x00, 0x00, 0x00,
    0x00, 0x00, 0x00, 0x00, 0x00, 0x00, 0x00, 0x00, 0x00, 0x00, 0x00, 0x00,
    0x04, 0x32, 0xC2, 0xFE, 0xFC, 0xFF, 0xFF, 0xFF, 0xFF, 0xFF, 0xFF, 0xFF,
    0xFF, 0xFF, 0xFF, 0xFF, 0xFF, 0xFF, 0xFF, 0xFF, 0xFF, 0xFF, 0xFF, 0xFF,
    0xFF, 0xFF, 0xFF, 0xFF, 0xFF, 0xFF, 0xFF, 0xFF, 0xFF, 0xFF, 0xFF, 0xFF,
    0xFF, 0xFF, 0xFF, 0xFE, 0xFB, 0xF9, 0xFF, 0xFF, 0xFF, 0xFC, 0xAE, 0x80,
    0x56, 0x0D, 0x00, 0x00, 0x00, 0x06, 0x04, 0x01, 0x00, 0x00, 0x00, 0x00,
    0x00, 0x00, 0x00, 0x00, 0x00, 0x00, 0x00, 0x00, 0x00, 0x00, 0x00, 0x00,
    0x00, 0x00, 0x00, 0x00, 0x00, 0x00, 0x00, 0x00, 0x00, 0x00, 0x00, 0x00,
    0x00, 0x00, 0x00, 0x00, 0x00, 0x00, 0x00, 0x00, 0x00, 0x00, 0x00, 0x00,
    0x00, 0x00, 0x00, 0x00, 0x00, 0x00, 0x00, 0x00, 0x00, 0x00, 0x00, 0x00,
    0x00, 0x00, 0x00, 0x00, 0x00, 0x00, 0x00, 0x00, 0x00, 0x00, 0x00, 0x00,
    0x00, 0x00, 0x00, 0x00, 0x00, 0x00, 0x00, 0x00, 0x00, 0x00, 0x00, 0x00,
    0x00, 0x00, 0x00, 0x00, 0x00, 0x00, 0x00, 0x00, 0x00, 0x00, 0x00, 0x00,
    0x00, 0x00, 0x00, 0x00, 0x00, 0x00, 0x00, 0x00, 0x00, 0x00, 0x00, 0x00,
    0x00, 0x00, 0x00, 0x00, 0x00, 0x8A, 0xFD, 0xFD, 0xFF, 0xFF, 0xFF, 0xFF,
    0xFF, 0xFF, 0xFF, 0xFF, 0xFF, 0xFF, 0xFF, 0xFF, 0xFF, 0xFF, 0xFF, 0xFF,
    0xFF, 0xFF, 0xFF, 0xFF, 0xFF, 0xFF, 0xFF, 0xFF, 0xFF, 0xFF, 0xFF, 0xFF,
    0xFF, 0xFF, 0xFF, 0xFF, 0xFF, 0xFD, 0xFD, 0xFF, 0xFF, 0xFF, 0xFF, 0xDC,
    0xB9, 0x91, 0x26, 0x00, 0x00, 0x00, 0x07, 0x06, 0x02, 0x00, 0x00, 0x00,
    0x00, 0x00, 0x00, 0x00, 0x00, 0x00, 0x00, 0x00, 0x00, 0x00, 0x00, 0x00,
    0x00, 0x00, 0x00, 0x00, 0x00, 0x00, 0x00, 0x00, 0x00, 0x00, 0x00, 0x00,
    0x00, 0x00, 0x00, 0x00, 0x00, 0x00, 0x00, 0x00, 0x00, 0x00, 0x00, 0x00,
    0x00, 0x00, 0x00, 0x00, 0x00, 0x00, 0x00, 0x00, 0x00, 0x00, 0x00, 0x00,
    0x00, 0x00, 0x00, 0x00, 0x00, 0x00, 0x00, 0x00, 0x00, 0x00, 0x00, 0x00,
    0x00, 0x00, 0x00, 0x00, 0x00, 0x00, 0x00, 0x00, 0x00, 0x00, 0x00, 0x00,
    0x00, 0x00, 0x00, 0x00, 0x00, 0x00, 0x00, 0x00, 0x00, 0x00, 0x00, 0x00,
    0x00, 0x00, 0x00, 0x00, 0x00, 0x00, 0x00, 0x00, 0x00, 0x00, 0x00, 0x00,
    0x00, 0x00, 0x00, 0x00, 0x00, 0x00, 0x00, 0x00, 0x06, 0xB0, 0xFE, 0xF8,
    0xFF, 0xFF, 0xFF, 0xFF, 0xFF, 0xFF, 0xFF, 0xFF, 0xFF, 0xFF, 0xFF, 0xFF,
    0xFF, 0xFF, 0xFF, 0xFF, 0xFF, 0xFF, 0xFF, 0xFF, 0xFF, 0xFF, 0xFF, 0xFF,
    0xFF, 0xFF, 0xFF, 0xFF, 0xFF, 0xFF, 0xFF, 0xFF, 0xFF, 0xFF, 0xFF, 0xFF,
    0xF5, 0xEB, 0xBC, 0x52, 0x00, 0x00, 0x00, 0x04, 0x03, 0x01, 0x00, 0x00,
    0x00, 0x00, 0x00, 0x00, 0x00, 0x00, 0x00, 0x00, 0x00, 0x00, 0x00, 0x00,
    0x00, 0x00, 0x00, 0x00, 0x00, 0x00, 0x00, 0x00, 0x00, 0x00, 0x00, 0x00,
    0x00, 0x00, 0x00, 0x00, 0x00, 0x00, 0x00, 0x00, 0x00, 0x00, 0x00, 0x00,
    0x00, 0x00, 0x00, 0x00, 0x00, 0x00, 0x00, 0x00, 0x00, 0x00, 0x00, 0x00,
    0x00, 0x00, 0x00, 0x00, 0x00, 0x00, 0x00, 0x00, 0x00, 0x00, 0x00, 0x00,
    0x00, 0x00, 0x00, 0x00, 0x00, 0x00, 0x00, 0x00, 0x00, 0x00, 0x00, 0x00,
    0x00, 0x00, 0x00, 0x00, 0x00, 0x00, 0x00, 0x00, 0x00, 0x00, 0x00, 0x00,
    0x00, 0x00, 0x00, 0x00, 0x00, 0x00, 0x00, 0x00, 0x00, 0x00, 0x00, 0x00,
    0x00, 0x00, 0x00, 0x00, 0x00, 0x00, 0x00, 0x00, 0x00, 0x00, 0x00, 0x00,
    0x6C, 0xD4, 0xFF, 0xFA, 0xFF, 0xFF, 0xFF, 0xFF, 0xFF, 0xFF, 0xFF, 0xFF,
    0xFF, 0xFF, 0xFF, 0xFF, 0xFF, 0xFF, 0xFF, 0xFF, 0xFF, 0xFF, 0xFF, 0xFF,
    0xFF, 0xFF, 0xFF, 0xFF, 0xFF, 0xFF, 0xFF, 0xFF, 0xFF, 0xFE, 0xFD, 0xFB,
    0xFC, 0xFF, 0xFF, 0xDC, 0x6F, 0x1E, 0x0E, 0x06, 0x00, 0x00, 0x00, 0x00,
    0x00, 0x00, 0x00, 0x00, 0x00, 0x00, 0x00, 0x00, 0x00, 0x00, 0x00, 0x00,
    0x00, 0x00, 0x00, 0x00, 0x00, 0x00, 0x00, 0x00, 0x00, 0x00, 0x00, 0x00,
    0x00, 0x00, 0x00, 0x00, 0x00, 0x00, 0x00, 0x00, 0x00, 0x00, 0x00, 0x00,
    0x00, 0x00, 0x00, 0x00, 0x00, 0x00, 0x00, 0x00, 0x00, 0x00, 0x00, 0x00,
    0x00, 0x00, 0x00, 0x00, 0x00, 0x00, 0x00, 0x00, 0x00, 0x00, 0x00, 0x00,
    0x00, 0x00, 0x00, 0x00, 0x00, 0x00, 0x00, 0x00, 0x00, 0x00, 0x00, 0x00,
    0x00, 0x00, 0x00, 0x00, 0x00, 0x00, 0x00, 0x00, 0x00, 0x00, 0x00, 0x00,
    0x00, 0x00, 0x00, 0x00, 0x00, 0x00, 0x00, 0x00, 0x00, 0x00, 0x00, 0x00,
    0x00, 0x00, 0x00, 0x00, 0x00, 0x00, 0x00, 0x00, 0x00, 0x00, 0x00, 0x00,
    0x00, 0x00, 0x00, 0x00, 0xCD, 0xF0, 0xFF, 0xFD, 0xFF, 0xFF, 0xFF, 0xFF,
    0xFF, 0xFF, 0xFF, 0xFF, 0xFF, 0xFF, 0xFF, 0xFF, 0xFF, 0xFF, 0xFF, 0xFF,
    0xFF, 0xFF, 0xFF, 0xFF, 0xFF, 0xFF, 0xFF, 0xFF, 0xFF, 0xFF, 0xFE, 0xFB,
    0xF8, 0xFC, 0xFF, 0xFF, 0xF9, 0x9D, 0x4E, 0x33, 0x0D, 0x00, 0x00, 0x00,
    0x02, 0x02, 0x01, 0x00, 0x00, 0x00, 0x00, 0x00, 0x00, 0x00, 0x00, 0x00,
    0x00, 0x00, 0x00, 0x00, 0x00, 0x00, 0x00, 0x00, 0x00, 0x00, 0x00, 0x00,
    0x00, 0x00, 0x00, 0x00, 0x00, 0x00, 0x00, 0x00, 0x00, 0x00, 0x00, 0x00,
    0x00, 0x00, 0x00, 0x00, 0x00, 0x00, 0x00, 0x00, 0x00, 0x00, 0x00, 0x00,
    0x00, 0x00, 0x00, 0x00, 0x00, 0x00, 0x00, 0x00, 0x00, 0x00, 0x00, 0x00,
    0x00, 0x00, 0x00, 0x00, 0x00, 0x00, 0x00, 0x00, 0x00, 0x00, 0x00, 0x00,
    0x00, 0x00, 0x00, 0x00, 0x00, 0x00, 0x00, 0x00, 0x00, 0x00, 0x00, 0x00,
    0x00, 0x00, 0x00, 0x00, 0x00, 0x00, 0x00, 0x00, 0x00, 0x00, 0x00, 0x00,
    0x00, 0x00, 0x00, 0x00, 0x00, 0x00, 0x00, 0x00, 0x00, 0x00, 0x00, 0x00,
    0x00, 0x00, 0x00, 0x00, 0x00, 0x00, 0x00, 0x00, 0xF8, 0xFD, 0xFF, 0xFF,
    0xFF, 0xFF, 0xFF, 0xFF, 0xFF, 0xFF, 0xFF, 0xFF, 0xFF, 0xFF, 0xFF, 0xFF,
    0xFF, 0xFF, 0xFF, 0xFF, 0xFF, 0xFF, 0xFF, 0xFF, 0xFF, 0xFF, 0xFF, 0xFF,
    0xFC, 0xF9, 0xFD, 0xFF, 0xFF, 0xFF, 0xCC, 0x87, 0x67, 0x26, 0x00, 0x00,
    0x00, 0x05, 0x05, 0x02, 0x00, 0x00, 0x00, 0x00, 0x00, 0x00, 0x00, 0x00,
    0x00, 0x00, 0x00, 0x00, 0x00, 0x00, 0x00, 0x00, 0x00, 0x00, 0x00, 0x00,
    0x00, 0x00, 0x00, 0x00, 0x00, 0x00, 0x00, 0x00, 0x00, 0x00, 0x00, 0x00,
    0x00, 0x00, 0x00, 0x00, 0x00, 0x00, 0x00, 0x00, 0x00, 0x00, 0x00, 0x00,
    0x00, 0x00, 0x00, 0x00, 0x00, 0x00, 0x00, 0x00, 0x00, 0x00, 0x00, 0x00,
    0x00, 0x00, 0x00, 0x00, 0x00, 0x00, 0x00, 0x00, 0x00, 0x00, 0x00, 0x00,
    0x00, 0x00, 0x00, 0x00, 0x00, 0x00, 0x00, 0x00, 0x00, 0x00, 0x00, 0x00,
    0x00, 0x00, 0x00, 0x00, 0x00, 0x00, 0x00, 0x00, 0x00, 0x00, 0x00, 0x00,
    0x00, 0x00, 0x00, 0x00, 0x00, 0x00, 0x00, 0x00, 0x00, 0x00, 0x00, 0x00,
    0x00, 0x00, 0x00, 0x00, 0x00, 0x00, 0x00, 0x00, 0x00, 0x00, 0x00, 0x00,
    0xFD, 0xFE, 0xFF, 0xFF, 0xFF, 0xFF, 0xFF, 0xFF, 0xFF, 0xFF, 0xFF, 0xFF,
    0xFF, 0xFF, 0xFF, 0xFF, 0xFF, 0xFF, 0xFF, 0xFF, 0xFF, 0xFF, 0xFF, 0xFF,
    0xFF, 0xFE, 0xFD, 0xFE, 0xFF, 0xFF, 0xFF, 0xE6, 0xC6, 0x9F, 0x4F, 0x00,
    0x00, 0x00, 0x06, 0x06, 0x03, 0x00, 0x00, 0x00, 0x00, 0x00, 0x00, 0x00,
    0x00, 0x00, 0x00, 0x00, 0x00, 0x00, 0x00, 0x00, 0x00, 0x00, 0x00, 0x00,
    0x00, 0x00, 0x00, 0x00, 0x00, 0x00, 0x00, 0x00, 0x00, 0x00, 0x00, 0x00,
    0x00, 0x00, 0x00, 0x00, 0x00, 0x00, 0x00, 0x00, 0x00, 0x00, 0x00, 0x00,
    0x00, 0x00, 0x00, 0x00, 0x00, 0x00, 0x00, 0x00, 0x00, 0x00, 0x00, 0x00,
    0x00, 0x00, 0x00, 0x00, 0x00, 0x00, 0x00, 0x00, 0x00, 0x00, 0x00, 0x00,
    0x00, 0x00, 0x00, 0x00, 0x00, 0x00, 0x00, 0x00, 0x00, 0x00, 0x00, 0x00,
    0x00, 0x00, 0x00, 0x00, 0x00, 0x00, 0x00, 0x00, 0x00, 0x00, 0x00, 0x00,
    0x00, 0x00, 0x00, 0x00, 0x00, 0x00, 0x00, 0x00, 0x00, 0x00, 0x00, 0x00,
    0x00, 0x00, 0x00, 0x00, 0x00, 0x00, 0x00, 0x00, 0x00, 0x00, 0x00, 0x00,
    0x00, 0x00, 0x00, 0x00, 0xFF, 0xFF, 0xFF, 0xFF, 0xFF, 0xFF, 0xFF, 0xFF,
    0xFF, 0xFF, 0xFF, 0xFF, 0xFF, 0xFF, 0xFF, 0xFF, 0xFF, 0xFF, 0xFF, 0xFF,
    0xFF, 0xFF, 0xFF, 0xFF, 0xFF, 0xFF, 0xFF, 0xFF, 0xFA, 0xF0, 0xD0, 0x71,
    0x10, 0x00, 0x00, 0x03, 0x04, 0x02, 0x00, 0x00, 0x00, 0x00, 0x00, 0x00,
    0x00, 0x00, 0x00, 0x00, 0x00, 0x00, 0x00, 0x00, 0x00, 0x00, 0x00, 0x00,
    0x00, 0x00, 0x00, 0x00, 0x00, 0x00, 0x00, 0x00, 0x00, 0x00, 0x00, 0x00,
    0x00, 0x00, 0x00, 0x00, 0x00, 0x00, 0x00, 0x00, 0x00, 0x00, 0x00, 0x00,
    0x00, 0x00, 0x00, 0x00, 0x00, 0x00, 0x00, 0x00, 0x00, 0x00, 0x00, 0x00,
    0x00, 0x00, 0x00, 0x00, 0x00, 0x00, 0x00, 0x00, 0x00, 0x00, 0x00, 0x00,
    0x00, 0x00, 0x00, 0x00, 0x00, 0x00, 0x00, 0x00, 0x00, 0x00, 0x00, 0x00,
    0x00, 0x00, 0x00, 0x00, 0x00, 0x00, 0x00, 0x00, 0x00, 0x00, 0x00, 0x00,
    0x00, 0x00, 0x00, 0x00, 0x00, 0x00, 0x00, 0x00, 0x00, 0x00, 0x00, 0x00,
    0x00, 0x00, 0x00, 0x00, 0x00, 0x00, 0x00, 0x00, 0x00, 0x00, 0x00, 0x00,
    0x00, 0x00, 0x00, 0x00, 0x00, 0x00, 0x00, 0x00, 0xFD, 0xFE, 0xFF, 0xFF,
    0xFF, 0xFF, 0xFF, 0xFF, 0xFF, 0xFF, 0xFF, 0xFF, 0xFF, 0xFF, 0xFF, 0xFF,
    0xFF, 0xFF, 0xFF, 0xFF, 0xFF, 0xFF, 0xFE, 0xFC, 0xFC, 0xFF, 0xFF, 0xF8,
    0x9E, 0x30, 0x0F, 0x06, 0x00, 0x00, 0x00, 0x00, 0x00, 0x00, 0x00, 0x00,
    0x00, 0x00, 0x00, 0x00, 0x00, 0x00, 0x00, 0x00, 0x00, 0x00, 0x00, 0x00,
    0x00, 0x00, 0x00, 0x00, 0x00, 0x00, 0x00, 0x00, 0x00, 0x00, 0x00, 0x00,
    0x00, 0x00, 0x00, 0x00, 0x00, 0x00, 0x00, 0x00, 0x00, 0x00, 0x00, 0x00,
    0x00, 0x00, 0x00, 0x00, 0x00, 0x00, 0x00, 0x00, 0x00, 0x00, 0x00, 0x00,
    0x00, 0x00, 0x00, 0x00, 0x00, 0x00, 0x00, 0x00, 0x00, 0x00, 0x00, 0x00,
    0x00, 0x00, 0x00, 0x00, 0x00, 0x00, 0x00, 0x00, 0x00, 0x00, 0x00, 0x00,
    0x00, 0x00, 0x00, 0x00, 0x00, 0x00, 0x00, 0x00, 0x00, 0x00, 0x00, 0x00,
    0x00, 0x00, 0x00, 0x00, 0x00, 0x00, 0x00, 0x00, 0x00, 0x00, 0x00, 0x00,
    0x00, 0x00, 0x00, 0x00, 0x00, 0x00, 0x00, 0x00, 0x00, 0x00, 0x00, 0x00,
    0x00, 0x00, 0x00, 0x00, 0x00, 0x00, 0x00, 0x00, 0x00, 0x00, 0x00, 0x00,
    0xF5, 0xFB, 0xFF, 0xFF, 0xFF, 0xFF, 0xFF, 0xFF, 0xFF, 0xFF, 0xFF, 0xFF,
    0xFF, 0xFF, 0xFF, 0xFF, 0xFF, 0xFF, 0xFF, 0xFD, 0xF9, 0xF9, 0xFF, 0xFF,
    0xFF, 0xC9, 0x64, 0x3C, 0x20, 0x00, 0x00, 0x00, 0x00, 0x02, 0x01, 0x00,
    0x00, 0x00, 0x00, 0x00, 0x00, 0x00, 0x00, 0x00, 0x00, 0x00, 0x00, 0x00,
    0x00, 0x00, 0x00, 0x00, 0x00, 0x00, 0x00, 0x00, 0x00, 0x00, 0x00, 0x00,
    0x00, 0x00, 0x00, 0x00, 0x00, 0x00, 0x00, 0x00, 0x00, 0x00, 0x00, 0x00,
    0x00, 0x00, 0x00, 0x00, 0x00, 0x00, 0x00, 0x00, 0x00, 0x00, 0x00, 0x00,
    0x00, 0x00, 0x00, 0x00, 0x00, 0x00, 0x00, 0x00, 0x00, 0x00, 0x00, 0x00,
    0x00, 0x00, 0x00, 0x00, 0x00, 0x00, 0x00, 0x00, 0x00, 0x00, 0x00, 0x00,
    0x00, 0x00, 0x00, 0x00, 0x00, 0x00, 0x00, 0x00, 0x00, 0x00, 0x00, 0x00,
    0x00, 0x00, 0x00, 0x00, 0x00, 0x00, 0x00, 0x00, 0x00, 0x00, 0x00, 0x00,
    0x00, 0x00, 0x00, 0x00, 0x00, 0x00, 0x00, 0x00, 0x00, 0x00, 0x00, 0x00,
    0x00, 0x00, 0x00, 0x00, 0x00, 0x00, 0x00, 0x00, 0x00, 0x00, 0x00, 0x00,
    0x00, 0x00, 0x00, 0x00, 0xC5, 0xEC, 0xFC, 0xFD, 0xFF, 0xFF, 0xFF, 0xFF,
    0xFF, 0xFF, 0xFF, 0xFF, 0xFF, 0xFF, 0xFF, 0xFF, 0xFE, 0xFB, 0xFA, 0xFF,
    0xFF, 0xFF, 0xE3, 0xA1, 0x74, 0x44, 0x00, 0x00, 0x00, 0x02, 0x06, 0x03,
    0x01, 0x00, 0x00, 0x00, 0x00, 0x00, 0x00, 0x00, 0x00, 0x00, 0x00, 0x00,
    0x00, 0x00, 0x00, 0x00, 0x00, 0x00, 0x00, 0x00, 0x00, 0x00, 0x00, 0x00,
    0x00, 0x00, 0x00, 0x00, 0x00, 0x00, 0x00, 0x00, 0x00, 0x00, 0x00, 0x00,
    0x00, 0x00, 0x00, 0x00, 0x00, 0x00, 0x00, 0x00, 0x00, 0x00, 0x00, 0x00,
    0x00, 0x00, 0x00, 0x00, 0x00, 0x00, 0x00, 0x00, 0x00, 0x00, 0x00, 0x00,
    0x00, 0x00, 0x00, 0x00, 0x00, 0x00, 0x00, 0x00, 0x00, 0x00, 0x00, 0x00,
    0x00, 0x00, 0x00, 0x00, 0x00, 0x00, 0x00, 0x00, 0x00, 0x00, 0x00, 0x00,
    0x00, 0x00, 0x00, 0x00, 0x00, 0x00, 0x00, 0x00, 0x00, 0x00, 0x00, 0x00,
    0x00, 0x00, 0x00, 0x00, 0x00, 0x00, 0x00, 0x00, 0x00, 0x00, 0x00, 0x00,
    0x00, 0x00, 0x00, 0x00, 0x00, 0x00, 0x00, 0x00, 0x00, 0x00, 0x00, 0x00,
    0x00, 0x00, 0x00, 0x00, 0x00, 0x00, 0x00, 0x00, 0x59, 0xD5, 0xFF, 0xF8,
    0xFF, 0xFF, 0xFF, 0xFF, 0xFF, 0xFF, 0xFF, 0xFF, 0xFF, 0xFE, 0xFD, 0xFD,
    0xFF, 0xFF, 0xFF, 0xF7, 0xCE, 0xB0, 0x6F, 0x12, 0x00, 0x00, 0x03, 0x07,
    0x04, 0x01, 0x00, 0x00, 0x00, 0x00, 0x00, 0x00, 0x00, 0x00, 0x00, 0x00,
    0x00, 0x00, 0x00, 0x00, 0x00, 0x00, 0x00, 0x00, 0x00, 0x00, 0x00, 0x00,
    0x00, 0x00, 0x00, 0x00, 0x00, 0x00, 0x00, 0x00, 0x00, 0x00, 0x00, 0x00,
    0x00, 0x00, 0x00, 0x00, 0x00, 0x00, 0x00, 0x00, 0x00, 0x00, 0x00, 0x00,
    0x00, 0x00, 0x00, 0x00, 0x00, 0x00, 0x00, 0x00, 0x00, 0x00, 0x00, 0x00,
    0x00, 0x00, 0x00, 0x00, 0x00, 0x00, 0x00, 0x00, 0x00, 0x00, 0x00, 0x00,
    0x00, 0x00, 0x00, 0x00, 0x00, 0x00, 0x00, 0x00, 0x00, 0x00, 0x00, 0x00,
    0x00, 0x00, 0x00, 0x00, 0x00, 0x00, 0x00, 0x00, 0x00, 0x00, 0x00, 0x00,
    0x00, 0x00, 0x00, 0x00, 0x00, 0x00, 0x00, 0x00, 0x00, 0x00, 0x00, 0x00,
    0x00, 0x00, 0x00, 0x00, 0x00, 0x00, 0x00, 0x00, 0x00, 0x00, 0x00, 0x00,
    0x00, 0x00, 0x00, 0x00, 0x00, 0x00, 0x00, 0x00, 0x00, 0x00, 0x00, 0x00,
    0x00, 0x95, 0xFB, 0xFD, 0xFF, 0xFF, 0xFF, 0xFF, 0xFF, 0xFF, 0xFF, 0xFF,
    0xFF, 0xFF, 0xFF, 0xFF, 0xFC, 0xF3, 0xE4, 0xA0, 0x28, 0x00, 0x00, 0x01,
    0x04, 0x03, 0x01, 0x00, 0x00, 0x00, 0x00, 0x00, 0x00, 0x00, 0x00, 0x00,
    0x00, 0x00, 0x00, 0x00, 0x00, 0x00, 0x00, 0x00, 0x00, 0x00, 0x00, 0x00,
    0x00, 0x00, 0x00, 0x00, 0x00, 0x00, 0x00, 0x00, 0x00, 0x00, 0x00, 0x00,
    0x00, 0x00, 0x00, 0x00, 0x00, 0x00, 0x00, 0x00, 0x00, 0x00, 0x00, 0x00,
    0x00, 0x00, 0x00, 0x00, 0x00, 0x00, 0x00, 0x00, 0x00, 0x00, 0x00, 0x00,
    0x00, 0x00, 0x00, 0x00, 0x00, 0x00, 0x00, 0x00, 0x00, 0x00, 0x00, 0x00,
    0x00, 0x00, 0x00, 0x00, 0x00, 0x00, 0x00, 0x00, 0x00, 0x00, 0x00, 0x00,
    0x00, 0x00, 0x00, 0x00, 0x00, 0x00, 0x00, 0x00, 0x00, 0x00, 0x00, 0x00,
    0x00, 0x00, 0x00, 0x00, 0x00, 0x00, 0x00, 0x00, 0x00, 0x00, 0x00, 0x00,
    0x00, 0x00, 0x00, 0x00, 0x00, 0x00, 0x00, 0x00, 0x00, 0x00, 0x00, 0x00,
    0x00, 0x00, 0x00, 0x00, 0x00, 0x00, 0x00, 0x00, 0x00, 0x00, 0x00, 0x00,
    0x00, 0x00, 0x00, 0x00, 0x00, 0x10, 0xA7, 0xFF, 0xFA, 0xFB, 0xFD, 0xFE,
    0xFE, 0xFE, 0xFD, 0xFC, 0xFB, 0xFF, 0xFF, 0xFF, 0xCA, 0x58, 0x11, 0x0D,
    0x00, 0x00, 0x00, 0x00, 0x00, 0x00, 0x00, 0x00, 0x00, 0x00, 0x00, 0x00,
    0x00, 0x00, 0x00, 0x00, 0x00, 0x00, 0x00, 0x00, 0x00, 0x00, 0x00, 0x00,
    0x00, 0x00, 0x00, 0x00, 0x00, 0x00, 0x00, 0x00, 0x00, 0x00, 0x00, 0x00,
    0x00, 0x00, 0x00, 0x00, 0x00, 0x00, 0x00, 0x00, 0x00, 0x00, 0x00, 0x00,
    0x00, 0x00, 0x00, 0x00, 0x00, 0x00, 0x00, 0x00, 0x00, 0x00, 0x00, 0x00,
    0x00, 0x00, 0x00, 0x00, 0x00, 0x00, 0x00, 0x00, 0x00, 0x00, 0x00, 0x00,
    0x00, 0x00, 0x00, 0x00, 0x00, 0x00, 0x00, 0x00, 0x00, 0x00, 0x00, 0x00,
    0x00, 0x00, 0x00, 0x00, 0x00, 0x00, 0x00, 0x00, 0x00, 0x00, 0x00, 0x00,
    0x00, 0x00, 0x00, 0x00, 0x00, 0x00, 0x00, 0x00, 0x00, 0x00, 0x00, 0x00,
    0x00, 0x00, 0x00, 0x00, 0x00, 0x00, 0x00, 0x00, 0x00, 0x00, 0x00, 0x00,
    0x00, 0x00, 0x00, 0x00, 0x00, 0x00, 0x00, 0x00, 0x00, 0x00, 0x00, 0x00,
    0x00, 0x00, 0x00, 0x00, 0x00, 0x00, 0x00, 0x00, 0x03, 0x00, 0x20, 0x83,
    0xFF, 0xFF, 0xFF, 0xFF, 0xFF, 0xFF, 0xFF, 0xFF, 0xFF, 0xE8, 0x8B, 0x44,
    0x2D, 0x07, 0x00, 0x00, 0x00, 0x02, 0x02, 0x00, 0x00, 0x00, 0x00, 0x00,
    0x00, 0x00, 0x00, 0x00, 0x00, 0x00, 0x00, 0x00, 0x00, 0x00, 0x00, 0x00,
    0x00, 0x00, 0x00, 0x00, 0x00, 0x00, 0x00, 0x00, 0x00, 0x00, 0x00, 0x00,
    0x00, 0x00, 0x00, 0x00, 0x00, 0x00, 0x00, 0x00, 0x00, 0x00, 0x00, 0x00,
    0x00, 0x00, 0x00, 0x00, 0x00, 0x00, 0x00, 0x00, 0x00, 0x00, 0x00, 0x00,
    0x00, 0x00, 0x00, 0x00, 0x00, 0x00, 0x00, 0x00, 0x00, 0x00, 0x00, 0x00,
    0x00, 0x00, 0x00, 0x00, 0x00, 0x00, 0x00, 0x00, 0x00, 0x00, 0x00, 0x00,
    0x00, 0x00, 0x00, 0x00, 0x00, 0x00, 0x00, 0x00, 0x00, 0x00, 0x00, 0x00,
    0x00, 0x00, 0x00, 0x00, 0x00, 0x00, 0x00, 0x00, 0x00, 0x00, 0x00, 0x00,
    0x00, 0x00, 0x00, 0x00, 0x00, 0x00, 0x00, 0x00, 0x00, 0x00, 0x00, 0x00,
    0x00, 0x00, 0x00, 0x00, 0x00, 0x00, 0x00, 0x00, 0x00, 0x00, 0x00, 0x00,
    0x00, 0x00, 0x00, 0x00, 0x00, 0x00, 0x00, 0x00, 0x00, 0x00, 0x00, 0x00,
    0x00, 0x05, 0x00, 0x12, 0x70, 0x97, 0xCE, 0xF4, 0xFD, 0xFA, 0xE4, 0xAD,
    0x85, 0x5C, 0x19, 0x00, 0x00, 0x00, 0x06, 0x04, 0x01, 0x00, 0x00, 0x00,
    0x00, 0x00, 0x00, 0x00, 0x00, 0x00, 0x00, 0x00, 0x00, 0x00, 0x00, 0x00,
    0x00, 0x00, 0x00, 0x00, 0x00, 0x00, 0x00, 0x00, 0x00, 0x00, 0x00, 0x00,
    0x00, 0x00, 0x00, 0x00, 0x00, 0x00, 0x00, 0x00, 0x00, 0x00, 0x00, 0x00,
    0x00, 0x00, 0x00, 0x00, 0x00, 0x00, 0x00, 0x00, 0x00, 0x00, 0x00, 0x00,
    0x00, 0x00, 0x00, 0x00, 0x00, 0x00, 0x00, 0x00, 0x00, 0x00, 0x00, 0x00,
    0x00, 0x00, 0x00, 0x00, 0x00, 0x00, 0x00, 0x00, 0x00, 0x00, 0x00, 0x00,
    0x00, 0x00, 0x00, 0x00, 0x00, 0x00, 0x00, 0x00, 0x00, 0x00, 0x00, 0x00,
    0x00, 0x00, 0x00, 0x00, 0x00, 0x00, 0x00, 0x00, 0x00, 0x00, 0x00, 0x00,
    0x00, 0x00, 0x00, 0x00, 0x00, 0x00, 0x00, 0x00, 0x00, 0x00, 0x00, 0x00,
    0x00, 0x00, 0x00, 0x00, 0x00, 0x00, 0x00, 0x00, 0x00, 0x00, 0x00, 0x00,
    0x00, 0x00, 0x00, 0x00, 0x00, 0x00, 0x00, 0x00, 0x00, 0x00, 0x00, 0x00,
    0x00, 0x00, 0x00, 0x00, 0x00, 0x00, 0x05, 0x00, 0x00, 0x00, 0x44, 0x75,
    0x7F, 0x7C, 0x61, 0x1A, 0x00, 0x00, 0x00, 0x07, 0x05, 0x02, 0x00, 0x00,
    0x00, 0x00, 0x00, 0x00, 0x00, 0x00, 0x00, 0x00, 0x00, 0x00, 0x00, 0x00,
    0x00, 0x00, 0x00, 0x00, 0x00, 0x00, 0x00, 0x00, 0x00, 0x00, 0x00, 0x00,
    0x00, 0x00, 0x00, 0x00, 0x00, 0x00, 0x00, 0x00, 0x00, 0x00, 0x00, 0x00,
    0x00, 0x00, 0x00, 0x00, 0x00, 0x00, 0x00, 0x00, 0x00, 0x00, 0x00, 0x00,
    0x00, 0x00, 0x00, 0x00, 0x00, 0x00, 0x00, 0x00, 0x00, 0x00, 0x00, 0x00,
    0x00, 0x00, 0x00, 0x00, 0x00, 0x00, 0x00, 0x00, 0x00, 0x00, 0x00, 0x00,
    0x00, 0x00, 0x00, 0x00, 0x00, 0x00, 0x00, 0x00, 0x00, 0x00, 0x00, 0x00,
    0x00, 0x00, 0x00, 0x00, 0x00, 0x00, 0x00, 0x00, 0x00, 0x00, 0x00, 0x00,
    0x00, 0x00, 0x00, 0x00, 0x00, 0x00, 0x00, 0x00, 0x00, 0x00, 0x00, 0x00,
    0x00, 0x00, 0x00, 0x00, 0x00, 0x00, 0x00, 0x00, 0x00, 0x00, 0x00, 0x00,
    0x00, 0x00, 0x00, 0x00, 0x00, 0x00, 0x00, 0x00, 0x00, 0x00, 0x00, 0x00,
    0x00, 0x00, 0x00, 0x00, 0x00, 0x00, 0x00, 0x00, 0x00, 0x00, 0x00, 0x01,
    0x04, 0x02, 0x00, 0x00, 0x00, 0x00, 0x00, 0x00, 0x04, 0x04, 0x02, 0x00,
    0x00, 0x00, 0x00, 0x00, 0x00, 0x00, 0x00, 0x00, 0x00, 0x00, 0x00, 0x00,
    0x00, 0x00, 0x00, 0x00, 0x00, 0x00, 0x00, 0x00, 0x00, 0x00, 0x00, 0x00,
    0x00, 0x00, 0x00, 0x00, 0x00, 0x00, 0x00, 0x00, 0x00, 0x00, 0x00, 0x00,
    0x00, 0x00, 0x00, 0x00, 0x00, 0x00, 0x00, 0x00, 0x00, 0x00, 0x00, 0x00,
    0x00, 0x00, 0x00, 0x00, 0x00, 0x00, 0x00, 0x00, 0x00, 0x00, 0x00, 0x00,
    0x00, 0x00, 0x00, 0x00, 0x00, 0x00, 0x00, 0x00, 0x00, 0x00, 0x00, 0x00,
    0x00, 0x00, 0x00, 0x00, 0x00, 0x00, 0x00, 0x00, 0x00, 0x00, 0x00, 0x00,
    0x00, 0x00, 0x00, 0x00, 0x00, 0x00, 0x00, 0x00, 0x00, 0x00, 0x00, 0x00,
    0x00, 0x00, 0x00, 0x00, 0x00, 0x00, 0x00, 0x00, 0x00, 0x00, 0x00, 0x00,
    0x00, 0x00, 0x00, 0x00, 0x00, 0x00, 0x00, 0x00, 0x00, 0x00, 0x00, 0x00,
    0x00, 0x00, 0x00, 0x00, 0x00, 0x00, 0x00, 0x00, 0x00, 0x00, 0x00, 0x00,
    0x00, 0x00, 0x00, 0x00, 0x00, 0x00, 0x00, 0x00, 0x00, 0x00, 0x00, 0x00,
};

static const lv_image_dsc_t confetti_img = {
    .header = {
        .magic      = LV_IMAGE_HEADER_MAGIC,
        .cf         = LV_COLOR_FORMAT_NATIVE_WITH_ALPHA,
        .flags      = 0,
        .w          = 160,
        .h          = 160,
        .stride     = 320,
        .reserved_2 = 0,
    },
    .data_size = 76800,
    .data      = confetti_img_map,
};
