#pragma once
#include <lvgl.h>

static const uint8_t explosion_img_map[] = {
    0x00, 0x00, 0x00, 0x00, 0x00, 0x00, 0x00, 0x00, 0x00, 0x00, 0x00, 0x00,
    0x00, 0x00, 0x00, 0x00, 0x00, 0x00, 0x00, 0x00, 0x00, 0x00, 0x00, 0x00,
    0x00, 0x00, 0x00, 0x00, 0x00, 0x00, 0x00, 0x00, 0x00, 0x00, 0x00, 0x00,
    0x00, 0x00, 0x00, 0x00, 0x00, 0x00, 0x00, 0x00, 0x00, 0x00, 0x00, 0x00,
    0x00, 0x00, 0x00, 0x00, 0x00, 0x00, 0x00, 0x00, 0x00, 0x00, 0x00, 0x00,
    0x00, 0x00, 0x00, 0x00, 0x00, 0x00, 0x00, 0x00, 0x00, 0x00, 0x00, 0x00,
    0x00, 0x00, 0x00, 0x00, 0x00, 0x00, 0x00, 0x00, 0x00, 0x00, 0x00, 0x00,
    0x00, 0x00, 0x04, 0x21, 0x24, 0x21, 0x24, 0x21, 0x24, 0x21, 0x00, 0x00,
    0x00, 0x00, 0x00, 0x00, 0x00, 0x00, 0x00, 0x00, 0x00, 0x00, 0x00, 0x00,
    0x00, 0x00, 0x00, 0x00, 0x00, 0x00, 0x00, 0x00, 0x00, 0x00, 0x00, 0x00,
    0x00, 0x00, 0x00, 0x00, 0x00, 0x00, 0x00, 0x00, 0x00, 0x00, 0x00, 0x00,
    0x00, 0x00, 0x00, 0x00, 0x00, 0x00, 0x00, 0x00, 0x00, 0x00, 0x00, 0x00,
    0x00, 0x00, 0x00, 0x00, 0x00, 0x00, 0x00, 0x00, 0x00, 0x00, 0x00, 0x00,
    0x00, 0x00, 0x00, 0x00, 0x00, 0x00, 0x00, 0x00, 0x00, 0x00, 0x00, 0x00,
    0x00, 0x00, 0x00, 0x00, 0x00, 0x00, 0x00, 0x00, 0x00, 0x00, 0x00, 0x00,
    0x00, 0x00, 0x00, 0x00, 0x00, 0x00, 0x00, 0x00, 0x00, 0x00, 0x00, 0x00,
    0x00, 0x00, 0x00, 0x00, 0x00, 0x00, 0x00, 0x00, 0x00, 0x00, 0x00, 0x00,
    0x00, 0x00, 0x00, 0x00, 0x00, 0x00, 0x00, 0x00, 0x00, 0x00, 0x00, 0x00,
    0x00, 0x00, 0x00, 0x00, 0x00, 0x00, 0x00, 0x00, 0x00, 0x00, 0x00, 0x00,
    0x00, 0x00, 0x00, 0x00, 0x00, 0x00, 0x00, 0x00, 0x00, 0x00, 0x00, 0x00,
    0x00, 0x00, 0x00, 0x00, 0x00, 0x00, 0x00, 0x00, 0x00, 0x00, 0x00, 0x00,
    0x00, 0x00, 0x00, 0x00, 0x00, 0x00, 0x00, 0x00, 0x00, 0x00, 0x00, 0x00,
    0x00, 0x00, 0x24, 0x21, 0x45, 0x29, 0x45, 0x29, 0x24, 0x21, 0x00, 0x00,
    0x00, 0x00, 0x00, 0x00, 0x00, 0x00, 0x00, 0x00, 0x00, 0x00, 0x00, 0x00,
    0x00, 0x00, 0x00, 0x00, 0x00, 0x00, 0x00, 0x00, 0x00, 0x00, 0x00, 0x00,
    0x00, 0x00, 0x00, 0x00, 0x00, 0x00, 0x00, 0x00, 0x00, 0x00, 0x00, 0x00,
    0x00, 0x00, 0x00, 0x00, 0x00, 0x00, 0x00, 0x00, 0x00, 0x00, 0x00, 0x00,
    0x00, 0x00, 0x00, 0x00, 0x00, 0x00, 0x00, 0x00, 0x00, 0x00, 0x00, 0x00,
    0x00, 0x00, 0x00, 0x00, 0x00, 0x00, 0x00, 0x00, 0x00, 0x00, 0x00, 0x00,
    0x00, 0x00, 0x00, 0x00, 0x00, 0x00, 0x00, 0x00, 0x00, 0x00, 0x00, 0x00,
    0x00, 0x00, 0x00, 0x00, 0x00, 0x00, 0x00, 0x00, 0x00, 0x00, 0x00, 0x00,
    0x00, 0x00, 0x00, 0x00, 0x00, 0x00, 0x00, 0x00, 0x00, 0x00, 0x00, 0x00,
    0x00, 0x00, 0x00, 0x00, 0x00, 0x00, 0x00, 0x00, 0x00, 0x00, 0x00, 0x00,
    0x00, 0x00, 0x00, 0x00, 0x00, 0x00, 0x00, 0x00, 0x00, 0x00, 0x00, 0x00,
    0x00, 0x00, 0x00, 0x00, 0x00, 0x00, 0x00, 0x00, 0x00, 0x00, 0x00, 0x00,
    0x00, 0x00, 0x00, 0x00, 0x00, 0x00, 0x00, 0x00, 0x00, 0x00, 0x00, 0x00,
    0x00, 0x00, 0x00, 0x00, 0x00, 0x00, 0x00, 0x00, 0x00, 0x00, 0x00, 0x00,
    0x45, 0x29, 0x24, 0x21, 0x24, 0x21, 0x24, 0x21, 0x24, 0x21, 0x86, 0x31,
    0x00, 0x00, 0x00, 0x00, 0x00, 0x00, 0x00, 0x00, 0x00, 0x00, 0x00, 0x00,
    0x00, 0x00, 0x00, 0x00, 0x00, 0x00, 0x00, 0x00, 0x00, 0x00, 0x00, 0x00,
    0x00, 0x00, 0x00, 0x00, 0x00, 0x00, 0x00, 0x00, 0x00, 0x00, 0x00, 0x00,
    0x00, 0x00, 0x00, 0x00, 0x00, 0x00, 0x00, 0x00, 0x00, 0x00, 0x00, 0x00,
    0x00, 0x00, 0x00, 0x00, 0x00, 0x00, 0x00, 0x00, 0x00, 0x00, 0x00, 0x00,
    0x00, 0x00, 0x00, 0x00, 0x00, 0x00, 0x00, 0x00, 0x00, 0x00, 0x00, 0x00,
    0x00, 0x00, 0x00, 0x00, 0x00, 0x00, 0x00, 0x00, 0x00, 0x00, 0x00, 0x00,
    0x00, 0x00, 0x00, 0x00, 0x00, 0x00, 0x00, 0x00, 0x00, 0x00, 0x00, 0x00,
    0x00, 0x00, 0x00, 0x00, 0x00, 0x00, 0x00, 0x00, 0x00, 0x00, 0x00, 0x00,
    0x00, 0x00, 0x00, 0x00, 0x00, 0x00, 0x00, 0x00, 0x00, 0x00, 0x00, 0x00,
    0x00, 0x00, 0x00, 0x00, 0x00, 0x00, 0x00, 0x00, 0x00, 0x00, 0x00, 0x00,
    0x00, 0x00, 0x00, 0x00, 0x00, 0x00, 0x00, 0x00, 0x00, 0x00, 0x00, 0x00,
    0x00, 0x00, 0x00, 0x00, 0x00, 0x00, 0x00, 0x00, 0x00, 0x00, 0x00, 0x00,
    0x00, 0x00, 0x00, 0x00, 0x00, 0x00, 0x00, 0x00, 0x00, 0x00, 0x00, 0x00,
    0x24, 0x21, 0x24, 0x21, 0x24, 0x21, 0x24, 0x21, 0x24, 0x21, 0x04, 0x21,
    0x00, 0x00, 0x00, 0x00, 0x00, 0x00, 0x00, 0x00, 0x00, 0x00, 0x00, 0x00,
    0x00, 0x00, 0x00, 0x00, 0x00, 0x00, 0x00, 0x00, 0x00, 0x00, 0x00, 0x00,
    0x00, 0x00, 0x00, 0x00, 0x00, 0x00, 0x00, 0x00, 0x86, 0x31, 0x00, 0x00,
    0x00, 0x00, 0x00, 0x00, 0x00, 0x00, 0x00, 0x00, 0x00, 0x00, 0x00, 0x00,
    0x00, 0x00, 0x00, 0x00, 0x00, 0x00, 0x00, 0x00, 0x00, 0x00, 0x00, 0x00,
    0x00, 0x00, 0x00, 0x00, 0x00, 0x00, 0x00, 0x00, 0x00, 0x00, 0x00, 0x00,
    0x00, 0x00, 0x00, 0x00, 0x00, 0x00, 0x00, 0x00, 0x00, 0x00, 0x00, 0x00,
    0x00, 0x00, 0x00, 0x00, 0x00, 0x00, 0x00, 0x00, 0x00, 0x00, 0x00, 0x00,
    0x00, 0x00, 0x00, 0x00, 0x00, 0x00, 0x00, 0x00, 0x00, 0x00, 0x00, 0x00,
    0x00, 0x00, 0x00, 0x00, 0x00, 0x00, 0x00, 0x00, 0x00, 0x00, 0x00, 0x00,
    0x00, 0x00, 0x00, 0x00, 0x00, 0x00, 0x00, 0x00, 0x00, 0x00, 0x00, 0x00,
    0x00, 0x00, 0x00, 0x00, 0x00, 0x00, 0x00, 0x00, 0x00, 0x00, 0x00, 0x00,
    0x00, 0x00, 0x00, 0x00, 0x00, 0x00, 0x00, 0x00, 0x00, 0x00, 0x00, 0x00,
    0x00, 0x00, 0x00, 0x00, 0x00, 0x00, 0x00, 0x00, 0x00, 0x00, 0x00, 0x00,
    0x24, 0x21, 0x24, 0x21, 0x24, 0x21, 0x24, 0x21, 0x24, 0x21, 0x04, 0x21,
    0x00, 0x00, 0x00, 0x00, 0x00, 0x00, 0x00, 0x00, 0x00, 0x00, 0x00, 0x00,
    0x00, 0x00, 0x00, 0x00, 0x00, 0x00, 0x00, 0x00, 0x00, 0x00, 0x00, 0x00,
    0x00, 0x00, 0x00, 0x00, 0x00, 0x00, 0x00, 0x00, 0x00, 0x00, 0x00, 0x00,
    0x00, 0x00, 0x00, 0x00, 0x00, 0x00, 0x00, 0x00, 0x00, 0x00, 0x00, 0x00,
    0x00, 0x00, 0x00, 0x00, 0x00, 0x00, 0x00, 0x00, 0x00, 0x00, 0x00, 0x00,
    0x00, 0x00, 0x00, 0x00, 0x00, 0x00, 0x00, 0x00, 0x00, 0x00, 0x00, 0x00,
    0x00, 0x00, 0x00, 0x00, 0x00, 0x00, 0x00, 0x00, 0x00, 0x00, 0x00, 0x00,
    0x00, 0x00, 0x00, 0x00, 0x00, 0x00, 0x00, 0x00, 0x00, 0x00, 0x00, 0x00,
    0x00, 0x00, 0x00, 0x00, 0x00, 0x00, 0x00, 0x00, 0x00, 0x00, 0x00, 0x00,
    0x00, 0x00, 0x00, 0x00, 0x00, 0x00, 0x00, 0x00, 0x00, 0x00, 0x00, 0x00,
    0x00, 0x00, 0x00, 0x00, 0x00, 0x00, 0x00, 0x00, 0x00, 0x00, 0x00, 0x00,
    0x00, 0x00, 0x00, 0x00, 0x00, 0x00, 0x00, 0x00, 0x00, 0x00, 0x00, 0x00,
    0x00, 0x00, 0x00, 0x00, 0x00, 0x00, 0x00, 0x00, 0x00, 0x00, 0x00, 0x00,
    0x00, 0x00, 0x00, 0x00, 0x00, 0x00, 0x00, 0x00, 0x00, 0x00, 0x00, 0x00,
    0x24, 0x21, 0x24, 0x21, 0x24, 0x21, 0x24, 0x21, 0x24, 0x21, 0x24, 0x21,
    0x00, 0x00, 0x00, 0x00, 0x00, 0x00, 0x00, 0x00, 0x00, 0x00, 0x00, 0x00,
    0x00, 0x00, 0x00, 0x00, 0x00, 0x00, 0x00, 0x00, 0x00, 0x00, 0x00, 0x00,
    0x00, 0x00, 0x00, 0x00, 0x00, 0x00, 0x24, 0x21, 0x24, 0x21, 0x24, 0x21,
    0x00, 0x00, 0x00, 0x00, 0x00, 0x00, 0x00, 0x00, 0x00, 0x00, 0x00, 0x00,
    0x00, 0x00, 0x00, 0x00, 0x00, 0x00, 0x00, 0x00, 0x00, 0x00, 0x00, 0x00,
    0x00, 0x00, 0x00, 0x00, 0x00, 0x00, 0x00, 0x00, 0x00, 0x00, 0x00, 0x00,
    0x00, 0x00, 0x00, 0x00, 0x00, 0x00, 0x00, 0x00, 0x00, 0x00, 0x00, 0x00,
    0x00, 0x00, 0x00, 0x00, 0x00, 0x00, 0x00, 0x00, 0x00, 0x00, 0x00, 0x00,
    0x00, 0x00, 0x00, 0x00, 0x00, 0x00, 0x00, 0x00, 0x00, 0x00, 0x00, 0x00,
    0x00, 0x00, 0x00, 0x00, 0x00, 0x00, 0x00, 0x00, 0x00, 0x00, 0x00, 0x00,
    0x00, 0x00, 0x00, 0x00, 0x00, 0x00, 0x00, 0x00, 0x00, 0x00, 0x00, 0x00,
    0x00, 0x00, 0x00, 0x00, 0x00, 0x00, 0x00, 0x00, 0x00, 0x00, 0x00, 0x00,
    0x00, 0x00, 0x00, 0x00, 0x00, 0x00, 0x00, 0x00, 0x00, 0x00, 0x00, 0x00,
    0x00, 0x00, 0x00, 0x00, 0x00, 0x00, 0x00, 0x00, 0x00, 0x00, 0x45, 0x29,
    0x24, 0x21, 0x24, 0x21, 0x44, 0x29, 0x44, 0x29, 0x24, 0x21, 0x24, 0x21,
    0x45, 0x29, 0x00, 0x00, 0x00, 0x00, 0x00, 0x00, 0x00, 0x00, 0x00, 0x00,
    0x00, 0x00, 0x00, 0x00, 0x00, 0x00, 0x00, 0x00, 0x00, 0x00, 0x00, 0x00,
    0x00, 0x00, 0x00, 0x00, 0x00, 0x00, 0x24, 0x21, 0x45, 0x29, 0x24, 0x21,
    0xE3, 0x18, 0x00, 0x00, 0x00, 0x00, 0x00, 0x00, 0x00, 0x00, 0x00, 0x00,
    0x00, 0x00, 0x00, 0x00, 0x00, 0x00, 0x00, 0x00, 0x00, 0x00, 0x00, 0x00,
    0x00, 0x00, 0x00, 0x00, 0x00, 0x00, 0x00, 0x00, 0x00, 0x00, 0x00, 0x00,
    0x00, 0x00, 0x00, 0x00, 0x00, 0x00, 0x00, 0x00, 0x00, 0x00, 0x00, 0x00,
    0x00, 0x00, 0x00, 0x00, 0x00, 0x00, 0x00, 0x00, 0x00, 0x00, 0x00, 0x00,
    0x00, 0x00, 0x00, 0x00, 0x00, 0x00, 0x00, 0x00, 0x00, 0x00, 0x00, 0x00,
    0x00, 0x00, 0x00, 0x00, 0x00, 0x00, 0x00, 0x00, 0x00, 0x00, 0x00, 0x00,
    0x00, 0x00, 0x00, 0x00, 0x00, 0x00, 0x00, 0x00, 0x00, 0x00, 0x00, 0x00,
    0x00, 0x00, 0x00, 0x00, 0x00, 0x00, 0x00, 0x00, 0x00, 0x00, 0x00, 0x00,
    0x00, 0x00, 0x00, 0x00, 0x00, 0x00, 0x00, 0x00, 0x00, 0x00, 0x00, 0x00,
    0x00, 0x00, 0x00, 0x00, 0x00, 0x00, 0x00, 0x00, 0x00, 0x00, 0x24, 0x21,
    0x24, 0x21, 0x04, 0x19, 0x45, 0x62, 0x45, 0x62, 0x04, 0x19, 0x24, 0x21,
    0x24, 0x21, 0x00, 0x00, 0x00, 0x00, 0x00, 0x00, 0x00, 0x00, 0x00, 0x00,
    0x00, 0x00, 0x00, 0x00, 0x00, 0x00, 0x00, 0x00, 0x00, 0x00, 0x00, 0x00,
    0x00, 0x00, 0x00, 0x00, 0x24, 0x21, 0x24, 0x21, 0x24, 0x21, 0x24, 0x21,
    0xE3, 0x18, 0x00, 0x00, 0x00, 0x00, 0x00, 0x00, 0x00, 0x00, 0x00, 0x00,
    0x00, 0x00, 0x00, 0x00, 0x00, 0x00, 0x00, 0x00, 0x00, 0x00, 0x00, 0x00,
    0x00, 0x00, 0x00, 0x00, 0x00, 0x00, 0x00, 0x00, 0x00, 0x00, 0x00, 0x00,
    0x00, 0x00, 0x00, 0x00, 0x00, 0x00, 0x00, 0x00, 0x00, 0x00, 0x00, 0x00,
    0x00, 0x00, 0x00, 0x00, 0x00, 0x00, 0x00, 0x00, 0x00, 0x00, 0x00, 0x00,
    0x00, 0x00, 0x00, 0x00, 0x00, 0x00, 0x00, 0x00, 0x00, 0x00, 0x00, 0x00,
    0x00, 0x00, 0x00, 0x00, 0x00, 0x00, 0x00, 0x00, 0x00, 0x00, 0x00, 0x00,
    0x00, 0x00, 0x00, 0x00, 0x00, 0x00, 0x00, 0x00, 0x00, 0x00, 0x00, 0x00,
    0x00, 0x00, 0x00, 0x00, 0x00, 0x00, 0x00, 0x00, 0x00, 0x00, 0x00, 0x00,
    0x00, 0x00, 0x00, 0x00, 0x00, 0x00, 0x00, 0x00, 0x00, 0x00, 0x00, 0x00,
    0x00, 0x00, 0x00, 0x00, 0x00, 0x00, 0xE7, 0x39, 0x00, 0x00, 0x24, 0x21,
    0x44, 0x29, 0xC4, 0x10, 0xA6, 0xAB, 0xA6, 0xAB, 0xC4, 0x10, 0x44, 0x29,
    0x24, 0x21, 0x00, 0x00, 0xE7, 0x39, 0x00, 0x00, 0x00, 0x00, 0x00, 0x00,
    0x00, 0x00, 0x00, 0x00, 0x00, 0x00, 0x00, 0x00, 0x00, 0x00, 0x00, 0x00,
    0xEF, 0x7B, 0x00, 0x00, 0x24, 0x21, 0x24, 0x21, 0x24, 0x21, 0x04, 0x21,
    0x00, 0x00, 0xEF, 0x7B, 0x00, 0x00, 0x00, 0x00, 0x00, 0x00, 0x00, 0x00,
    0x00, 0x00, 0x00, 0x00, 0x00, 0x00, 0x00, 0x00, 0x00, 0x00, 0x00, 0x00,
    0x00, 0x00, 0x00, 0x00, 0x00, 0x00, 0x00, 0x00, 0x00, 0x00, 0x00, 0x00,
    0x00, 0x00, 0x00, 0x00, 0x00, 0x00, 0x00, 0x00, 0x00, 0x00, 0x00, 0x00,
    0x00, 0x00, 0x00, 0x00, 0x00, 0x00, 0x00, 0x00, 0x00, 0x00, 0x00, 0x00,
    0x00, 0x00, 0x00, 0x00, 0x00, 0x00, 0x00, 0x00, 0x00, 0x00, 0x00, 0x00,
    0x00, 0x00, 0x00, 0x00, 0x45, 0x29, 0x45, 0x29, 0xE7, 0x39, 0x00, 0x00,
    0x00, 0x00, 0x00, 0x00, 0x00, 0x00, 0x00, 0x00, 0x00, 0x00, 0x00, 0x00,
    0x00, 0x00, 0x00, 0x00, 0x00, 0x00, 0x00, 0x00, 0x00, 0x00, 0x00, 0x00,
    0x00, 0x00, 0x00, 0x00, 0x00, 0x00, 0x00, 0x00, 0x00, 0x00, 0x00, 0x00,
    0x00, 0x00, 0x00, 0x00, 0x00, 0x00, 0x00, 0x00, 0x45, 0x29, 0x24, 0x21,
    0x24, 0x21, 0x24, 0x21, 0x86, 0xD4, 0x86, 0xD4, 0x24, 0x21, 0x24, 0x21,
    0x24, 0x21, 0x45, 0x29, 0x00, 0x00, 0x00, 0x00, 0x00, 0x00, 0x00, 0x00,
    0x00, 0x00, 0x00, 0x00, 0xE7, 0x39, 0xE7, 0x39, 0xE7, 0x39, 0x00, 0x00,
    0x00, 0x00, 0x04, 0x21, 0x24, 0x21, 0x24, 0x21, 0x24, 0x21, 0x04, 0x21,
    0x00, 0x00, 0x00, 0x00, 0x00, 0x00, 0x00, 0x00, 0x00, 0x00, 0x00, 0x00,
    0x00, 0x00, 0x00, 0x00, 0x00, 0x00, 0x00, 0x00, 0x00, 0x00, 0x00, 0x00,
    0x00, 0x00, 0x00, 0x00, 0x00, 0x00, 0x00, 0x00, 0x00, 0x00, 0x00, 0x00,
    0x00, 0x00, 0x00, 0x00, 0x00, 0x00, 0x00, 0x00, 0x00, 0x00, 0x00, 0x00,
    0x00, 0x00, 0x00, 0x00, 0x00, 0x00, 0x00, 0x00, 0x00, 0x00, 0x00, 0x00,
    0x00, 0x00, 0x00, 0x00, 0x00, 0x00, 0x00, 0x00, 0x00, 0x00, 0x00, 0x00,
    0x00, 0x00, 0x00, 0x00, 0x24, 0x21, 0x24, 0x21, 0x24, 0x21, 0x04, 0x21,
    0x00, 0x00, 0x00, 0x00, 0x00, 0x00, 0x00, 0x00, 0x00, 0x00, 0x00, 0x00,
    0x00, 0x00, 0x00, 0x00, 0x00, 0x00, 0x00, 0x00, 0x00, 0x00, 0x00, 0x00,
    0x00, 0x00, 0x00, 0x00, 0x00, 0x00, 0x00, 0x00, 0xE7, 0x39, 0xE7, 0x39,
    0x00, 0x00, 0x00, 0x00, 0x00, 0x00, 0x00, 0x00, 0x24, 0x21, 0x24, 0x21,
    0xE4, 0x18, 0xE5, 0x51, 0xE7, 0xEC, 0x07, 0xED, 0x05, 0x52, 0xE4, 0x18,
    0x24, 0x21, 0x24, 0x21, 0x00, 0x00, 0x00, 0x00, 0x00, 0x00, 0x00, 0x00,
    0x00, 0x00, 0x00, 0x00, 0x00, 0x00, 0x00, 0x00, 0x00, 0x00, 0x00, 0x00,
    0x00, 0x00, 0x24, 0x21, 0x24, 0x21, 0x24, 0x21, 0x24, 0x21, 0x00, 0x00,
    0x00, 0x00, 0x00, 0x00, 0x00, 0x00, 0x00, 0x00, 0x00, 0x00, 0x00, 0x00,
    0x00, 0x00, 0x00, 0x00, 0x00, 0x00, 0x00, 0x00, 0x00, 0x00, 0x00, 0x00,
    0x00, 0x00, 0x00, 0x00, 0x00, 0x00, 0x00, 0x00, 0x00, 0x00, 0x00, 0x00,
    0x00, 0x00, 0x00, 0x00, 0x00, 0x00, 0x00, 0x00, 0x00, 0x00, 0x00, 0x00,
    0x00, 0x00, 0x00, 0x00, 0x00, 0x00, 0x00, 0x00, 0x00, 0x00, 0x00, 0x00,
    0x00, 0x00, 0x00, 0x00, 0x00, 0x00, 0x00, 0x00, 0x00, 0x00, 0x00, 0x00,
    0x00, 0x00, 0x00, 0x00, 0x24, 0x21, 0x24, 0x21, 0x24, 0x21, 0x24, 0x21,
    0x24, 0x21, 0x45, 0x29, 0x00, 0x00, 0x00, 0x00, 0x00, 0x00, 0x00, 0x00,
    0x00, 0x00, 0x00, 0x00, 0x00, 0x00, 0x00, 0x00, 0x00, 0x00, 0x00, 0x00,
    0xE7, 0x39, 0x00, 0x00, 0x00, 0x00, 0x00, 0x00, 0x00, 0x00, 0x00, 0x00,
    0x00, 0x00, 0x00, 0x00, 0x45, 0x29, 0x00, 0x00, 0x24, 0x21, 0x44, 0x29,
    0xE4, 0x10, 0xC5, 0x7A, 0x67, 0xFD, 0x67, 0xFD, 0xC5, 0x7A, 0xE4, 0x10,
    0x44, 0x29, 0x24, 0x21, 0xAA, 0x52, 0x00, 0x00, 0x00, 0x00, 0x24, 0x21,
    0x24, 0x21, 0x24, 0x21, 0x24, 0x21, 0x24, 0x21, 0x24, 0x21, 0x24, 0x21,
    0x04, 0x21, 0x24, 0x21, 0x24, 0x21, 0x24, 0x21, 0x24, 0x21, 0x00, 0x00,
    0x00, 0x00, 0x00, 0x00, 0x00, 0x00, 0x00, 0x00, 0x00, 0x00, 0x00, 0x00,
    0x00, 0x00, 0x00, 0x00, 0x00, 0x00, 0x00, 0x00, 0x00, 0x00, 0x00, 0x00,
    0x00, 0x00, 0x00, 0x00, 0x00, 0x00, 0x00, 0x00, 0x00, 0x00, 0x00, 0x00,
    0x00, 0x00, 0x00, 0x00, 0x00, 0x00, 0x00, 0x00, 0x00, 0x00, 0x00, 0x00,
    0x00, 0x00, 0x00, 0x00, 0x00, 0x00, 0x00, 0x00, 0x00, 0x00, 0x00, 0x00,
    0x00, 0x00, 0x00, 0x00, 0x00, 0x00, 0x00, 0x00, 0x00, 0x00, 0x00, 0x00,
    0x00, 0x00, 0x00, 0x00, 0x24, 0x21, 0x24, 0x21, 0x24, 0x21, 0x24, 0x21,
    0x24, 0x29, 0x24, 0x21, 0x24, 0x21, 0x00, 0x00, 0x00, 0x00, 0x00, 0x00,
    0x00, 0x00, 0x00, 0x00, 0x00, 0x00, 0x00, 0x00, 0x00, 0x00, 0x00, 0x00,
    0x00, 0x00, 0x00, 0x00, 0x24, 0x21, 0x24, 0x21, 0x24, 0x21, 0x24, 0x21,
    0x24, 0x21, 0xE3, 0x18, 0x00, 0x00, 0x00, 0x00, 0x24, 0x21, 0x24, 0x21,
    0x24, 0x21, 0xC6, 0xAB, 0x47, 0xFD, 0x47, 0xFD, 0xC6, 0xAB, 0x24, 0x21,
    0x24, 0x21, 0x24, 0x21, 0x00, 0x00, 0x04, 0x21, 0x24, 0x21, 0x24, 0x21,
    0x24, 0x29, 0x24, 0x21, 0x24, 0x21, 0x24, 0x21, 0x24, 0x21, 0x24, 0x21,
    0x24, 0x21, 0x24, 0x21, 0x24, 0x21, 0x24, 0x21, 0x00, 0x00, 0x00, 0x00,
    0x00, 0x00, 0x00, 0x00, 0x00, 0x00, 0x00, 0x00, 0x00, 0x00, 0x00, 0x00,
    0x00, 0x00, 0x00, 0x00, 0x00, 0x00, 0x00, 0x00, 0x00, 0x00, 0x00, 0x00,
    0x00, 0x00, 0x00, 0x00, 0x00, 0x00, 0x00, 0x00, 0x00, 0x00, 0x00, 0x00,
    0x00, 0x00, 0x00, 0x00, 0x00, 0x00, 0x00, 0x00, 0x00, 0x00, 0x00, 0x00,
    0x00, 0x00, 0x00, 0x00, 0x00, 0x00, 0x00, 0x00, 0x00, 0x00, 0x00, 0x00,
    0x00, 0x00, 0x00, 0x00, 0x00, 0x00, 0x00, 0x00, 0x00, 0x00, 0x00, 0x00,
    0x00, 0x00, 0x00, 0x00, 0x04, 0x21, 0x24, 0x21, 0x24, 0x21, 0x24, 0x21,
    0x04, 0x19, 0x24, 0x29, 0x24, 0x21, 0x24, 0x21, 0x24, 0x21, 0x00, 0x00,
    0x00, 0x00, 0x00, 0x00, 0x00, 0x00, 0x00, 0x00, 0x00, 0x00, 0x45, 0x29,
    0x24, 0x21, 0x24, 0x21, 0x24, 0x21, 0x24, 0x29, 0x24, 0x29, 0x24, 0x29,
    0x24, 0x21, 0x24, 0x21, 0x24, 0x21, 0x24, 0x21, 0x24, 0x21, 0x24, 0x21,
    0x64, 0x31, 0xC6, 0xE4, 0x27, 0xFD, 0x27, 0xFD, 0xC6, 0xE4, 0x64, 0x31,
    0x24, 0x21, 0x24, 0x21, 0x24, 0x21, 0x24, 0x21, 0x45, 0x29, 0x24, 0x21,
    0x04, 0x19, 0x24, 0x21, 0x24, 0x21, 0x24, 0x21, 0x24, 0x21, 0x24, 0x21,
    0x04, 0x19, 0x24, 0x21, 0x24, 0x21, 0x24, 0x21, 0x04, 0x21, 0xAA, 0x52,
    0x00, 0x00, 0x00, 0x00, 0x00, 0x00, 0x00, 0x00, 0x00, 0x00, 0x00, 0x00,
    0x00, 0x00, 0x00, 0x00, 0x00, 0x00, 0x00, 0x00, 0x00, 0x00, 0x00, 0x00,
    0x00, 0x00, 0x00, 0x00, 0xE7, 0x39, 0x45, 0x29, 0x00, 0x00, 0x00, 0x00,
    0x00, 0x00, 0x00, 0x00, 0x00, 0x00, 0x00, 0x00, 0x00, 0x00, 0x00, 0x00,
    0x00, 0x00, 0x00, 0x00, 0x00, 0x00, 0x00, 0x00, 0x00, 0x00, 0x00, 0x00,
    0x00, 0x00, 0x00, 0x00, 0x00, 0x00, 0x00, 0x00, 0x00, 0x00, 0x00, 0x00,
    0x00, 0x00, 0x00, 0x00, 0xE3, 0x18, 0x24, 0x21, 0x24, 0x21, 0x45, 0x29,
    0x86, 0x39, 0x04, 0x19, 0x24, 0x21, 0x45, 0x29, 0x24, 0x21, 0x04, 0x21,
    0x00, 0x00, 0x00, 0x00, 0x00, 0x00, 0x00, 0x00, 0x24, 0x21, 0x24, 0x21,
    0x24, 0x29, 0x24, 0x29, 0x24, 0x19, 0x04, 0x19, 0x04, 0x11, 0x04, 0x11,
    0x24, 0x19, 0x24, 0x21, 0x24, 0x29, 0x24, 0x21, 0x24, 0x21, 0x04, 0x19,
    0x45, 0x5A, 0x47, 0xFD, 0x27, 0xF5, 0x27, 0xF5, 0x47, 0xFD, 0x45, 0x5A,
    0x04, 0x19, 0x24, 0x21, 0x24, 0x21, 0x24, 0x21, 0x04, 0x19, 0x24, 0x31,
    0x86, 0x61, 0xE7, 0x91, 0x28, 0xB2, 0x49, 0xC2, 0x28, 0xBA, 0x08, 0x9A,
    0xA6, 0x69, 0x45, 0x39, 0x04, 0x19, 0x24, 0x21, 0x45, 0x29, 0x24, 0x21,
    0x86, 0x31, 0x00, 0x00, 0x00, 0x00, 0x00, 0x00, 0x00, 0x00, 0x00, 0x00,
    0x00, 0x00, 0x00, 0x00, 0x00, 0x00, 0x00, 0x00, 0x00, 0x00, 0x00, 0x00,
    0x00, 0x00, 0x00, 0x00, 0x00, 0x00, 0x00, 0x00, 0x00, 0x00, 0x00, 0x00,
    0x00, 0x00, 0x00, 0x00, 0x00, 0x00, 0x00, 0x00, 0x00, 0x00, 0x00, 0x00,
    0x00, 0x00, 0x00, 0x00, 0x00, 0x00, 0x00, 0x00, 0x00, 0x00, 0x00, 0x00,
    0x00, 0x00, 0x00, 0x00, 0x00, 0x00, 0x00, 0x00, 0x00, 0x00, 0x00, 0x00,
    0x00, 0x00, 0xEF, 0x7B, 0x00, 0x00, 0x24, 0x21, 0x45, 0x29, 0x04, 0x19,
    0x0C, 0xA3, 0xAA, 0x8A, 0x24, 0x29, 0x04, 0x19, 0x24, 0x29, 0x24, 0x21,
    0x24, 0x21, 0x24, 0x21, 0x00, 0x00, 0x24, 0x21, 0x24, 0x21, 0x24, 0x21,
    0x24, 0x19, 0x24, 0x21, 0x65, 0x49, 0xA6, 0x69, 0xA6, 0x79, 0xA6, 0x71,
    0x86, 0x51, 0x24, 0x29, 0x04, 0x19, 0x24, 0x21, 0x24, 0x21, 0xE4, 0x18,
    0x66, 0x9B, 0x47, 0xFD, 0x27, 0xF5, 0x27, 0xF5, 0x47, 0xFD, 0x66, 0x9B,
    0xE4, 0x18, 0x24, 0x21, 0x24, 0x21, 0x24, 0x19, 0x86, 0x61, 0x28, 0xBA,
    0x69, 0xE2, 0x69, 0xDA, 0x69, 0xDA, 0x69, 0xDA, 0x69, 0xDA, 0x69, 0xDA,
    0x69, 0xE2, 0x49, 0xC2, 0xA6, 0x79, 0x24, 0x21, 0x24, 0x21, 0x45, 0x29,
    0x24, 0x21, 0xE7, 0x39, 0x86, 0x31, 0x00, 0x00, 0x00, 0x00, 0x00, 0x00,
    0x00, 0x00, 0x00, 0x00, 0x00, 0x00, 0x00, 0x00, 0x00, 0x00, 0x00, 0x00,
    0x24, 0x21, 0x04, 0x21, 0x24, 0x21, 0x24, 0x21, 0x45, 0x29, 0x00, 0x00,
    0x00, 0x00, 0x00, 0x00, 0x00, 0x00, 0x00, 0x00, 0x00, 0x00, 0x00, 0x00,
    0x00, 0x00, 0x00, 0x00, 0x00, 0x00, 0x00, 0x00, 0x00, 0x00, 0xE7, 0x39,
    0x00, 0x00, 0x00, 0x00, 0x00, 0x00, 0x00, 0x00, 0x00, 0x00, 0x00, 0x00,
    0x00, 0x00, 0xE7, 0x39, 0x00, 0x00, 0x24, 0x21, 0x24, 0x29, 0x04, 0x19,
    0x49, 0x72, 0x30, 0xF4, 0x6D, 0xBB, 0xE7, 0x51, 0x04, 0x19, 0x04, 0x21,
    0x45, 0x29, 0x24, 0x21, 0x24, 0x21, 0x24, 0x21, 0x24, 0x21, 0x04, 0x19,
    0x65, 0x51, 0x08, 0xAA, 0x49, 0xCA, 0x69, 0xDA, 0x69, 0xE2, 0x69, 0xDA,
    0x49, 0xD2, 0x28, 0xBA, 0xA6, 0x69, 0x24, 0x21, 0x24, 0x21, 0x24, 0x21,
    0x66, 0xD4, 0x47, 0xFD, 0x27, 0xF5, 0x27, 0xF5, 0x47, 0xFD, 0x66, 0xD4,
    0x24, 0x21, 0x24, 0x21, 0x24, 0x21, 0xC7, 0x81, 0x69, 0xDA, 0x69, 0xDA,
    0x49, 0xD2, 0x69, 0xD2, 0x69, 0xD2, 0x69, 0xD2, 0x69, 0xD2, 0x69, 0xD2,
    0x49, 0xD2, 0x69, 0xDA, 0x69, 0xE2, 0x08, 0x9A, 0x24, 0x29, 0x24, 0x21,
    0x24, 0x29, 0x04, 0x21, 0x00, 0x00, 0x00, 0x00, 0x00, 0x00, 0x24, 0x21,
    0x24, 0x21, 0x24, 0x21, 0x24, 0x21, 0x24, 0x21, 0x24, 0x21, 0x24, 0x21,
    0x24, 0x21, 0x24, 0x21, 0x24, 0x21, 0x45, 0x29, 0x24, 0x21, 0x00, 0x00,
    0x00, 0x00, 0x00, 0x00, 0x00, 0x00, 0x00, 0x00, 0x00, 0x00, 0x00, 0x00,
    0x00, 0x00, 0x00, 0x00, 0x00, 0x00, 0x00, 0x00, 0x00, 0x00, 0x00, 0x00,
    0x00, 0x00, 0x00, 0x00, 0x00, 0x00, 0x00, 0x00, 0x00, 0x00, 0x00, 0x00,
    0x00, 0x00, 0x00, 0x00, 0x00, 0x00, 0x24, 0x21, 0x24, 0x21, 0x24, 0x21,
    0x65, 0x39, 0xCF, 0xDB, 0x10, 0xEC, 0xEF, 0xE3, 0xAA, 0x8A, 0x45, 0x31,
    0x04, 0x19, 0x24, 0x21, 0x24, 0x21, 0x24, 0x21, 0x24, 0x21, 0xC7, 0x79,
    0x69, 0xDA, 0x69, 0xDA, 0x69, 0xDA, 0x69, 0xD2, 0x49, 0xD2, 0x69, 0xD2,
    0x69, 0xD2, 0x69, 0xE2, 0x28, 0xC2, 0x45, 0x39, 0x04, 0x19, 0x05, 0x52,
    0xE7, 0xEC, 0x27, 0xFD, 0x27, 0xF5, 0x27, 0xF5, 0x27, 0xFD, 0xE7, 0xEC,
    0x05, 0x52, 0x04, 0x19, 0x45, 0x31, 0x28, 0xC2, 0x69, 0xDA, 0x69, 0xD2,
    0x69, 0xD2, 0x69, 0xD2, 0x69, 0xD2, 0x69, 0xD2, 0x69, 0xD2, 0x69, 0xD2,
    0x69, 0xD2, 0x69, 0xD2, 0x69, 0xD2, 0x69, 0xE2, 0xE7, 0x99, 0x24, 0x21,
    0x24, 0x21, 0x24, 0x21, 0x24, 0x21, 0x24, 0x21, 0x24, 0x21, 0x24, 0x21,
    0x24, 0x21, 0x24, 0x29, 0x24, 0x21, 0x24, 0x21, 0x24, 0x21, 0x24, 0x21,
    0x24, 0x21, 0x24, 0x21, 0x24, 0x21, 0x24, 0x21, 0x24, 0x21, 0x00, 0x00,
    0x00, 0x00, 0x00, 0x00, 0x00, 0x00, 0x00, 0x00, 0x00, 0x00, 0x00, 0x00,
    0x00, 0x00, 0x00, 0x00, 0x00, 0x00, 0x00, 0x00, 0x04, 0x21, 0x24, 0x21,
    0x24, 0x21, 0x00, 0x00, 0x00, 0x00, 0x00, 0x00, 0x00, 0x00, 0x00, 0x00,
    0x00, 0x00, 0x00, 0x00, 0x00, 0x00, 0x00, 0x00, 0x24, 0x21, 0x24, 0x21,
    0x24, 0x21, 0x2C, 0xB3, 0x10, 0xEC, 0xEF, 0xE3, 0x30, 0xEC, 0x8E, 0xCB,
    0x08, 0x62, 0x24, 0x21, 0x24, 0x21, 0x04, 0x19, 0xA6, 0x69, 0x69, 0xDA,
    0x69, 0xDA, 0x69, 0xD2, 0x69, 0xD2, 0x69, 0xD2, 0x69, 0xD2, 0x69, 0xD2,
    0x49, 0xD2, 0x69, 0xE2, 0xE7, 0x99, 0x24, 0x19, 0xC4, 0x10, 0xE5, 0x82,
    0x67, 0xFD, 0x07, 0xF5, 0x27, 0xF5, 0x27, 0xF5, 0x07, 0xF5, 0x67, 0xFD,
    0xE5, 0x82, 0xC4, 0x10, 0x24, 0x19, 0xE7, 0x99, 0x69, 0xE2, 0x69, 0xD2,
    0x69, 0xD2, 0x69, 0xD2, 0x69, 0xD2, 0x69, 0xD2, 0x69, 0xD2, 0x69, 0xD2,
    0x69, 0xD2, 0x69, 0xD2, 0x69, 0xD2, 0x49, 0xD2, 0x69, 0xE2, 0xA6, 0x69,
    0x04, 0x19, 0x24, 0x29, 0x45, 0x29, 0x45, 0x29, 0x24, 0x21, 0x04, 0x21,
    0x04, 0x19, 0xE3, 0x18, 0x04, 0x19, 0x24, 0x21, 0x24, 0x21, 0x65, 0x31,
    0x24, 0x29, 0x24, 0x21, 0x24, 0x21, 0x24, 0x21, 0x24, 0x21, 0x00, 0x00,
    0x00, 0x00, 0x00, 0x00, 0x00, 0x00, 0x00, 0x00, 0x00, 0x00, 0x00, 0x00,
    0x00, 0x00, 0x00, 0x00, 0x00, 0x00, 0x00, 0x00, 0x24, 0x21, 0x45, 0x29,
    0x24, 0x21, 0x24, 0x21, 0x04, 0x21, 0x00, 0x00, 0x00, 0x00, 0x00, 0x00,
    0x00, 0x00, 0x00, 0x00, 0x00, 0x00, 0x00, 0x00, 0x24, 0x21, 0x24, 0x29,
    0x04, 0x19, 0x49, 0x72, 0x30, 0xF4, 0xEF, 0xDB, 0xEF, 0xDB, 0x30, 0xF4,
    0x4D, 0xBB, 0x24, 0x29, 0x04, 0x19, 0x65, 0x41, 0x49, 0xCA, 0x69, 0xDA,
    0x69, 0xD2, 0x69, 0xD2, 0x69, 0xD2, 0x69, 0xD2, 0x69, 0xD2, 0x69, 0xD2,
    0x69, 0xD2, 0x69, 0xDA, 0xA6, 0x69, 0x24, 0x19, 0x24, 0x21, 0xC6, 0xB3,
    0x67, 0xFD, 0x07, 0xF5, 0x27, 0xF5, 0x27, 0xF5, 0x07, 0xF5, 0x67, 0xFD,
    0xC6, 0xB3, 0x24, 0x21, 0x24, 0x19, 0xA6, 0x69, 0x69, 0xDA, 0x69, 0xD2,
    0x69, 0xD2, 0x69, 0xD2, 0x69, 0xD2, 0x69, 0xD2, 0x69, 0xD2, 0x69, 0xD2,
    0x69, 0xD2, 0x69, 0xD2, 0x69, 0xD2, 0x69, 0xD2, 0x69, 0xDA, 0x28, 0xBA,
    0x24, 0x29, 0x24, 0x21, 0x24, 0x21, 0x04, 0x21, 0x45, 0x29, 0x86, 0x39,
    0xC7, 0x51, 0x28, 0x62, 0x8A, 0x82, 0xEB, 0xA2, 0xAE, 0xCB, 0xCB, 0x9A,
    0x24, 0x21, 0x24, 0x21, 0x24, 0x21, 0x24, 0x21, 0x00, 0x00, 0xAA, 0x52,
    0x00, 0x00, 0x00, 0x00, 0x00, 0x00, 0x00, 0x00, 0x00, 0x00, 0x00, 0x00,
    0x00, 0x00, 0x00, 0x00, 0x00, 0x00, 0x00, 0x00, 0x24, 0x21, 0x24, 0x21,
    0x24, 0x21, 0x24, 0x21, 0x24, 0x21, 0x24, 0x21, 0x00, 0x00, 0x00, 0x00,
    0x00, 0x00, 0x00, 0x00, 0x00, 0x00, 0x00, 0x00, 0x04, 0x21, 0x24, 0x21,
    0x04, 0x19, 0xA6, 0x49, 0xEF, 0xE3, 0x10, 0xEC, 0x10, 0xE4, 0x30, 0xF4,
    0x8A, 0x82, 0xE3, 0x18, 0x24, 0x19, 0xC7, 0x89, 0x69, 0xE2, 0x49, 0xD2,
    0x69, 0xD2, 0x69, 0xD2, 0x69, 0xD2, 0x69, 0xD2, 0x69, 0xD2, 0x69, 0xD2,
    0x69, 0xDA, 0x49, 0xD2, 0x45, 0x39, 0x04, 0x19, 0x84, 0x39, 0xA6, 0xE4,
    0x27, 0xFD, 0x27, 0xF5, 0x27, 0xF5, 0x27, 0xF5, 0x27, 0xF5, 0x27, 0xFD,
    0xA6, 0xE4, 0x84, 0x39, 0x04, 0x19, 0x45, 0x39, 0x49, 0xD2, 0x69, 0xDA,
    0x69, 0xD2, 0x69, 0xD2, 0x69, 0xD2, 0x69, 0xD2, 0x69, 0xD2, 0x69, 0xD2,
    0x69, 0xD2, 0x69, 0xD2, 0x69, 0xD2, 0x69, 0xD2, 0x69, 0xD2, 0x69, 0xDA,
    0x86, 0x59, 0x04, 0x19, 0x24, 0x29, 0x8A, 0x82, 0x6D, 0xC3, 0xAE, 0xCB,
    0xEF, 0xE3, 0x30, 0xF4, 0x10, 0xEC, 0x30, 0xF4, 0x6D, 0xC3, 0x45, 0x29,
    0x04, 0x21, 0x24, 0x29, 0x24, 0x21, 0x00, 0x00, 0x00, 0x00, 0x00, 0x00,
    0x00, 0x00, 0x00, 0x00, 0x00, 0x00, 0x00, 0x00, 0x00, 0x00, 0x00, 0x00,
    0x00, 0x00, 0x00, 0x00, 0x00, 0x00, 0x00, 0x00, 0x00, 0x00, 0x24, 0x21,
    0x24, 0x21, 0x24, 0x21, 0x24, 0x21, 0x24, 0x21, 0x24, 0x21, 0x24, 0x21,
    0x00, 0x00, 0x00, 0x00, 0x00, 0x00, 0x00, 0x00, 0x00, 0x00, 0x24, 0x21,
    0x24, 0x21, 0x24, 0x29, 0x28, 0x6A, 0x69, 0x7A, 0x69, 0x7A, 0xCB, 0x92,
    0xC7, 0x49, 0x04, 0x19, 0x45, 0x31, 0x28, 0xB2, 0x69, 0xDA, 0x69, 0xD2,
    0x69, 0xD2, 0x69, 0xD2, 0x69, 0xD2, 0x69, 0xD2, 0x69, 0xD2, 0x69, 0xD2,
    0x69, 0xDA, 0x28, 0xB2, 0x24, 0x21, 0xE4, 0x18, 0x45, 0x5A, 0x47, 0xFD,
    0x27, 0xF5, 0x27, 0xF5, 0x27, 0xF5, 0x27, 0xF5, 0x27, 0xF5, 0x27, 0xF5,
    0x47, 0xFD, 0x45, 0x5A, 0xE4, 0x18, 0x24, 0x21, 0x28, 0xB2, 0x69, 0xDA,
    0x69, 0xD2, 0x69, 0xD2, 0x69, 0xD2, 0x69, 0xD2, 0x69, 0xD2, 0x69, 0xD2,
    0x69, 0xD2, 0x69, 0xD2, 0x69, 0xD2, 0x69, 0xD2, 0x69, 0xD2, 0x69, 0xDA,
    0xC7, 0x89, 0x24, 0x19, 0x04, 0x21, 0xEB, 0x9A, 0x51, 0xFC, 0x10, 0xE4,
    0xEF, 0xE3, 0xEF, 0xDB, 0x10, 0xE4, 0xAE, 0xD3, 0x86, 0x41, 0x04, 0x19,
    0x45, 0x29, 0x24, 0x21, 0x00, 0x00, 0x00, 0x00, 0x00, 0x00, 0x00, 0x00,
    0x00, 0x00, 0x00, 0x00, 0x00, 0x00, 0x00, 0x00, 0x00, 0x00, 0x00, 0x00,
    0x00, 0x00, 0x00, 0x00, 0x00, 0x00, 0x00, 0x00, 0x00, 0x00, 0x00, 0x00,
    0x24, 0x21, 0x24, 0x21, 0x24, 0x21, 0x24, 0x21, 0x24, 0x21, 0x24, 0x21,
    0x24, 0x21, 0x00, 0x00, 0x00, 0x00, 0x65, 0x29, 0x24, 0x21, 0x24, 0x21,
    0x24, 0x29, 0x24, 0x21, 0x04, 0x19, 0x04, 0x19, 0x04, 0x19, 0x04, 0x19,
    0x24, 0x21, 0x24, 0x21, 0x45, 0x41, 0x49, 0xCA, 0x69, 0xDA, 0x69, 0xD2,
    0x69, 0xD2, 0x49, 0xD2, 0x69, 0xD2, 0x69, 0xDA, 0x69, 0xDA, 0x69, 0xDA,
    0x69, 0xE2, 0xC7, 0x79, 0x24, 0x21, 0x04, 0x21, 0x46, 0x9B, 0x47, 0xFD,
    0x27, 0xF5, 0x27, 0xF5, 0x27, 0xF5, 0x27, 0xF5, 0x27, 0xF5, 0x27, 0xF5,
    0x47, 0xFD, 0x46, 0x9B, 0x04, 0x21, 0x24, 0x21, 0xC7, 0x79, 0x69, 0xE2,
    0x49, 0xD2, 0x69, 0xD2, 0x69, 0xD2, 0x69, 0xD2, 0x69, 0xD2, 0x69, 0xD2,
    0x69, 0xD2, 0x69, 0xD2, 0x69, 0xD2, 0x69, 0xD2, 0x69, 0xD2, 0x69, 0xDA,
    0x08, 0x9A, 0x24, 0x19, 0x04, 0x19, 0x69, 0x7A, 0x30, 0xF4, 0xEF, 0xDB,
    0xEF, 0xE3, 0xEF, 0xE3, 0xEF, 0xE3, 0x08, 0x5A, 0x04, 0x19, 0x45, 0x29,
    0x24, 0x21, 0x45, 0x29, 0x00, 0x00, 0x00, 0x00, 0x00, 0x00, 0x00, 0x00,
    0x00, 0x00, 0x00, 0x00, 0x00, 0x00, 0x00, 0x00, 0x00, 0x00, 0x00, 0x00,
    0x00, 0x00, 0x00, 0x00, 0x00, 0x00, 0x00, 0x00, 0x00, 0x00, 0x00, 0x00,
    0x00, 0x00, 0x86, 0x31, 0x24, 0x21, 0x24, 0x21, 0x24, 0x21, 0x24, 0x21,
    0x24, 0x21, 0x24, 0x21, 0x45, 0x29, 0x24, 0x21, 0x45, 0x29, 0x24, 0x21,
    0x04, 0x19, 0x04, 0x19, 0x24, 0x21, 0x24, 0x29, 0x24, 0x21, 0x24, 0x19,
    0x04, 0x19, 0x04, 0x11, 0x45, 0x41, 0x49, 0xD2, 0x69, 0xDA, 0x69, 0xD2,
    0x69, 0xDA, 0x69, 0xE2, 0x69, 0xDA, 0x49, 0xCA, 0x49, 0xCA, 0x49, 0xCA,
    0x69, 0xD2, 0x65, 0x51, 0x04, 0x19, 0x24, 0x21, 0x86, 0xD4, 0x47, 0xFD,
    0x27, 0xF5, 0x27, 0xF5, 0x27, 0xF5, 0x27, 0xF5, 0x27, 0xF5, 0x27, 0xF5,
    0x47, 0xFD, 0x86, 0xD4, 0x24, 0x21, 0x04, 0x19, 0x65, 0x51, 0x69, 0xDA,
    0x69, 0xD2, 0x69, 0xD2, 0x69, 0xD2, 0x69, 0xD2, 0x69, 0xD2, 0x69, 0xD2,
    0x69, 0xD2, 0x69, 0xD2, 0x69, 0xD2, 0x69, 0xD2, 0x69, 0xD2, 0x69, 0xDA,
    0x08, 0xA2, 0x24, 0x19, 0x04, 0x19, 0x69, 0x7A, 0x30, 0xF4, 0xEF, 0xE3,
    0xEF, 0xE3, 0x10, 0xEC, 0x69, 0x7A, 0xE3, 0x18, 0x24, 0x29, 0x24, 0x21,
    0x24, 0x21, 0x00, 0x00, 0x00, 0x00, 0x00, 0x00, 0x00, 0x00, 0x00, 0x00,
    0x00, 0x00, 0x00, 0x00, 0x00, 0x00, 0x00, 0x00, 0x00, 0x00, 0x00, 0x00,
    0x00, 0x00, 0x00, 0x00, 0x00, 0x00, 0x00, 0x00, 0x00, 0x00, 0x00, 0x00,
    0x00, 0x00, 0x00, 0x00, 0x00, 0x00, 0x24, 0x21, 0x24, 0x21, 0x24, 0x21,
    0x24, 0x21, 0x24, 0x21, 0x24, 0x21, 0x24, 0x29, 0x04, 0x19, 0x24, 0x21,
    0x86, 0x51, 0xC7, 0x79, 0xE7, 0x91, 0xE7, 0x99, 0xE7, 0x91, 0xC7, 0x81,
    0x86, 0x61, 0x65, 0x41, 0xC7, 0x81, 0x69, 0xDA, 0x69, 0xD2, 0x69, 0xDA,
    0x49, 0xCA, 0xE7, 0x99, 0xA6, 0x61, 0x65, 0x49, 0x45, 0x39, 0x45, 0x39,
    0x65, 0x49, 0x44, 0x29, 0x04, 0x19, 0xE5, 0x49, 0x07, 0xED, 0x27, 0xFD,
    0x27, 0xF5, 0x27, 0xF5, 0x27, 0xF5, 0x27, 0xF5, 0x27, 0xF5, 0x27, 0xF5,
    0x27, 0xFD, 0x07, 0xF5, 0xE5, 0x49, 0x04, 0x19, 0x45, 0x31, 0x28, 0xBA,
    0x69, 0xDA, 0x49, 0xD2, 0x69, 0xD2, 0x69, 0xD2, 0x69, 0xD2, 0x69, 0xD2,
    0x69, 0xD2, 0x69, 0xD2, 0x69, 0xD2, 0x69, 0xD2, 0x69, 0xD2, 0x69, 0xDA,
    0xE7, 0x91, 0x24, 0x19, 0x04, 0x21, 0xAA, 0x8A, 0x30, 0xF4, 0xEF, 0xDB,
    0x30, 0xEC, 0xEB, 0x9A, 0x04, 0x21, 0x24, 0x21, 0x24, 0x21, 0x04, 0x21,
    0x00, 0x00, 0x00, 0x00, 0x00, 0x00, 0x00, 0x00, 0x00, 0x00, 0x00, 0x00,
    0x00, 0x00, 0x00, 0x00, 0x00, 0x00, 0x00, 0x00, 0x00, 0x00, 0x00, 0x00,
    0x00, 0x00, 0x00, 0x00, 0x00, 0x00, 0x00, 0x00, 0x00, 0x00, 0x00, 0x00,
    0x00, 0x00, 0x00, 0x00, 0x00, 0x00, 0x00, 0x00, 0x45, 0x29, 0x24, 0x21,
    0x24, 0x21, 0x24, 0x21, 0x24, 0x21, 0x04, 0x19, 0x65, 0x51, 0x08, 0xAA,
    0x69, 0xDA, 0x69, 0xE2, 0x69, 0xE2, 0x69, 0xDA, 0x69, 0xE2, 0x69, 0xE2,
    0x69, 0xDA, 0x49, 0xCA, 0x69, 0xDA, 0x69, 0xD2, 0x69, 0xDA, 0x08, 0xA2,
    0x65, 0x41, 0x24, 0x21, 0x04, 0x19, 0x04, 0x19, 0xE4, 0x18, 0xE4, 0x18,
    0x04, 0x19, 0x44, 0x29, 0xE4, 0x10, 0xE5, 0x82, 0x47, 0xFD, 0x27, 0xF5,
    0x27, 0xF5, 0x27, 0xF5, 0x27, 0xF5, 0x27, 0xF5, 0x27, 0xF5, 0x27, 0xF5,
    0x27, 0xF5, 0x47, 0xFD, 0xE5, 0x82, 0xE4, 0x18, 0x24, 0x21, 0xE7, 0x91,
    0x8A, 0xEA, 0x69, 0xDA, 0x69, 0xE2, 0x69, 0xDA, 0x69, 0xDA, 0x69, 0xD2,
    0x69, 0xD2, 0x69, 0xD2, 0x69, 0xD2, 0x69, 0xD2, 0x69, 0xD2, 0x69, 0xDA,
    0xA6, 0x69, 0x24, 0x19, 0x24, 0x21, 0xCB, 0x9A, 0x30, 0xF4, 0x30, 0xF4,
    0x6D, 0xBB, 0x45, 0x29, 0x24, 0x21, 0x24, 0x29, 0x24, 0x21, 0x00, 0x00,
    0x00, 0x00, 0x00, 0x00, 0x00, 0x00, 0x00, 0x00, 0x00, 0x00, 0x00, 0x00,
    0x00, 0x00, 0x00, 0x00, 0x00, 0x00, 0x00, 0x00, 0x00, 0x00, 0x00, 0x00,
    0x00, 0x00, 0x00, 0x00, 0x00, 0x00, 0x00, 0x00, 0x00, 0x00, 0x00, 0x00,
    0x00, 0x00, 0x00, 0x00, 0x00, 0x00, 0x00, 0x00, 0x00, 0x00, 0x04, 0x21,
    0x24, 0x21, 0x24, 0x21, 0x04, 0x19, 0xA6, 0x69, 0x49, 0xD2, 0x69, 0xE2,
    0x69, 0xD2, 0x49, 0xD2, 0x69, 0xD2, 0x69, 0xD2, 0x69, 0xD2, 0x49, 0xD2,
    0x69, 0xD2, 0x69, 0xDA, 0x49, 0xD2, 0x69, 0xDA, 0xE7, 0x89, 0x24, 0x21,
    0x24, 0x21, 0xE4, 0x18, 0x04, 0x21, 0xA5, 0x41, 0xE5, 0x49, 0xC5, 0x49,
    0x84, 0x39, 0xE4, 0x18, 0x04, 0x19, 0x06, 0xC4, 0x67, 0xFD, 0x07, 0xF5,
    0x27, 0xF5, 0x27, 0xF5, 0x27, 0xF5, 0x27, 0xF5, 0x27, 0xF5, 0x27, 0xF5,
    0x07, 0xF5, 0x67, 0xFD, 0xE6, 0xB3, 0x04, 0x19, 0x24, 0x19, 0x86, 0x61,
    0x28, 0xBA, 0x08, 0xAA, 0x08, 0xAA, 0x28, 0xB2, 0x49, 0xD2, 0x69, 0xDA,
    0x69, 0xD2, 0x69, 0xD2, 0x69, 0xD2, 0x69, 0xD2, 0x69, 0xD2, 0x69, 0xDA,
    0x45, 0x39, 0x24, 0x21, 0x24, 0x21, 0x45, 0x29, 0x28, 0x6A, 0x4D, 0xB3,
    0xA6, 0x41, 0x04, 0x19, 0x45, 0x29, 0x04, 0x21, 0x00, 0x00, 0x00, 0x00,
    0x00, 0x00, 0x00, 0x00, 0x00, 0x00, 0x00, 0x00, 0x00, 0x00, 0x00, 0x00,
    0x00, 0x00, 0x00, 0x00, 0x00, 0x00, 0x00, 0x00, 0x00, 0x00, 0x00, 0x00,
    0x00, 0x00, 0x00, 0x00, 0x00, 0x00, 0x00, 0x00, 0x00, 0x00, 0x00, 0x00,
    0x00, 0x00, 0x00, 0x00, 0x00, 0x00, 0x00, 0x00, 0xE7, 0x39, 0x24, 0x21,
    0x24, 0x29, 0x04, 0x19, 0x86, 0x61, 0x69, 0xDA, 0x69, 0xDA, 0x69, 0xD2,
    0x69, 0xD2, 0x69, 0xD2, 0x69, 0xD2, 0x69, 0xD2, 0x69, 0xD2, 0x69, 0xD2,
    0x69, 0xD2, 0x49, 0xD2, 0x69, 0xDA, 0xE7, 0x99, 0x24, 0x21, 0x24, 0x21,
    0x04, 0x21, 0x25, 0x5A, 0xE6, 0xB3, 0xA6, 0xDC, 0xE7, 0xEC, 0xE7, 0xEC,
    0x66, 0xD4, 0xA6, 0xAB, 0x06, 0xBC, 0x27, 0xF5, 0x27, 0xF5, 0x27, 0xF5,
    0x27, 0xF5, 0x27, 0xFD, 0x47, 0xFD, 0x47, 0xFD, 0x27, 0xFD, 0x27, 0xF5,
    0x27, 0xF5, 0x47, 0xFD, 0xA6, 0xDC, 0xA4, 0x41, 0x04, 0x21, 0x44, 0x29,
    0x44, 0x29, 0x24, 0x21, 0x24, 0x21, 0x44, 0x29, 0x86, 0x61, 0x49, 0xD2,
    0x69, 0xDA, 0x69, 0xD2, 0x69, 0xD2, 0x69, 0xD2, 0x69, 0xD2, 0x69, 0xDA,
    0x86, 0x59, 0x04, 0x19, 0x04, 0x19, 0x04, 0x19, 0x04, 0x21, 0x04, 0x21,
    0x04, 0x21, 0x24, 0x29, 0x24, 0x21, 0x04, 0x21, 0x00, 0x00, 0x00, 0x00,
    0x00, 0x00, 0x00, 0x00, 0x00, 0x00, 0x00, 0x00, 0x00, 0x00, 0x00, 0x00,
    0x00, 0x00, 0x00, 0x00, 0x00, 0x00, 0x00, 0x00, 0x00, 0x00, 0x00, 0x00,
    0x00, 0x00, 0x00, 0x00, 0x00, 0x00, 0x00, 0x00, 0x00, 0x00, 0x00, 0x00,
    0x00, 0x00, 0x00, 0x00, 0x00, 0x00, 0x00, 0x00, 0x24, 0x21, 0x24, 0x21,
    0x24, 0x21, 0x45, 0x39, 0x49, 0xCA, 0x69, 0xDA, 0x69, 0xD2, 0x69, 0xD2,
    0x69, 0xD2, 0x69, 0xD2, 0x69, 0xD2, 0x69, 0xD2, 0x69, 0xD2, 0x69, 0xD2,
    0x69, 0xD2, 0x69, 0xD2, 0x69, 0xDA, 0x66, 0x51, 0x04, 0x11, 0xE4, 0x18,
    0x05, 0x83, 0x27, 0xFD, 0x67, 0xFD, 0x47, 0xFD, 0x27, 0xFD, 0x27, 0xFD,
    0x47, 0xFD, 0x67, 0xFD, 0x67, 0xFD, 0x27, 0xF5, 0x27, 0xF5, 0x27, 0xF5,
    0x47, 0xFD, 0xC6, 0xE4, 0x45, 0x62, 0x45, 0x62, 0xC6, 0xE4, 0x47, 0xFD,
    0x27, 0xF5, 0x27, 0xF5, 0x47, 0xFD, 0x45, 0x5A, 0xE4, 0x10, 0x24, 0x21,
    0xE4, 0x10, 0xC4, 0x10, 0xC4, 0x10, 0xC4, 0x10, 0x24, 0x21, 0x88, 0xCA,
    0x49, 0xDA, 0x69, 0xD2, 0x69, 0xD2, 0x69, 0xD2, 0x69, 0xD2, 0x69, 0xDA,
    0x49, 0xD2, 0x08, 0xA2, 0xA6, 0x69, 0x45, 0x31, 0x24, 0x19, 0x24, 0x21,
    0x24, 0x21, 0x24, 0x21, 0x24, 0x21, 0x00, 0x00, 0x00, 0x00, 0x00, 0x00,
    0x00, 0x00, 0x00, 0x00, 0x00, 0x00, 0x00, 0x00, 0x00, 0x00, 0x00, 0x00,
    0x00, 0x00, 0x00, 0x00, 0x00, 0x00, 0x00, 0x00, 0x00, 0x00, 0x00, 0x00,
    0x00, 0x00, 0x00, 0x00, 0x00, 0x00, 0x00, 0x00, 0x00, 0x00, 0x00, 0x00,
    0x00, 0x00, 0x00, 0x00, 0xEF, 0x7B, 0x00, 0x00, 0x24, 0x21, 0x45, 0x29,
    0x04, 0x19, 0xC7, 0x89, 0x69, 0xE2, 0x49, 0xD2, 0x69, 0xD2, 0x69, 0xD2,
    0x69, 0xD2, 0x69, 0xD2, 0x69, 0xD2, 0x69, 0xD2, 0x69, 0xD2, 0x69, 0xD2,
    0x69, 0xD2, 0x69, 0xD2, 0x69, 0xDA, 0xE7, 0x89, 0x64, 0x31, 0xE5, 0x82,
    0x27, 0xFD, 0x27, 0xFD, 0x07, 0xF5, 0x27, 0xF5, 0x27, 0xF5, 0x27, 0xF5,
    0x27, 0xF5, 0x07, 0xF5, 0x07, 0xF5, 0x27, 0xF5, 0x27, 0xF5, 0x07, 0xF5,
    0x67, 0xFD, 0xA6, 0xAB, 0xA4, 0x08, 0xA4, 0x08, 0xA6, 0xAB, 0x67, 0xFD,
    0x07, 0xF5, 0x27, 0xF5, 0x47, 0xFD, 0xE6, 0xB3, 0x64, 0x31, 0xA5, 0x41,
    0x85, 0x6A, 0xE5, 0x7A, 0xC5, 0x7A, 0x85, 0x6A, 0xA6, 0xAB, 0x07, 0xF5,
    0x08, 0xDB, 0x49, 0xDA, 0x69, 0xDA, 0x69, 0xD2, 0x69, 0xD2, 0x69, 0xD2,
    0x69, 0xDA, 0x69, 0xDA, 0x69, 0xE2, 0x49, 0xC2, 0xA6, 0x69, 0x24, 0x21,
    0x24, 0x21, 0x24, 0x21, 0x24, 0x21, 0x00, 0x00, 0x00, 0x00, 0x00, 0x00,
    0x00, 0x00, 0x00, 0x00, 0x00, 0x00, 0x00, 0x00, 0x00, 0x00, 0x00, 0x00,
    0x00, 0x00, 0x00, 0x00, 0x00, 0x00, 0x00, 0x00, 0x00, 0x00, 0x00, 0x00,
    0x00, 0x00, 0x00, 0x00, 0x00, 0x00, 0x00, 0x00, 0x00, 0x00, 0x00, 0x00,
    0x00, 0x00, 0x00, 0x00, 0x00, 0x00, 0x65, 0x29, 0x24, 0x21, 0x24, 0x21,
    0x45, 0x39, 0x28, 0xC2, 0x69, 0xDA, 0x69, 0xD2, 0x69, 0xD2, 0x69, 0xD2,
    0x69, 0xD2, 0x69, 0xD2, 0x69, 0xD2, 0x69, 0xD2, 0x69, 0xD2, 0x69, 0xD2,
    0x69, 0xD2, 0x69, 0xD2, 0x49, 0xDA, 0x88, 0xE3, 0xE6, 0xE4, 0x27, 0xFD,
    0x27, 0xFD, 0x27, 0xF5, 0x27, 0xF5, 0x27, 0xF5, 0x27, 0xF5, 0x27, 0xF5,
    0x27, 0xF5, 0x27, 0xF5, 0x27, 0xF5, 0x27, 0xF5, 0x27, 0xF5, 0x27, 0xF5,
    0x47, 0xFD, 0xA6, 0xDC, 0x05, 0x52, 0x05, 0x52, 0xA6, 0xDC, 0x47, 0xFD,
    0x27, 0xF5, 0x27, 0xF5, 0x27, 0xF5, 0x27, 0xFD, 0xA6, 0xDC, 0xA6, 0xDC,
    0x27, 0xFD, 0x67, 0xFD, 0x67, 0xFD, 0x47, 0xFD, 0x47, 0xFD, 0x47, 0xFD,
    0x47, 0xFD, 0xE8, 0xDA, 0x29, 0xCA, 0x69, 0xDA, 0x69, 0xDA, 0x69, 0xD2,
    0x69, 0xD2, 0x69, 0xD2, 0x69, 0xD2, 0x69, 0xDA, 0x69, 0xDA, 0xC7, 0x81,
    0x24, 0x19, 0x24, 0x21, 0x24, 0x21, 0x45, 0x29, 0x00, 0x00, 0x00, 0x00,
    0x00, 0x00, 0x00, 0x00, 0x00, 0x00, 0x00, 0x00, 0x00, 0x00, 0x00, 0x00,
    0x00, 0x00, 0x00, 0x00, 0x00, 0x00, 0x00, 0x00, 0x00, 0x00, 0x00, 0x00,
    0x00, 0x00, 0x00, 0x00, 0x00, 0x00, 0x00, 0x00, 0x00, 0x00, 0x00, 0x00,
    0x00, 0x00, 0x00, 0x00, 0x00, 0x00, 0x04, 0x21, 0x24, 0x29, 0x04, 0x19,
    0x86, 0x51, 0x69, 0xDA, 0x69, 0xD2, 0x69, 0xD2, 0x69, 0xD2, 0x69, 0xD2,
    0x69, 0xD2, 0x69, 0xD2, 0x69, 0xD2, 0x69, 0xD2, 0x69, 0xD2, 0x69, 0xD2,
    0x69, 0xD2, 0x69, 0xDA, 0x29, 0xD2, 0x47, 0xEC, 0x87, 0xFD, 0x07, 0xF5,
    0x27, 0xF5, 0x27, 0xF5, 0x27, 0xF5, 0x27, 0xF5, 0x27, 0xF5, 0x27, 0xF5,
    0x27, 0xF5, 0x27, 0xF5, 0x27, 0xF5, 0x27, 0xF5, 0x27, 0xF5, 0x27, 0xF5,
    0x27, 0xF5, 0x27, 0xFD, 0x27, 0xFD, 0x27, 0xFD, 0x27, 0xFD, 0x27, 0xF5,
    0x27, 0xF5, 0x27, 0xF5, 0x27, 0xF5, 0x27, 0xF5, 0x47, 0xFD, 0x47, 0xFD,
    0x27, 0xF5, 0x07, 0xF5, 0x07, 0xF5, 0x27, 0xF5, 0x07, 0xF5, 0x27, 0xF5,
    0x07, 0xED, 0x25, 0x5A, 0x04, 0x21, 0x08, 0xA2, 0x69, 0xDA, 0x69, 0xD2,
    0x69, 0xD2, 0x69, 0xD2, 0x69, 0xD2, 0x69, 0xD2, 0x69, 0xD2, 0x69, 0xDA,
    0x86, 0x61, 0x04, 0x19, 0x24, 0x29, 0x24, 0x21, 0x00, 0x00, 0x00, 0x00,
    0x00, 0x00, 0x00, 0x00, 0x00, 0x00, 0x00, 0x00, 0x00, 0x00, 0x00, 0x00,
    0x00, 0x00, 0x00, 0x00, 0x00, 0x00, 0x00, 0x00, 0x00, 0x00, 0x00, 0x00,
    0x00, 0x00, 0x00, 0x00, 0x00, 0x00, 0x00, 0x00, 0x00, 0x00, 0x00, 0x00,
    0x00, 0x00, 0x00, 0x00, 0x00, 0x00, 0x24, 0x21, 0x24, 0x29, 0x04, 0x19,
    0xA6, 0x69, 0x69, 0xE2, 0x49, 0xD2, 0x69, 0xD2, 0x69, 0xD2, 0x69, 0xD2,
    0x69, 0xD2, 0x69, 0xD2, 0x69, 0xD2, 0x69, 0xD2, 0x69, 0xD2, 0x69, 0xD2,
    0x69, 0xD2, 0x69, 0xDA, 0x49, 0xD2, 0xA7, 0xF4, 0x47, 0xFD, 0x07, 0xF5,
    0x27, 0xF5, 0x27, 0xF5, 0x27, 0xF5, 0x27, 0xF5, 0x27, 0xF5, 0x27, 0xF5,
    0x27, 0xF5, 0x07, 0xF5, 0x47, 0xFD, 0x67, 0xFD, 0x67, 0xFD, 0x47, 0xFD,
    0x27, 0xF5, 0x27, 0xF5, 0x27, 0xF5, 0x27, 0xF5, 0x27, 0xF5, 0x27, 0xF5,
    0x27, 0xF5, 0x27, 0xF5, 0x27, 0xF5, 0x27, 0xF5, 0x27, 0xF5, 0x27, 0xF5,
    0x27, 0xF5, 0x27, 0xF5, 0x27, 0xF5, 0x27, 0xF5, 0x27, 0xF5, 0x47, 0xFD,
    0x46, 0xCC, 0x44, 0x29, 0x04, 0x19, 0x86, 0x59, 0x69, 0xDA, 0x69, 0xD2,
    0x69, 0xD2, 0x69, 0xD2, 0x69, 0xD2, 0x69, 0xD2, 0x49, 0xD2, 0x69, 0xDA,
    0x28, 0xC2, 0x45, 0x31, 0x24, 0x21, 0x24, 0x21, 0x45, 0x29, 0x00, 0x00,
    0x00, 0x00, 0x00, 0x00, 0x00, 0x00, 0x00, 0x00, 0x00, 0x00, 0x00, 0x00,
    0x00, 0x00, 0x00, 0x00, 0x00, 0x00, 0x00, 0x00, 0x00, 0x00, 0x00, 0x00,
    0x00, 0x00, 0x00, 0x00, 0x00, 0x00, 0x00, 0x00, 0x00, 0x00, 0x00, 0x00,
    0x00, 0x00, 0x00, 0x00, 0x00, 0x00, 0x24, 0x21, 0x24, 0x29, 0x04, 0x19,
    0xA6, 0x69, 0x69, 0xE2, 0x49, 0xD2, 0x69, 0xD2, 0x69, 0xD2, 0x69, 0xD2,
    0x69, 0xD2, 0x69, 0xD2, 0x69, 0xD2, 0x69, 0xD2, 0x69, 0xD2, 0x69, 0xD2,
    0x69, 0xD2, 0x69, 0xDA, 0x69, 0xDA, 0xA7, 0xF4, 0x47, 0xFD, 0x07, 0xF5,
    0x27, 0xF5, 0x27, 0xF5, 0x27, 0xF5, 0x27, 0xF5, 0x27, 0xF5, 0x27, 0xF5,
    0x27, 0xFD, 0x47, 0xFD, 0xA6, 0xE4, 0x46, 0xCC, 0x46, 0xCC, 0xA6, 0xDC,
    0x47, 0xFD, 0x27, 0xFD, 0x27, 0xF5, 0x27, 0xF5, 0x27, 0xF5, 0x27, 0xF5,
    0x27, 0xF5, 0x27, 0xF5, 0x27, 0xF5, 0x27, 0xF5, 0x27, 0xF5, 0x27, 0xF5,
    0x27, 0xF5, 0x27, 0xF5, 0x27, 0xF5, 0x27, 0xF5, 0x27, 0xF5, 0x27, 0xFD,
    0x07, 0xF5, 0xA5, 0x41, 0x04, 0x19, 0x45, 0x31, 0x49, 0xCA, 0x69, 0xDA,
    0x69, 0xD2, 0x69, 0xD2, 0x69, 0xD2, 0x69, 0xD2, 0x69, 0xD2, 0x69, 0xD2,
    0x69, 0xDA, 0x86, 0x61, 0x24, 0x19, 0x24, 0x21, 0x24, 0x21, 0x00, 0x00,
    0x00, 0x00, 0x00, 0x00, 0x00, 0x00, 0x00, 0x00, 0x00, 0x00, 0x00, 0x00,
    0x00, 0x00, 0x00, 0x00, 0x00, 0x00, 0x00, 0x00, 0x00, 0x00, 0x00, 0x00,
    0x00, 0x00, 0x00, 0x00, 0x00, 0x00, 0x00, 0x00, 0x00, 0x00, 0x00, 0x00,
    0x00, 0x00, 0x00, 0x00, 0x00, 0x00, 0x24, 0x21, 0x24, 0x29, 0x04, 0x19,
    0x86, 0x61, 0x69, 0xE2, 0x49, 0xD2, 0x69, 0xD2, 0x69, 0xD2, 0x69, 0xD2,
    0x69, 0xD2, 0x69, 0xD2, 0x69, 0xD2, 0x69, 0xD2, 0x69, 0xD2, 0x69, 0xD2,
    0x69, 0xD2, 0x69, 0xDA, 0x49, 0xD2, 0x87, 0xF4, 0x67, 0xFD, 0x07, 0xF5,
    0x27, 0xF5, 0x27, 0xF5, 0x27, 0xF5, 0x27, 0xF5, 0x27, 0xF5, 0x27, 0xFD,
    0x27, 0xF5, 0x25, 0x93, 0xA4, 0x39, 0x24, 0x21, 0x04, 0x21, 0x84, 0x39,
    0xE5, 0x82, 0xE6, 0xEC, 0x47, 0xFD, 0x27, 0xF5, 0x27, 0xF5, 0x27, 0xF5,
    0x27, 0xF5, 0x27, 0xF5, 0x27, 0xF5, 0x27, 0xF5, 0x27, 0xFD, 0x47, 0xFD,
    0x47, 0xFD, 0x47, 0xFD, 0x27, 0xF5, 0x27, 0xF5, 0x27, 0xF5, 0x27, 0xF5,
    0x67, 0xFD, 0x25, 0x5A, 0xE4, 0x18, 0x24, 0x29, 0x49, 0xC2, 0x69, 0xDA,
    0x49, 0xD2, 0x69, 0xD2, 0x69, 0xD2, 0x69, 0xD2, 0x69, 0xD2, 0x69, 0xD2,
    0x69, 0xDA, 0xE7, 0x91, 0x04, 0x19, 0x24, 0x29, 0x24, 0x21, 0x00, 0x00,
    0xE7, 0x39, 0x00, 0x00, 0x00, 0x00, 0x00, 0x00, 0x00, 0x00, 0x00, 0x00,
    0x00, 0x00, 0x00, 0x00, 0x00, 0x00, 0x00, 0x00, 0x00, 0x00, 0x00, 0x00,
    0x00, 0x00, 0x00, 0x00, 0x00, 0x00, 0x00, 0x00, 0x00, 0x00, 0x00, 0x00,
    0x00, 0x00, 0x00, 0x00, 0x00, 0x00, 0x04, 0x21, 0x24, 0x21, 0x04, 0x19,
    0x65, 0x49, 0x49, 0xD2, 0x69, 0xD2, 0x69, 0xD2, 0x69, 0xD2, 0x69, 0xD2,
    0x69, 0xD2, 0x69, 0xD2, 0x69, 0xD2, 0x69, 0xD2, 0x69, 0xD2, 0x69, 0xD2,
    0x69, 0xDA, 0x89, 0xE2, 0x29, 0xDA, 0xC7, 0xDB, 0x06, 0xED, 0x27, 0xFD,
    0x27, 0xF5, 0x27, 0xF5, 0x27, 0xF5, 0x27, 0xF5, 0x27, 0xFD, 0x27, 0xFD,
    0xA5, 0x7A, 0xE4, 0x10, 0x04, 0x19, 0xC4, 0x18, 0xC4, 0x10, 0x04, 0x21,
    0xC4, 0x10, 0x45, 0x5A, 0x07, 0xED, 0x27, 0xFD, 0x27, 0xF5, 0x27, 0xF5,
    0x27, 0xF5, 0x27, 0xF5, 0x27, 0xF5, 0x47, 0xFD, 0x86, 0xDC, 0x65, 0x62,
    0x05, 0x52, 0xE6, 0xBB, 0x47, 0xFD, 0x27, 0xF5, 0x27, 0xF5, 0x27, 0xF5,
    0x47, 0xFD, 0x85, 0x6A, 0x04, 0x19, 0x24, 0x29, 0x08, 0xAA, 0x69, 0xDA,
    0x69, 0xE2, 0x69, 0xDA, 0x69, 0xD2, 0x69, 0xD2, 0x69, 0xD2, 0x69, 0xD2,
    0x69, 0xDA, 0x08, 0xA2, 0x04, 0x19, 0x24, 0x29, 0x24, 0x21, 0x00, 0x00,
    0x86, 0x31, 0x00, 0x00, 0x00, 0x00, 0x00, 0x00, 0x00, 0x00, 0x00, 0x00,
    0x00, 0x00, 0x00, 0x00, 0x00, 0x00, 0x00, 0x00, 0x00, 0x00, 0x00, 0x00,
    0x00, 0x00, 0x00, 0x00, 0x00, 0x00, 0x00, 0x00, 0x00, 0x00, 0x00, 0x00,
    0x00, 0x00, 0x00, 0x00, 0x00, 0x00, 0x24, 0x21, 0x24, 0x21, 0x24, 0x21,
    0x24, 0x29, 0x28, 0xB2, 0x69, 0xDA, 0x49, 0xD2, 0x69, 0xD2, 0x69, 0xD2,
    0x69, 0xD2, 0x69, 0xD2, 0x69, 0xDA, 0x69, 0xDA, 0x69, 0xE2, 0x69, 0xDA,
    0x28, 0xBA, 0xE7, 0x91, 0xA6, 0x69, 0x65, 0x41, 0xA4, 0x41, 0x26, 0xC4,
    0x47, 0xFD, 0x27, 0xF5, 0x27, 0xF5, 0x27, 0xF5, 0x47, 0xFD, 0xC6, 0xB3,
    0xE4, 0x18, 0x24, 0x21, 0x44, 0x29, 0x05, 0x73, 0x25, 0x7B, 0x84, 0x31,
    0x04, 0x21, 0xE4, 0x10, 0x66, 0x9B, 0x47, 0xFD, 0x27, 0xF5, 0x27, 0xF5,
    0x27, 0xF5, 0x27, 0xF5, 0x27, 0xF5, 0x27, 0xFD, 0x25, 0x5A, 0xE4, 0x18,
    0xE4, 0x18, 0x64, 0x31, 0x86, 0xDC, 0x47, 0xFD, 0x27, 0xF5, 0x27, 0xF5,
    0x47, 0xFD, 0x25, 0x5A, 0xE4, 0x18, 0x24, 0x29, 0x44, 0x29, 0x86, 0x59,
    0xC7, 0x81, 0x08, 0xB2, 0x69, 0xDA, 0x69, 0xE2, 0x69, 0xDA, 0x69, 0xDA,
    0x69, 0xDA, 0x08, 0xA2, 0x04, 0x19, 0x24, 0x29, 0x24, 0x21, 0x00, 0x00,
    0xE7, 0x39, 0x00, 0x00, 0x00, 0x00, 0x00, 0x00, 0x00, 0x00, 0x00, 0x00,
    0x00, 0x00, 0x00, 0x00, 0x00, 0x00, 0x00, 0x00, 0x00, 0x00, 0x00, 0x00,
    0x00, 0x00, 0x00, 0x00, 0x00, 0x00, 0x00, 0x00, 0x00, 0x00, 0x00, 0x00,
    0x00, 0x00, 0x00, 0x00, 0xAA, 0x52, 0x00, 0x00, 0x24, 0x21, 0x45, 0x29,
    0x04, 0x19, 0xA6, 0x69, 0x69, 0xDA, 0x49, 0xD2, 0x69, 0xD2, 0x69, 0xDA,
    0x69, 0xE2, 0x69, 0xDA, 0x49, 0xD2, 0x28, 0xAA, 0xC7, 0x79, 0x65, 0x51,
    0x45, 0x31, 0x24, 0x21, 0x24, 0x19, 0x04, 0x19, 0x84, 0x08, 0x25, 0x8B,
    0x87, 0xFD, 0x07, 0xF5, 0x27, 0xF5, 0x27, 0xF5, 0x47, 0xFD, 0x45, 0x62,
    0x04, 0x19, 0x24, 0x21, 0x26, 0xA4, 0xA8, 0xFE, 0xC8, 0xFE, 0xC6, 0xBC,
    0x64, 0x29, 0x04, 0x19, 0xE5, 0x49, 0x07, 0xF5, 0x27, 0xFD, 0x27, 0xF5,
    0x27, 0xF5, 0x27, 0xF5, 0x27, 0xFD, 0x27, 0xF5, 0x84, 0x31, 0x04, 0x21,
    0x44, 0x29, 0xE4, 0x18, 0x46, 0xCC, 0x47, 0xFD, 0x27, 0xF5, 0x27, 0xF5,
    0x47, 0xFD, 0x25, 0x8B, 0x04, 0x21, 0x04, 0x19, 0xE4, 0x18, 0x04, 0x19,
    0x24, 0x19, 0x44, 0x31, 0x65, 0x49, 0xA6, 0x79, 0x28, 0xB2, 0x49, 0xD2,
    0x69, 0xE2, 0xC7, 0x89, 0x04, 0x19, 0x24, 0x21, 0x24, 0x21, 0x00, 0x00,
    0x00, 0x00, 0x00, 0x00, 0x00, 0x00, 0x00, 0x00, 0x00, 0x00, 0x00, 0x00,
    0x00, 0x00, 0x00, 0x00, 0x00, 0x00, 0x00, 0x00, 0x00, 0x00, 0x00, 0x00,
    0x00, 0x00, 0x00, 0x00, 0x00, 0x00, 0x00, 0x00, 0x00, 0x00, 0x00, 0x00,
    0x00, 0x00, 0x00, 0x00, 0x00, 0x00, 0x00, 0x00, 0x45, 0x29, 0x24, 0x21,
    0x24, 0x21, 0x24, 0x29, 0x08, 0xAA, 0x8A, 0xEA, 0x69, 0xD2, 0x28, 0xBA,
    0xE7, 0x99, 0xA6, 0x69, 0x45, 0x39, 0x24, 0x21, 0x24, 0x21, 0x04, 0x19,
    0x04, 0x19, 0xE4, 0x18, 0x04, 0x21, 0xA4, 0x39, 0x85, 0x6A, 0xA6, 0xDC,
    0x47, 0xFD, 0x27, 0xF5, 0x27, 0xF5, 0x27, 0xF5, 0x47, 0xFD, 0xE5, 0x49,
    0xE4, 0x18, 0x64, 0x31, 0x47, 0xFE, 0x47, 0xFE, 0x27, 0xFE, 0x87, 0xFE,
    0x05, 0x4A, 0xE4, 0x18, 0x64, 0x31, 0x07, 0xF5, 0x27, 0xFD, 0x27, 0xF5,
    0x27, 0xF5, 0x27, 0xF5, 0x27, 0xF5, 0x47, 0xFD, 0x45, 0x93, 0x04, 0x21,
    0xC4, 0x10, 0x65, 0x6A, 0x07, 0xED, 0x27, 0xFD, 0x27, 0xF5, 0x27, 0xF5,
    0x27, 0xF5, 0x27, 0xFD, 0x26, 0xC4, 0xC5, 0x7A, 0xE5, 0x51, 0x24, 0x29,
    0xE4, 0x18, 0x04, 0x19, 0x04, 0x19, 0x24, 0x21, 0x24, 0x21, 0x65, 0x41,
    0xC7, 0x79, 0x65, 0x49, 0x24, 0x21, 0x24, 0x21, 0x24, 0x21, 0x00, 0x00,
    0x00, 0x00, 0x00, 0x00, 0x00, 0x00, 0x00, 0x00, 0x00, 0x00, 0x00, 0x00,
    0x00, 0x00, 0x00, 0x00, 0x00, 0x00, 0x00, 0x00, 0x00, 0x00, 0x00, 0x00,
    0x00, 0x00, 0x00, 0x00, 0x00, 0x00, 0x00, 0x00, 0x00, 0x00, 0x00, 0x00,
    0x00, 0x00, 0x00, 0x00, 0x86, 0x31, 0x00, 0x00, 0x00, 0x00, 0x24, 0x21,
    0x24, 0x21, 0x04, 0x21, 0x45, 0x39, 0xA6, 0x79, 0x65, 0x51, 0x45, 0x31,
    0x24, 0x19, 0x04, 0x19, 0x04, 0x19, 0xE4, 0x18, 0x04, 0x21, 0x24, 0x21,
    0xE5, 0x49, 0xE5, 0x82, 0xE6, 0xB3, 0xA6, 0xDC, 0x47, 0xFD, 0x47, 0xFD,
    0x27, 0xF5, 0x27, 0xF5, 0x27, 0xF5, 0x27, 0xF5, 0x47, 0xFD, 0x25, 0x5A,
    0x04, 0x19, 0x44, 0x29, 0x47, 0xD5, 0xA8, 0xFE, 0xA8, 0xFE, 0xA7, 0xE5,
    0xA4, 0x39, 0x04, 0x19, 0xA5, 0x39, 0x07, 0xF5, 0x27, 0xFD, 0x27, 0xF5,
    0x27, 0xF5, 0x27, 0xF5, 0x27, 0xF5, 0x27, 0xFD, 0x27, 0xFD, 0x06, 0xBC,
    0xC6, 0xB3, 0xE7, 0xEC, 0x47, 0xFD, 0x27, 0xF5, 0x27, 0xF5, 0x27, 0xF5,
    0x27, 0xF5, 0x27, 0xF5, 0x47, 0xFD, 0x67, 0xFD, 0x07, 0xED, 0x26, 0xC4,
    0x45, 0x93, 0x05, 0x52, 0x24, 0x21, 0x04, 0x19, 0xE4, 0x18, 0x04, 0x19,
    0x24, 0x19, 0x24, 0x21, 0x24, 0x21, 0x24, 0x21, 0x24, 0x21, 0x24, 0x21,
    0x00, 0x00, 0x00, 0x00, 0x00, 0x00, 0x00, 0x00, 0x86, 0x31, 0x00, 0x00,
    0x00, 0x00, 0x00, 0x00, 0x00, 0x00, 0x00, 0x00, 0x00, 0x00, 0x00, 0x00,
    0x00, 0x00, 0x00, 0x00, 0x00, 0x00, 0x00, 0x00, 0x00, 0x00, 0x00, 0x00,
    0x00, 0x00, 0x00, 0x00, 0x00, 0x00, 0x00, 0x00, 0x24, 0x21, 0x24, 0x21,
    0x24, 0x21, 0x24, 0x21, 0x24, 0x21, 0x24, 0x19, 0x04, 0x19, 0x04, 0x19,
    0xE4, 0x18, 0x04, 0x21, 0x85, 0x39, 0x45, 0x5A, 0x65, 0x9B, 0x86, 0xD4,
    0x07, 0xF5, 0x47, 0xFD, 0x67, 0xFD, 0x47, 0xFD, 0x27, 0xF5, 0x27, 0xF5,
    0x27, 0xF5, 0x27, 0xF5, 0x27, 0xF5, 0x27, 0xF5, 0x47, 0xFD, 0x66, 0x9B,
    0xE4, 0x18, 0x04, 0x21, 0xE5, 0x41, 0xC6, 0xBC, 0xE7, 0xC4, 0x45, 0x52,
    0x04, 0x21, 0xE4, 0x18, 0xC5, 0x7A, 0x47, 0xFD, 0x27, 0xF5, 0x27, 0xF5,
    0x27, 0xF5, 0x27, 0xF5, 0x27, 0xF5, 0x27, 0xF5, 0x27, 0xF5, 0x67, 0xFD,
    0x67, 0xFD, 0x27, 0xFD, 0x27, 0xF5, 0x27, 0xF5, 0x27, 0xF5, 0x27, 0xF5,
    0x27, 0xF5, 0x27, 0xF5, 0x27, 0xF5, 0x07, 0xF5, 0x27, 0xFD, 0x67, 0xFD,
    0x47, 0xFD, 0x07, 0xF5, 0x86, 0xD4, 0x46, 0x93, 0x25, 0x52, 0x84, 0x39,
    0x04, 0x19, 0xE4, 0x18, 0x04, 0x21, 0x24, 0x21, 0x24, 0x21, 0x24, 0x21,
    0x24, 0x21, 0x24, 0x21, 0x04, 0x21, 0x00, 0x00, 0x00, 0x00, 0x00, 0x00,
    0x00, 0x00, 0x00, 0x00, 0x00, 0x00, 0x00, 0x00, 0x00, 0x00, 0x00, 0x00,
    0x00, 0x00, 0xE7, 0x39, 0x00, 0x00, 0x00, 0x00, 0x00, 0x00, 0x00, 0x00,
    0x45, 0x29, 0x24, 0x21, 0x24, 0x21, 0x24, 0x21, 0x24, 0x29, 0x44, 0x29,
    0x24, 0x21, 0x04, 0x21, 0x04, 0x19, 0xE4, 0x18, 0x24, 0x21, 0xE5, 0x49,
    0xE5, 0x82, 0xC6, 0xB3, 0xA6, 0xDC, 0x47, 0xFD, 0x47, 0xFD, 0x47, 0xFD,
    0x27, 0xFD, 0x27, 0xF5, 0x07, 0xF5, 0x27, 0xF5, 0x27, 0xF5, 0x27, 0xF5,
    0x27, 0xF5, 0x27, 0xF5, 0x27, 0xF5, 0x27, 0xF5, 0x27, 0xFD, 0xE7, 0xEC,
    0xC5, 0x41, 0xE4, 0x18, 0x04, 0x21, 0xE4, 0x18, 0xE4, 0x18, 0x04, 0x21,
    0xE4, 0x18, 0x84, 0x31, 0x86, 0xDC, 0x47, 0xFD, 0x27, 0xF5, 0x27, 0xF5,
    0x27, 0xF5, 0x27, 0xF5, 0x27, 0xF5, 0x07, 0xF5, 0x07, 0xF5, 0x07, 0xF5,
    0x07, 0xF5, 0x27, 0xF5, 0x27, 0xF5, 0x27, 0xF5, 0x27, 0xF5, 0x27, 0xF5,
    0x27, 0xF5, 0x27, 0xF5, 0x27, 0xF5, 0x27, 0xF5, 0x27, 0xF5, 0x07, 0xF5,
    0x27, 0xF5, 0x27, 0xFD, 0x47, 0xFD, 0x47, 0xFD, 0x47, 0xFD, 0x86, 0xDC,
    0x86, 0xA3, 0x85, 0x6A, 0x84, 0x31, 0xE4, 0x18, 0x04, 0x19, 0x04, 0x21,
    0x24, 0x21, 0x45, 0x29, 0x24, 0x21, 0x24, 0x21, 0x24, 0x21, 0x24, 0x21,
    0x00, 0x00, 0x00, 0x00, 0x00, 0x00, 0x00, 0x00, 0x00, 0x00, 0x00, 0x00,
    0x00, 0x00, 0x00, 0x00, 0x00, 0x00, 0x24, 0x21, 0x04, 0x21, 0x24, 0x21,
    0x24, 0x21, 0x24, 0x21, 0x45, 0x29, 0x24, 0x21, 0xE4, 0x18, 0xE4, 0x10,
    0x24, 0x21, 0x64, 0x31, 0x45, 0x5A, 0x46, 0x9B, 0x66, 0xD4, 0xE7, 0xEC,
    0x47, 0xFD, 0x67, 0xFD, 0x47, 0xFD, 0x27, 0xF5, 0x27, 0xF5, 0x27, 0xF5,
    0x27, 0xF5, 0x27, 0xF5, 0x27, 0xF5, 0x27, 0xF5, 0x27, 0xF5, 0x27, 0xF5,
    0x27, 0xF5, 0x27, 0xF5, 0x27, 0xF5, 0x27, 0xF5, 0x27, 0xF5, 0x47, 0xFD,
    0x86, 0xD4, 0x05, 0x52, 0x24, 0x21, 0xE4, 0x18, 0xE4, 0x18, 0x04, 0x21,
    0xA5, 0x41, 0x46, 0xCC, 0x47, 0xFD, 0x27, 0xF5, 0x27, 0xF5, 0x27, 0xF5,
    0x27, 0xF5, 0x27, 0xF5, 0x27, 0xFD, 0x67, 0xFD, 0x67, 0xFD, 0x67, 0xFD,
    0x47, 0xFD, 0x27, 0xF5, 0x27, 0xF5, 0x27, 0xF5, 0x27, 0xF5, 0x27, 0xF5,
    0x27, 0xF5, 0x27, 0xF5, 0x27, 0xF5, 0x27, 0xF5, 0x27, 0xF5, 0x27, 0xF5,
    0x27, 0xF5, 0x27, 0xF5, 0x27, 0xF5, 0x27, 0xF5, 0x27, 0xF5, 0x47, 0xFD,
    0x67, 0xFD, 0x27, 0xFD, 0xA6, 0xE4, 0xE6, 0xB3, 0x85, 0x6A, 0x84, 0x39,
    0x24, 0x21, 0xE4, 0x10, 0x04, 0x19, 0x44, 0x29, 0x45, 0x29, 0x24, 0x21,
    0x24, 0x21, 0x24, 0x21, 0x04, 0x21, 0xA2, 0x10, 0x00, 0x00, 0x00, 0x00,
    0x45, 0x29, 0x24, 0x21, 0x24, 0x21, 0x24, 0x21, 0x24, 0x21, 0x24, 0x21,
    0x24, 0x21, 0x04, 0x19, 0xC4, 0x10, 0x24, 0x21, 0x05, 0x52, 0xC5, 0x7A,
    0xC6, 0xAB, 0xC6, 0xE4, 0x47, 0xFD, 0x47, 0xFD, 0x47, 0xFD, 0x27, 0xFD,
    0x27, 0xF5, 0x07, 0xF5, 0x27, 0xF5, 0x27, 0xF5, 0x27, 0xF5, 0x27, 0xF5,
    0x27, 0xF5, 0x27, 0xF5, 0x27, 0xF5, 0x27, 0xF5, 0x27, 0xF5, 0x27, 0xF5,
    0x27, 0xF5, 0x27, 0xF5, 0x27, 0xF5, 0x27, 0xF5, 0x27, 0xF5, 0x27, 0xF5,
    0x47, 0xFD, 0x07, 0xF5, 0xE6, 0xB3, 0xE5, 0x82, 0xC5, 0x7A, 0x86, 0xA3,
    0xE7, 0xEC, 0x47, 0xFD, 0x27, 0xF5, 0x27, 0xF5, 0x27, 0xF5, 0x27, 0xF5,
    0x27, 0xF5, 0x47, 0xFD, 0x07, 0xF5, 0x06, 0xBC, 0x86, 0xA3, 0xC6, 0xAB,
    0x86, 0xDC, 0x47, 0xFD, 0x27, 0xFD, 0x27, 0xF5, 0x27, 0xF5, 0x27, 0xF5,
    0x27, 0xF5, 0x27, 0xF5, 0x27, 0xF5, 0x27, 0xF5, 0x27, 0xF5, 0x27, 0xF5,
    0x27, 0xF5, 0x27, 0xF5, 0x27, 0xF5, 0x27, 0xF5, 0x27, 0xF5, 0x27, 0xF5,
    0x07, 0xF5, 0x27, 0xF5, 0x47, 0xFD, 0x47, 0xFD, 0x47, 0xFD, 0x07, 0xED,
    0xE6, 0xB3, 0xC5, 0x7A, 0xC5, 0x41, 0xE4, 0x18, 0xE4, 0x10, 0x24, 0x21,
    0x24, 0x21, 0x24, 0x21, 0x24, 0x21, 0x24, 0x21, 0x04, 0x21, 0x45, 0x29,
    0x24, 0x21, 0x24, 0x21, 0x24, 0x21, 0x24, 0x21, 0x24, 0x21, 0x24, 0x21,
    0x44, 0x29, 0x45, 0x62, 0xA6, 0xAB, 0x86, 0xD4, 0x07, 0xED, 0x67, 0xFD,
    0x47, 0xFD, 0x27, 0xFD, 0x27, 0xF5, 0x27, 0xF5, 0x27, 0xF5, 0x27, 0xF5,
    0x27, 0xF5, 0x27, 0xF5, 0x27, 0xF5, 0x27, 0xF5, 0x27, 0xF5, 0x27, 0xF5,
    0x27, 0xF5, 0x27, 0xF5, 0x27, 0xF5, 0x27, 0xF5, 0x27, 0xF5, 0x27, 0xF5,
    0x27, 0xF5, 0x27, 0xF5, 0x07, 0xF5, 0x07, 0xF5, 0x27, 0xF5, 0x27, 0xF5,
    0x27, 0xF5, 0x27, 0xF5, 0x47, 0xFD, 0x87, 0xFD, 0x87, 0xFD, 0x67, 0xFD,
    0x27, 0xFD, 0x27, 0xF5, 0x27, 0xF5, 0x27, 0xF5, 0x27, 0xF5, 0x27, 0xF5,
    0x47, 0xFD, 0x46, 0xCC, 0xE5, 0x51, 0x24, 0x21, 0xE4, 0x18, 0x04, 0x19,
    0x64, 0x31, 0x05, 0x8B, 0x27, 0xF5, 0x27, 0xFD, 0x27, 0xF5, 0x27, 0xF5,
    0x27, 0xF5, 0x27, 0xF5, 0x27, 0xF5, 0x27, 0xF5, 0x27, 0xF5, 0x27, 0xF5,
    0x27, 0xF5, 0x27, 0xF5, 0x27, 0xF5, 0x27, 0xF5, 0x27, 0xF5, 0x27, 0xF5,
    0x27, 0xF5, 0x27, 0xF5, 0x27, 0xF5, 0x27, 0xF5, 0x27, 0xF5, 0x27, 0xF5,
    0x47, 0xFD, 0x47, 0xFD, 0xE7, 0xEC, 0x46, 0xCC, 0x25, 0x8B, 0xA4, 0x41,
    0x04, 0x21, 0x24, 0x21, 0x24, 0x21, 0x24, 0x21, 0x24, 0x21, 0x24, 0x21,
    0x24, 0x21, 0x24, 0x21, 0x24, 0x21, 0x24, 0x21, 0x24, 0x21, 0x24, 0x21,
    0x44, 0x29, 0x45, 0x62, 0xA6, 0xAB, 0x86, 0xD4, 0x07, 0xED, 0x67, 0xFD,
    0x47, 0xFD, 0x27, 0xFD, 0x27, 0xF5, 0x27, 0xF5, 0x27, 0xF5, 0x27, 0xF5,
    0x27, 0xF5, 0x27, 0xF5, 0x27, 0xF5, 0x27, 0xF5, 0x27, 0xF5, 0x27, 0xF5,
    0x27, 0xF5, 0x27, 0xF5, 0x27, 0xF5, 0x27, 0xF5, 0x27, 0xF5, 0x27, 0xF5,
    0x27, 0xF5, 0x27, 0xFD, 0x67, 0xFD, 0x67, 0xFD, 0x27, 0xFD, 0x27, 0xF5,
    0x27, 0xF5, 0x27, 0xF5, 0x07, 0xF5, 0x07, 0xF5, 0x07, 0xF5, 0x07, 0xF5,
    0x27, 0xF5, 0x27, 0xF5, 0x27, 0xF5, 0x27, 0xF5, 0x07, 0xF5, 0x47, 0xFD,
    0x46, 0xCC, 0x64, 0x31, 0xE4, 0x18, 0x04, 0x19, 0xC4, 0x10, 0xE4, 0x18,
    0x04, 0x21, 0xE4, 0x10, 0xE5, 0x82, 0x47, 0xFD, 0x27, 0xF5, 0x27, 0xF5,
    0x27, 0xF5, 0x27, 0xF5, 0x27, 0xF5, 0x27, 0xF5, 0x27, 0xF5, 0x27, 0xF5,
    0x27, 0xF5, 0x27, 0xF5, 0x27, 0xF5, 0x27, 0xF5, 0x27, 0xF5, 0x27, 0xF5,
    0x27, 0xF5, 0x27, 0xF5, 0x27, 0xF5, 0x27, 0xF5, 0x27, 0xF5, 0x27, 0xFD,
    0x47, 0xFD, 0x47, 0xFD, 0xE6, 0xEC, 0x46, 0xCC, 0x25, 0x8B, 0xA4, 0x41,
    0x04, 0x21, 0x24, 0x21, 0x24, 0x21, 0x24, 0x21, 0x24, 0x21, 0x24, 0x21,
    0x45, 0x29, 0x24, 0x21, 0x24, 0x21, 0x24, 0x21, 0x24, 0x21, 0x24, 0x21,
    0x24, 0x21, 0x04, 0x19, 0xC4, 0x10, 0x24, 0x21, 0x05, 0x52, 0xC5, 0x7A,
    0xC6, 0xAB, 0xC6, 0xE4, 0x47, 0xFD, 0x47, 0xFD, 0x47, 0xFD, 0x27, 0xFD,
    0x27, 0xF5, 0x07, 0xF5, 0x27, 0xF5, 0x27, 0xF5, 0x27, 0xF5, 0x27, 0xF5,
    0x27, 0xF5, 0x27, 0xF5, 0x27, 0xF5, 0x27, 0xF5, 0x27, 0xF5, 0x27, 0xF5,
    0x47, 0xFD, 0xC7, 0xE4, 0x25, 0x8B, 0x05, 0x8B, 0xA6, 0xDC, 0x47, 0xFD,
    0x27, 0xF5, 0x27, 0xF5, 0x27, 0xF5, 0x27, 0xF5, 0x27, 0xF5, 0x27, 0xF5,
    0x27, 0xF5, 0x27, 0xF5, 0x27, 0xF5, 0x27, 0xF5, 0x27, 0xF5, 0x27, 0xF5,
    0x45, 0x62, 0xE4, 0x18, 0x04, 0x21, 0x45, 0x52, 0x46, 0xA4, 0x66, 0x83,
    0x44, 0x29, 0x24, 0x21, 0x24, 0x21, 0x26, 0xC4, 0x47, 0xFD, 0x27, 0xF5,
    0x27, 0xF5, 0x27, 0xF5, 0x27, 0xF5, 0x27, 0xF5, 0x27, 0xF5, 0x27, 0xF5,
    0x27, 0xF5, 0x27, 0xF5, 0x27, 0xF5, 0x27, 0xF5, 0x27, 0xF5, 0x27, 0xF5,
    0x07, 0xF5, 0x27, 0xF5, 0x47, 0xFD, 0x47, 0xFD, 0x47, 0xFD, 0xC7, 0xEC,
    0xC6, 0xB3, 0xA5, 0x72, 0xC5, 0x41, 0xE4, 0x18, 0xE4, 0x10, 0x24, 0x21,
    0x24, 0x21, 0x24, 0x21, 0x24, 0x21, 0x24, 0x21, 0x04, 0x21, 0x45, 0x29,
    0x00, 0x00, 0x00, 0x00, 0x00, 0x00, 0x24, 0x21, 0x04, 0x21, 0x24, 0x21,
    0x24, 0x21, 0x24, 0x21, 0x45, 0x29, 0x24, 0x21, 0xE4, 0x18, 0xE4, 0x10,
    0x24, 0x21, 0x64, 0x31, 0x45, 0x5A, 0x46, 0x9B, 0x66, 0xD4, 0xE7, 0xEC,
    0x47, 0xFD, 0x67, 0xFD, 0x47, 0xFD, 0x27, 0xF5, 0x27, 0xF5, 0x27, 0xF5,
    0x27, 0xF5, 0x27, 0xF5, 0x27, 0xF5, 0x27, 0xF5, 0x27, 0xF5, 0x27, 0xFD,
    0x27, 0xF5, 0x65, 0x62, 0xE4, 0x10, 0xC4, 0x10, 0x25, 0x5A, 0x07, 0xED,
    0x27, 0xFD, 0x27, 0xF5, 0x27, 0xF5, 0x27, 0xF5, 0x27, 0xF5, 0x27, 0xF5,
    0x27, 0xF5, 0x27, 0xF5, 0x27, 0xF5, 0x27, 0xF5, 0x47, 0xFD, 0x86, 0xDC,
    0x64, 0x29, 0xE4, 0x18, 0x05, 0x4A, 0xE7, 0xED, 0xC8, 0xFE, 0xA8, 0xFE,
    0xE6, 0x9B, 0x04, 0x19, 0x04, 0x19, 0xE5, 0x82, 0x67, 0xFD, 0x07, 0xF5,
    0x27, 0xF5, 0x27, 0xF5, 0x27, 0xF5, 0x27, 0xF5, 0x27, 0xF5, 0x27, 0xF5,
    0x27, 0xF5, 0x27, 0xF5, 0x27, 0xF5, 0x27, 0xF5, 0x27, 0xF5, 0x47, 0xFD,
    0x67, 0xFD, 0x27, 0xFD, 0xA6, 0xDC, 0xC6, 0xB3, 0x85, 0x6A, 0x84, 0x39,
    0x24, 0x21, 0xE4, 0x10, 0x04, 0x19, 0x44, 0x29, 0x44, 0x29, 0x24, 0x21,
    0x24, 0x21, 0x24, 0x21, 0x45, 0x29, 0xA2, 0x10, 0x00, 0x00, 0x00, 0x00,
    0x00, 0x00, 0xE7, 0x39, 0x00, 0x00, 0x00, 0x00, 0x00, 0x00, 0x00, 0x00,
    0x45, 0x29, 0x24, 0x21, 0x24, 0x21, 0x24, 0x21, 0x24, 0x21, 0x44, 0x29,
    0x24, 0x21, 0x04, 0x21, 0x04, 0x19, 0xE4, 0x18, 0x24, 0x21, 0xE5, 0x49,
    0xE5, 0x82, 0xC6, 0xB3, 0xA6, 0xDC, 0x47, 0xFD, 0x47, 0xFD, 0x47, 0xFD,
    0x27, 0xFD, 0x27, 0xF5, 0x27, 0xF5, 0x27, 0xF5, 0x27, 0xF5, 0x27, 0xFD,
    0xE7, 0xE4, 0x24, 0x29, 0x24, 0x29, 0x44, 0x29, 0x04, 0x19, 0x86, 0xDC,
    0x47, 0xFD, 0x27, 0xF5, 0x27, 0xF5, 0x27, 0xF5, 0x27, 0xF5, 0x27, 0xF5,
    0x27, 0xF5, 0x27, 0xF5, 0x27, 0xF5, 0x27, 0xF5, 0x47, 0xFD, 0x66, 0xD4,
    0x24, 0x21, 0xC4, 0x10, 0x05, 0x73, 0xE8, 0xFE, 0x07, 0xF6, 0x87, 0xFE,
    0x87, 0xDD, 0x04, 0x19, 0xE4, 0x18, 0x85, 0x6A, 0x87, 0xFD, 0x07, 0xF5,
    0x27, 0xF5, 0x27, 0xF5, 0x27, 0xF5, 0x27, 0xF5, 0x27, 0xF5, 0x07, 0xF5,
    0x27, 0xF5, 0x27, 0xFD, 0x47, 0xFD, 0x67, 0xFD, 0x27, 0xFD, 0x66, 0xD4,
    0x66, 0x9B, 0x65, 0x6A, 0x64, 0x31, 0xE4, 0x18, 0x04, 0x19, 0x04, 0x21,
    0x24, 0x21, 0x44, 0x29, 0x24, 0x21, 0x24, 0x21, 0x24, 0x21, 0x24, 0x21,
    0x00, 0x00, 0x00, 0x00, 0x00, 0x00, 0x00, 0x00, 0x00, 0x00, 0x00, 0x00,
    0x00, 0x00, 0x00, 0x00, 0x00, 0x00, 0x00, 0x00, 0x00, 0x00, 0x00, 0x00,
    0x00, 0x00, 0x00, 0x00, 0x00, 0x00, 0x00, 0x00, 0x04, 0x21, 0x24, 0x21,
    0x24, 0x21, 0x24, 0x21, 0x24, 0x21, 0x24, 0x19, 0x04, 0x19, 0x04, 0x19,
    0xE4, 0x18, 0x04, 0x21, 0x85, 0x39, 0x45, 0x5A, 0x66, 0x9B, 0x86, 0xD4,
    0x07, 0xF5, 0x47, 0xFD, 0x47, 0xFD, 0x27, 0xF5, 0x27, 0xF5, 0x27, 0xFD,
    0x07, 0xF5, 0x45, 0x62, 0xE4, 0x10, 0xC4, 0x10, 0x05, 0x52, 0xE7, 0xEC,
    0x27, 0xFD, 0x27, 0xF5, 0x27, 0xF5, 0x27, 0xF5, 0x27, 0xF5, 0x27, 0xF5,
    0x27, 0xF5, 0x27, 0xF5, 0x27, 0xF5, 0x27, 0xF5, 0x47, 0xFD, 0xA6, 0xDC,
    0x64, 0x31, 0xE4, 0x18, 0x05, 0x4A, 0xE7, 0xED, 0xC8, 0xFE, 0xA8, 0xFE,
    0xE6, 0x93, 0x04, 0x19, 0x04, 0x19, 0xE5, 0x82, 0x67, 0xFD, 0x07, 0xF5,
    0x27, 0xF5, 0x27, 0xF5, 0x27, 0xF5, 0x27, 0xF5, 0x27, 0xF5, 0x47, 0xFD,
    0x47, 0xFD, 0x07, 0xED, 0x46, 0xCC, 0x05, 0x8B, 0x05, 0x52, 0x64, 0x31,
    0xE4, 0x18, 0xE4, 0x18, 0x24, 0x21, 0x24, 0x29, 0x24, 0x21, 0x24, 0x21,
    0x24, 0x21, 0x24, 0x21, 0x24, 0x21, 0x00, 0x00, 0x00, 0x00, 0x00, 0x00,
    0x00, 0x00, 0x00, 0x00, 0x00, 0x00, 0x00, 0x00, 0x00, 0x00, 0x00, 0x00,
    0x00, 0x00, 0x00, 0x00, 0x00, 0x00, 0x00, 0x00, 0x00, 0x00, 0x00, 0x00,
    0x00, 0x00, 0x00, 0x00, 0x45, 0x29, 0x00, 0x00, 0x45, 0x29, 0x24, 0x21,
    0x24, 0x29, 0x04, 0x19, 0x45, 0x39, 0xA6, 0x71, 0x65, 0x51, 0x45, 0x31,
    0x24, 0x19, 0x04, 0x19, 0x04, 0x19, 0xE4, 0x18, 0x04, 0x21, 0x24, 0x21,
    0xE5, 0x49, 0x05, 0x8B, 0xA6, 0xDC, 0x27, 0xFD, 0x27, 0xF5, 0x27, 0xF5,
    0x47, 0xFD, 0xC6, 0xE4, 0x05, 0x83, 0xE5, 0x82, 0xA6, 0xDC, 0x47, 0xFD,
    0x27, 0xF5, 0x27, 0xF5, 0x27, 0xF5, 0x27, 0xF5, 0x27, 0xF5, 0x27, 0xF5,
    0x27, 0xF5, 0x27, 0xF5, 0x27, 0xF5, 0x27, 0xF5, 0x27, 0xF5, 0x27, 0xF5,
    0x65, 0x62, 0xE4, 0x18, 0x04, 0x21, 0x65, 0x5A, 0x46, 0xAC, 0x86, 0x83,
    0x44, 0x29, 0x24, 0x21, 0x24, 0x21, 0x26, 0xC4, 0x47, 0xFD, 0x27, 0xF5,
    0x27, 0xF5, 0x27, 0xF5, 0x27, 0xF5, 0x27, 0xF5, 0x27, 0xFD, 0x46, 0xCC,
    0xE5, 0x82, 0xC5, 0x49, 0x24, 0x21, 0x04, 0x19, 0xE4, 0x18, 0x04, 0x19,
    0x24, 0x19, 0x24, 0x29, 0x24, 0x21, 0x24, 0x21, 0x24, 0x21, 0x24, 0x21,
    0x00, 0x00, 0x00, 0x00, 0x00, 0x00, 0x00, 0x00, 0x86, 0x31, 0x00, 0x00,
    0x00, 0x00, 0x00, 0x00, 0x00, 0x00, 0x00, 0x00, 0x00, 0x00, 0x00, 0x00,
    0x00, 0x00, 0x00, 0x00, 0x00, 0x00, 0x00, 0x00, 0x00, 0x00, 0x00, 0x00,
    0x00, 0x00, 0x00, 0x00, 0x00, 0x00, 0x00, 0x00, 0x24, 0x21, 0x45, 0x29,
    0x04, 0x21, 0x45, 0x39, 0x28, 0xBA, 0x8A, 0xEA, 0x69, 0xD2, 0x28, 0xBA,
    0xE7, 0x99, 0xA6, 0x69, 0x45, 0x39, 0x24, 0x21, 0x24, 0x21, 0x24, 0x21,
    0x04, 0x21, 0xA4, 0x08, 0xA5, 0x72, 0x67, 0xFD, 0x07, 0xF5, 0x27, 0xF5,
    0x27, 0xF5, 0x27, 0xFD, 0x67, 0xFD, 0x67, 0xFD, 0x27, 0xFD, 0x27, 0xF5,
    0x27, 0xF5, 0x27, 0xF5, 0x27, 0xF5, 0x27, 0xF5, 0x27, 0xF5, 0x27, 0xF5,
    0x27, 0xF5, 0x27, 0xF5, 0x27, 0xF5, 0x27, 0xF5, 0x07, 0xF5, 0x47, 0xFD,
    0x46, 0xCC, 0x44, 0x29, 0xE4, 0x18, 0x04, 0x19, 0xC4, 0x10, 0xE4, 0x18,
    0x04, 0x21, 0xE4, 0x10, 0xE5, 0x82, 0x47, 0xFD, 0x27, 0xF5, 0x27, 0xF5,
    0x27, 0xF5, 0x27, 0xF5, 0x07, 0xF5, 0x47, 0xFD, 0x46, 0xCC, 0x24, 0x21,
    0xE4, 0x10, 0x04, 0x19, 0x04, 0x19, 0x24, 0x21, 0x24, 0x29, 0x65, 0x51,
    0xC7, 0x81, 0x28, 0xB2, 0xE7, 0x91, 0x24, 0x29, 0x24, 0x21, 0x24, 0x21,
    0x24, 0x21, 0x00, 0x00, 0x00, 0x00, 0x00, 0x00, 0x00, 0x00, 0x00, 0x00,
    0x00, 0x00, 0x00, 0x00, 0x00, 0x00, 0x00, 0x00, 0x00, 0x00, 0x00, 0x00,
    0x00, 0x00, 0x00, 0x00, 0x00, 0x00, 0x00, 0x00, 0x00, 0x00, 0x00, 0x00,
    0x00, 0x00, 0x00, 0x00, 0x00, 0x00, 0x04, 0x21, 0x24, 0x21, 0x24, 0x21,
    0x24, 0x29, 0x28, 0xB2, 0x69, 0xE2, 0x49, 0xD2, 0x69, 0xD2, 0x69, 0xDA,
    0x69, 0xE2, 0x69, 0xDA, 0x49, 0xD2, 0x28, 0xAA, 0xC7, 0x79, 0x45, 0x39,
    0x24, 0x21, 0x04, 0x19, 0xC5, 0x7A, 0x67, 0xFD, 0x07, 0xF5, 0x27, 0xF5,
    0x27, 0xF5, 0x27, 0xF5, 0x07, 0xF5, 0x07, 0xF5, 0x27, 0xF5, 0x27, 0xF5,
    0x27, 0xF5, 0x27, 0xF5, 0x27, 0xF5, 0x27, 0xF5, 0x27, 0xF5, 0x27, 0xF5,
    0x27, 0xF5, 0x27, 0xF5, 0x27, 0xF5, 0x27, 0xF5, 0x27, 0xF5, 0x27, 0xF5,
    0x47, 0xFD, 0x26, 0xC4, 0xE5, 0x49, 0x24, 0x21, 0xE4, 0x10, 0x04, 0x19,
    0x64, 0x31, 0x05, 0x83, 0x27, 0xF5, 0x27, 0xFD, 0x27, 0xF5, 0x27, 0xF5,
    0x27, 0xF5, 0x27, 0xF5, 0x07, 0xF5, 0x67, 0xFD, 0x46, 0xCC, 0x04, 0x21,
    0x04, 0x21, 0x45, 0x39, 0x86, 0x59, 0xC7, 0x89, 0x28, 0xC2, 0x49, 0xD2,
    0x69, 0xDA, 0x69, 0xE2, 0x69, 0xE2, 0xE7, 0x91, 0x24, 0x21, 0x24, 0x21,
    0x04, 0x21, 0x24, 0x21, 0x00, 0x00, 0x00, 0x00, 0x00, 0x00, 0x00, 0x00,
    0x00, 0x00, 0x00, 0x00, 0x00, 0x00, 0x00, 0x00, 0x00, 0x00, 0x00, 0x00,
    0x00, 0x00, 0x00, 0x00, 0x00, 0x00, 0x00, 0x00, 0x00, 0x00, 0x00, 0x00,
    0x00, 0x00, 0x00, 0x00, 0x00, 0x00, 0x24, 0x21, 0x24, 0x29, 0x04, 0x19,
    0xC7, 0x79, 0x69, 0xE2, 0x69, 0xD2, 0x69, 0xD2, 0x69, 0xD2, 0x69, 0xD2,
    0x49, 0xD2, 0x69, 0xD2, 0x69, 0xDA, 0x69, 0xDA, 0x8A, 0xEA, 0xA6, 0x71,
    0x04, 0x19, 0x24, 0x21, 0xE6, 0xBB, 0x47, 0xFD, 0x27, 0xF5, 0x27, 0xF5,
    0x27, 0xF5, 0x27, 0xF5, 0x27, 0xF5, 0x27, 0xF5, 0x27, 0xF5, 0x27, 0xF5,
    0x27, 0xF5, 0x27, 0xF5, 0x27, 0xF5, 0x27, 0xF5, 0x27, 0xF5, 0x27, 0xF5,
    0x27, 0xF5, 0x47, 0xFD, 0x27, 0xFD, 0x27, 0xF5, 0x27, 0xF5, 0x27, 0xF5,
    0x27, 0xF5, 0x47, 0xFD, 0x07, 0xF5, 0xE6, 0xBB, 0x66, 0x9B, 0xA6, 0xA3,
    0x66, 0xD4, 0x47, 0xFD, 0x27, 0xFD, 0x27, 0xF5, 0x27, 0xF5, 0x27, 0xF5,
    0x27, 0xF5, 0x27, 0xF5, 0x27, 0xF5, 0x27, 0xF5, 0x27, 0xFD, 0x26, 0xBC,
    0xA6, 0x92, 0x29, 0xC2, 0x69, 0xE2, 0x69, 0xE2, 0x69, 0xDA, 0x69, 0xDA,
    0x69, 0xD2, 0x49, 0xD2, 0x69, 0xD2, 0x69, 0xDA, 0x86, 0x61, 0x04, 0x19,
    0x45, 0x29, 0x24, 0x21, 0x00, 0x00, 0xE7, 0x39, 0x00, 0x00, 0x00, 0x00,
    0x00, 0x00, 0x00, 0x00, 0x00, 0x00, 0x00, 0x00, 0x00, 0x00, 0x00, 0x00,
    0x00, 0x00, 0x00, 0x00, 0x00, 0x00, 0x00, 0x00, 0x00, 0x00, 0x00, 0x00,
    0x00, 0x00, 0x00, 0x00, 0xE3, 0x18, 0x24, 0x21, 0x24, 0x21, 0x24, 0x31,
    0x49, 0xC2, 0x69, 0xDA, 0x69, 0xD2, 0x69, 0xD2, 0x69, 0xD2, 0x69, 0xD2,
    0x69, 0xD2, 0x69, 0xD2, 0x69, 0xD2, 0x69, 0xD2, 0x69, 0xDA, 0x65, 0x51,
    0x04, 0x19, 0x24, 0x29, 0x86, 0xDC, 0x47, 0xFD, 0x27, 0xF5, 0x27, 0xF5,
    0x27, 0xF5, 0x27, 0xF5, 0x27, 0xF5, 0x27, 0xF5, 0x27, 0xF5, 0x27, 0xF5,
    0x27, 0xF5, 0x27, 0xF5, 0x27, 0xF5, 0x27, 0xF5, 0x27, 0xF5, 0x27, 0xFD,
    0x27, 0xF5, 0x86, 0xDC, 0x07, 0xF5, 0x27, 0xFD, 0x27, 0xF5, 0x27, 0xF5,
    0x27, 0xF5, 0x27, 0xF5, 0x27, 0xFD, 0x67, 0xFD, 0x87, 0xFD, 0x67, 0xFD,
    0x47, 0xFD, 0x27, 0xF5, 0x27, 0xF5, 0x27, 0xF5, 0x27, 0xF5, 0x27, 0xF5,
    0x27, 0xF5, 0x27, 0xF5, 0x27, 0xF5, 0x27, 0xF5, 0x27, 0xF5, 0x87, 0xFD,
    0x28, 0xFC, 0x49, 0xDA, 0x69, 0xD2, 0x69, 0xD2, 0x69, 0xD2, 0x69, 0xD2,
    0x69, 0xD2, 0x69, 0xD2, 0x49, 0xD2, 0x69, 0xE2, 0x08, 0xAA, 0x24, 0x21,
    0x24, 0x21, 0x24, 0x21, 0x45, 0x29, 0x00, 0x00, 0x00, 0x00, 0x00, 0x00,
    0x00, 0x00, 0x00, 0x00, 0x00, 0x00, 0x00, 0x00, 0x00, 0x00, 0x00, 0x00,
    0x00, 0x00, 0x00, 0x00, 0x00, 0x00, 0x00, 0x00, 0x00, 0x00, 0x00, 0x00,
    0x00, 0x00, 0x00, 0x00, 0x24, 0x21, 0x24, 0x21, 0x24, 0x19, 0x86, 0x59,
    0x69, 0xDA, 0x69, 0xD2, 0x69, 0xD2, 0x69, 0xD2, 0x69, 0xD2, 0x69, 0xD2,
    0x69, 0xD2, 0x69, 0xD2, 0x69, 0xD2, 0x69, 0xD2, 0x69, 0xE2, 0x65, 0x49,
    0x04, 0x19, 0x44, 0x29, 0xA6, 0xE4, 0x27, 0xFD, 0x27, 0xF5, 0x27, 0xF5,
    0x27, 0xF5, 0x27, 0xF5, 0x27, 0xF5, 0x27, 0xF5, 0x27, 0xF5, 0x27, 0xF5,
    0x27, 0xF5, 0x27, 0xF5, 0x27, 0xF5, 0x27, 0xF5, 0x27, 0xF5, 0x47, 0xFD,
    0x05, 0x8B, 0x04, 0x19, 0x85, 0x6A, 0x27, 0xFD, 0x27, 0xF5, 0x27, 0xF5,
    0x27, 0xF5, 0x27, 0xF5, 0x27, 0xF5, 0x07, 0xF5, 0x07, 0xF5, 0x07, 0xF5,
    0x07, 0xF5, 0x27, 0xF5, 0x27, 0xF5, 0x27, 0xF5, 0x27, 0xF5, 0x27, 0xF5,
    0x27, 0xF5, 0x27, 0xF5, 0x27, 0xF5, 0x27, 0xF5, 0x27, 0xF5, 0x27, 0xF5,
    0x68, 0xDB, 0x49, 0xD2, 0x69, 0xD2, 0x69, 0xD2, 0x69, 0xD2, 0x69, 0xD2,
    0x69, 0xD2, 0x69, 0xD2, 0x69, 0xD2, 0x69, 0xDA, 0x49, 0xCA, 0x65, 0x41,
    0x24, 0x19, 0x24, 0x21, 0xE3, 0x18, 0x00, 0x00, 0x00, 0x00, 0x00, 0x00,
    0x00, 0x00, 0x00, 0x00, 0x00, 0x00, 0x00, 0x00, 0x00, 0x00, 0x00, 0x00,
    0x00, 0x00, 0x00, 0x00, 0x00, 0x00, 0x00, 0x00, 0x00, 0x00, 0x00, 0x00,
    0xE7, 0x39, 0x00, 0x00, 0x24, 0x21, 0x24, 0x29, 0x04, 0x19, 0xC7, 0x81,
    0x69, 0xDA, 0x69, 0xD2, 0x69, 0xD2, 0x69, 0xD2, 0x69, 0xD2, 0x69, 0xD2,
    0x69, 0xD2, 0x69, 0xD2, 0x69, 0xD2, 0x69, 0xD2, 0x69, 0xE2, 0x86, 0x59,
    0x04, 0x19, 0x24, 0x29, 0x46, 0xCC, 0x47, 0xFD, 0x27, 0xF5, 0x27, 0xF5,
    0x27, 0xF5, 0x27, 0xF5, 0x27, 0xF5, 0x27, 0xF5, 0x27, 0xF5, 0x27, 0xF5,
    0x27, 0xF5, 0x27, 0xF5, 0x27, 0xF5, 0x27, 0xF5, 0x27, 0xF5, 0x47, 0xFD,
    0x05, 0x52, 0xA4, 0x08, 0x84, 0x31, 0x07, 0xF5, 0x27, 0xFD, 0x27, 0xF5,
    0x27, 0xF5, 0x27, 0xF5, 0x27, 0xF5, 0x27, 0xF5, 0x47, 0xFD, 0x67, 0xFD,
    0x47, 0xFD, 0x07, 0xF5, 0x27, 0xF5, 0x27, 0xF5, 0x27, 0xF5, 0x27, 0xF5,
    0x27, 0xF5, 0x27, 0xF5, 0x27, 0xF5, 0x07, 0xF5, 0x27, 0xF5, 0x27, 0xFD,
    0xA9, 0xDA, 0x49, 0xD2, 0x69, 0xD2, 0x69, 0xD2, 0x69, 0xD2, 0x69, 0xD2,
    0x69, 0xD2, 0x69, 0xD2, 0x69, 0xD2, 0x69, 0xD2, 0x69, 0xDA, 0x86, 0x51,
    0x04, 0x19, 0x24, 0x29, 0x24, 0x21, 0x00, 0x00, 0x00, 0x00, 0x00, 0x00,
    0x00, 0x00, 0x00, 0x00, 0x00, 0x00, 0x00, 0x00, 0x00, 0x00, 0x00, 0x00,
    0x00, 0x00, 0x00, 0x00, 0x00, 0x00, 0x00, 0x00, 0x00, 0x00, 0x00, 0x00,
    0x86, 0x31, 0x00, 0x00, 0x24, 0x21, 0x24, 0x29, 0x04, 0x19, 0xE7, 0x91,
    0x69, 0xDA, 0x69, 0xD2, 0x69, 0xD2, 0x69, 0xD2, 0x69, 0xD2, 0x69, 0xD2,
    0x69, 0xD2, 0x69, 0xD2, 0x69, 0xD2, 0x69, 0xD2, 0x69, 0xDA, 0xC7, 0x79,
    0x04, 0x19, 0x04, 0x21, 0x86, 0xA3, 0x47, 0xFD, 0x27, 0xF5, 0x27, 0xF5,
    0x27, 0xF5, 0x27, 0xF5, 0x27, 0xF5, 0x27, 0xF5, 0x27, 0xF5, 0x27, 0xF5,
    0x27, 0xF5, 0x27, 0xF5, 0x27, 0xF5, 0x27, 0xF5, 0x27, 0xF5, 0x47, 0xFD,
    0x66, 0xCC, 0x85, 0x6A, 0x06, 0xBC, 0x47, 0xFD, 0x27, 0xF5, 0x27, 0xF5,
    0x27, 0xF5, 0x27, 0xF5, 0x27, 0xF5, 0x27, 0xFD, 0xC6, 0xE4, 0xE6, 0xB3,
    0xC6, 0xE4, 0x67, 0xFD, 0x27, 0xFD, 0x27, 0xF5, 0x27, 0xF5, 0x27, 0xF5,
    0x27, 0xF5, 0x27, 0xF5, 0x27, 0xFD, 0x67, 0xFD, 0x87, 0xFD, 0x47, 0xEC,
    0x49, 0xD2, 0x69, 0xDA, 0x69, 0xD2, 0x69, 0xD2, 0x69, 0xD2, 0x69, 0xD2,
    0x69, 0xD2, 0x69, 0xD2, 0x69, 0xD2, 0x69, 0xD2, 0x69, 0xE2, 0x86, 0x59,
    0x04, 0x19, 0x24, 0x29, 0x04, 0x21, 0x00, 0x00, 0x00, 0x00, 0x00, 0x00,
    0x00, 0x00, 0x00, 0x00, 0x00, 0x00, 0x00, 0x00, 0x00, 0x00, 0x00, 0x00,
    0x00, 0x00, 0x00, 0x00, 0x00, 0x00, 0x00, 0x00, 0x00, 0x00, 0x00, 0x00,
    0xE7, 0x39, 0x00, 0x00, 0x24, 0x21, 0x24, 0x29, 0x04, 0x19, 0xE7, 0x91,
    0x69, 0xDA, 0x69, 0xD2, 0x69, 0xD2, 0x69, 0xD2, 0x69, 0xD2, 0x69, 0xD2,
    0x69, 0xD2, 0x69, 0xD2, 0x69, 0xD2, 0x69, 0xD2, 0x69, 0xDA, 0x28, 0xBA,
    0x45, 0x39, 0x84, 0x39, 0x66, 0xD4, 0x27, 0xFD, 0x27, 0xF5, 0x07, 0xF5,
    0x07, 0xF5, 0x07, 0xF5, 0x07, 0xF5, 0x07, 0xF5, 0x27, 0xF5, 0x47, 0xFD,
    0x47, 0xFD, 0x47, 0xFD, 0x27, 0xFD, 0x27, 0xF5, 0x27, 0xF5, 0x27, 0xF5,
    0x47, 0xFD, 0x87, 0xFD, 0x47, 0xFD, 0x27, 0xF5, 0x27, 0xF5, 0x27, 0xF5,
    0x27, 0xF5, 0x27, 0xF5, 0x27, 0xF5, 0x27, 0xFD, 0x25, 0x5A, 0xC4, 0x10,
    0xC5, 0x41, 0x46, 0x9B, 0xC7, 0xE4, 0x47, 0xFD, 0x47, 0xFD, 0x47, 0xFD,
    0x47, 0xFD, 0x47, 0xFD, 0xA6, 0xDC, 0x26, 0x93, 0xE6, 0xBB, 0xC9, 0xE2,
    0x49, 0xDA, 0x69, 0xD2, 0x69, 0xD2, 0x69, 0xD2, 0x69, 0xD2, 0x69, 0xD2,
    0x69, 0xD2, 0x69, 0xD2, 0x69, 0xD2, 0x69, 0xD2, 0x69, 0xD2, 0x65, 0x51,
    0x24, 0x19, 0x24, 0x21, 0x04, 0x21, 0x00, 0x00, 0x00, 0x00, 0x00, 0x00,
    0x00, 0x00, 0x00, 0x00, 0x00, 0x00, 0x00, 0x00, 0x00, 0x00, 0x00, 0x00,
    0x00, 0x00, 0x00, 0x00, 0x00, 0x00, 0x00, 0x00, 0x00, 0x00, 0x00, 0x00,
    0xE7, 0x39, 0x00, 0x00, 0x24, 0x21, 0x24, 0x21, 0x04, 0x19, 0xC7, 0x79,
    0x69, 0xDA, 0x69, 0xD2, 0x69, 0xD2, 0x69, 0xD2, 0x69, 0xD2, 0x69, 0xD2,
    0x69, 0xD2, 0x69, 0xD2, 0x69, 0xD2, 0x69, 0xD2, 0x69, 0xD2, 0x69, 0xDA,
    0x49, 0xD2, 0xA8, 0xD2, 0x07, 0xFD, 0x67, 0xFD, 0x27, 0xFD, 0x67, 0xFD,
    0x67, 0xFD, 0x67, 0xFD, 0x67, 0xFD, 0x67, 0xFD, 0x47, 0xFD, 0x66, 0xCC,
    0xA5, 0x72, 0xA5, 0x72, 0xE7, 0xEC, 0x27, 0xFD, 0x27, 0xF5, 0x27, 0xF5,
    0x27, 0xF5, 0x07, 0xF5, 0x27, 0xF5, 0x27, 0xF5, 0x27, 0xF5, 0x27, 0xF5,
    0x27, 0xF5, 0x27, 0xF5, 0x47, 0xFD, 0x66, 0xD4, 0x24, 0x21, 0x24, 0x21,
    0x04, 0x21, 0x04, 0x19, 0x64, 0x31, 0x85, 0x6A, 0x66, 0x9B, 0xC6, 0xB3,
    0xA6, 0xAB, 0xC5, 0x7A, 0x84, 0x39, 0xE4, 0x18, 0x45, 0x39, 0x29, 0xC2,
    0x69, 0xDA, 0x69, 0xD2, 0x69, 0xD2, 0x69, 0xD2, 0x69, 0xD2, 0x69, 0xD2,
    0x69, 0xD2, 0x69, 0xD2, 0x69, 0xD2, 0x69, 0xDA, 0x28, 0xBA, 0x45, 0x31,
    0x24, 0x21, 0x24, 0x21, 0x04, 0x21, 0x00, 0x00, 0x00, 0x00, 0x00, 0x00,
    0x00, 0x00, 0x00, 0x00, 0x00, 0x00, 0x00, 0x00, 0x00, 0x00, 0x00, 0x00,
    0x00, 0x00, 0x00, 0x00, 0x00, 0x00, 0x00, 0x00, 0x00, 0x00, 0x00, 0x00,
    0x00, 0x00, 0x00, 0x00, 0x24, 0x21, 0x24, 0x21, 0x24, 0x19, 0x65, 0x49,
    0x69, 0xDA, 0x69, 0xD2, 0x69, 0xD2, 0x69, 0xD2, 0x69, 0xD2, 0x69, 0xD2,
    0x69, 0xD2, 0x69, 0xD2, 0x69, 0xD2, 0x69, 0xD2, 0x69, 0xD2, 0x69, 0xD2,
    0x69, 0xDA, 0x49, 0xDA, 0xA9, 0xDA, 0xC7, 0xF4, 0x07, 0xED, 0x46, 0x93,
    0x46, 0x9B, 0xC6, 0xB3, 0xC6, 0xB3, 0x66, 0x9B, 0x85, 0x6A, 0x44, 0x29,
    0xE4, 0x18, 0xE4, 0x18, 0x66, 0x9B, 0x67, 0xFD, 0x07, 0xF5, 0x27, 0xF5,
    0x27, 0xF5, 0x27, 0xF5, 0x27, 0xF5, 0x27, 0xF5, 0x27, 0xF5, 0x27, 0xF5,
    0x27, 0xF5, 0x07, 0xF5, 0x67, 0xFD, 0x46, 0x93, 0x04, 0x21, 0x24, 0x21,
    0x24, 0x21, 0x24, 0x19, 0x04, 0x19, 0x04, 0x19, 0xE4, 0x18, 0xE4, 0x18,
    0xE4, 0x18, 0xE4, 0x18, 0x04, 0x21, 0x04, 0x19, 0x65, 0x49, 0x49, 0xCA,
    0x69, 0xDA, 0x69, 0xD2, 0x69, 0xD2, 0x69, 0xD2, 0x69, 0xD2, 0x69, 0xD2,
    0x69, 0xD2, 0x69, 0xD2, 0x49, 0xD2, 0x69, 0xE2, 0xE7, 0x89, 0x04, 0x19,
    0x45, 0x29, 0x24, 0x21, 0x00, 0x00, 0xEF, 0x7B, 0x00, 0x00, 0x00, 0x00,
    0x00, 0x00, 0x00, 0x00, 0x00, 0x00, 0x00, 0x00, 0x00, 0x00, 0x00, 0x00,
    0x00, 0x00, 0x00, 0x00, 0x00, 0x00, 0x00, 0x00, 0x00, 0x00, 0x00, 0x00,
    0x00, 0x00, 0x00, 0x00, 0x00, 0x00, 0x24, 0x21, 0x24, 0x21, 0x24, 0x29,
    0x28, 0xB2, 0x69, 0xDA, 0x69, 0xD2, 0x69, 0xD2, 0x69, 0xD2, 0x69, 0xD2,
    0x69, 0xD2, 0x69, 0xD2, 0x69, 0xD2, 0x69, 0xD2, 0x69, 0xD2, 0x69, 0xD2,
    0x69, 0xD2, 0x69, 0xD2, 0x49, 0xD2, 0x69, 0xDA, 0x46, 0x7A, 0xE4, 0x10,
    0xE4, 0x18, 0x24, 0x21, 0x24, 0x21, 0xE4, 0x18, 0xE4, 0x18, 0x04, 0x19,
    0x24, 0x21, 0xE4, 0x18, 0x45, 0x62, 0x47, 0xFD, 0x27, 0xF5, 0x27, 0xF5,
    0x27, 0xF5, 0x27, 0xF5, 0x27, 0xF5, 0x27, 0xF5, 0x27, 0xF5, 0x27, 0xF5,
    0x27, 0xF5, 0x27, 0xF5, 0x47, 0xFD, 0x45, 0x62, 0xE4, 0x18, 0x24, 0x21,
    0xE7, 0x91, 0xA6, 0x71, 0x45, 0x31, 0x24, 0x29, 0x24, 0x21, 0x24, 0x19,
    0x24, 0x19, 0x24, 0x21, 0x44, 0x31, 0xA6, 0x69, 0x49, 0xC2, 0x69, 0xDA,
    0x69, 0xD2, 0x69, 0xD2, 0x69, 0xD2, 0x69, 0xD2, 0x69, 0xD2, 0x69, 0xD2,
    0x69, 0xD2, 0x69, 0xD2, 0x69, 0xDA, 0x49, 0xC2, 0x45, 0x39, 0x24, 0x21,
    0x24, 0x21, 0x24, 0x21, 0x00, 0x00, 0xE7, 0x39, 0x00, 0x00, 0x00, 0x00,
    0x00, 0x00, 0x00, 0x00, 0x00, 0x00, 0x00, 0x00, 0x00, 0x00, 0x00, 0x00,
    0x00, 0x00, 0x00, 0x00, 0x00, 0x00, 0x00, 0x00, 0x00, 0x00, 0x00, 0x00,
    0x00, 0x00, 0x00, 0x00, 0x00, 0x00, 0x24, 0x21, 0x45, 0x29, 0x04, 0x19,
    0x86, 0x61, 0x69, 0xDA, 0x49, 0xD2, 0x69, 0xD2, 0x69, 0xD2, 0x69, 0xD2,
    0x69, 0xD2, 0x69, 0xD2, 0x69, 0xD2, 0x69, 0xD2, 0x69, 0xD2, 0x69, 0xD2,
    0x69, 0xD2, 0x69, 0xD2, 0x69, 0xD2, 0x69, 0xDA, 0xC7, 0x89, 0x24, 0x19,
    0x24, 0x19, 0x04, 0x19, 0x04, 0x19, 0x24, 0x19, 0x24, 0x21, 0x65, 0x41,
    0x45, 0x31, 0x04, 0x19, 0xA4, 0x39, 0xA6, 0xDC, 0x47, 0xFD, 0x27, 0xF5,
    0x27, 0xF5, 0x27, 0xF5, 0x27, 0xF5, 0x27, 0xF5, 0x27, 0xF5, 0x27, 0xF5,
    0x27, 0xF5, 0x47, 0xFD, 0xA6, 0xDC, 0xA4, 0x41, 0x04, 0x19, 0x65, 0x41,
    0x49, 0xD2, 0x69, 0xE2, 0x49, 0xCA, 0x08, 0xA2, 0xC7, 0x89, 0xC7, 0x79,
    0xC7, 0x81, 0xE7, 0x91, 0x28, 0xC2, 0x69, 0xDA, 0x69, 0xDA, 0x69, 0xD2,
    0x69, 0xD2, 0x69, 0xD2, 0x69, 0xD2, 0x69, 0xD2, 0x69, 0xD2, 0x49, 0xD2,
    0x69, 0xD2, 0x69, 0xDA, 0x49, 0xD2, 0x86, 0x51, 0x04, 0x19, 0x24, 0x29,
    0x24, 0x21, 0xEF, 0x7B, 0x00, 0x00, 0x00, 0x00, 0x00, 0x00, 0x00, 0x00,
    0x00, 0x00, 0x00, 0x00, 0x00, 0x00, 0x00, 0x00, 0x00, 0x00, 0x00, 0x00,
    0x00, 0x00, 0x00, 0x00, 0x00, 0x00, 0x00, 0x00, 0x00, 0x00, 0x00, 0x00,
    0x00, 0x00, 0x00, 0x00, 0x00, 0x00, 0x04, 0x21, 0x24, 0x21, 0x24, 0x21,
    0x04, 0x21, 0xE7, 0x91, 0x69, 0xE2, 0x69, 0xD2, 0x69, 0xD2, 0x69, 0xD2,
    0x69, 0xD2, 0x69, 0xD2, 0x69, 0xD2, 0x69, 0xD2, 0x69, 0xD2, 0x69, 0xD2,
    0x69, 0xD2, 0x69, 0xD2, 0x69, 0xD2, 0x69, 0xDA, 0x69, 0xD2, 0x08, 0xAA,
    0xE7, 0x89, 0xA6, 0x79, 0xC6, 0x79, 0xE7, 0x89, 0x08, 0xA2, 0x49, 0xCA,
    0xA6, 0x69, 0x24, 0x19, 0x04, 0x19, 0xE6, 0xB3, 0x67, 0xFD, 0x07, 0xF5,
    0x27, 0xF5, 0x27, 0xF5, 0x27, 0xF5, 0x27, 0xF5, 0x27, 0xF5, 0x27, 0xF5,
    0x07, 0xF5, 0x67, 0xFD, 0xE6, 0xB3, 0x04, 0x21, 0x24, 0x19, 0xA6, 0x69,
    0x69, 0xDA, 0x69, 0xD2, 0x69, 0xDA, 0x69, 0xDA, 0x69, 0xE2, 0x69, 0xE2,
    0x69, 0xE2, 0x69, 0xE2, 0x69, 0xDA, 0x69, 0xD2, 0x69, 0xDA, 0x69, 0xDA,
    0x69, 0xDA, 0x69, 0xE2, 0x69, 0xDA, 0x69, 0xDA, 0x69, 0xDA, 0x69, 0xE2,
    0x69, 0xDA, 0x28, 0xBA, 0x65, 0x49, 0x04, 0x19, 0x24, 0x21, 0x24, 0x21,
    0x24, 0x21, 0x00, 0x00, 0x00, 0x00, 0x00, 0x00, 0x00, 0x00, 0x00, 0x00,
    0x00, 0x00, 0x00, 0x00, 0x00, 0x00, 0x00, 0x00, 0x00, 0x00, 0x00, 0x00,
    0x00, 0x00, 0x00, 0x00, 0x00, 0x00, 0x00, 0x00, 0x00, 0x00, 0x00, 0x00,
    0x00, 0x00, 0x00, 0x00, 0x00, 0x00, 0x00, 0x00, 0x24, 0x21, 0x24, 0x29,
    0x24, 0x21, 0x24, 0x29, 0xE7, 0x99, 0x69, 0xE2, 0x69, 0xDA, 0x69, 0xD2,
    0x69, 0xD2, 0x69, 0xD2, 0x69, 0xD2, 0x69, 0xD2, 0x69, 0xD2, 0x69, 0xD2,
    0x69, 0xD2, 0x69, 0xD2, 0x69, 0xD2, 0x69, 0xD2, 0x69, 0xD2, 0x69, 0xE2,
    0x69, 0xDA, 0x69, 0xDA, 0x69, 0xDA, 0x69, 0xDA, 0x69, 0xDA, 0x8A, 0xEA,
    0xE7, 0x91, 0x24, 0x21, 0xE4, 0x18, 0xE5, 0x82, 0x47, 0xFD, 0x27, 0xF5,
    0x27, 0xF5, 0x27, 0xF5, 0x27, 0xF5, 0x27, 0xF5, 0x27, 0xF5, 0x27, 0xF5,
    0x27, 0xF5, 0x47, 0xFD, 0xE5, 0x82, 0xE4, 0x18, 0x24, 0x21, 0xE7, 0x91,
    0x69, 0xE2, 0x49, 0xD2, 0x69, 0xD2, 0x69, 0xD2, 0x49, 0xD2, 0x49, 0xD2,
    0x49, 0xD2, 0x49, 0xD2, 0x69, 0xD2, 0x69, 0xDA, 0x49, 0xD2, 0xC7, 0x81,
    0xA6, 0x69, 0xE7, 0x99, 0x28, 0xB2, 0x28, 0xBA, 0x28, 0xB2, 0x08, 0xA2,
    0xA6, 0x69, 0x24, 0x29, 0x04, 0x19, 0x24, 0x29, 0x24, 0x21, 0x24, 0x21,
    0x00, 0x00, 0x00, 0x00, 0x00, 0x00, 0x00, 0x00, 0x00, 0x00, 0x00, 0x00,
    0x00, 0x00, 0x00, 0x00, 0x00, 0x00, 0x00, 0x00, 0x00, 0x00, 0x00, 0x00,
    0x00, 0x00, 0x00, 0x00, 0x00, 0x00, 0x00, 0x00, 0x00, 0x00, 0x00, 0x00,
    0x00, 0x00, 0x00, 0x00, 0x00, 0x00, 0x00, 0x00, 0x45, 0x29, 0x24, 0x21,
    0x24, 0x29, 0x24, 0x21, 0x24, 0x21, 0xC7, 0x71, 0x49, 0xCA, 0x69, 0xDA,
    0x69, 0xDA, 0x69, 0xDA, 0x69, 0xDA, 0x69, 0xDA, 0x69, 0xDA, 0x69, 0xDA,
    0x69, 0xD2, 0x69, 0xD2, 0x69, 0xD2, 0x69, 0xD2, 0x69, 0xD2, 0x69, 0xD2,
    0x69, 0xD2, 0x69, 0xD2, 0x69, 0xD2, 0x69, 0xD2, 0x49, 0xD2, 0x69, 0xDA,
    0x28, 0xBA, 0x45, 0x31, 0x04, 0x19, 0xE5, 0x49, 0x07, 0xED, 0x27, 0xFD,
    0x27, 0xF5, 0x27, 0xF5, 0x27, 0xF5, 0x27, 0xF5, 0x27, 0xF5, 0x27, 0xF5,
    0x27, 0xFD, 0x07, 0xF5, 0xE5, 0x49, 0x04, 0x19, 0x45, 0x31, 0x28, 0xBA,
    0x69, 0xDA, 0x69, 0xD2, 0x69, 0xD2, 0x69, 0xD2, 0x69, 0xD2, 0x69, 0xD2,
    0x69, 0xD2, 0x69, 0xD2, 0x49, 0xD2, 0x69, 0xE2, 0x08, 0xA2, 0x04, 0x11,
    0x04, 0x19, 0x24, 0x19, 0x45, 0x29, 0x45, 0x39, 0x45, 0x31, 0x04, 0x19,
    0x04, 0x19, 0x24, 0x21, 0x24, 0x29, 0x24, 0x21, 0x24, 0x21, 0x00, 0x00,
    0x00, 0x00, 0x00, 0x00, 0x00, 0x00, 0x00, 0x00, 0x00, 0x00, 0x00, 0x00,
    0x00, 0x00, 0x00, 0x00, 0x00, 0x00, 0x00, 0x00, 0x00, 0x00, 0x00, 0x00,
    0x00, 0x00, 0x00, 0x00, 0x00, 0x00, 0x00, 0x00, 0x00, 0x00, 0x00, 0x00,
    0x00, 0x00, 0x00, 0x00, 0x00, 0x00, 0x00, 0x00, 0x00, 0x00, 0xE3, 0x18,
    0x24, 0x21, 0x24, 0x29, 0x24, 0x21, 0x04, 0x19, 0x45, 0x39, 0xA6, 0x71,
    0x08, 0xAA, 0x28, 0xBA, 0x28, 0xC2, 0x28, 0xBA, 0x28, 0xB2, 0x49, 0xD2,
    0x69, 0xDA, 0x69, 0xD2, 0x69, 0xD2, 0x69, 0xD2, 0x69, 0xD2, 0x69, 0xD2,
    0x69, 0xD2, 0x69, 0xD2, 0x69, 0xD2, 0x69, 0xD2, 0x69, 0xD2, 0x69, 0xD2,
    0x69, 0xDA, 0x65, 0x51, 0x04, 0x19, 0x24, 0x21, 0x66, 0xD4, 0x47, 0xFD,
    0x27, 0xF5, 0x27, 0xF5, 0x27, 0xF5, 0x27, 0xF5, 0x27, 0xF5, 0x27, 0xF5,
    0x47, 0xFD, 0x86, 0xD4, 0x24, 0x21, 0x04, 0x19, 0x65, 0x49, 0x69, 0xDA,
    0x69, 0xD2, 0x69, 0xD2, 0x69, 0xD2, 0x69, 0xD2, 0x69, 0xD2, 0x69, 0xD2,
    0x69, 0xD2, 0x69, 0xD2, 0x69, 0xD2, 0x69, 0xE2, 0xE7, 0x91, 0x04, 0x19,
    0x24, 0x29, 0x04, 0x19, 0xE3, 0x10, 0x04, 0x19, 0x04, 0x19, 0x24, 0x29,
    0x24, 0x21, 0x24, 0x21, 0x24, 0x21, 0x04, 0x21, 0x00, 0x00, 0x00, 0x00,
    0x00, 0x00, 0x00, 0x00, 0x00, 0x00, 0x00, 0x00, 0x00, 0x00, 0x00, 0x00,
    0x00, 0x00, 0x00, 0x00, 0x00, 0x00, 0x00, 0x00, 0x00, 0x00, 0x00, 0x00,
    0x00, 0x00, 0x00, 0x00, 0x00, 0x00, 0x00, 0x00, 0x00, 0x00, 0x00, 0x00,
    0x00, 0x00, 0x00, 0x00, 0x00, 0x00, 0x00, 0x00, 0x00, 0x00, 0x00, 0x00,
    0x00, 0x00, 0x24, 0x21, 0x24, 0x21, 0x24, 0x29, 0x24, 0x21, 0x24, 0x19,
    0x24, 0x21, 0x45, 0x29, 0x45, 0x31, 0x24, 0x29, 0x04, 0x19, 0x86, 0x59,
    0x49, 0xCA, 0x69, 0xDA, 0x69, 0xD2, 0x69, 0xD2, 0x69, 0xD2, 0x69, 0xD2,
    0x69, 0xD2, 0x69, 0xD2, 0x69, 0xD2, 0x69, 0xD2, 0x69, 0xD2, 0x49, 0xD2,
    0x69, 0xE2, 0xC7, 0x79, 0x24, 0x21, 0x04, 0x21, 0x46, 0x9B, 0x47, 0xFD,
    0x27, 0xF5, 0x27, 0xF5, 0x27, 0xF5, 0x27, 0xF5, 0x27, 0xF5, 0x27, 0xF5,
    0x47, 0xFD, 0x46, 0x9B, 0x04, 0x21, 0x24, 0x21, 0xC7, 0x79, 0x69, 0xE2,
    0x49, 0xD2, 0x69, 0xD2, 0x69, 0xD2, 0x69, 0xD2, 0x69, 0xD2, 0x69, 0xD2,
    0x69, 0xD2, 0x69, 0xD2, 0x69, 0xD2, 0x69, 0xDA, 0xC7, 0x79, 0x04, 0x19,
    0x24, 0x29, 0xE7, 0x59, 0x28, 0x6A, 0xE7, 0x59, 0x86, 0x39, 0x24, 0x21,
    0x24, 0x21, 0x24, 0x21, 0x00, 0x00, 0x00, 0x00, 0x00, 0x00, 0x00, 0x00,
    0x00, 0x00, 0x00, 0x00, 0x00, 0x00, 0x00, 0x00, 0x00, 0x00, 0x00, 0x00,
    0x00, 0x00, 0x00, 0x00, 0x00, 0x00, 0x00, 0x00, 0x00, 0x00, 0x00, 0x00,
    0x00, 0x00, 0x00, 0x00, 0x00, 0x00, 0x00, 0x00, 0x00, 0x00, 0x00, 0x00,
    0x00, 0x00, 0x00, 0x00, 0x00, 0x00, 0x00, 0x00, 0x00, 0x00, 0x00, 0x00,
    0x00, 0x00, 0x00, 0x00, 0x04, 0x21, 0x24, 0x21, 0x24, 0x29, 0x24, 0x21,
    0xE3, 0x18, 0xE3, 0x18, 0xE3, 0x10, 0x04, 0x19, 0x24, 0x21, 0x04, 0x19,
    0xE7, 0x91, 0x69, 0xE2, 0x49, 0xD2, 0x69, 0xD2, 0x69, 0xD2, 0x69, 0xD2,
    0x69, 0xD2, 0x69, 0xD2, 0x69, 0xD2, 0x69, 0xD2, 0x69, 0xD2, 0x69, 0xD2,
    0x69, 0xDA, 0x28, 0xB2, 0x24, 0x21, 0xE4, 0x18, 0x45, 0x5A, 0x47, 0xFD,
    0x27, 0xF5, 0x27, 0xF5, 0x27, 0xF5, 0x27, 0xF5, 0x27, 0xF5, 0x27, 0xF5,
    0x47, 0xFD, 0x45, 0x5A, 0xE4, 0x18, 0x24, 0x21, 0x08, 0xAA, 0x69, 0xDA,
    0x69, 0xD2, 0x69, 0xD2, 0x69, 0xD2, 0x69, 0xD2, 0x69, 0xD2, 0x69, 0xD2,
    0x69, 0xD2, 0x69, 0xD2, 0x69, 0xDA, 0x69, 0xD2, 0x65, 0x51, 0x04, 0x19,
    0x45, 0x31, 0x8E, 0xC3, 0x10, 0xEC, 0xEF, 0xE3, 0x2C, 0xAB, 0x24, 0x21,
    0x24, 0x21, 0x24, 0x21, 0x00, 0x00, 0x00, 0x00, 0x00, 0x00, 0x00, 0x00,
    0x00, 0x00, 0x00, 0x00, 0x00, 0x00, 0x00, 0x00, 0x00, 0x00, 0x00, 0x00,
    0x00, 0x00, 0x00, 0x00, 0x00, 0x00, 0x00, 0x00, 0x00, 0x00, 0x00, 0x00,
    0x00, 0x00, 0x00, 0x00, 0x00, 0x00, 0x00, 0x00, 0x00, 0x00, 0x00, 0x00,
    0x00, 0x00, 0x00, 0x00, 0x00, 0x00, 0x00, 0x00, 0x00, 0x00, 0x00, 0x00,
    0x00, 0x00, 0x00, 0x00, 0xE3, 0x18, 0x24, 0x21, 0x24, 0x21, 0x45, 0x29,
    0x08, 0x62, 0x08, 0x62, 0xE7, 0x59, 0xC7, 0x51, 0x24, 0x21, 0x24, 0x19,
    0x86, 0x59, 0x69, 0xDA, 0x49, 0xD2, 0x69, 0xD2, 0x69, 0xD2, 0x69, 0xD2,
    0x69, 0xD2, 0x69, 0xD2, 0x69, 0xD2, 0x69, 0xD2, 0x69, 0xD2, 0x69, 0xD2,
    0x69, 0xDA, 0x49, 0xD2, 0x65, 0x41, 0x04, 0x19, 0x84, 0x39, 0xA6, 0xE4,
    0x27, 0xFD, 0x27, 0xF5, 0x27, 0xF5, 0x27, 0xF5, 0x27, 0xF5, 0x27, 0xFD,
    0xC6, 0xE4, 0x84, 0x39, 0x04, 0x19, 0x45, 0x39, 0x49, 0xD2, 0x69, 0xDA,
    0x69, 0xD2, 0x69, 0xD2, 0x69, 0xD2, 0x69, 0xD2, 0x69, 0xD2, 0x69, 0xD2,
    0x69, 0xD2, 0x69, 0xD2, 0x69, 0xDA, 0x08, 0xB2, 0x24, 0x21, 0x04, 0x19,
    0xA6, 0x49, 0xEF, 0xE3, 0xEF, 0xE3, 0x10, 0xE4, 0xEF, 0xE3, 0xA6, 0x49,
    0x04, 0x21, 0x24, 0x21, 0x24, 0x21, 0x00, 0x00, 0x00, 0x00, 0x00, 0x00,
    0x00, 0x00, 0x00, 0x00, 0x00, 0x00, 0x00, 0x00, 0x00, 0x00, 0x00, 0x00,
    0x00, 0x00, 0x00, 0x00, 0x00, 0x00, 0x00, 0x00, 0x00, 0x00, 0x00, 0x00,
    0x00, 0x00, 0x00, 0x00, 0x00, 0x00, 0x00, 0x00, 0x00, 0x00, 0x00, 0x00,
    0x00, 0x00, 0x00, 0x00, 0x00, 0x00, 0x00, 0x00, 0x00, 0x00, 0x00, 0x00,
    0x00, 0x00, 0x00, 0x00, 0x24, 0x21, 0x45, 0x29, 0x04, 0x19, 0x28, 0x6A,
    0x51, 0xF4, 0x10, 0xE4, 0x10, 0xE4, 0xCF, 0xDB, 0xA6, 0x41, 0x04, 0x19,
    0x24, 0x21, 0x08, 0x9A, 0x69, 0xE2, 0x49, 0xD2, 0x69, 0xD2, 0x69, 0xD2,
    0x69, 0xD2, 0x69, 0xD2, 0x69, 0xD2, 0x69, 0xD2, 0x69, 0xD2, 0x69, 0xD2,
    0x69, 0xDA, 0x49, 0xD2, 0x65, 0x41, 0x24, 0x21, 0x04, 0x21, 0xC6, 0xB3,
    0x67, 0xFD, 0x07, 0xF5, 0x27, 0xF5, 0x27, 0xF5, 0x07, 0xF5, 0x67, 0xFD,
    0xC6, 0xB3, 0x24, 0x21, 0x04, 0x19, 0xA6, 0x69, 0x69, 0xDA, 0x69, 0xD2,
    0x69, 0xD2, 0x69, 0xD2, 0x69, 0xD2, 0x69, 0xD2, 0x69, 0xD2, 0x69, 0xD2,
    0x69, 0xD2, 0x69, 0xD2, 0x69, 0xDA, 0x86, 0x59, 0x24, 0x19, 0x04, 0x21,
    0xCB, 0x92, 0x30, 0xF4, 0xEF, 0xDB, 0xEF, 0xE3, 0x10, 0xEC, 0xCB, 0x92,
    0xE3, 0x18, 0x45, 0x29, 0x24, 0x21, 0x00, 0x00, 0x00, 0x00, 0x00, 0x00,
    0x00, 0x00, 0x00, 0x00, 0x00, 0x00, 0x00, 0x00, 0x00, 0x00, 0x00, 0x00,
    0x00, 0x00, 0x00, 0x00, 0x00, 0x00, 0x00, 0x00, 0x00, 0x00, 0x00, 0x00,
    0x00, 0x00, 0x00, 0x00, 0x00, 0x00, 0x00, 0x00, 0x00, 0x00, 0x00, 0x00,
    0x00, 0x00, 0x00, 0x00, 0x00, 0x00, 0x00, 0x00, 0x00, 0x00, 0x00, 0x00,
    0x00, 0x00, 0x24, 0x21, 0x24, 0x21, 0x24, 0x21, 0x45, 0x29, 0x6D, 0xBB,
    0x10, 0xEC, 0xEF, 0xE3, 0xEF, 0xE3, 0x10, 0xEC, 0xEB, 0x9A, 0x24, 0x21,
    0x24, 0x21, 0x45, 0x31, 0x28, 0xB2, 0x69, 0xE2, 0x69, 0xD2, 0x69, 0xD2,
    0x69, 0xD2, 0x69, 0xD2, 0x69, 0xD2, 0x69, 0xD2, 0x69, 0xD2, 0x69, 0xDA,
    0x69, 0xDA, 0xA6, 0x69, 0x24, 0x19, 0x44, 0x29, 0xC4, 0x10, 0xE5, 0x82,
    0x67, 0xFD, 0x07, 0xF5, 0x27, 0xF5, 0x27, 0xF5, 0x07, 0xF5, 0x67, 0xFD,
    0xE5, 0x82, 0xC4, 0x10, 0x24, 0x19, 0xE7, 0x99, 0x69, 0xE2, 0x69, 0xD2,
    0x69, 0xD2, 0x69, 0xD2, 0x69, 0xD2, 0x69, 0xD2, 0x69, 0xD2, 0x69, 0xD2,
    0x69, 0xD2, 0x69, 0xE2, 0xC7, 0x81, 0x24, 0x21, 0x24, 0x21, 0x24, 0x21,
    0x28, 0x6A, 0x6D, 0xBB, 0x10, 0xEC, 0x10, 0xEC, 0x10, 0xEC, 0x8E, 0xCB,
    0x65, 0x31, 0x24, 0x21, 0x24, 0x21, 0x24, 0x21, 0x00, 0x00, 0x00, 0x00,
    0x00, 0x00, 0x00, 0x00, 0x00, 0x00, 0x00, 0x00, 0x00, 0x00, 0x00, 0x00,
    0x00, 0x00, 0x00, 0x00, 0x00, 0x00, 0x00, 0x00, 0x00, 0x00, 0x00, 0x00,
    0x00, 0x00, 0x00, 0x00, 0x00, 0x00, 0x00, 0x00, 0x00, 0x00, 0x00, 0x00,
    0x00, 0x00, 0x00, 0x00, 0x00, 0x00, 0x00, 0x00, 0x00, 0x00, 0xE7, 0x39,
    0x00, 0x00, 0x24, 0x21, 0x24, 0x29, 0x04, 0x19, 0x28, 0x6A, 0x10, 0xEC,
    0xEF, 0xE3, 0xEF, 0xE3, 0x10, 0xEC, 0x30, 0xEC, 0x8E, 0xCB, 0x65, 0x39,
    0x04, 0x21, 0x24, 0x21, 0x45, 0x31, 0x08, 0xA2, 0x69, 0xDA, 0x69, 0xDA,
    0x69, 0xDA, 0x69, 0xDA, 0x69, 0xDA, 0x69, 0xDA, 0x69, 0xDA, 0x49, 0xC2,
    0x86, 0x61, 0x04, 0x19, 0x24, 0x21, 0x24, 0x29, 0x04, 0x19, 0xE5, 0x51,
    0xE7, 0xEC, 0x27, 0xFD, 0x27, 0xF5, 0x27, 0xF5, 0x27, 0xFD, 0xE7, 0xEC,
    0x05, 0x52, 0x04, 0x19, 0x45, 0x39, 0x28, 0xC2, 0x69, 0xDA, 0x49, 0xD2,
    0x49, 0xD2, 0x49, 0xD2, 0x49, 0xD2, 0x49, 0xD2, 0x69, 0xD2, 0x69, 0xDA,
    0x69, 0xDA, 0xC7, 0x81, 0x24, 0x21, 0x24, 0x21, 0x24, 0x21, 0x24, 0x21,
    0x04, 0x19, 0x45, 0x29, 0x28, 0x6A, 0x6D, 0xBB, 0x10, 0xEC, 0x30, 0xF4,
    0x28, 0x6A, 0xE3, 0x10, 0x45, 0x29, 0x24, 0x21, 0x00, 0x00, 0x00, 0x00,
    0x00, 0x00, 0x00, 0x00, 0x00, 0x00, 0x00, 0x00, 0x00, 0x00, 0x00, 0x00,
    0x00, 0x00, 0x00, 0x00, 0x00, 0x00, 0x00, 0x00, 0x00, 0x00, 0x00, 0x00,
    0x00, 0x00, 0x00, 0x00, 0x00, 0x00, 0x00, 0x00, 0x00, 0x00, 0x00, 0x00,
    0x00, 0x00, 0x00, 0x00, 0x00, 0x00, 0x00, 0x00, 0x00, 0x00, 0x00, 0x00,
    0x04, 0x21, 0x24, 0x21, 0x24, 0x21, 0x24, 0x21, 0x6D, 0xBB, 0x10, 0xEC,
    0x10, 0xEC, 0x30, 0xEC, 0xAE, 0xCB, 0x69, 0x7A, 0x65, 0x31, 0x24, 0x21,
    0x24, 0x21, 0x24, 0x29, 0x24, 0x21, 0x24, 0x21, 0x86, 0x59, 0x08, 0xA2,
    0x28, 0xBA, 0x49, 0xC2, 0x49, 0xC2, 0x08, 0xB2, 0xC7, 0x79, 0x45, 0x31,
    0x04, 0x19, 0x24, 0x21, 0x24, 0x21, 0x24, 0x21, 0x24, 0x21, 0x24, 0x21,
    0x66, 0xD4, 0x47, 0xFD, 0x27, 0xF5, 0x27, 0xF5, 0x47, 0xFD, 0x66, 0xD4,
    0x24, 0x21, 0x24, 0x21, 0x45, 0x39, 0x08, 0xAA, 0x69, 0xDA, 0x69, 0xE2,
    0x69, 0xE2, 0x69, 0xE2, 0x69, 0xE2, 0x69, 0xE2, 0x69, 0xDA, 0x28, 0xBA,
    0x86, 0x61, 0x24, 0x19, 0x24, 0x21, 0x24, 0x21, 0x24, 0x21, 0x24, 0x21,
    0x45, 0x29, 0x24, 0x21, 0x04, 0x19, 0x45, 0x29, 0x28, 0x6A, 0x8E, 0xCB,
    0x4D, 0xB3, 0x45, 0x29, 0x24, 0x21, 0x24, 0x21, 0x00, 0x00, 0x00, 0x00,
    0x00, 0x00, 0x00, 0x00, 0x00, 0x00, 0x00, 0x00, 0x00, 0x00, 0x00, 0x00,
    0x00, 0x00, 0x00, 0x00, 0x00, 0x00, 0x00, 0x00, 0x00, 0x00, 0x00, 0x00,
    0x00, 0x00, 0x00, 0x00, 0x00, 0x00, 0x00, 0x00, 0x00, 0x00, 0x00, 0x00,
    0x00, 0x00, 0x00, 0x00, 0x00, 0x00, 0x00, 0x00, 0x00, 0x00, 0x00, 0x00,
    0x04, 0x21, 0x45, 0x29, 0xE3, 0x10, 0x28, 0x6A, 0x10, 0xEC, 0x30, 0xEC,
    0xAE, 0xCB, 0x8A, 0x82, 0x45, 0x31, 0x04, 0x19, 0x24, 0x21, 0x24, 0x21,
    0x24, 0x21, 0x24, 0x21, 0x24, 0x29, 0x24, 0x21, 0x24, 0x19, 0x04, 0x19,
    0x24, 0x29, 0x45, 0x31, 0x24, 0x31, 0x04, 0x19, 0x04, 0x19, 0x24, 0x21,
    0x24, 0x29, 0x24, 0x21, 0x24, 0x21, 0x24, 0x21, 0x44, 0x29, 0xE4, 0x18,
    0x66, 0x9B, 0x47, 0xFD, 0x27, 0xF5, 0x27, 0xF5, 0x47, 0xFD, 0x66, 0x9B,
    0xE4, 0x18, 0x24, 0x29, 0x24, 0x21, 0x24, 0x21, 0x86, 0x59, 0xC7, 0x89,
    0x08, 0xA2, 0x08, 0xA2, 0x08, 0xA2, 0xC7, 0x89, 0x86, 0x61, 0x24, 0x29,
    0x04, 0x19, 0x24, 0x21, 0x24, 0x21, 0x24, 0x21, 0x00, 0x00, 0x24, 0x21,
    0x04, 0x21, 0x24, 0x21, 0x45, 0x29, 0x24, 0x21, 0x04, 0x19, 0x24, 0x21,
    0x28, 0x6A, 0x65, 0x31, 0x24, 0x21, 0x24, 0x21, 0x24, 0x21, 0x00, 0x00,
    0x00, 0x00, 0x00, 0x00, 0x00, 0x00, 0x00, 0x00, 0x00, 0x00, 0x00, 0x00,
    0x00, 0x00, 0x00, 0x00, 0x00, 0x00, 0x00, 0x00, 0x00, 0x00, 0x00, 0x00,
    0x00, 0x00, 0x00, 0x00, 0x00, 0x00, 0x00, 0x00, 0x00, 0x00, 0x00, 0x00,
    0x00, 0x00, 0x00, 0x00, 0x00, 0x00, 0x00, 0x00, 0x00, 0x00, 0x24, 0x21,
    0x24, 0x21, 0x24, 0x21, 0x45, 0x31, 0x6D, 0xC3, 0xCF, 0xDB, 0x69, 0x7A,
    0x65, 0x31, 0xE3, 0x18, 0x24, 0x21, 0x45, 0x29, 0x24, 0x21, 0x24, 0x21,
    0xE3, 0x18, 0x24, 0x21, 0x24, 0x21, 0x24, 0x21, 0x24, 0x21, 0x45, 0x29,
    0x24, 0x21, 0x24, 0x21, 0x24, 0x21, 0x45, 0x29, 0x24, 0x21, 0x24, 0x21,
    0x24, 0x21, 0x24, 0x21, 0x00, 0x00, 0x24, 0x21, 0x24, 0x21, 0x04, 0x19,
    0x45, 0x5A, 0x47, 0xFD, 0x27, 0xF5, 0x27, 0xF5, 0x47, 0xFD, 0x45, 0x5A,
    0x04, 0x19, 0x24, 0x21, 0x24, 0x21, 0x24, 0x21, 0x04, 0x19, 0x04, 0x19,
    0x24, 0x21, 0x24, 0x29, 0x24, 0x21, 0x04, 0x19, 0x04, 0x19, 0x24, 0x21,
    0x24, 0x29, 0x24, 0x21, 0x24, 0x21, 0x00, 0x00, 0x00, 0x00, 0x00, 0x00,
    0x00, 0x00, 0x04, 0x21, 0x24, 0x21, 0x24, 0x21, 0x24, 0x29, 0x24, 0x21,
    0xE3, 0x18, 0x24, 0x21, 0x24, 0x21, 0x24, 0x21, 0x24, 0x21, 0x00, 0x00,
    0xE7, 0x39, 0x00, 0x00, 0x00, 0x00, 0x00, 0x00, 0x00, 0x00, 0x00, 0x00,
    0x00, 0x00, 0x00, 0x00, 0x00, 0x00, 0x00, 0x00, 0x00, 0x00, 0x00, 0x00,
    0x00, 0x00, 0x00, 0x00, 0x00, 0x00, 0x00, 0x00, 0x00, 0x00, 0x00, 0x00,
    0x00, 0x00, 0x00, 0x00, 0x00, 0x00, 0x00, 0x00, 0x00, 0x00, 0x24, 0x21,
    0x24, 0x29, 0x04, 0x19, 0xC7, 0x51, 0xAA, 0x8A, 0x45, 0x29, 0x04, 0x19,
    0x04, 0x21, 0x45, 0x29, 0x24, 0x21, 0x24, 0x21, 0x24, 0x21, 0x00, 0x00,
    0x00, 0x00, 0x00, 0x00, 0x00, 0x00, 0x65, 0x29, 0x24, 0x21, 0x24, 0x21,
    0x24, 0x21, 0x24, 0x21, 0x24, 0x21, 0x24, 0x21, 0x04, 0x21, 0x04, 0x21,
    0x00, 0x00, 0x00, 0x00, 0x00, 0x00, 0x45, 0x29, 0x24, 0x21, 0x04, 0x21,
    0x64, 0x31, 0xC6, 0xE4, 0x27, 0xFD, 0x27, 0xFD, 0xC6, 0xE4, 0x64, 0x31,
    0x04, 0x21, 0x24, 0x21, 0x24, 0x21, 0x24, 0x21, 0x24, 0x29, 0x45, 0x29,
    0x24, 0x21, 0x24, 0x21, 0x24, 0x21, 0x24, 0x29, 0x24, 0x29, 0x24, 0x21,
    0x24, 0x21, 0x24, 0x21, 0x00, 0x00, 0x00, 0x00, 0x00, 0x00, 0x00, 0x00,
    0xE7, 0x39, 0x00, 0x00, 0x00, 0x00, 0x04, 0x21, 0x24, 0x21, 0x24, 0x21,
    0x45, 0x29, 0x24, 0x21, 0x24, 0x21, 0x24, 0x21, 0x24, 0x21, 0x45, 0x29,
    0x00, 0x00, 0x00, 0x00, 0x00, 0x00, 0x00, 0x00, 0x00, 0x00, 0x00, 0x00,
    0x00, 0x00, 0x00, 0x00, 0x00, 0x00, 0x00, 0x00, 0x00, 0x00, 0x00, 0x00,
    0x00, 0x00, 0x00, 0x00, 0x00, 0x00, 0x00, 0x00, 0x00, 0x00, 0x00, 0x00,
    0x00, 0x00, 0x00, 0x00, 0x00, 0x00, 0x00, 0x00, 0x04, 0x21, 0x24, 0x21,
    0x24, 0x21, 0x24, 0x21, 0x24, 0x29, 0xE3, 0x18, 0x24, 0x21, 0x24, 0x29,
    0x24, 0x21, 0x24, 0x21, 0x24, 0x21, 0x00, 0x00, 0x00, 0x00, 0x00, 0x00,
    0x00, 0x00, 0x00, 0x00, 0x00, 0x00, 0x00, 0x00, 0x00, 0x00, 0x00, 0x00,
    0x00, 0x00, 0xE7, 0x39, 0x00, 0x00, 0x00, 0x00, 0x00, 0x00, 0x00, 0x00,
    0x00, 0x00, 0x00, 0x00, 0x00, 0x00, 0x00, 0x00, 0x24, 0x21, 0x24, 0x21,
    0x24, 0x21, 0xC6, 0xB3, 0x47, 0xFD, 0x47, 0xFD, 0xC6, 0xB3, 0x24, 0x21,
    0x24, 0x21, 0x24, 0x21, 0x00, 0x00, 0x65, 0x29, 0x24, 0x21, 0x24, 0x21,
    0x24, 0x21, 0x24, 0x21, 0x24, 0x21, 0x24, 0x21, 0x24, 0x21, 0x24, 0x21,
    0x00, 0x00, 0x00, 0x00, 0x00, 0x00, 0x00, 0x00, 0x00, 0x00, 0x00, 0x00,
    0x00, 0x00, 0x00, 0x00, 0x00, 0x00, 0x00, 0x00, 0x00, 0x00, 0x24, 0x21,
    0x24, 0x21, 0x24, 0x21, 0x24, 0x21, 0x24, 0x21, 0x45, 0x29, 0x24, 0x21,
    0x00, 0x00, 0xE7, 0x39, 0x00, 0x00, 0x00, 0x00, 0x00, 0x00, 0x00, 0x00,
    0x00, 0x00, 0x00, 0x00, 0x00, 0x00, 0x00, 0x00, 0x00, 0x00, 0x00, 0x00,
    0x00, 0x00, 0x00, 0x00, 0x00, 0x00, 0x00, 0x00, 0x00, 0x00, 0x00, 0x00,
    0x00, 0x00, 0x00, 0x00, 0xAA, 0x52, 0x00, 0x00, 0x24, 0x21, 0x24, 0x21,
    0x24, 0x21, 0x24, 0x21, 0x24, 0x21, 0x45, 0x29, 0x24, 0x21, 0x24, 0x21,
    0x24, 0x21, 0x00, 0x00, 0x00, 0x00, 0x00, 0x00, 0x00, 0x00, 0x00, 0x00,
    0x00, 0x00, 0x00, 0x00, 0x00, 0x00, 0x00, 0x00, 0x00, 0x00, 0x86, 0x31,
    0x00, 0x00, 0x00, 0x00, 0x00, 0x00, 0xE7, 0x39, 0xE7, 0x39, 0x00, 0x00,
    0x00, 0x00, 0x00, 0x00, 0x00, 0x00, 0x00, 0x00, 0x24, 0x21, 0x44, 0x29,
    0xE4, 0x10, 0xC5, 0x7A, 0x67, 0xFD, 0x67, 0xFD, 0xC5, 0x7A, 0xE4, 0x10,
    0x44, 0x29, 0x04, 0x21, 0xE7, 0x39, 0x00, 0x00, 0x00, 0x00, 0x00, 0x00,
    0x00, 0x00, 0x00, 0x00, 0x24, 0x21, 0x24, 0x21, 0x24, 0x21, 0x04, 0x21,
    0xE7, 0x39, 0x00, 0x00, 0x00, 0x00, 0x00, 0x00, 0x00, 0x00, 0x00, 0x00,
    0x00, 0x00, 0x00, 0x00, 0x00, 0x00, 0x00, 0x00, 0xE7, 0x39, 0x00, 0x00,
    0x00, 0x00, 0x04, 0x21, 0x24, 0x21, 0x24, 0x21, 0x24, 0x21, 0x24, 0x21,
    0x00, 0x00, 0x00, 0x00, 0x00, 0x00, 0x00, 0x00, 0x00, 0x00, 0x00, 0x00,
    0x00, 0x00, 0x00, 0x00, 0x00, 0x00, 0x00, 0x00, 0x00, 0x00, 0x00, 0x00,
    0x00, 0x00, 0x00, 0x00, 0x00, 0x00, 0x00, 0x00, 0x00, 0x00, 0x00, 0x00,
    0x00, 0x00, 0x00, 0x00, 0x00, 0x00, 0x04, 0x21, 0x24, 0x21, 0x24, 0x21,
    0x24, 0x21, 0x24, 0x21, 0x24, 0x21, 0x04, 0x21, 0x24, 0x21, 0x00, 0x00,
    0x00, 0x00, 0x00, 0x00, 0x00, 0x00, 0x00, 0x00, 0x00, 0x00, 0x00, 0x00,
    0x00, 0x00, 0x00, 0x00, 0x00, 0x00, 0x00, 0x00, 0x00, 0x00, 0x00, 0x00,
    0x00, 0x00, 0x00, 0x00, 0x00, 0x00, 0x00, 0x00, 0x00, 0x00, 0x00, 0x00,
    0x00, 0x00, 0x00, 0x00, 0x00, 0x00, 0x00, 0x00, 0x24, 0x21, 0x24, 0x21,
    0xE4, 0x18, 0x05, 0x52, 0x07, 0xED, 0x07, 0xED, 0x05, 0x52, 0xE4, 0x18,
    0x24, 0x21, 0x24, 0x21, 0x00, 0x00, 0x00, 0x00, 0xE7, 0x39, 0x00, 0x00,
    0x00, 0x00, 0x00, 0x00, 0x24, 0x21, 0x24, 0x21, 0x24, 0x21, 0x24, 0x21,
    0x00, 0x00, 0x00, 0x00, 0x00, 0x00, 0x00, 0x00, 0x00, 0x00, 0x00, 0x00,
    0x00, 0x00, 0x00, 0x00, 0x00, 0x00, 0x00, 0x00, 0x00, 0x00, 0x00, 0x00,
    0x00, 0x00, 0x00, 0x00, 0x00, 0x00, 0x04, 0x21, 0x65, 0x29, 0x00, 0x00,
    0x00, 0x00, 0x00, 0x00, 0x00, 0x00, 0x00, 0x00, 0x00, 0x00, 0x00, 0x00,
    0x00, 0x00, 0x00, 0x00, 0x00, 0x00, 0x00, 0x00, 0x00, 0x00, 0x00, 0x00,
    0x00, 0x00, 0x00, 0x00, 0x00, 0x00, 0x00, 0x00, 0x00, 0x00, 0x00, 0x00,
    0x00, 0x00, 0x00, 0x00, 0x00, 0x00, 0x45, 0x29, 0x24, 0x21, 0x45, 0x29,
    0x24, 0x21, 0x24, 0x21, 0x24, 0x21, 0x00, 0x00, 0x00, 0x00, 0x00, 0x00,
    0x00, 0x00, 0x00, 0x00, 0x00, 0x00, 0x00, 0x00, 0x00, 0x00, 0x00, 0x00,
    0x00, 0x00, 0x00, 0x00, 0x00, 0x00, 0x00, 0x00, 0x00, 0x00, 0x00, 0x00,
    0x00, 0x00, 0x00, 0x00, 0x00, 0x00, 0x00, 0x00, 0x00, 0x00, 0x00, 0x00,
    0x00, 0x00, 0x00, 0x00, 0x00, 0x00, 0x00, 0x00, 0x45, 0x29, 0x24, 0x21,
    0x24, 0x21, 0x24, 0x21, 0x86, 0xD4, 0x86, 0xD4, 0x24, 0x21, 0x24, 0x21,
    0x24, 0x21, 0x45, 0x29, 0x00, 0x00, 0x00, 0x00, 0x00, 0x00, 0x00, 0x00,
    0x00, 0x00, 0x00, 0x00, 0x04, 0x21, 0x24, 0x21, 0x24, 0x21, 0x24, 0x21,
    0x45, 0x29, 0x00, 0x00, 0x00, 0x00, 0x00, 0x00, 0x00, 0x00, 0x00, 0x00,
    0x00, 0x00, 0x00, 0x00, 0x00, 0x00, 0x00, 0x00, 0x00, 0x00, 0x00, 0x00,
    0x00, 0x00, 0x00, 0x00, 0x00, 0x00, 0x00, 0x00, 0x00, 0x00, 0x00, 0x00,
    0x00, 0x00, 0x00, 0x00, 0x00, 0x00, 0x00, 0x00, 0x00, 0x00, 0x00, 0x00,
    0x00, 0x00, 0x00, 0x00, 0x00, 0x00, 0x00, 0x00, 0x00, 0x00, 0x00, 0x00,
    0x00, 0x00, 0x00, 0x00, 0x00, 0x00, 0x00, 0x00, 0x00, 0x00, 0x00, 0x00,
    0x00, 0x00, 0x00, 0x00, 0x00, 0x00, 0x00, 0x00, 0x24, 0x21, 0x24, 0x21,
    0x45, 0x29, 0x00, 0x00, 0x00, 0x00, 0x00, 0x00, 0x00, 0x00, 0x00, 0x00,
    0x00, 0x00, 0x00, 0x00, 0x00, 0x00, 0x00, 0x00, 0x00, 0x00, 0x00, 0x00,
    0x00, 0x00, 0x00, 0x00, 0x00, 0x00, 0x00, 0x00, 0x00, 0x00, 0x00, 0x00,
    0x00, 0x00, 0x00, 0x00, 0x00, 0x00, 0x00, 0x00, 0x00, 0x00, 0x00, 0x00,
    0x00, 0x00, 0x00, 0x00, 0x00, 0x00, 0xE7, 0x39, 0x00, 0x00, 0x24, 0x21,
    0x44, 0x29, 0xC4, 0x10, 0xA6, 0xAB, 0xA6, 0xAB, 0xC4, 0x10, 0x44, 0x29,
    0x24, 0x21, 0x00, 0x00, 0xE7, 0x39, 0x00, 0x00, 0x00, 0x00, 0x00, 0x00,
    0x00, 0x00, 0x00, 0x00, 0x00, 0x00, 0x24, 0x21, 0x24, 0x21, 0x24, 0x21,
    0x24, 0x21, 0x00, 0x00, 0x00, 0x00, 0x00, 0x00, 0x00, 0x00, 0x00, 0x00,
    0x00, 0x00, 0x00, 0x00, 0x00, 0x00, 0x00, 0x00, 0x00, 0x00, 0x00, 0x00,
    0x00, 0x00, 0x00, 0x00, 0x00, 0x00, 0x00, 0x00, 0x00, 0x00, 0x00, 0x00,
    0x00, 0x00, 0x00, 0x00, 0x00, 0x00, 0x00, 0x00, 0x00, 0x00, 0x00, 0x00,
    0x00, 0x00, 0x00, 0x00, 0x00, 0x00, 0x00, 0x00, 0x00, 0x00, 0x00, 0x00,
    0x00, 0x00, 0x00, 0x00, 0x00, 0x00, 0x00, 0x00, 0x00, 0x00, 0x00, 0x00,
    0x00, 0x00, 0x00, 0x00, 0x00, 0x00, 0x00, 0x00, 0x00, 0x00, 0x00, 0x00,
    0x00, 0x00, 0x00, 0x00, 0x00, 0x00, 0x00, 0x00, 0x00, 0x00, 0x00, 0x00,
    0x00, 0x00, 0x00, 0x00, 0x00, 0x00, 0x00, 0x00, 0x00, 0x00, 0x00, 0x00,
    0x00, 0x00, 0x00, 0x00, 0x00, 0x00, 0x00, 0x00, 0x00, 0x00, 0x00, 0x00,
    0x00, 0x00, 0x00, 0x00, 0x00, 0x00, 0x00, 0x00, 0x00, 0x00, 0x00, 0x00,
    0x00, 0x00, 0x00, 0x00, 0x00, 0x00, 0x00, 0x00, 0x00, 0x00, 0x24, 0x21,
    0x24, 0x21, 0x04, 0x19, 0x45, 0x62, 0x45, 0x62, 0x04, 0x19, 0x24, 0x21,
    0x24, 0x21, 0x00, 0x00, 0x00, 0x00, 0x00, 0x00, 0x00, 0x00, 0x00, 0x00,
    0x00, 0x00, 0x00, 0x00, 0x00, 0x00, 0x24, 0x21, 0x24, 0x21, 0x24, 0x21,
    0x24, 0x21, 0x00, 0x00, 0x86, 0x31, 0x00, 0x00, 0x00, 0x00, 0x00, 0x00,
    0x00, 0x00, 0x00, 0x00, 0x00, 0x00, 0x00, 0x00, 0x00, 0x00, 0x00, 0x00,
    0x00, 0x00, 0x00, 0x00, 0x00, 0x00, 0x00, 0x00, 0x00, 0x00, 0x00, 0x00,
    0x00, 0x00, 0x00, 0x00, 0x00, 0x00, 0x00, 0x00, 0x00, 0x00, 0x00, 0x00,
    0x00, 0x00, 0x00, 0x00, 0x00, 0x00, 0x00, 0x00, 0x00, 0x00, 0x00, 0x00,
    0x00, 0x00, 0x00, 0x00, 0x00, 0x00, 0x00, 0x00, 0x00, 0x00, 0x00, 0x00,
    0x00, 0x00, 0x00, 0x00, 0x00, 0x00, 0x00, 0x00, 0x00, 0x00, 0x86, 0x31,
    0x00, 0x00, 0x00, 0x00, 0x00, 0x00, 0x00, 0x00, 0x00, 0x00, 0x00, 0x00,
    0x00, 0x00, 0x00, 0x00, 0x00, 0x00, 0x00, 0x00, 0x00, 0x00, 0x00, 0x00,
    0x00, 0x00, 0x00, 0x00, 0x00, 0x00, 0x00, 0x00, 0x00, 0x00, 0x00, 0x00,
    0x00, 0x00, 0x00, 0x00, 0x00, 0x00, 0x00, 0x00, 0x00, 0x00, 0x00, 0x00,
    0x00, 0x00, 0x00, 0x00, 0x00, 0x00, 0x00, 0x00, 0x00, 0x00, 0x45, 0x29,
    0x24, 0x21, 0x24, 0x21, 0x44, 0x29, 0x44, 0x29, 0x24, 0x21, 0x24, 0x21,
    0x24, 0x21, 0x00, 0x00, 0x00, 0x00, 0x00, 0x00, 0x00, 0x00, 0x00, 0x00,
    0x00, 0x00, 0xAA, 0x52, 0x00, 0x00, 0x24, 0x21, 0x24, 0x21, 0x24, 0x21,
    0x24, 0x21, 0x00, 0x00, 0xE7, 0x39, 0x00, 0x00, 0x00, 0x00, 0x00, 0x00,
    0x00, 0x00, 0x00, 0x00, 0x00, 0x00, 0x00, 0x00, 0x00, 0x00, 0x00, 0x00,
    0x00, 0x00, 0x00, 0x00, 0x00, 0x00, 0x00, 0x00, 0x00, 0x00, 0x00, 0x00,
    0x00, 0x00, 0x00, 0x00, 0x00, 0x00, 0x00, 0x00, 0x00, 0x00, 0x00, 0x00,
    0x00, 0x00, 0x00, 0x00, 0x00, 0x00, 0x00, 0x00, 0x00, 0x00, 0x00, 0x00,
    0x00, 0x00, 0x00, 0x00, 0x00, 0x00, 0x00, 0x00, 0x00, 0x00, 0x00, 0x00,
    0x00, 0x00, 0x00, 0x00, 0x00, 0x00, 0x00, 0x00, 0x00, 0x00, 0x00, 0x00,
    0x00, 0x00, 0x00, 0x00, 0x00, 0x00, 0x00, 0x00, 0x00, 0x00, 0x00, 0x00,
    0x00, 0x00, 0x00, 0x00, 0x00, 0x00, 0x00, 0x00, 0x00, 0x00, 0x00, 0x00,
    0x00, 0x00, 0x00, 0x00, 0x00, 0x00, 0x00, 0x00, 0x00, 0x00, 0x00, 0x00,
    0x00, 0x00, 0x00, 0x00, 0x00, 0x00, 0x00, 0x00, 0x00, 0x00, 0x00, 0x00,
    0x00, 0x00, 0x00, 0x00, 0x00, 0x00, 0x00, 0x00, 0x00, 0x00, 0x00, 0x00,
    0x24, 0x21, 0x24, 0x21, 0x24, 0x21, 0x24, 0x21, 0x24, 0x21, 0x24, 0x21,
    0x00, 0x00, 0x00, 0x00, 0x00, 0x00, 0x00, 0x00, 0x00, 0x00, 0x00, 0x00,
    0x00, 0x00, 0x00, 0x00, 0x00, 0x00, 0x00, 0x00, 0x04, 0x21, 0x24, 0x21,
    0x00, 0x00, 0x00, 0x00, 0x00, 0x00, 0x00, 0x00, 0x00, 0x00, 0x00, 0x00,
    0x00, 0x00, 0x00, 0x00, 0x00, 0x00, 0x00, 0x00, 0x00, 0x00, 0x00, 0x00,
    0x00, 0x00, 0x00, 0x00, 0x00, 0x00, 0x00, 0x00, 0x00, 0x00, 0x00, 0x00,
    0x00, 0x00, 0x00, 0x00, 0x00, 0x00, 0x00, 0x00, 0x00, 0x00, 0x00, 0x00,
    0x00, 0x00, 0x00, 0x00, 0x00, 0x00, 0x00, 0x00, 0x00, 0x00, 0x00, 0x00,
    0x00, 0x00, 0x00, 0x00, 0x00, 0x00, 0x00, 0x00, 0x00, 0x00, 0x00, 0x00,
    0x00, 0x00, 0x00, 0x00, 0x00, 0x00, 0x00, 0x00, 0x00, 0x00, 0x00, 0x00,
    0x00, 0x00, 0x00, 0x00, 0x00, 0x00, 0x00, 0x00, 0x00, 0x00, 0x00, 0x00,
    0x00, 0x00, 0x00, 0x00, 0x00, 0x00, 0x00, 0x00, 0x00, 0x00, 0x00, 0x00,
    0x00, 0x00, 0x00, 0x00, 0x00, 0x00, 0x00, 0x00, 0x00, 0x00, 0x00, 0x00,
    0x00, 0x00, 0x00, 0x00, 0x00, 0x00, 0x00, 0x00, 0x00, 0x00, 0x00, 0x00,
    0x00, 0x00, 0x00, 0x00, 0x00, 0x00, 0x00, 0x00, 0x00, 0x00, 0x00, 0x00,
    0x24, 0x21, 0x24, 0x21, 0x24, 0x21, 0x24, 0x21, 0x24, 0x21, 0x24, 0x21,
    0x00, 0x00, 0x00, 0x00, 0x00, 0x00, 0x00, 0x00, 0x00, 0x00, 0x00, 0x00,
    0x00, 0x00, 0x00, 0x00, 0x00, 0x00, 0x00, 0x00, 0x00, 0x00, 0x00, 0x00,
    0x00, 0x00, 0x00, 0x00, 0x00, 0x00, 0x00, 0x00, 0x00, 0x00, 0x00, 0x00,
    0x00, 0x00, 0x00, 0x00, 0x00, 0x00, 0x00, 0x00, 0x00, 0x00, 0x00, 0x00,
    0x00, 0x00, 0x00, 0x00, 0x00, 0x00, 0x00, 0x00, 0x00, 0x00, 0x00, 0x00,
    0x00, 0x00, 0x00, 0x00, 0x00, 0x00, 0x00, 0x00, 0x00, 0x00, 0x00, 0x00,
    0x00, 0x00, 0x00, 0x00, 0x00, 0x00, 0x00, 0x00, 0x00, 0x00, 0x00, 0x00,
    0x00, 0x00, 0x00, 0x00, 0x00, 0x00, 0x00, 0x00, 0x00, 0x00, 0x00, 0x00,
    0x00, 0x00, 0x00, 0x00, 0x00, 0x00, 0x00, 0x00, 0x00, 0x00, 0x00, 0x00,
    0x00, 0x00, 0x00, 0x00, 0x00, 0x00, 0x00, 0x00, 0x00, 0x00, 0x00, 0x00,
    0x00, 0x00, 0x00, 0x00, 0x00, 0x00, 0x00, 0x00, 0x00, 0x00, 0x00, 0x00,
    0x00, 0x00, 0x00, 0x00, 0x00, 0x00, 0x00, 0x00, 0x00, 0x00, 0x00, 0x00,
    0x00, 0x00, 0x00, 0x00, 0x00, 0x00, 0x00, 0x00, 0x00, 0x00, 0x00, 0x00,
    0x00, 0x00, 0x00, 0x00, 0x00, 0x00, 0x00, 0x00, 0x00, 0x00, 0x00, 0x00,
    0x24, 0x21, 0x24, 0x21, 0x24, 0x21, 0x24, 0x21, 0x24, 0x21, 0x04, 0x21,
    0x00, 0x00, 0x00, 0x00, 0x00, 0x00, 0x00, 0x00, 0x00, 0x00, 0x00, 0x00,
    0x00, 0x00, 0x00, 0x00, 0x00, 0x00, 0x00, 0x00, 0xE7, 0x39, 0xE7, 0x39,
    0x00, 0x00, 0x00, 0x00, 0x00, 0x00, 0x00, 0x00, 0x00, 0x00, 0x00, 0x00,
    0x00, 0x00, 0x00, 0x00, 0x00, 0x00, 0x00, 0x00, 0x00, 0x00, 0x00, 0x00,
    0x00, 0x00, 0x00, 0x00, 0x00, 0x00, 0x00, 0x00, 0x00, 0x00, 0x00, 0x00,
    0x00, 0x00, 0x00, 0x00, 0x00, 0x00, 0x00, 0x00, 0x00, 0x00, 0x00, 0x00,
    0x00, 0x00, 0x00, 0x00, 0x00, 0x00, 0x00, 0x00, 0x00, 0x00, 0x00, 0x00,
    0x00, 0x00, 0x00, 0x00, 0x00, 0x00, 0x00, 0x00, 0x00, 0x00, 0x00, 0x00,
    0x00, 0x00, 0x00, 0x00, 0x00, 0x00, 0x00, 0x00, 0x00, 0x00, 0x00, 0x00,
    0x00, 0x00, 0x00, 0x00, 0x00, 0x00, 0x00, 0x00, 0x00, 0x00, 0x00, 0x00,
    0x00, 0x00, 0x00, 0x00, 0x00, 0x00, 0x00, 0x00, 0x00, 0x00, 0x00, 0x00,
    0x00, 0x00, 0x00, 0x00, 0x00, 0x00, 0x00, 0x00, 0x00, 0x00, 0x00, 0x00,
    0x00, 0x00, 0x00, 0x00, 0x00, 0x00, 0x00, 0x00, 0x00, 0x00, 0x00, 0x00,
    0x00, 0x00, 0x00, 0x00, 0x00, 0x00, 0x00, 0x00, 0x00, 0x00, 0x00, 0x00,
    0x45, 0x29, 0x24, 0x21, 0x24, 0x21, 0x24, 0x21, 0x24, 0x21, 0x45, 0x29,
    0x00, 0x00, 0x00, 0x00, 0x00, 0x00, 0x00, 0x00, 0x00, 0x00, 0x00, 0x00,
    0x00, 0x00, 0x00, 0x00, 0x00, 0x00, 0x00, 0x00, 0x00, 0x00, 0x00, 0x00,
    0x00, 0x00, 0x00, 0x00, 0x00, 0x00, 0x00, 0x00, 0x00, 0x00, 0x00, 0x00,
    0x00, 0x00, 0x00, 0x00, 0x00, 0x00, 0x00, 0x00, 0x00, 0x00, 0x00, 0x00,
    0x00, 0x00, 0x00, 0x00, 0x00, 0x00, 0x00, 0x00, 0x00, 0x00, 0x00, 0x00,
    0x00, 0x00, 0x00, 0x00, 0x00, 0x00, 0x00, 0x00, 0x00, 0x00, 0x00, 0x00,
    0x00, 0x00, 0x00, 0x00, 0x00, 0x00, 0x00, 0x00, 0x00, 0x00, 0x00, 0x00,
    0x00, 0x00, 0x00, 0x00, 0x00, 0x00, 0x00, 0x00, 0x00, 0x00, 0x00, 0x00,
    0x00, 0x00, 0x00, 0x00, 0x00, 0x00, 0x00, 0x00, 0x00, 0x00, 0x00, 0x00,
    0x00, 0x00, 0x00, 0x00, 0x00, 0x00, 0x00, 0x00, 0x00, 0x00, 0x00, 0x00,
    0x00, 0x00, 0x00, 0x00, 0x00, 0x00, 0x00, 0x00, 0x00, 0x00, 0x00, 0x00,
    0x00, 0x00, 0x00, 0x00, 0x00, 0x00, 0x00, 0x00, 0x00, 0x00, 0x00, 0x00,
    0x00, 0x00, 0x00, 0x00, 0x00, 0x00, 0x00, 0x00, 0x00, 0x00, 0x00, 0x00,
    0x00, 0x00, 0x00, 0x00, 0x00, 0x00, 0x00, 0x00, 0x00, 0x00, 0x00, 0x00,
    0x00, 0x00, 0x24, 0x21, 0x45, 0x29, 0x45, 0x29, 0x24, 0x21, 0x00, 0x00,
    0x00, 0x00, 0x00, 0x00, 0x00, 0x00, 0x00, 0x00, 0x00, 0x00, 0x00, 0x00,
    0x00, 0x00, 0x00, 0x00, 0x00, 0x00, 0x00, 0x00, 0x00, 0x00, 0x00, 0x00,
    0x00, 0x00, 0x00, 0x00, 0x00, 0x00, 0x00, 0x00, 0x00, 0x00, 0x00, 0x00,
    0x00, 0x00, 0x00, 0x00, 0x00, 0x00, 0x00, 0x00, 0x00, 0x00, 0x00, 0x00,
    0x00, 0x00, 0x00, 0x00, 0x00, 0x00, 0x00, 0x00, 0x00, 0x00, 0x00, 0x00,
    0x00, 0x00, 0x00, 0x00, 0x00, 0x00, 0x00, 0x00, 0x00, 0x00, 0x00, 0x00,
    0x00, 0x00, 0x00, 0x00, 0x00, 0x00, 0x00, 0x00, 0x00, 0x00, 0x00, 0x00,
    0x00, 0x00, 0x00, 0x00, 0x00, 0x00, 0x00, 0x00, 0x00, 0x00, 0x00, 0x00,
    0x00, 0x00, 0x00, 0x00, 0x00, 0x00, 0x00, 0x00, 0x00, 0x00, 0x00, 0x00,
    0x00, 0x00, 0x00, 0x00, 0x00, 0x00, 0x00, 0x00, 0x00, 0x00, 0x00, 0x00,
    0x00, 0x00, 0x00, 0x00, 0x00, 0x00, 0x00, 0x00, 0x00, 0x00, 0x00, 0x00,
    0x00, 0x00, 0x00, 0x00, 0x00, 0x00, 0x00, 0x00, 0x00, 0x00, 0x00, 0x00,
    0x00, 0x00, 0x00, 0x00, 0x00, 0x00, 0x00, 0x00, 0x00, 0x00, 0x00, 0x00,
    0x00, 0x00, 0x00, 0x00, 0x00, 0x00, 0x00, 0x00, 0x00, 0x00, 0x00, 0x00,
    0x00, 0x00, 0x04, 0x21, 0x24, 0x21, 0x24, 0x21, 0x24, 0x21, 0x00, 0x00,
    0x00, 0x00, 0x00, 0x00, 0x00, 0x00, 0x00, 0x00, 0x00, 0x00, 0x00, 0x00,
    0x00, 0x00, 0x00, 0x00, 0x00, 0x00, 0x00, 0x00, 0x00, 0x00, 0x00, 0x00,
    0x00, 0x00, 0x00, 0x00, 0x00, 0x00, 0x00, 0x00, 0x00, 0x00, 0x00, 0x00,
    0x00, 0x00, 0x00, 0x00, 0x00, 0x00, 0x00, 0x00, 0x00, 0x00, 0x00, 0x00,
    0x00, 0x00, 0x00, 0x00, 0x00, 0x00, 0x00, 0x00, 0x00, 0x00, 0x00, 0x00,
    0x00, 0x00, 0x00, 0x00, 0x00, 0x00, 0x00, 0x00, 0x00, 0x00, 0x00, 0x00,
    0x00, 0x00, 0x00, 0x00, 0x00, 0x00, 0x00, 0x00, 0x00, 0x00, 0x00, 0x00,
    0x00, 0x00, 0x00, 0x00, 0x00, 0x00, 0x00, 0x00, 0x00, 0x00, 0x00, 0x00,
    0x00, 0x00, 0x00, 0x00, 0x00, 0x00, 0x00, 0x00, 0x00, 0x00, 0x00, 0x00,
    0x00, 0x00, 0x00, 0x00, 0x00, 0x00, 0x00, 0x00, 0x00, 0x00, 0x00, 0x00,
    0x00, 0x00, 0x00, 0x00, 0x00, 0x03, 0x00, 0x24, 0xDB, 0xDA, 0x23, 0x00,
    0x03, 0x00, 0x00, 0x00, 0x00, 0x00, 0x00, 0x00, 0x00, 0x00, 0x00, 0x00,
    0x00, 0x00, 0x00, 0x00, 0x00, 0x00, 0x00, 0x00, 0x00, 0x00, 0x00, 0x00,
    0x00, 0x00, 0x00, 0x00, 0x00, 0x00, 0x00, 0x00, 0x00, 0x00, 0x00, 0x00,
    0x00, 0x00, 0x00, 0x00, 0x00, 0x00, 0x00, 0x00, 0x00, 0x00, 0x00, 0x00,
    0x00, 0x00, 0x00, 0x00, 0x00, 0x00, 0x00, 0x00, 0x00, 0x00, 0x00, 0x00,
    0x00, 0x00, 0x00, 0x00, 0x00, 0x00, 0x00, 0x00, 0x00, 0x00, 0x00, 0x00,
    0x00, 0x00, 0x00, 0x00, 0x00, 0x00, 0x00, 0x00, 0x00, 0x00, 0x00, 0x03,
    0x00, 0x7A, 0xFF, 0xFF, 0x79, 0x00, 0x03, 0x00, 0x00, 0x00, 0x00, 0x00,
    0x00, 0x00, 0x00, 0x00, 0x00, 0x00, 0x00, 0x00, 0x00, 0x00, 0x00, 0x00,
    0x00, 0x00, 0x00, 0x00, 0x00, 0x00, 0x00, 0x00, 0x00, 0x00, 0x00, 0x00,
    0x00, 0x00, 0x00, 0x00, 0x00, 0x00, 0x00, 0x00, 0x00, 0x00, 0x00, 0x00,
    0x00, 0x00, 0x00, 0x00, 0x00, 0x00, 0x00, 0x00, 0x00, 0x00, 0x00, 0x00,
    0x00, 0x00, 0x00, 0x00, 0x00, 0x00, 0x00, 0x00, 0x00, 0x00, 0x00, 0x00,
    0x00, 0x00, 0x00, 0x00, 0x00, 0x00, 0x00, 0x00, 0x00, 0x00, 0x00, 0x00,
    0x00, 0x00, 0x00, 0x00, 0x01, 0x00, 0x06, 0xBB, 0xFE, 0xFE, 0xBA, 0x05,
    0x00, 0x01, 0x00, 0x00, 0x00, 0x00, 0x00, 0x00, 0x00, 0x00, 0x00, 0x00,
    0x00, 0x00, 0x00, 0x00, 0x00, 0x00, 0x00, 0x00, 0x00, 0x00, 0x00, 0x00,
    0x00, 0x00, 0x00, 0x00, 0x00, 0x00, 0x00, 0x00, 0x00, 0x00, 0x00, 0x00,
    0x00, 0x00, 0x00, 0x00, 0x00, 0x00, 0x00, 0x00, 0x00, 0x00, 0x00, 0x00,
    0x00, 0x00, 0x00, 0x00, 0x00, 0x00, 0x00, 0x00, 0x00, 0x00, 0x00, 0x00,
    0x00, 0x00, 0x00, 0x00, 0x00, 0x00, 0x00, 0x00, 0x00, 0x00, 0x00, 0x00,
    0x00, 0x00, 0x00, 0x00, 0x00, 0x00, 0x00, 0x00, 0x00, 0x00, 0x02, 0x00,
    0x1C, 0xF4, 0xFF, 0xFF, 0xF4, 0x1D, 0x00, 0x02, 0x00, 0x00, 0x00, 0x00,
    0x00, 0x00, 0x00, 0x00, 0x00, 0x00, 0x00, 0x00, 0x00, 0x01, 0x05, 0x02,
    0x00, 0x00, 0x00, 0x00, 0x00, 0x00, 0x00, 0x00, 0x00, 0x00, 0x00, 0x00,
    0x00, 0x00, 0x00, 0x00, 0x00, 0x00, 0x00, 0x00, 0x00, 0x00, 0x00, 0x00,
    0x00, 0x00, 0x00, 0x00, 0x00, 0x00, 0x00, 0x00, 0x00, 0x00, 0x00, 0x00,
    0x00, 0x00, 0x00, 0x00, 0x00, 0x00, 0x00, 0x00, 0x00, 0x00, 0x00, 0x00,
    0x00, 0x00, 0x00, 0x00, 0x00, 0x00, 0x00, 0x00, 0x00, 0x00, 0x00, 0x00,
    0x00, 0x00, 0x00, 0x00, 0x02, 0x00, 0x59, 0xFF, 0xFE, 0xFE, 0xFF, 0x58,
    0x00, 0x02, 0x00, 0x00, 0x00, 0x00, 0x00, 0x00, 0x00, 0x00, 0x00, 0x00,
    0x00, 0x00, 0x00, 0x00, 0x00, 0x00, 0x00, 0x00, 0x00, 0x00, 0x00, 0x00,
    0x00, 0x00, 0x00, 0x00, 0x00, 0x00, 0x00, 0x00, 0x00, 0x00, 0x00, 0x00,
    0x00, 0x00, 0x00, 0x00, 0x00, 0x00, 0x00, 0x00, 0x00, 0x00, 0x00, 0x00,
    0x00, 0x00, 0x00, 0x00, 0x00, 0x00, 0x00, 0x00, 0x00, 0x00, 0x00, 0x00,
    0x00, 0x00, 0x00, 0x00, 0x00, 0x00, 0x00, 0x00, 0x00, 0x00, 0x00, 0x00,
    0x00, 0x00, 0x00, 0x00, 0x00, 0x00, 0x00, 0x00, 0x00, 0x00, 0x02, 0x00,
    0xA5, 0xFE, 0xFD, 0xFD, 0xFE, 0xA4, 0x00, 0x02, 0x00, 0x00, 0x00, 0x00,
    0x00, 0x00, 0x00, 0x00, 0x00, 0x00, 0x00, 0x01, 0x01, 0x0D, 0x5B, 0x28,
    0x00, 0x00, 0x00, 0x00, 0x00, 0x00, 0x00, 0x00, 0x00, 0x00, 0x00, 0x00,
    0x00, 0x00, 0x00, 0x00, 0x00, 0x00, 0x00, 0x00, 0x00, 0x00, 0x00, 0x00,
    0x00, 0x00, 0x00, 0x00, 0x00, 0x00, 0x00, 0x00, 0x00, 0x00, 0x00, 0x00,
    0x00, 0x00, 0x00, 0x00, 0x00, 0x00, 0x00, 0x00, 0x00, 0x00, 0x00, 0x00,
    0x00, 0x00, 0x00, 0x00, 0x00, 0x00, 0x00, 0x00, 0x00, 0x00, 0x00, 0x00,
    0x00, 0x00, 0x00, 0x01, 0x01, 0x0C, 0xDB, 0xFF, 0xFD, 0xFD, 0xFF, 0xDB,
    0x0C, 0x01, 0x01, 0x00, 0x00, 0x00, 0x00, 0x00, 0x00, 0x00, 0x00, 0x00,
    0x00, 0x03, 0x00, 0x93, 0xFF, 0xE0, 0x11, 0x00, 0x01, 0x00, 0x00, 0x00,
    0x00, 0x00, 0x00, 0x00, 0x00, 0x00, 0x00, 0x00, 0x00, 0x00, 0x00, 0x00,
    0x00, 0x00, 0x00, 0x00, 0x00, 0x00, 0x00, 0x00, 0x00, 0x00, 0x00, 0x00,
    0x00, 0x00, 0x00, 0x00, 0x00, 0x00, 0x00, 0x00, 0x01, 0x02, 0x01, 0x00,
    0x00, 0x00, 0x00, 0x00, 0x00, 0x00, 0x00, 0x00, 0x00, 0x00, 0x00, 0x00,
    0x00, 0x00, 0x00, 0x00, 0x00, 0x00, 0x00, 0x00, 0x00, 0x03, 0x00, 0x43,
    0xF7, 0xFF, 0xFE, 0xFE, 0xFF, 0xF7, 0x43, 0x00, 0x03, 0x00, 0x00, 0x00,
    0x00, 0x00, 0x00, 0x00, 0x00, 0x00, 0x03, 0x01, 0x2F, 0xF0, 0xFA, 0xEB,
    0x12, 0x00, 0x01, 0x00, 0x00, 0x00, 0x00, 0x00, 0x00, 0x00, 0x00, 0x00,
    0x00, 0x00, 0x00, 0x00, 0x00, 0x00, 0x00, 0x00, 0x00, 0x00, 0x00, 0x00,
    0x00, 0x00, 0x00, 0x00, 0x00, 0x00, 0x00, 0x00, 0x00, 0x00, 0x00, 0x00,
    0x00, 0x00, 0x00, 0x00, 0x00, 0x03, 0x00, 0x00, 0x00, 0x00, 0x00, 0x00,
    0x00, 0x00, 0x00, 0x00, 0x00, 0x00, 0x00, 0x00, 0x00, 0x00, 0x00, 0x00,
    0x00, 0x00, 0x00, 0x04, 0x00, 0x7E, 0xFF, 0xFB, 0xFF, 0xFF, 0xFB, 0xFF,
    0x7E, 0x00, 0x04, 0x00, 0x00, 0x00, 0x00, 0x00, 0x00, 0x00, 0x00, 0x01,
    0x02, 0x00, 0x94, 0xFF, 0xFF, 0x83, 0x00, 0x02, 0x00, 0x00, 0x00, 0x00,
    0x00, 0x00, 0x00, 0x00, 0x00, 0x00, 0x00, 0x00, 0x00, 0x00, 0x00, 0x00,
    0x00, 0x00, 0x00, 0x00, 0x00, 0x00, 0x00, 0x00, 0x00, 0x00, 0x00, 0x00,
    0x00, 0x00, 0x00, 0x00, 0x00, 0x00, 0x00, 0x00, 0x06, 0x26, 0x04, 0x00,
    0x03, 0x00, 0x00, 0x00, 0x00, 0x00, 0x00, 0x00, 0x00, 0x00, 0x00, 0x00,
    0x00, 0x00, 0x00, 0x00, 0x00, 0x00, 0x00, 0x00, 0x01, 0x01, 0x06, 0xB7,
    0xFF, 0xFB, 0xFF, 0xFF, 0xFB, 0xFF, 0xB7, 0x06, 0x01, 0x01, 0x00, 0x01,
    0x02, 0x03, 0x04, 0x04, 0x04, 0x04, 0x02, 0x24, 0xF4, 0xFE, 0xE6, 0x24,
    0x00, 0x02, 0x00, 0x00, 0x00, 0x00, 0x00, 0x00, 0x00, 0x00, 0x00, 0x00,
    0x00, 0x00, 0x00, 0x00, 0x00, 0x00, 0x00, 0x00, 0x00, 0x00, 0x00, 0x00,
    0x00, 0x00, 0x00, 0x00, 0x00, 0x00, 0x00, 0x00, 0x00, 0x00, 0x00, 0x00,
    0x01, 0x00, 0x9F, 0xFF, 0xB4, 0x33, 0x00, 0x00, 0x03, 0x00, 0x00, 0x00,
    0x00, 0x00, 0x00, 0x00, 0x00, 0x00, 0x00, 0x01, 0x02, 0x03, 0x04, 0x04,
    0x03, 0x01, 0x02, 0x00, 0x23, 0xEF, 0xFF, 0xFE, 0xFF, 0xFF, 0xFE, 0xFF,
    0xEF, 0x23, 0x00, 0x05, 0x01, 0x00, 0x00, 0x00, 0x00, 0x00, 0x00, 0x00,
    0x00, 0x98, 0xFF, 0xFF, 0x8F, 0x00, 0x03, 0x00, 0x00, 0x00, 0x00, 0x00,
    0x00, 0x00, 0x00, 0x00, 0x00, 0x00, 0x00, 0x00, 0x00, 0x00, 0x00, 0x00,
    0x00, 0x00, 0x00, 0x00, 0x00, 0x00, 0x00, 0x00, 0x00, 0x00, 0x00, 0x00,
    0x00, 0x00, 0x00, 0x00, 0x00, 0x00, 0x00, 0x00, 0xE4, 0xFD, 0xFF, 0xEE,
    0x7A, 0x06, 0x00, 0x03, 0x01, 0x00, 0x00, 0x00, 0x00, 0x00, 0x00, 0x00,
    0x04, 0x01, 0x00, 0x00, 0x00, 0x00, 0x00, 0x00, 0x06, 0x01, 0x55, 0xFF,
    0xFC, 0xFF, 0xFF, 0xFF, 0xFF, 0xFC, 0xFF, 0x55, 0x03, 0x00, 0x00, 0x15,
    0x53, 0x8D, 0xAF, 0xB9, 0xB4, 0x92, 0x72, 0xED, 0xFE, 0xEB, 0x21, 0x01,
    0x01, 0x00, 0x00, 0x00, 0x00, 0x00, 0x00, 0x00, 0x00, 0x00, 0x00, 0x00,
    0x00, 0x00, 0x00, 0x00, 0x00, 0x00, 0x00, 0x00, 0x00, 0x00, 0x00, 0x00,
    0x00, 0x00, 0x00, 0x00, 0x00, 0x00, 0x00, 0x00, 0x00, 0x00, 0x00, 0x00,
    0x01, 0x00, 0x97, 0xFE, 0xF9, 0xFF, 0xFF, 0xC4, 0x3C, 0x00, 0x00, 0x03,
    0x00, 0x00, 0x00, 0x00, 0x02, 0x00, 0x00, 0x00, 0x28, 0x3F, 0x49, 0x43,
    0x30, 0x09, 0x00, 0x00, 0x9F, 0xFE, 0xFD, 0xFF, 0xFF, 0xFF, 0xFF, 0xFD,
    0xFE, 0x9F, 0x00, 0x27, 0x8D, 0xEC, 0xFF, 0xFF, 0xFF, 0xFF, 0xFF, 0xFF,
    0xFF, 0xFD, 0xFF, 0xA3, 0x00, 0x00, 0x01, 0x00, 0x00, 0x00, 0x00, 0x00,
    0x00, 0x00, 0x00, 0x00, 0x00, 0x00, 0x00, 0x00, 0x00, 0x00, 0x00, 0x00,
    0x00, 0x00, 0x00, 0x00, 0x00, 0x00, 0x00, 0x00, 0x00, 0x00, 0x00, 0x00,
    0x00, 0x00, 0x00, 0x00, 0x00, 0x00, 0x03, 0x00, 0x4A, 0xFF, 0xFD, 0xFE,
    0xFD, 0xFF, 0xF6, 0x89, 0x0E, 0x00, 0x02, 0x01, 0x00, 0x02, 0x00, 0x0C,
    0x70, 0xBA, 0xE6, 0xFE, 0xFF, 0xFF, 0xEE, 0xC6, 0x87, 0x27, 0xDD, 0xFF,
    0xFE, 0xFF, 0xFF, 0xFF, 0xFF, 0xFE, 0xFF, 0xDF, 0x6A, 0xE6, 0xFF, 0xFF,
    0xFF, 0xFD, 0xFC, 0xFC, 0xFC, 0xFD, 0xFE, 0xFE, 0xFE, 0xE8, 0x80, 0x03,
    0x00, 0x01, 0x00, 0x00, 0x00, 0x00, 0x00, 0x00, 0x00, 0x00, 0x00, 0x00,
    0x02, 0x03, 0x04, 0x06, 0x02, 0x00, 0x00, 0x00, 0x00, 0x00, 0x00, 0x00,
    0x00, 0x00, 0x00, 0x00, 0x00, 0x00, 0x00, 0x00, 0x00, 0x00, 0x00, 0x00,
    0x02, 0x00, 0x19, 0xE0, 0xFF, 0xFD, 0xFF, 0xFD, 0xFF, 0xFF, 0xD4, 0x49,
    0x00, 0x00, 0x03, 0x00, 0x4D, 0xD9, 0xFF, 0xFF, 0xFF, 0xFF, 0xFD, 0xFE,
    0xFF, 0xFF, 0xFF, 0xF3, 0xFE, 0xFF, 0xFF, 0xFF, 0xFF, 0xFF, 0xFF, 0xFF,
    0xFF, 0xFF, 0xFF, 0xFF, 0xFB, 0xFE, 0xFF, 0xFF, 0xFF, 0xFF, 0xFF, 0xFF,
    0xFF, 0xFF, 0xFF, 0xFF, 0xFF, 0xA6, 0x0A, 0x00, 0x01, 0x00, 0x01, 0x01,
    0x01, 0x02, 0x02, 0x02, 0x02, 0x01, 0x00, 0x00, 0x00, 0x00, 0x00, 0x00,
    0x00, 0x00, 0x00, 0x00, 0x00, 0x00, 0x00, 0x00, 0x00, 0x00, 0x00, 0x00,
    0x00, 0x00, 0x00, 0x00, 0x00, 0x00, 0x00, 0x02, 0x01, 0xA1, 0xFF, 0xFB,
    0xFF, 0xFF, 0xFE, 0xFC, 0xFF, 0xFF, 0x9A, 0x1A, 0x00, 0x73, 0xFD, 0xFF,
    0xFD, 0xFB, 0xFD, 0xFE, 0xFF, 0xFE, 0xFE, 0xFC, 0xFD, 0xFF, 0xFF, 0xFF,
    0xFF, 0xFF, 0xFF, 0xFF, 0xFF, 0xFF, 0xFF, 0xFF, 0xFE, 0xFD, 0xFF, 0xFF,
    0xFF, 0xFF, 0xFF, 0xFF, 0xFF, 0xFF, 0xFF, 0xFF, 0xFF, 0xFE, 0xFC, 0xFF,
    0xA5, 0x04, 0x05, 0x04, 0x00, 0x00, 0x00, 0x00, 0x00, 0x00, 0x00, 0x00,
    0x20, 0x43, 0x67, 0x86, 0x33, 0x00, 0x01, 0x00, 0x00, 0x00, 0x00, 0x00,
    0x00, 0x00, 0x00, 0x00, 0x02, 0x04, 0x03, 0x00, 0x00, 0x00, 0x00, 0x00,
    0x00, 0x04, 0x00, 0x62, 0xFE, 0xFD, 0xFE, 0xFF, 0xFF, 0xFF, 0xFD, 0xFE,
    0xFF, 0xD7, 0x98, 0xFF, 0xFE, 0xFD, 0xFF, 0xFF, 0xFF, 0xFF, 0xFF, 0xFF,
    0xFF, 0xFF, 0xFF, 0xFE, 0xFF, 0xFF, 0xFF, 0xFF, 0xFF, 0xFF, 0xFF, 0xFF,
    0xFF, 0xFF, 0xFF, 0xFF, 0xFF, 0xFF, 0xFF, 0xFF, 0xFF, 0xFF, 0xFF, 0xFF,
    0xFF, 0xFF, 0xFF, 0xFF, 0xFE, 0xFA, 0xFF, 0x72, 0x00, 0x00, 0x01, 0x0D,
    0x1A, 0x35, 0x60, 0x8B, 0xB7, 0xD8, 0xE8, 0xF7, 0xFF, 0xFF, 0xDA, 0x03,
    0x00, 0x00, 0x00, 0x00, 0x00, 0x00, 0x00, 0x00, 0x00, 0x00, 0x00, 0x00,
    0x00, 0x00, 0x02, 0x00, 0x00, 0x00, 0x00, 0x02, 0x00, 0x1C, 0xE9, 0xFF,
    0xFE, 0xFF, 0xFF, 0xFF, 0xFF, 0xFE, 0xFC, 0xFF, 0xFF, 0xFF, 0xFE, 0xFF,
    0xFF, 0xFF, 0xFF, 0xFF, 0xFF, 0xFF, 0xFF, 0xFF, 0xFF, 0xFF, 0xFF, 0xFF,
    0xFF, 0xFF, 0xFF, 0xFF, 0xFF, 0xFF, 0xFF, 0xFF, 0xFF, 0xFF, 0xFF, 0xFF,
    0xFF, 0xFF, 0xFF, 0xFF, 0xFF, 0xFF, 0xFF, 0xFF, 0xFF, 0xFF, 0xFF, 0xFE,
    0xFE, 0xEA, 0x70, 0x81, 0xAB, 0xCE, 0xF4, 0xFF, 0xFF, 0xFF, 0xFF, 0xFF,
    0xFF, 0xFF, 0xFA, 0xFD, 0xC0, 0x02, 0x01, 0x00, 0x00, 0x00, 0x00, 0x00,
    0x00, 0x00, 0x01, 0x00, 0x3A, 0xB8, 0x6B, 0x00, 0x00, 0x03, 0x00, 0x00,
    0x00, 0x00, 0x01, 0x00, 0xB7, 0xFF, 0xFD, 0xFF, 0xFF, 0xFF, 0xFF, 0xFF,
    0xFF, 0xFD, 0xFD, 0xFE, 0xFF, 0xFF, 0xFF, 0xFF, 0xFF, 0xFF, 0xFF, 0xFF,
    0xFF, 0xFF, 0xFF, 0xFF, 0xFF, 0xFF, 0xFF, 0xFF, 0xFF, 0xFF, 0xFF, 0xFF,
    0xFF, 0xFF, 0xFF, 0xFF, 0xFF, 0xFF, 0xFF, 0xFF, 0xFF, 0xFF, 0xFF, 0xFF,
    0xFF, 0xFF, 0xFF, 0xFF, 0xFF, 0xFF, 0xFF, 0xFF, 0xFF, 0xFF, 0xFF, 0xFF,
    0xFF, 0xFE, 0xFD, 0xFD, 0xFD, 0xFD, 0xFE, 0xFD, 0xFE, 0xE5, 0x2A, 0x00,
    0x02, 0x00, 0x00, 0x00, 0x00, 0x00, 0x00, 0x00, 0x03, 0x00, 0xC7, 0xFF,
    0xFF, 0xAA, 0x1E, 0x00, 0x02, 0x01, 0x00, 0x00, 0x02, 0x01, 0x65, 0xFF,
    0xFD, 0xFF, 0xFF, 0xFF, 0xFF, 0xFF, 0xFF, 0xFF, 0xFF, 0xFF, 0xFF, 0xFF,
    0xFF, 0xFF, 0xFF, 0xFF, 0xFF, 0xFF, 0xFF, 0xFF, 0xFF, 0xFF, 0xFF, 0xFF,
    0xFF, 0xFF, 0xFF, 0xFF, 0xFF, 0xFF, 0xFF, 0xFF, 0xFF, 0xFF, 0xFF, 0xFF,
    0xFF, 0xFF, 0xFF, 0xFF, 0xFF, 0xFF, 0xFF, 0xFF, 0xFF, 0xFF, 0xFF, 0xFF,
    0xFF, 0xFE, 0xFB, 0xFA, 0xFC, 0xFD, 0xFE, 0xFF, 0xFF, 0xFF, 0xFF, 0xFF,
    0xFE, 0xFD, 0xFB, 0x4D, 0x00, 0x03, 0x00, 0x00, 0x00, 0x00, 0x00, 0x00,
    0x00, 0x00, 0x02, 0x00, 0x77, 0xFF, 0xFF, 0xFF, 0xDD, 0x51, 0x00, 0x00,
    0x03, 0x00, 0x01, 0x01, 0x25, 0xF5, 0xFF, 0xFE, 0xFF, 0xFF, 0xFF, 0xFF,
    0xFF, 0xFF, 0xFF, 0xFF, 0xFF, 0xFF, 0xFF, 0xFF, 0xFF, 0xFF, 0xFF, 0xFF,
    0xFF, 0xFF, 0xFF, 0xFF, 0xFF, 0xFF, 0xFF, 0xFF, 0xFF, 0xFF, 0xFF, 0xFF,
    0xFF, 0xFF, 0xFF, 0xFF, 0xFF, 0xFF, 0xFF, 0xFF, 0xFF, 0xFF, 0xFF, 0xFF,
    0xFF, 0xFF, 0xFF, 0xFF, 0xFF, 0xFF, 0xFF, 0xFF, 0xFF, 0xFF, 0xFF, 0xFF,
    0xFF, 0xFF, 0xFF, 0xFF, 0xFF, 0xFF, 0xFC, 0xFF, 0x76, 0x00, 0x02, 0x00,
    0x00, 0x00, 0x00, 0x00, 0x00, 0x00, 0x00, 0x00, 0x00, 0x01, 0x00, 0x5B,
    0xE8, 0xFF, 0xFF, 0xFC, 0x8E, 0x0D, 0x00, 0x02, 0x03, 0x00, 0x00, 0xB5,
    0xFF, 0xFC, 0xFF, 0xFF, 0xFF, 0xFF, 0xFF, 0xFF, 0xFF, 0xFF, 0xFF, 0xFF,
    0xFF, 0xFF, 0xFF, 0xFF, 0xFF, 0xFF, 0xFF, 0xFF, 0xFF, 0xFF, 0xFF, 0xFF,
    0xFF, 0xFF, 0xFF, 0xFF, 0xFF, 0xFF, 0xFF, 0xFF, 0xFF, 0xFF, 0xFF, 0xFF,
    0xFF, 0xFF, 0xFF, 0xFF, 0xFF, 0xFF, 0xFF, 0xFF, 0xFF, 0xFF, 0xFF, 0xFF,
    0xFF, 0xFF, 0xFF, 0xFF, 0xFF, 0xFF, 0xFF, 0xFF, 0xFF, 0xFF, 0xFF, 0xFB,
    0xFF, 0xA0, 0x00, 0x03, 0x01, 0x00, 0x00, 0x00, 0x00, 0x00, 0x00, 0x00,
    0x00, 0x00, 0x00, 0x00, 0x01, 0x00, 0x27, 0xB6, 0xFF, 0xFF, 0xFF, 0xC6,
    0x37, 0x00, 0x00, 0x0B, 0x6A, 0xD8, 0xFE, 0xFD, 0xFF, 0xFF, 0xFF, 0xFF,
    0xFF, 0xFF, 0xFF, 0xFF, 0xFF, 0xFF, 0xFF, 0xFF, 0xFF, 0xFF, 0xFF, 0xFF,
    0xFF, 0xFF, 0xFF, 0xFF, 0xFF, 0xFF, 0xFF, 0xFF, 0xFF, 0xFF, 0xFF, 0xFF,
    0xFF, 0xFF, 0xFF, 0xFF, 0xFF, 0xFF, 0xFF, 0xFF, 0xFF, 0xFF, 0xFF, 0xFF,
    0xFF, 0xFF, 0xFF, 0xFF, 0xFF, 0xFF, 0xFF, 0xFF, 0xFF, 0xFF, 0xFF, 0xFF,
    0xFF, 0xFF, 0xFF, 0xFF, 0xFC, 0xFF, 0xCA, 0x13, 0x02, 0x02, 0x00, 0x00,
    0x00, 0x00, 0x00, 0x00, 0x00, 0x00, 0x00, 0x00, 0x00, 0x00, 0x00, 0x02,
    0x00, 0x05, 0x79, 0xF7, 0xFF, 0xFF, 0xF1, 0x6A, 0x38, 0xCB, 0xFF, 0xFF,
    0xFF, 0xFF, 0xFF, 0xFF, 0xFF, 0xFF, 0xFF, 0xFF, 0xFF, 0xFF, 0xFF, 0xFF,
    0xFF, 0xFF, 0xFF, 0xFF, 0xFF, 0xFF, 0xFF, 0xFF, 0xFF, 0xFF, 0xFF, 0xFF,
    0xFF, 0xFF, 0xFF, 0xFF, 0xFF, 0xFF, 0xFF, 0xFF, 0xFF, 0xFF, 0xFF, 0xFF,
    0xFF, 0xFF, 0xFF, 0xFF, 0xFF, 0xFF, 0xFF, 0xFF, 0xFF, 0xFF, 0xFF, 0xFF,
    0xFF, 0xFF, 0xFF, 0xFF, 0xFF, 0xFF, 0xFF, 0xFF, 0xFF, 0xFE, 0xFF, 0xE8,
    0x28, 0x00, 0x02, 0x00, 0x00, 0x00, 0x00, 0x00, 0x00, 0x00, 0x00, 0x00,
    0x00, 0x00, 0x00, 0x00, 0x00, 0x00, 0x02, 0x00, 0x00, 0x3E, 0xD0, 0xFF,
    0xFF, 0xFF, 0xFD, 0xFF, 0xFD, 0xFD, 0xFF, 0xFF, 0xFF, 0xFF, 0xFF, 0xFF,
    0xFF, 0xFF, 0xFF, 0xFF, 0xFF, 0xFF, 0xFF, 0xFF, 0xFF, 0xFF, 0xFF, 0xFF,
    0xFF, 0xFF, 0xFF, 0xFF, 0xFF, 0xFF, 0xFF, 0xFF, 0xFF, 0xFF, 0xFF, 0xFF,
    0xFF, 0xFF, 0xFF, 0xFF, 0xFF, 0xFF, 0xFF, 0xFF, 0xFF, 0xFF, 0xFF, 0xFF,
    0xFF, 0xFF, 0xFF, 0xFF, 0xFF, 0xFF, 0xFF, 0xFF, 0xFF, 0xFF, 0xFF, 0xFF,
    0xFF, 0xFF, 0xFE, 0xFC, 0xF7, 0x4B, 0x00, 0x03, 0x00, 0x00, 0x00, 0x00,
    0x00, 0x00, 0x00, 0x00, 0x00, 0x00, 0x00, 0x00, 0x00, 0x00, 0x00, 0x00,
    0x00, 0x01, 0x02, 0x00, 0x13, 0x93, 0xFC, 0xFD, 0xFF, 0xFD, 0xFF, 0xFF,
    0xFF, 0xFF, 0xFF, 0xFF, 0xFF, 0xFF, 0xFF, 0xFF, 0xFF, 0xFF, 0xFF, 0xFF,
    0xFF, 0xFF, 0xFF, 0xFF, 0xFF, 0xFF, 0xFF, 0xFF, 0xFF, 0xFF, 0xFF, 0xFF,
    0xFF, 0xFF, 0xFF, 0xFF, 0xFF, 0xFF, 0xFF, 0xFF, 0xFF, 0xFF, 0xFF, 0xFF,
    0xFF, 0xFF, 0xFF, 0xFF, 0xFF, 0xFF, 0xFF, 0xFF, 0xFF, 0xFF, 0xFF, 0xFF,
    0xFF, 0xFF, 0xFF, 0xFF, 0xFF, 0xFF, 0xFF, 0xFF, 0xFC, 0xFF, 0x78, 0x00,
    0x03, 0x01, 0x00, 0x00, 0x00, 0x00, 0x00, 0x00, 0x00, 0x00, 0x00, 0x00,
    0x00, 0x00, 0x00, 0x00, 0x00, 0x00, 0x00, 0x00, 0x00, 0x04, 0x00, 0x24,
    0xF2, 0xFF, 0xFE, 0xFF, 0xFF, 0xFF, 0xFF, 0xFF, 0xFF, 0xFF, 0xFF, 0xFF,
    0xFF, 0xFF, 0xFF, 0xFF, 0xFF, 0xFF, 0xFF, 0xFF, 0xFF, 0xFF, 0xFF, 0xFF,
    0xFF, 0xFF, 0xFF, 0xFF, 0xFF, 0xFF, 0xFF, 0xFF, 0xFF, 0xFF, 0xFF, 0xFF,
    0xFF, 0xFF, 0xFF, 0xFF, 0xFF, 0xFF, 0xFF, 0xFF, 0xFF, 0xFF, 0xFF, 0xFF,
    0xFF, 0xFF, 0xFF, 0xFF, 0xFF, 0xFF, 0xFF, 0xFF, 0xFF, 0xFF, 0xFF, 0xFF,
    0xFF, 0xFE, 0xFF, 0xA3, 0x00, 0x02, 0x00, 0x00, 0x00, 0x00, 0x00, 0x00,
    0x00, 0x00, 0x00, 0x00, 0x00, 0x00, 0x00, 0x00, 0x00, 0x00, 0x00, 0x00,
    0x00, 0x00, 0x00, 0x01, 0x04, 0xB4, 0xFF, 0xFD, 0xFF, 0xFF, 0xFF, 0xFF,
    0xFF, 0xFF, 0xFF, 0xFF, 0xFF, 0xFF, 0xFF, 0xFF, 0xFF, 0xFE, 0xFF, 0xFF,
    0xFF, 0xFF, 0xFF, 0xFF, 0xFF, 0xFF, 0xFF, 0xFF, 0xFF, 0xFF, 0xFF, 0xFF,
    0xFF, 0xFF, 0xFF, 0xFF, 0xFF, 0xFF, 0xFF, 0xFF, 0xFF, 0xFF, 0xFF, 0xFF,
    0xFF, 0xFF, 0xFF, 0xFF, 0xFF, 0xFF, 0xFF, 0xFF, 0xFF, 0xFF, 0xFF, 0xFF,
    0xFF, 0xFF, 0xFF, 0xFF, 0xFF, 0xFF, 0xFC, 0xFF, 0xCA, 0x0F, 0x02, 0x02,
    0x00, 0x00, 0x00, 0x00, 0x00, 0x00, 0x00, 0x00, 0x00, 0x00, 0x00, 0x00,
    0x00, 0x00, 0x00, 0x00, 0x00, 0x00, 0x00, 0x00, 0x03, 0x00, 0x44, 0xFC,
    0xFE, 0xFE, 0xFF, 0xFF, 0xFF, 0xFF, 0xFF, 0xFF, 0xFF, 0xFF, 0xFF, 0xFF,
    0xFF, 0xFF, 0xFF, 0xFF, 0xFF, 0xFF, 0xFF, 0xFF, 0xFF, 0xFF, 0xFF, 0xFF,
    0xFF, 0xFF, 0xFF, 0xFF, 0xFF, 0xFF, 0xFF, 0xFF, 0xFF, 0xFF, 0xFF, 0xFF,
    0xFF, 0xFF, 0xFF, 0xFF, 0xFF, 0xFF, 0xFF, 0xFF, 0xFF, 0xFF, 0xFE, 0xF5,
    0xFF, 0xFF, 0xFF, 0xFF, 0xFF, 0xFF, 0xFF, 0xFF, 0xFF, 0xFF, 0xFF, 0xFE,
    0xFF, 0xEE, 0x29, 0x00, 0x02, 0x00, 0x00, 0x00, 0x00, 0x00, 0x00, 0x00,
    0x00, 0x00, 0x00, 0x00, 0x00, 0x00, 0x00, 0x00, 0x00, 0x00, 0x00, 0x00,
    0x00, 0x00, 0x02, 0x00, 0x99, 0xFF, 0xFB, 0xFF, 0xFF, 0xFF, 0xFF, 0xFF,
    0xFF, 0xFF, 0xFF, 0xFF, 0xFF, 0xFF, 0xFF, 0xFF, 0xFF, 0xF1, 0xFA, 0xFF,
    0xFF, 0xFF, 0xFF, 0xFF, 0xFF, 0xFF, 0xFF, 0xFF, 0xFF, 0xFF, 0xFF, 0xFF,
    0xFF, 0xFF, 0xFF, 0xFF, 0xFF, 0xFF, 0xFF, 0xFF, 0xFF, 0xFF, 0xFF, 0xFF,
    0xFF, 0xFF, 0xFF, 0xFF, 0xFF, 0xE8, 0xE7, 0xFC, 0xFE, 0xFF, 0xFF, 0xFF,
    0xFF, 0xFF, 0xFF, 0xFF, 0xFF, 0xFE, 0xFD, 0xF7, 0x62, 0x00, 0x02, 0x00,
    0x00, 0x00, 0x00, 0x00, 0x00, 0x00, 0x00, 0x00, 0x00, 0x00, 0x00, 0x00,
    0x00, 0x00, 0x00, 0x00, 0x00, 0x00, 0x00, 0x01, 0x00, 0x10, 0xD6, 0xFF,
    0xFD, 0xFF, 0xFF, 0xFF, 0xFF, 0xFF, 0xFF, 0xFF, 0xFF, 0xFF, 0xFF, 0xFF,
    0xFF, 0xFE, 0xFE, 0xE8, 0xF8, 0xFF, 0xFF, 0xFF, 0xFF, 0xFF, 0xFF, 0xFF,
    0xFF, 0xFF, 0xFF, 0xFF, 0xFF, 0xFF, 0xFF, 0xFF, 0xFF, 0xFF, 0xFF, 0xFF,
    0xFF, 0xFF, 0xFF, 0xFF, 0xFF, 0xFF, 0xFF, 0xFF, 0xFF, 0xFF, 0xFF, 0xFF,
    0xF0, 0xE8, 0xFF, 0xFF, 0xFF, 0xFF, 0xFF, 0xFF, 0xFF, 0xFF, 0xFF, 0xFF,
    0xFD, 0xFF, 0xF1, 0x25, 0x01, 0x02, 0x00, 0x00, 0x00, 0x00, 0x00, 0x00,
    0x00, 0x00, 0x00, 0x00, 0x00, 0x00, 0x00, 0x00, 0x00, 0x00, 0x00, 0x00,
    0x00, 0x02, 0x00, 0x24, 0xFD, 0xFE, 0xFE, 0xFF, 0xFF, 0xFF, 0xFF, 0xFF,
    0xFF, 0xFF, 0xFF, 0xFF, 0xFF, 0xFF, 0xFE, 0xFF, 0xEE, 0xE9, 0xFF, 0xFE,
    0xFF, 0xFF, 0xFF, 0xFF, 0xFF, 0xFF, 0xFF, 0xFF, 0xFF, 0xFF, 0xFF, 0xFF,
    0xFF, 0xFF, 0xFF, 0xFF, 0xFF, 0xFF, 0xFF, 0xFF, 0xFF, 0xFF, 0xFF, 0xFF,
    0xFF, 0xFF, 0xFF, 0xFF, 0xFF, 0xFE, 0xFF, 0xF7, 0xFF, 0xFF, 0xFF, 0xFF,
    0xFF, 0xFF, 0xFF, 0xFF, 0xFF, 0xFF, 0xFF, 0xFC, 0xFF, 0x97, 0x00, 0x01,
    0x00, 0x00, 0x00, 0x00, 0x00, 0x00, 0x00, 0x00, 0x00, 0x00, 0x00, 0x00,
    0x00, 0x00, 0x00, 0x00, 0x00, 0x00, 0x00, 0x02, 0x00, 0x36, 0xFF, 0xFD,
    0xFF, 0xFF, 0xFF, 0xFF, 0xFF, 0xFF, 0xFF, 0xFF, 0xFF, 0xFF, 0xFF, 0xFF,
    0xFE, 0xFF, 0xE8, 0xDF, 0xFF, 0xFE, 0xFF, 0xFF, 0xFF, 0xFF, 0xFF, 0xFF,
    0xFF, 0xFF, 0xFF, 0xFF, 0xFF, 0xFF, 0xFF, 0xFF, 0xFF, 0xFF, 0xFF, 0xFF,
    0xFF, 0xFF, 0xFF, 0xFF, 0xFF, 0xFF, 0xFF, 0xFF, 0xFF, 0xFF, 0xFF, 0xFF,
    0xFF, 0xFF, 0xFF, 0xFF, 0xFF, 0xFF, 0xFF, 0xFF, 0xFF, 0xFF, 0xFF, 0xFF,
    0xFF, 0xFE, 0xFE, 0xEB, 0x13, 0x00, 0x01, 0x00, 0x00, 0x00, 0x00, 0x00,
    0x00, 0x00, 0x00, 0x00, 0x00, 0x00, 0x00, 0x00, 0x00, 0x00, 0x00, 0x00,
    0x00, 0x02, 0x00, 0x3F, 0xFF, 0xFD, 0xFF, 0xFF, 0xFF, 0xFF, 0xFF, 0xFF,
    0xFF, 0xFF, 0xFF, 0xFF, 0xFF, 0xFF, 0xFE, 0xFF, 0xE8, 0xE0, 0xFF, 0xFE,
    0xFF, 0xFF, 0xFF, 0xFF, 0xFF, 0xFF, 0xFF, 0xFF, 0xFF, 0xFF, 0xFF, 0xFF,
    0xFF, 0xFF, 0xFF, 0xFF, 0xFF, 0xFF, 0xFF, 0xFF, 0xFF, 0xFF, 0xFF, 0xFF,
    0xFF, 0xFF, 0xFF, 0xFF, 0xFF, 0xFF, 0xFF, 0xFF, 0xFF, 0xFF, 0xFF, 0xFF,
    0xFF, 0xFF, 0xFF, 0xFF, 0xFF, 0xFF, 0xFF, 0xFE, 0xFF, 0xFE, 0x51, 0x00,
    0x02, 0x00, 0x00, 0x00, 0x00, 0x00, 0x00, 0x00, 0x00, 0x00, 0x00, 0x00,
    0x00, 0x00, 0x00, 0x00, 0x00, 0x00, 0x00, 0x02, 0x00, 0x2E, 0xFF, 0xFD,
    0xFF, 0xFF, 0xFF, 0xFF, 0xFF, 0xFF, 0xFF, 0xFF, 0xFF, 0xFF, 0xFF, 0xFF,
    0xFE, 0xFF, 0xE8, 0xE0, 0xFF, 0xFE, 0xFF, 0xFF, 0xFF, 0xFF, 0xFF, 0xFF,
    0xFF, 0xFF, 0xFF, 0xFF, 0xFF, 0xFF, 0xFF, 0xFF, 0xFF, 0xFF, 0xFF, 0xFF,
    0xFF, 0xFF, 0xFF, 0xFF, 0xFF, 0xFF, 0xFF, 0xFF, 0xFF, 0xFF, 0xFF, 0xFF,
    0xFF, 0xFF, 0xFF, 0xFF, 0xFF, 0xFF, 0xFF, 0xFF, 0xFF, 0xFF, 0xFF, 0xFF,
    0xFF, 0xFF, 0xFD, 0xFF, 0x7C, 0x00, 0x04, 0x00, 0x00, 0x00, 0x00, 0x00,
    0x00, 0x00, 0x00, 0x00, 0x00, 0x00, 0x00, 0x00, 0x00, 0x00, 0x00, 0x00,
    0x00, 0x02, 0x00, 0x1D, 0xF1, 0xFF, 0xFE, 0xFF, 0xFF, 0xFF, 0xFF, 0xFF,
    0xFF, 0xFF, 0xFF, 0xFF, 0xFF, 0xFF, 0xFF, 0xFF, 0xF5, 0xEF, 0xFF, 0xFE,
    0xFF, 0xFF, 0xFF, 0xFF, 0xFF, 0xFF, 0xFF, 0xFF, 0xFF, 0xFF, 0xFF, 0xFF,
    0xFF, 0xFF, 0xFF, 0xFF, 0xFF, 0xFF, 0xFF, 0xFF, 0xFF, 0xFF, 0xFF, 0xFF,
    0xFF, 0xFF, 0xFF, 0xFF, 0xFF, 0xFF, 0xFF, 0xFF, 0xFF, 0xFF, 0xFF, 0xFF,
    0xFF, 0xFF, 0xFF, 0xFF, 0xFF, 0xFF, 0xFF, 0xFF, 0xFC, 0xFF, 0x8E, 0x00,
    0x05, 0x00, 0x00, 0x00, 0x00, 0x00, 0x00, 0x00, 0x00, 0x00, 0x00, 0x00,
    0x00, 0x00, 0x00, 0x00, 0x00, 0x00, 0x00, 0x01, 0x00, 0x07, 0xBF, 0xFF,
    0xFC, 0xFF, 0xFF, 0xFF, 0xFF, 0xFF, 0xFF, 0xFF, 0xFF, 0xFF, 0xFF, 0xFF,
    0xFF, 0xFF, 0xFF, 0xFC, 0xFE, 0xFF, 0xFF, 0xFF, 0xFF, 0xFF, 0xFF, 0xFF,
    0xFF, 0xFF, 0xFF, 0xFF, 0xFF, 0xFF, 0xFF, 0xFF, 0xFF, 0xFF, 0xFF, 0xFF,
    0xFF, 0xFF, 0xFF, 0xFF, 0xFF, 0xFF, 0xFF, 0xFF, 0xFF, 0xFF, 0xFF, 0xFF,
    0xFF, 0xFF, 0xFF, 0xFF, 0xFF, 0xFF, 0xFF, 0xFF, 0xFF, 0xFF, 0xFF, 0xFF,
    0xFF, 0xFF, 0xFC, 0xFF, 0x8B, 0x00, 0x04, 0x00, 0x00, 0x00, 0x00, 0x00,
    0x00, 0x00, 0x00, 0x00, 0x00, 0x00, 0x00, 0x00, 0x00, 0x00, 0x00, 0x00,
    0x00, 0x00, 0x03, 0x00, 0x7A, 0xFF, 0xFB, 0xFF, 0xFF, 0xFF, 0xFF, 0xFF,
    0xFF, 0xFF, 0xFF, 0xFF, 0xFF, 0xFF, 0xFF, 0xFF, 0xFF, 0xFF, 0xFF, 0xFF,
    0xFF, 0xFF, 0xFF, 0xFF, 0xFF, 0xFF, 0xFF, 0xFF, 0xFF, 0xFF, 0xFF, 0xFF,
    0xFF, 0xFF, 0xFF, 0xFF, 0xFF, 0xFF, 0xFF, 0xFF, 0xFF, 0xFF, 0xFF, 0xFF,
    0xFF, 0xFF, 0xFF, 0xFF, 0xFF, 0xFF, 0xFF, 0xFF, 0xFF, 0xFF, 0xFF, 0xFF,
    0xFF, 0xFF, 0xFF, 0xFF, 0xFF, 0xFF, 0xFF, 0xFF, 0xFE, 0xFF, 0x74, 0x01,
    0x03, 0x00, 0x00, 0x00, 0x00, 0x00, 0x00, 0x00, 0x00, 0x00, 0x00, 0x00,
    0x00, 0x00, 0x00, 0x00, 0x00, 0x00, 0x00, 0x00, 0x03, 0x01, 0x25, 0xEC,
    0xFF, 0xFD, 0xFF, 0xFF, 0xFF, 0xFF, 0xFF, 0xFF, 0xFF, 0xFF, 0xFF, 0xFF,
    0xFF, 0xFF, 0xFF, 0xFF, 0xFF, 0xFF, 0xFF, 0xFF, 0xFF, 0xFF, 0xFF, 0xFF,
    0xFF, 0xFF, 0xFF, 0xFF, 0xFF, 0xFF, 0xFF, 0xFF, 0xFF, 0xFF, 0xFF, 0xFF,
    0xFF, 0xFF, 0xFF, 0xFF, 0xFF, 0xFF, 0xFF, 0xFF, 0xFF, 0xFF, 0xFF, 0xFF,
    0xFF, 0xFF, 0xFF, 0xFF, 0xFF, 0xFF, 0xFF, 0xFF, 0xFF, 0xFF, 0xFF, 0xFF,
    0xFF, 0xFE, 0xFF, 0xF8, 0x31, 0x00, 0x03, 0x02, 0x02, 0x01, 0x00, 0x00,
    0x00, 0x00, 0x00, 0x00, 0x00, 0x00, 0x00, 0x00, 0x00, 0x00, 0x00, 0x00,
    0x01, 0x03, 0x05, 0x01, 0x00, 0x71, 0xFF, 0xFD, 0xFF, 0xFF, 0xFF, 0xFF,
    0xFF, 0xFF, 0xFF, 0xFF, 0xFF, 0xFF, 0xFF, 0xFF, 0xFF, 0xFF, 0xFF, 0xFF,
    0xFF, 0xFF, 0xFF, 0xFF, 0xFF, 0xFF, 0xFF, 0xFF, 0xFF, 0xFF, 0xFF, 0xFF,
    0xFF, 0xFF, 0xFF, 0xFF, 0xFF, 0xFF, 0xFF, 0xFF, 0xFF, 0xFF, 0xFF, 0xFF,
    0xFF, 0xFF, 0xFF, 0xFF, 0xFF, 0xFF, 0xFF, 0xFF, 0xFF, 0xFF, 0xFF, 0xFF,
    0xFF, 0xFF, 0xFF, 0xFF, 0xFF, 0xFF, 0xFF, 0xFF, 0xFF, 0xF7, 0x5C, 0x0E,
    0x00, 0x00, 0x00, 0x00, 0x05, 0x02, 0x00, 0x00, 0x00, 0x00, 0x00, 0x00,
    0x00, 0x00, 0x01, 0x01, 0x02, 0x02, 0x00, 0x00, 0x00, 0x02, 0x23, 0x5E,
    0xF8, 0xFF, 0xFF, 0xFF, 0xFF, 0xFF, 0xFF, 0xFF, 0xFF, 0xFF, 0xFF, 0xFF,
    0xFF, 0xFF, 0xFF, 0xFF, 0xFF, 0xFF, 0xFF, 0xFF, 0xFF, 0xFF, 0xFF, 0xFF,
    0xFF, 0xFF, 0xFF, 0xFF, 0xFF, 0xFF, 0xFF, 0xFF, 0xFF, 0xFF, 0xFF, 0xFF,
    0xFF, 0xFF, 0xFF, 0xFF, 0xFF, 0xFF, 0xFF, 0xFF, 0xFF, 0xFF, 0xFF, 0xFF,
    0xFF, 0xFF, 0xFF, 0xFF, 0xFF, 0xFF, 0xFF, 0xFF, 0xFF, 0xFF, 0xFF, 0xFF,
    0xFF, 0xFF, 0xFF, 0xFF, 0xFE, 0xE9, 0xA8, 0x55, 0x25, 0x00, 0x00, 0x00,
    0x02, 0x02, 0x01, 0x01, 0x00, 0x00, 0x02, 0x04, 0x00, 0x00, 0x00, 0x00,
    0x06, 0x3E, 0x7C, 0xB0, 0xEB, 0xFF, 0xFF, 0xFF, 0xFF, 0xFF, 0xFF, 0xFF,
    0xFF, 0xFF, 0xFF, 0xFF, 0xFF, 0xFF, 0xFF, 0xFF, 0xFF, 0xFF, 0xFF, 0xFF,
    0xFF, 0xFF, 0xFF, 0xFF, 0xFF, 0xFF, 0xFF, 0xFF, 0xFF, 0xFF, 0xFF, 0xFF,
    0xFF, 0xFF, 0xFF, 0xFF, 0xFF, 0xFF, 0xFF, 0xFF, 0xFF, 0xFF, 0xFF, 0xFF,
    0xFF, 0xFF, 0xFF, 0xFF, 0xFF, 0xFF, 0xFF, 0xFF, 0xFF, 0xFF, 0xFF, 0xFF,
    0xFF, 0xFF, 0xFF, 0xFF, 0xFF, 0xFF, 0xFF, 0xFF, 0xFF, 0xFF, 0xFF, 0xFF,
    0xFF, 0xFF, 0xF0, 0xAB, 0x72, 0x2D, 0x00, 0x00, 0x00, 0x00, 0x03, 0x02,
    0x00, 0x00, 0x03, 0x1B, 0x52, 0x9E, 0xD9, 0xF5, 0xFF, 0xFF, 0xFF, 0xFC,
    0xFF, 0xFF, 0xFF, 0xFF, 0xFF, 0xFF, 0xFF, 0xFF, 0xFF, 0xFF, 0xFF, 0xFF,
    0xFF, 0xFF, 0xFF, 0xFF, 0xFF, 0xFF, 0xFF, 0xFF, 0xFF, 0xFF, 0xFF, 0xFF,
    0xFF, 0xFF, 0xFF, 0xFF, 0xFF, 0xFF, 0xFF, 0xFF, 0xFF, 0xFF, 0xFF, 0xFF,
    0xFF, 0xFF, 0xFF, 0xFF, 0xFF, 0xFF, 0xFF, 0xFF, 0xFF, 0xFF, 0xFF, 0xFF,
    0xFF, 0xFF, 0xFF, 0xFF, 0xFF, 0xFF, 0xFF, 0xFF, 0xFF, 0xFF, 0xFF, 0xFF,
    0xFF, 0xFF, 0xFF, 0xFF, 0xFE, 0xFE, 0xFD, 0xFC, 0xFF, 0xFF, 0xFF, 0xED,
    0xC6, 0x7E, 0x2C, 0x0B, 0x00, 0x00, 0x26, 0x77, 0xB2, 0xF4, 0xFF, 0xFF,
    0xFF, 0xFF, 0xFB, 0xFB, 0xFE, 0xFF, 0xFF, 0xFF, 0xFF, 0xFF, 0xFF, 0xFF,
    0xFF, 0xFF, 0xFF, 0xFF, 0xFF, 0xFF, 0xFF, 0xFF, 0xFF, 0xFF, 0xFF, 0xFF,
    0xFF, 0xFF, 0xFF, 0xFF, 0xFF, 0xFF, 0xFF, 0xFF, 0xFF, 0xFF, 0xFF, 0xFF,
    0xFF, 0xFF, 0xFF, 0xFF, 0xFF, 0xFF, 0xFF, 0xFF, 0xFF, 0xFF, 0xFF, 0xFF,
    0xFF, 0xFF, 0xFF, 0xFF, 0xFF, 0xFF, 0xFF, 0xFF, 0xFF, 0xFF, 0xFF, 0xFF,
    0xFF, 0xFF, 0xFF, 0xFF, 0xFF, 0xFF, 0xFF, 0xFF, 0xFF, 0xFF, 0xFF, 0xFF,
    0xFF, 0xFF, 0xFE, 0xFB, 0xFC, 0xFF, 0xFF, 0xFF, 0xFE, 0xCA, 0x81, 0x25,
    0xDE, 0xFF, 0xFF, 0xFF, 0xFE, 0xFD, 0xFD, 0xFE, 0xFF, 0xFF, 0xFF, 0xFF,
    0xFF, 0xFF, 0xFF, 0xFF, 0xFF, 0xFF, 0xFF, 0xFF, 0xFF, 0xFF, 0xFF, 0xFF,
    0xFF, 0xFF, 0xFF, 0xFF, 0xFF, 0xFF, 0xFF, 0xFF, 0xFF, 0xFF, 0xFF, 0xFF,
    0xFF, 0xFF, 0xFF, 0xFF, 0xFF, 0xFF, 0xFF, 0xFF, 0xFF, 0xFF, 0xFF, 0xFF,
    0xFF, 0xFF, 0xFF, 0xFF, 0xFF, 0xFF, 0xFF, 0xFF, 0xFF, 0xFF, 0xFF, 0xFF,
    0xFF, 0xFF, 0xFF, 0xFF, 0xFF, 0xFF, 0xFF, 0xFF, 0xFF, 0xFF, 0xFF, 0xFF,
    0xFF, 0xFF, 0xFF, 0xFF, 0xFF, 0xFF, 0xFF, 0xFF, 0xFF, 0xFF, 0xFF, 0xFE,
    0xFD, 0xFD, 0xFF, 0xFF, 0xFF, 0xDB, 0xDD, 0xFF, 0xFF, 0xFF, 0xFE, 0xFD,
    0xFD, 0xFE, 0xFF, 0xFF, 0xFF, 0xFF, 0xFF, 0xFF, 0xFF, 0xFF, 0xFF, 0xFF,
    0xFF, 0xFF, 0xFF, 0xFF, 0xFF, 0xFF, 0xFF, 0xFF, 0xFF, 0xFF, 0xFF, 0xFF,
    0xFF, 0xFF, 0xFF, 0xFF, 0xFF, 0xFF, 0xFF, 0xFF, 0xFF, 0xFF, 0xFF, 0xFF,
    0xFF, 0xFF, 0xFF, 0xFF, 0xFF, 0xFF, 0xFF, 0xFF, 0xFF, 0xFF, 0xFF, 0xFF,
    0xFF, 0xFF, 0xFF, 0xFF, 0xFF, 0xFF, 0xFF, 0xFF, 0xFF, 0xFF, 0xFF, 0xFF,
    0xFF, 0xFF, 0xFF, 0xFF, 0xFF, 0xFF, 0xFF, 0xFF, 0xFF, 0xFF, 0xFF, 0xFF,
    0xFF, 0xFF, 0xFF, 0xFF, 0xFF, 0xFE, 0xFD, 0xFD, 0xFF, 0xFF, 0xFF, 0xDB,
    0x26, 0x77, 0xB2, 0xF4, 0xFF, 0xFF, 0xFF, 0xFF, 0xFB, 0xFB, 0xFE, 0xFF,
    0xFF, 0xFF, 0xFF, 0xFF, 0xFF, 0xFF, 0xFF, 0xFF, 0xFF, 0xFF, 0xFF, 0xFF,
    0xFF, 0xFF, 0xFF, 0xFF, 0xFF, 0xFF, 0xFF, 0xFF, 0xFF, 0xFF, 0xFF, 0xFF,
    0xFF, 0xFF, 0xFF, 0xFF, 0xFF, 0xFF, 0xFF, 0xFF, 0xFF, 0xFF, 0xFF, 0xFF,
    0xFF, 0xFF, 0xFF, 0xFF, 0xFF, 0xFF, 0xFF, 0xFF, 0xFF, 0xFF, 0xFF, 0xFF,
    0xFF, 0xFF, 0xFF, 0xFF, 0xFF, 0xFF, 0xFF, 0xFF, 0xFF, 0xFF, 0xFF, 0xFF,
    0xFF, 0xFF, 0xFF, 0xFF, 0xFF, 0xFF, 0xFF, 0xFF, 0xFE, 0xFB, 0xFC, 0xFF,
    0xFF, 0xFF, 0xFE, 0xC9, 0x81, 0x25, 0x00, 0x00, 0x03, 0x1B, 0x52, 0x9E,
    0xD9, 0xF5, 0xFF, 0xFF, 0xFF, 0xFD, 0xFF, 0xFF, 0xFF, 0xFF, 0xFF, 0xFF,
    0xFF, 0xFF, 0xFF, 0xFF, 0xFF, 0xFF, 0xFF, 0xFF, 0xFF, 0xFF, 0xFF, 0xFF,
    0xFF, 0xFF, 0xFF, 0xFF, 0xFF, 0xFF, 0xFF, 0xFF, 0xFF, 0xFF, 0xFF, 0xFF,
    0xFF, 0xFF, 0xFF, 0xFF, 0xFF, 0xFF, 0xFF, 0xFF, 0xFF, 0xFF, 0xFF, 0xFF,
    0xFF, 0xFF, 0xFF, 0xFF, 0xFF, 0xFF, 0xFF, 0xFF, 0xFF, 0xFF, 0xFF, 0xFF,
    0xFF, 0xFF, 0xFF, 0xFF, 0xFF, 0xFF, 0xFF, 0xFF, 0xFF, 0xFF, 0xFF, 0xFE,
    0xFD, 0xFC, 0xFF, 0xFF, 0xFF, 0xED, 0xC2, 0x78, 0x2C, 0x0B, 0x00, 0x00,
    0x02, 0x04, 0x00, 0x00, 0x00, 0x00, 0x06, 0x3E, 0x7C, 0xB0, 0xED, 0xFF,
    0xFF, 0xFF, 0xFF, 0xFF, 0xFF, 0xFF, 0xFF, 0xFF, 0xFF, 0xFF, 0xFF, 0xFF,
    0xFF, 0xFF, 0xFF, 0xFF, 0xFF, 0xFF, 0xFF, 0xFF, 0xFF, 0xFF, 0xFF, 0xFF,
    0xFF, 0xFF, 0xFF, 0xFF, 0xFF, 0xFF, 0xFF, 0xFF, 0xFF, 0xFF, 0xFF, 0xFF,
    0xFF, 0xFF, 0xFF, 0xFF, 0xFF, 0xFF, 0xFF, 0xFF, 0xFF, 0xFF, 0xFF, 0xFF,
    0xFF, 0xFF, 0xFF, 0xFF, 0xFF, 0xFF, 0xFF, 0xFF, 0xFF, 0xFF, 0xFF, 0xFF,
    0xFF, 0xFF, 0xFF, 0xFF, 0xFF, 0xFF, 0xFF, 0xFF, 0xEC, 0xAA, 0x6E, 0x2D,
    0x00, 0x00, 0x00, 0x00, 0x03, 0x02, 0x00, 0x00, 0x01, 0x01, 0x02, 0x02,
    0x00, 0x00, 0x00, 0x03, 0x1E, 0x7C, 0xFF, 0xFF, 0xFF, 0xFF, 0xFF, 0xFF,
    0xFF, 0xFF, 0xFF, 0xFF, 0xFF, 0xFF, 0xFF, 0xFF, 0xFF, 0xFF, 0xFF, 0xFF,
    0xFF, 0xFF, 0xFF, 0xFF, 0xFF, 0xFF, 0xFF, 0xFF, 0xFF, 0xFF, 0xFF, 0xFF,
    0xFF, 0xFF, 0xFF, 0xFF, 0xFF, 0xFF, 0xFF, 0xFF, 0xFF, 0xFF, 0xFF, 0xFF,
    0xFF, 0xFF, 0xFF, 0xFF, 0xFF, 0xFF, 0xFF, 0xFF, 0xFF, 0xFF, 0xFF, 0xFF,
    0xFF, 0xFF, 0xFF, 0xFF, 0xFF, 0xFF, 0xFF, 0xFF, 0xFF, 0xFE, 0xFF, 0xE3,
    0xA1, 0x4F, 0x22, 0x00, 0x00, 0x00, 0x02, 0x02, 0x01, 0x01, 0x00, 0x00,
    0x00, 0x00, 0x00, 0x00, 0x00, 0x00, 0x01, 0x03, 0x06, 0x01, 0x0C, 0xC7,
    0xFF, 0xFD, 0xFF, 0xFF, 0xFF, 0xFF, 0xFF, 0xFF, 0xFF, 0xFF, 0xFF, 0xFF,
    0xFF, 0xFF, 0xFF, 0xFF, 0xFF, 0xFF, 0xFF, 0xFF, 0xFF, 0xFF, 0xFF, 0xFF,
    0xFF, 0xFF, 0xFF, 0xFF, 0xFF, 0xFF, 0xFF, 0xFF, 0xFF, 0xFF, 0xFF, 0xFF,
    0xFF, 0xFF, 0xFF, 0xFF, 0xFF, 0xFF, 0xFF, 0xFF, 0xFF, 0xFF, 0xFF, 0xFF,
    0xFF, 0xFF, 0xFF, 0xFF, 0xFF, 0xFF, 0xFF, 0xFF, 0xFF, 0xFF, 0xFF, 0xFF,
    0xFF, 0xFF, 0xFF, 0xFC, 0xFF, 0xA2, 0x00, 0x00, 0x00, 0x00, 0x05, 0x02,
    0x00, 0x00, 0x00, 0x00, 0x00, 0x00, 0x00, 0x00, 0x00, 0x00, 0x00, 0x00,
    0x00, 0x01, 0x02, 0x00, 0x9A, 0xFF, 0xFD, 0xFF, 0xFF, 0xFF, 0xFF, 0xFF,
    0xFF, 0xFF, 0xFF, 0xFF, 0xFF, 0xFF, 0xFF, 0xFF, 0xFF, 0xFF, 0xFF, 0xFF,
    0xFF, 0xFF, 0xFF, 0xFF, 0xFF, 0xFF, 0xFF, 0xFF, 0xFF, 0xFF, 0xFF, 0xFF,
    0xFF, 0xFF, 0xFF, 0xFF, 0xFF, 0xFF, 0xFF, 0xFF, 0xFF, 0xFF, 0xFF, 0xFF,
    0xFF, 0xFF, 0xFF, 0xFF, 0xFF, 0xFF, 0xFF, 0xFF, 0xFF, 0xFF, 0xFF, 0xFF,
    0xFF, 0xFF, 0xFF, 0xFF, 0xFF, 0xFF, 0xFF, 0xFF, 0xFF, 0xFF, 0xFE, 0xFF,
    0x6A, 0x00, 0x04, 0x01, 0x00, 0x00, 0x00, 0x00, 0x00, 0x00, 0x00, 0x00,
    0x00, 0x00, 0x00, 0x00, 0x00, 0x00, 0x00, 0x02, 0x00, 0x34, 0xFC, 0xFD,
    0xFE, 0xFF, 0xFF, 0xFF, 0xFF, 0xFF, 0xFF, 0xFF, 0xFF, 0xFF, 0xFF, 0xFF,
    0xFF, 0xFF, 0xFF, 0xFF, 0xFF, 0xFF, 0xFF, 0xFF, 0xFF, 0xFF, 0xFF, 0xFF,
    0xFF, 0xFF, 0xFF, 0xFF, 0xFF, 0xFF, 0xFF, 0xFF, 0xFF, 0xFF, 0xFF, 0xFF,
    0xFF, 0xFF, 0xFF, 0xFF, 0xFF, 0xFF, 0xFF, 0xFF, 0xFF, 0xFF, 0xFF, 0xFF,
    0xFF, 0xFF, 0xFF, 0xFF, 0xFF, 0xFF, 0xFF, 0xFF, 0xFF, 0xFF, 0xFF, 0xFF,
    0xFF, 0xFF, 0xFF, 0xFF, 0xFD, 0xFE, 0xE4, 0x1C, 0x00, 0x02, 0x00, 0x00,
    0x00, 0x00, 0x00, 0x00, 0x00, 0x00, 0x00, 0x00, 0x00, 0x00, 0x00, 0x00,
    0x00, 0x02, 0x00, 0xA2, 0xFF, 0xFD, 0xFF, 0xFF, 0xFF, 0xFF, 0xFF, 0xFF,
    0xFF, 0xFF, 0xFF, 0xFF, 0xFF, 0xFF, 0xFF, 0xFF, 0xFF, 0xFF, 0xFF, 0xFF,
    0xFF, 0xFF, 0xFF, 0xFF, 0xFF, 0xFF, 0xFF, 0xFF, 0xFF, 0xFF, 0xFF, 0xFF,
    0xFF, 0xFF, 0xFF, 0xFF, 0xFF, 0xFF, 0xFF, 0xFF, 0xFF, 0xFF, 0xFF, 0xFF,
    0xFF, 0xFF, 0xFF, 0xFF, 0xFF, 0xFF, 0xFF, 0xFF, 0xFF, 0xFF, 0xFF, 0xFE,
    0xE3, 0xFF, 0xFF, 0xFF, 0xFF, 0xFF, 0xFF, 0xFF, 0xFF, 0xFF, 0xFF, 0xFC,
    0xFF, 0x71, 0x00, 0x04, 0x00, 0x00, 0x00, 0x00, 0x00, 0x00, 0x00, 0x00,
    0x00, 0x00, 0x00, 0x00, 0x00, 0x00, 0x01, 0x00, 0x11, 0xE5, 0xFF, 0xFE,
    0xFF, 0xFF, 0xFF, 0xFF, 0xFF, 0xFF, 0xFF, 0xFF, 0xFF, 0xFF, 0xFF, 0xFF,
    0xFF, 0xFF, 0xFF, 0xFF, 0xFF, 0xFF, 0xFF, 0xFF, 0xFF, 0xFF, 0xFF, 0xFF,
    0xFF, 0xFF, 0xFF, 0xFF, 0xFF, 0xFF, 0xFF, 0xFF, 0xFF, 0xFF, 0xFF, 0xFF,
    0xFF, 0xFF, 0xFF, 0xFF, 0xFF, 0xFF, 0xFF, 0xFF, 0xFF, 0xFF, 0xFF, 0xFF,
    0xFF, 0xFF, 0xFF, 0xFF, 0xFF, 0xFC, 0xCE, 0xFF, 0xFF, 0xFF, 0xFF, 0xFF,
    0xFF, 0xFF, 0xFF, 0xFF, 0xFF, 0xFB, 0xFE, 0xB6, 0x06, 0x00, 0x01, 0x00,
    0x00, 0x00, 0x00, 0x00, 0x00, 0x00, 0x00, 0x00, 0x00, 0x00, 0x00, 0x00,
    0x02, 0x00, 0x45, 0xF9, 0xFF, 0xFE, 0xFF, 0xFF, 0xFF, 0xFF, 0xFF, 0xFF,
    0xFF, 0xFF, 0xFF, 0xFF, 0xFF, 0xFF, 0xFF, 0xFF, 0xFF, 0xFF, 0xFF, 0xFF,
    0xFF, 0xFF, 0xFF, 0xFF, 0xFF, 0xFF, 0xFF, 0xFF, 0xFF, 0xFF, 0xFF, 0xFF,
    0xFF, 0xFF, 0xFF, 0xFF, 0xFF, 0xFF, 0xFF, 0xFF, 0xFF, 0xFF, 0xFF, 0xFF,
    0xFF, 0xFF, 0xFF, 0xFF, 0xFF, 0xFF, 0xFF, 0xFF, 0xFF, 0xFF, 0xFF, 0xFF,
    0xD9, 0xFF, 0xFF, 0xFF, 0xFF, 0xFF, 0xFF, 0xFF, 0xFF, 0xFF, 0xFF, 0xFE,
    0xFF, 0xE5, 0x18, 0x00, 0x01, 0x00, 0x00, 0x00, 0x00, 0x00, 0x00, 0x00,
    0x00, 0x00, 0x00, 0x00, 0x00, 0x00, 0x04, 0x00, 0x69, 0xFF, 0xFD, 0xFF,
    0xFF, 0xFF, 0xFF, 0xFF, 0xFF, 0xFF, 0xFF, 0xFF, 0xFF, 0xFF, 0xFF, 0xFF,
    0xFF, 0xFF, 0xFF, 0xFF, 0xFF, 0xFF, 0xFF, 0xFF, 0xFF, 0xFF, 0xFF, 0xFF,
    0xFF, 0xFF, 0xFF, 0xFF, 0xFF, 0xFF, 0xFF, 0xFF, 0xFF, 0xFF, 0xFF, 0xFF,
    0xFF, 0xFF, 0xFF, 0xFF, 0xFF, 0xFF, 0xFF, 0xFF, 0xFF, 0xFF, 0xFF, 0xFF,
    0xFF, 0xFF, 0xFF, 0xFF, 0xFF, 0xF1, 0xF3, 0xFF, 0xFF, 0xFF, 0xFF, 0xFF,
    0xFF, 0xFF, 0xFF, 0xFF, 0xFF, 0xFF, 0xFF, 0xFD, 0x22, 0x00, 0x02, 0x00,
    0x00, 0x00, 0x00, 0x00, 0x00, 0x00, 0x00, 0x00, 0x00, 0x00, 0x00, 0x00,
    0x05, 0x00, 0x77, 0xFF, 0xFC, 0xFF, 0xFF, 0xFF, 0xFF, 0xFF, 0xFF, 0xFF,
    0xFF, 0xFF, 0xFF, 0xFF, 0xFF, 0xFF, 0xFF, 0xFF, 0xFF, 0xFF, 0xFF, 0xFF,
    0xFF, 0xFF, 0xFF, 0xFF, 0xFF, 0xFF, 0xFF, 0xFF, 0xFF, 0xFF, 0xFF, 0xFF,
    0xFF, 0xFF, 0xFF, 0xFF, 0xFF, 0xFF, 0xFF, 0xFF, 0xFF, 0xFF, 0xFF, 0xFF,
    0xFF, 0xFF, 0xFF, 0xFF, 0xFF, 0xFF, 0xFF, 0xFF, 0xFF, 0xFE, 0xFE, 0xDE,
    0xF8, 0xFF, 0xFF, 0xFF, 0xFF, 0xFF, 0xFF, 0xFF, 0xFF, 0xFF, 0xFF, 0xFF,
    0xFE, 0xFF, 0x25, 0x00, 0x02, 0x00, 0x00, 0x00, 0x00, 0x00, 0x00, 0x00,
    0x00, 0x00, 0x00, 0x00, 0x00, 0x00, 0x04, 0x00, 0x75, 0xFF, 0xFD, 0xFF,
    0xFF, 0xFF, 0xFF, 0xFF, 0xFF, 0xFF, 0xFF, 0xFF, 0xFF, 0xFF, 0xFF, 0xFF,
    0xFF, 0xF8, 0xFF, 0xFE, 0xFF, 0xFF, 0xFF, 0xFF, 0xFF, 0xFF, 0xFF, 0xFF,
    0xFF, 0xFF, 0xFF, 0xFF, 0xFF, 0xFF, 0xFF, 0xFF, 0xFF, 0xFF, 0xFF, 0xFF,
    0xFF, 0xFF, 0xFF, 0xFF, 0xFF, 0xFF, 0xFF, 0xFF, 0xFF, 0xFF, 0xFF, 0xFF,
    0xFF, 0xFF, 0xFE, 0xFF, 0xEF, 0xEC, 0xFF, 0xFE, 0xFF, 0xFF, 0xFF, 0xFF,
    0xFF, 0xFF, 0xFF, 0xFF, 0xFF, 0xFE, 0xFF, 0xF5, 0x1F, 0x00, 0x02, 0x00,
    0x00, 0x00, 0x00, 0x00, 0x00, 0x00, 0x00, 0x00, 0x00, 0x00, 0x00, 0x00,
    0x04, 0x00, 0x5F, 0xFF, 0xFE, 0xFE, 0xFF, 0xFF, 0xFF, 0xFF, 0xFF, 0xFF,
    0xFF, 0xFF, 0xFF, 0xFF, 0xFF, 0xFE, 0xFF, 0xEC, 0xE9, 0xFF, 0xFF, 0xFF,
    0xFF, 0xFF, 0xFF, 0xFF, 0xFF, 0xFF, 0xFF, 0xFF, 0xFF, 0xFF, 0xFF, 0xFF,
    0xFF, 0xFF, 0xFF, 0xFF, 0xFF, 0xFF, 0xFF, 0xFF, 0xFF, 0xFF, 0xFF, 0xFF,
    0xFF, 0xFF, 0xFF, 0xFF, 0xFF, 0xFF, 0xFF, 0xFF, 0xFF, 0xFF, 0xFD, 0xFD,
    0xFF, 0xFF, 0xFF, 0xFF, 0xFF, 0xFF, 0xFF, 0xFF, 0xFF, 0xFF, 0xFF, 0xFD,
    0xFF, 0xD1, 0x0F, 0x00, 0x01, 0x00, 0x00, 0x00, 0x00, 0x00, 0x00, 0x00,
    0x00, 0x00, 0x00, 0x00, 0x00, 0x00, 0x03, 0x00, 0x36, 0xF4, 0xFF, 0xFE,
    0xFF, 0xFF, 0xFF, 0xFF, 0xFF, 0xFF, 0xFF, 0xFF, 0xFF, 0xFF, 0xFF, 0xFF,
    0xFF, 0xFF, 0xEA, 0xE0, 0xFA, 0xFF, 0xFF, 0xFF, 0xFF, 0xFF, 0xFF, 0xFF,
    0xFF, 0xFF, 0xFF, 0xFF, 0xFF, 0xFF, 0xFF, 0xFF, 0xFF, 0xFF, 0xFF, 0xFF,
    0xFF, 0xFF, 0xFF, 0xFF, 0xFF, 0xFF, 0xFF, 0xFF, 0xFF, 0xFF, 0xFF, 0xFF,
    0xFF, 0xFF, 0xFF, 0xFF, 0xFF, 0xFF, 0xFF, 0xFF, 0xFF, 0xFF, 0xFF, 0xFF,
    0xFF, 0xFF, 0xFF, 0xFF, 0xFF, 0xFB, 0xFF, 0x98, 0x00, 0x02, 0x00, 0x00,
    0x00, 0x00, 0x00, 0x00, 0x00, 0x00, 0x00, 0x00, 0x00, 0x00, 0x00, 0x00,
    0x00, 0x00, 0x03, 0xD8, 0xFE, 0xFD, 0xFF, 0xFF, 0xFF, 0xFF, 0xFF, 0xFF,
    0xFF, 0xFF, 0xFF, 0xFF, 0xFF, 0xFF, 0xFF, 0xFF, 0xFF, 0xF4, 0xF1, 0xFF,
    0xFF, 0xFF, 0xFF, 0xFF, 0xFF, 0xFF, 0xFF, 0xFF, 0xFF, 0xFF, 0xFF, 0xFF,
    0xFF, 0xFF, 0xFF, 0xFF, 0xFF, 0xFF, 0xFF, 0xFF, 0xFF, 0xFF, 0xFF, 0xFF,
    0xFF, 0xFF, 0xFF, 0xFF, 0xFF, 0xFF, 0xFF, 0xFF, 0xFF, 0xFF, 0xFF, 0xFF,
    0xFF, 0xFF, 0xFF, 0xFF, 0xFF, 0xFF, 0xFF, 0xFF, 0xFF, 0xFF, 0xFE, 0xFD,
    0xFC, 0x46, 0x00, 0x04, 0x00, 0x00, 0x00, 0x00, 0x00, 0x00, 0x00, 0x00,
    0x00, 0x00, 0x00, 0x00, 0x00, 0x00, 0x00, 0x02, 0x00, 0x80, 0xFF, 0xFC,
    0xFF, 0xFF, 0xFF, 0xFF, 0xFF, 0xFF, 0xFF, 0xFF, 0xFF, 0xFF, 0xFF, 0xFF,
    0xFF, 0xFF, 0xFE, 0xFF, 0xFF, 0xFF, 0xFF, 0xFF, 0xFF, 0xFF, 0xFF, 0xFF,
    0xFF, 0xFF, 0xFF, 0xFF, 0xFF, 0xFF, 0xFF, 0xFF, 0xFF, 0xFF, 0xFF, 0xFF,
    0xFF, 0xFF, 0xFF, 0xFF, 0xFF, 0xFF, 0xFF, 0xFF, 0xFF, 0xFF, 0xFF, 0xFF,
    0xFF, 0xFF, 0xFF, 0xFF, 0xFF, 0xFF, 0xFF, 0xFF, 0xFF, 0xFF, 0xFF, 0xFF,
    0xFF, 0xFF, 0xFF, 0xFF, 0xFC, 0xFF, 0xB5, 0x02, 0x01, 0x00, 0x00, 0x00,
    0x00, 0x00, 0x00, 0x00, 0x00, 0x00, 0x00, 0x00, 0x00, 0x00, 0x00, 0x00,
    0x00, 0x01, 0x00, 0x1E, 0xE8, 0xFE, 0xFD, 0xFF, 0xFF, 0xFF, 0xFF, 0xFF,
    0xFF, 0xFF, 0xFF, 0xFF, 0xFF, 0xFF, 0xFF, 0xFF, 0xFF, 0xFF, 0xFF, 0xFF,
    0xFF, 0xFF, 0xFF, 0xFF, 0xFF, 0xFF, 0xFF, 0xFF, 0xFF, 0xFF, 0xFF, 0xFF,
    0xFF, 0xFF, 0xFF, 0xFF, 0xFF, 0xFF, 0xFF, 0xFF, 0xFF, 0xFF, 0xFF, 0xFF,
    0xFF, 0xFF, 0xFF, 0xFF, 0xFF, 0xFF, 0xFF, 0xFF, 0xFF, 0xFF, 0xFF, 0xFF,
    0xFF, 0xFF, 0xFF, 0xFF, 0xFF, 0xFF, 0xFF, 0xFF, 0xFF, 0xFD, 0xFF, 0xEC,
    0x28, 0x00, 0x02, 0x00, 0x00, 0x00, 0x00, 0x00, 0x00, 0x00, 0x00, 0x00,
    0x00, 0x00, 0x00, 0x00, 0x00, 0x00, 0x00, 0x00, 0x03, 0x00, 0x6B, 0xFF,
    0xFB, 0xFE, 0xFF, 0xFF, 0xFF, 0xFF, 0xFF, 0xFF, 0xFF, 0xFF, 0xFF, 0xFF,
    0xFF, 0xFF, 0xFF, 0xFF, 0xFF, 0xFF, 0xFF, 0xFF, 0xFF, 0xFF, 0xFF, 0xFF,
    0xFF, 0xFF, 0xFF, 0xFF, 0xFF, 0xFF, 0xFF, 0xFF, 0xFF, 0xFF, 0xFF, 0xFF,
    0xFF, 0xFF, 0xFF, 0xFF, 0xFF, 0xFF, 0xFF, 0xFF, 0xFF, 0xFF, 0xFF, 0xFF,
    0xFF, 0xFF, 0xFF, 0xFF, 0xFF, 0xFF, 0xFF, 0xFF, 0xFF, 0xFF, 0xFF, 0xFF,
    0xFF, 0xFE, 0xFC, 0xFF, 0xF3, 0x49, 0x00, 0x02, 0x00, 0x00, 0x00, 0x00,
    0x00, 0x00, 0x00, 0x00, 0x00, 0x00, 0x00, 0x00, 0x00, 0x00, 0x00, 0x00,
    0x00, 0x00, 0x01, 0x03, 0x06, 0xA2, 0xFF, 0xFB, 0xFE, 0xFF, 0xFF, 0xFF,
    0xFF, 0xFF, 0xFF, 0xFF, 0xFF, 0xFF, 0xFF, 0xFF, 0xFF, 0xFF, 0xFF, 0xFF,
    0xFF, 0xFF, 0xFF, 0xFF, 0xFF, 0xFF, 0xFF, 0xFF, 0xFF, 0xFF, 0xFF, 0xFF,
    0xFF, 0xFF, 0xFF, 0xFF, 0xFF, 0xFF, 0xFF, 0xFF, 0xFF, 0xFF, 0xFF, 0xFF,
    0xFF, 0xFF, 0xFF, 0xFF, 0xFF, 0xFF, 0xFF, 0xFF, 0xFF, 0xFF, 0xFF, 0xFF,
    0xFF, 0xFF, 0xFF, 0xFF, 0xFF, 0xFF, 0xFF, 0xFF, 0xFF, 0xDA, 0x3F, 0x00,
    0x02, 0x00, 0x00, 0x00, 0x00, 0x00, 0x00, 0x00, 0x00, 0x00, 0x00, 0x00,
    0x00, 0x00, 0x00, 0x00, 0x00, 0x00, 0x00, 0x00, 0x00, 0x01, 0x00, 0x08,
    0xA7, 0xFF, 0xFF, 0xFE, 0xFF, 0xFF, 0xFF, 0xFF, 0xFF, 0xFF, 0xFF, 0xFF,
    0xFF, 0xFF, 0xFF, 0xFF, 0xFF, 0xFF, 0xFF, 0xFF, 0xFF, 0xFF, 0xFF, 0xFF,
    0xFF, 0xFF, 0xFF, 0xFF, 0xFF, 0xFF, 0xFF, 0xFF, 0xFF, 0xFF, 0xFF, 0xFF,
    0xFF, 0xFF, 0xFF, 0xFF, 0xFF, 0xFF, 0xFF, 0xFF, 0xFF, 0xFF, 0xFF, 0xFF,
    0xFF, 0xFF, 0xFF, 0xFF, 0xFF, 0xFF, 0xFF, 0xFF, 0xFF, 0xFF, 0xFF, 0xFF,
    0xFE, 0xE4, 0x91, 0x16, 0x00, 0x03, 0x00, 0x00, 0x00, 0x00, 0x00, 0x00,
    0x00, 0x00, 0x00, 0x00, 0x00, 0x00, 0x00, 0x00, 0x00, 0x00, 0x00, 0x00,
    0x00, 0x00, 0x00, 0x00, 0x02, 0x00, 0x05, 0x81, 0xF9, 0xFF, 0xFE, 0xFF,
    0xFF, 0xFF, 0xFF, 0xFF, 0xFF, 0xFF, 0xFF, 0xFF, 0xFF, 0xFF, 0xFF, 0xFF,
    0xFF, 0xFF, 0xFF, 0xFF, 0xFF, 0xFF, 0xFF, 0xFF, 0xFF, 0xFF, 0xFF, 0xFF,
    0xFF, 0xFF, 0xFF, 0xFF, 0xFF, 0xFF, 0xFF, 0xFF, 0xFF, 0xFF, 0xFF, 0xFF,
    0xFF, 0xFF, 0xFF, 0xFF, 0xFF, 0xFF, 0xFF, 0xFF, 0xFF, 0xFF, 0xFF, 0xFF,
    0xFF, 0xFF, 0xFF, 0xFF, 0xFF, 0xFD, 0xFF, 0x75, 0x00, 0x00, 0x03, 0x00,
    0x00, 0x00, 0x00, 0x00, 0x00, 0x00, 0x00, 0x00, 0x00, 0x00, 0x00, 0x00,
    0x00, 0x00, 0x00, 0x00, 0x00, 0x00, 0x00, 0x00, 0x00, 0x00, 0x00, 0x01,
    0x00, 0x00, 0x33, 0xCE, 0xFF, 0xFC, 0xFF, 0xFF, 0xFF, 0xFF, 0xFF, 0xFF,
    0xFF, 0xFF, 0xFF, 0xFF, 0xFF, 0xFF, 0xFF, 0xFF, 0xFF, 0xFF, 0xFF, 0xFF,
    0xFF, 0xFF, 0xFF, 0xFF, 0xFF, 0xFF, 0xFF, 0xFF, 0xFF, 0xFF, 0xFF, 0xFF,
    0xFF, 0xFF, 0xFF, 0xFF, 0xFF, 0xFF, 0xFF, 0xFF, 0xFF, 0xFF, 0xFF, 0xFF,
    0xFF, 0xFF, 0xFF, 0xFF, 0xFF, 0xFF, 0xFF, 0xFF, 0xFF, 0xFF, 0xFF, 0xFD,
    0xFF, 0xC4, 0x03, 0x02, 0x00, 0x00, 0x00, 0x00, 0x00, 0x00, 0x00, 0x00,
    0x00, 0x00, 0x00, 0x00, 0x00, 0x00, 0x00, 0x00, 0x00, 0x00, 0x00, 0x00,
    0x00, 0x00, 0x00, 0x00, 0x00, 0x00, 0x03, 0x03, 0x11, 0xDC, 0xFE, 0xFD,
    0xFF, 0xFF, 0xFF, 0xFF, 0xFF, 0xFF, 0xFF, 0xFF, 0xFF, 0xFF, 0xFF, 0xFF,
    0xFF, 0xFF, 0xFF, 0xFF, 0xFF, 0xFF, 0xFF, 0xFF, 0xFF, 0xFF, 0xFF, 0xFF,
    0xFF, 0xFF, 0xFF, 0xFF, 0xFF, 0xFF, 0xFF, 0xFF, 0xFF, 0xFF, 0xFF, 0xFF,
    0xFF, 0xFF, 0xFF, 0xFF, 0xFF, 0xFF, 0xFF, 0xFF, 0xFF, 0xFF, 0xFF, 0xFF,
    0xFF, 0xFF, 0xFF, 0xFF, 0xFF, 0xFE, 0xFE, 0xF7, 0x3F, 0x00, 0x03, 0x00,
    0x00, 0x00, 0x00, 0x00, 0x00, 0x00, 0x00, 0x00, 0x00, 0x00, 0x00, 0x00,
    0x00, 0x00, 0x00, 0x00, 0x00, 0x00, 0x00, 0x00, 0x00, 0x00, 0x00, 0x00,
    0x02, 0x00, 0x7D, 0xFF, 0xFD, 0xFF, 0xFF, 0xFF, 0xFF, 0xFF, 0xFF, 0xFF,
    0xFF, 0xFF, 0xFF, 0xFF, 0xFF, 0xFF, 0xFF, 0xFF, 0xFF, 0xFF, 0xFF, 0xFF,
    0xFF, 0xFF, 0xFF, 0xFF, 0xFF, 0xFF, 0xFF, 0xFF, 0xFF, 0xFF, 0xFF, 0xFF,
    0xFF, 0xFF, 0xFF, 0xFF, 0xFF, 0xFF, 0xFF, 0xFF, 0xFF, 0xFF, 0xFF, 0xFF,
    0xFF, 0xFF, 0xFF, 0xFF, 0xFF, 0xFF, 0xFF, 0xFF, 0xFF, 0xFF, 0xFF, 0xFF,
    0xFB, 0xFF, 0x94, 0x00, 0x03, 0x01, 0x00, 0x00, 0x00, 0x00, 0x00, 0x00,
    0x00, 0x00, 0x00, 0x00, 0x00, 0x00, 0x00, 0x00, 0x00, 0x00, 0x00, 0x00,
    0x00, 0x00, 0x00, 0x00, 0x00, 0x01, 0x00, 0x15, 0xE9, 0xFE, 0xFE, 0xFF,
    0xFF, 0xFF, 0xFF, 0xFF, 0xFF, 0xFF, 0xFF, 0xFF, 0xFF, 0xFF, 0xFF, 0xFF,
    0xFF, 0xFF, 0xFF, 0xFF, 0xFF, 0xFF, 0xFF, 0xFF, 0xFE, 0xFE, 0xFF, 0xFF,
    0xFF, 0xFF, 0xFF, 0xFF, 0xFF, 0xFF, 0xFF, 0xFF, 0xFF, 0xFF, 0xFF, 0xFF,
    0xFF, 0xFF, 0xFF, 0xFF, 0xFF, 0xFF, 0xFF, 0xFF, 0xFF, 0xFF, 0xFD, 0xFD,
    0xFF, 0xFF, 0xFF, 0xFF, 0xFF, 0xFF, 0xFD, 0xFE, 0xE2, 0x1B, 0x00, 0x02,
    0x00, 0x00, 0x00, 0x00, 0x00, 0x00, 0x00, 0x00, 0x00, 0x00, 0x00, 0x00,
    0x00, 0x00, 0x00, 0x00, 0x00, 0x00, 0x00, 0x00, 0x00, 0x00, 0x00, 0x04,
    0x00, 0x82, 0xFF, 0xFD, 0xFF, 0xFF, 0xFF, 0xFF, 0xFF, 0xFF, 0xFF, 0xFF,
    0xFE, 0xFC, 0xFF, 0xFF, 0xFF, 0xFF, 0xFF, 0xFF, 0xFF, 0xFF, 0xFF, 0xFF,
    0xFF, 0xFE, 0xFF, 0xFF, 0xFF, 0xFF, 0xFF, 0xFF, 0xFF, 0xFF, 0xFF, 0xFF,
    0xFF, 0xFF, 0xFF, 0xFF, 0xFF, 0xFF, 0xFF, 0xFF, 0xFF, 0xFF, 0xFF, 0xFF,
    0xFF, 0xFF, 0xFF, 0xFD, 0xFF, 0xFF, 0xFC, 0xFD, 0xFF, 0xFF, 0xFF, 0xFF,
    0xFF, 0xFC, 0xFF, 0x62, 0x00, 0x03, 0x00, 0x00, 0x00, 0x00, 0x00, 0x00,
    0x00, 0x00, 0x00, 0x00, 0x00, 0x00, 0x00, 0x00, 0x00, 0x00, 0x00, 0x00,
    0x00, 0x00, 0x00, 0x00, 0x02, 0x01, 0x1E, 0xE0, 0xFE, 0xFD, 0xFF, 0xFF,
    0xFF, 0xFF, 0xFF, 0xFF, 0xFE, 0xFD, 0xFF, 0xFF, 0xFD, 0xFE, 0xFF, 0xFF,
    0xFF, 0xFF, 0xFF, 0xFF, 0xFF, 0xFE, 0xFC, 0xFF, 0xF4, 0xED, 0xFF, 0xFE,
    0xFF, 0xFF, 0xFF, 0xFF, 0xFF, 0xFF, 0xFF, 0xFF, 0xFF, 0xFF, 0xFF, 0xFF,
    0xFF, 0xFF, 0xFF, 0xFF, 0xFF, 0xFF, 0xFF, 0xFE, 0xFE, 0xFF, 0xBE, 0xDE,
    0xFF, 0xFF, 0xFC, 0xFE, 0xFF, 0xFF, 0xFF, 0xFD, 0xFE, 0xC6, 0x00, 0x00,
    0x00, 0x00, 0x00, 0x00, 0x00, 0x00, 0x00, 0x00, 0x00, 0x00, 0x00, 0x00,
    0x00, 0x00, 0x00, 0x00, 0x00, 0x00, 0x00, 0x00, 0x00, 0x00, 0x02, 0x00,
    0x7A, 0xFF, 0xFC, 0xFF, 0xFF, 0xFF, 0xFF, 0xFF, 0xFD, 0xFC, 0xFF, 0xFF,
    0xEF, 0xC5, 0xFF, 0xFF, 0xFF, 0xFC, 0xFB, 0xFC, 0xFC, 0xFB, 0xFE, 0xFF,
    0xFF, 0xEC, 0x44, 0x7D, 0xFF, 0xFD, 0xFF, 0xFF, 0xFF, 0xFF, 0xFF, 0xFF,
    0xFF, 0xFF, 0xFD, 0xFC, 0xFE, 0xFF, 0xFF, 0xFF, 0xFF, 0xFF, 0xFF, 0xFD,
    0xFC, 0xFF, 0xFF, 0x90, 0x00, 0x1A, 0x82, 0xE4, 0xFF, 0xFF, 0xFD, 0xFD,
    0xFF, 0xFF, 0xFF, 0xFB, 0x3B, 0x00, 0x02, 0x00, 0x00, 0x00, 0x00, 0x00,
    0x00, 0x00, 0x00, 0x00, 0x00, 0x00, 0x00, 0x00, 0x00, 0x00, 0x00, 0x00,
    0x00, 0x00, 0x00, 0x01, 0x01, 0x14, 0xE8, 0xFE, 0xFE, 0xFF, 0xFF, 0xFF,
    0xFF, 0xFC, 0xFF, 0xFF, 0xF4, 0x97, 0x29, 0x0D, 0x65, 0xDC, 0xFF, 0xFF,
    0xFF, 0xFF, 0xFF, 0xFF, 0xFF, 0xF3, 0x9D, 0x28, 0x00, 0x3E, 0xFA, 0xFF,
    0xFE, 0xFF, 0xFF, 0xFF, 0xFF, 0xFF, 0xFF, 0xFF, 0xFF, 0xFF, 0xFE, 0xFA,
    0xFC, 0xFC, 0xFE, 0xFF, 0xFF, 0xFF, 0xFF, 0xEA, 0x66, 0x00, 0x03, 0x00,
    0x00, 0x1F, 0x7E, 0xE9, 0xFF, 0xFF, 0xFB, 0xFE, 0xFC, 0xFF, 0x99, 0x00,
    0x04, 0x00, 0x00, 0x00, 0x00, 0x00, 0x00, 0x00, 0x00, 0x00, 0x00, 0x00,
    0x00, 0x00, 0x00, 0x00, 0x00, 0x00, 0x00, 0x00, 0x00, 0x02, 0x00, 0x81,
    0xFF, 0xFD, 0xFF, 0xFF, 0xFE, 0xFD, 0xFF, 0xFF, 0xF0, 0x9B, 0x2A, 0x00,
    0x00, 0x00, 0x00, 0x0B, 0x54, 0x97, 0xB5, 0xC1, 0xBE, 0xAA, 0x72, 0x25,
    0x00, 0x00, 0x03, 0x06, 0xE0, 0xFF, 0xFE, 0xFF, 0xFF, 0xFF, 0xFF, 0xFE,
    0xFF, 0xE4, 0x82, 0xCE, 0xFF, 0xFF, 0xFF, 0xFF, 0xFF, 0xFF, 0xFE, 0xD3,
    0x8C, 0x1C, 0x00, 0x01, 0x00, 0x01, 0x04, 0x00, 0x00, 0x17, 0x83, 0xDF,
    0xFF, 0xFF, 0xFA, 0xFD, 0xE0, 0x1F, 0x00, 0x02, 0x00, 0x00, 0x00, 0x00,
    0x00, 0x00, 0x00, 0x00, 0x00, 0x00, 0x00, 0x00, 0x00, 0x00, 0x00, 0x00,
    0x00, 0x00, 0x02, 0x01, 0x1D, 0xE2, 0xFE, 0xFD, 0xFE, 0xFB, 0xFF, 0xFF,
    0xF8, 0x93, 0x31, 0x00, 0x00, 0x01, 0x02, 0x01, 0x02, 0x00, 0x00, 0x00,
    0x00, 0x04, 0x01, 0x00, 0x00, 0x00, 0x01, 0x02, 0x01, 0x00, 0x9F, 0xFE,
    0xFD, 0xFF, 0xFF, 0xFF, 0xFF, 0xFD, 0xFE, 0x9E, 0x00, 0x11, 0x43, 0x69,
    0x8A, 0x8E, 0xE6, 0xFF, 0xFF, 0x30, 0x00, 0x00, 0x02, 0x01, 0x00, 0x00,
    0x00, 0x02, 0x02, 0x00, 0x00, 0x21, 0x7D, 0xE9, 0xFF, 0xFF, 0xFF, 0x4D,
    0x00, 0x04, 0x00, 0x00, 0x00, 0x00, 0x00, 0x00, 0x00, 0x00, 0x00, 0x00,
    0x00, 0x00, 0x00, 0x00, 0x00, 0x00, 0x00, 0x00, 0x03, 0x00, 0x7B, 0xFF,
    0xFA, 0xFD, 0xFF, 0xFF, 0xED, 0x9B, 0x27, 0x00, 0x00, 0x04, 0x01, 0x00,
    0x00, 0x00, 0x00, 0x00, 0x03, 0x05, 0x02, 0x00, 0x00, 0x04, 0x04, 0x01,
    0x00, 0x00, 0x02, 0x00, 0x55, 0xFF, 0xFC, 0xFF, 0xFF, 0xFF, 0xFF, 0xFC,
    0xFF, 0x56, 0x04, 0x00, 0x00, 0x00, 0x00, 0x00, 0x94, 0xFF, 0xFF, 0x57,
    0x04, 0x03, 0x00, 0x00, 0x00, 0x00, 0x00, 0x00, 0x00, 0x01, 0x04, 0x00,
    0x00, 0x16, 0x83, 0xD6, 0xC3, 0x23, 0x00, 0x02, 0x00, 0x00, 0x00, 0x00,
    0x00, 0x00, 0x00, 0x00, 0x00, 0x00, 0x00, 0x00, 0x00, 0x00, 0x00, 0x00,
    0x00, 0x02, 0x00, 0x17, 0xE5, 0xFA, 0xFF, 0xFF, 0xF7, 0x95, 0x31, 0x00,
    0x00, 0x01, 0x03, 0x00, 0x00, 0x00, 0x00, 0x00, 0x00, 0x00, 0x00, 0x00,
    0x01, 0x01, 0x01, 0x00, 0x00, 0x00, 0x00, 0x00, 0x02, 0x00, 0x23, 0xEF,
    0xFF, 0xFE, 0xFF, 0xFF, 0xFE, 0xFE, 0xF0, 0x23, 0x00, 0x04, 0x04, 0x03,
    0x03, 0x01, 0x50, 0xFF, 0xFF, 0xA1, 0x00, 0x03, 0x00, 0x00, 0x00, 0x00,
    0x00, 0x00, 0x00, 0x00, 0x00, 0x02, 0x02, 0x00, 0x00, 0x0F, 0x0B, 0x00,
    0x01, 0x00, 0x00, 0x00, 0x00, 0x00, 0x00, 0x00, 0x00, 0x00, 0x00, 0x00,
    0x00, 0x00, 0x00, 0x00, 0x00, 0x00, 0x00, 0x02, 0x00, 0x1F, 0xFE, 0xFF,
    0xEF, 0x9A, 0x28, 0x00, 0x00, 0x04, 0x01, 0x00, 0x00, 0x00, 0x00, 0x00,
    0x00, 0x00, 0x00, 0x00, 0x00, 0x00, 0x00, 0x00, 0x00, 0x00, 0x00, 0x00,
    0x00, 0x00, 0x01, 0x01, 0x06, 0xB7, 0xFF, 0xFB, 0xFF, 0xFF, 0xFB, 0xFF,
    0xB7, 0x06, 0x01, 0x01, 0x00, 0x00, 0x02, 0x00, 0x17, 0xF3, 0xFF, 0xD1,
    0x06, 0x00, 0x01, 0x00, 0x00, 0x00, 0x00, 0x00, 0x00, 0x00, 0x00, 0x00,
    0x00, 0x01, 0x03, 0x00, 0x00, 0x01, 0x00, 0x00, 0x00, 0x00, 0x00, 0x00,
    0x00, 0x00, 0x00, 0x00, 0x00, 0x00, 0x00, 0x00, 0x00, 0x00, 0x00, 0x00,
    0x00, 0x01, 0x00, 0x00, 0x52, 0x8D, 0x2C, 0x00, 0x00, 0x02, 0x03, 0x00,
    0x00, 0x00, 0x00, 0x00, 0x00, 0x00, 0x00, 0x00, 0x00, 0x00, 0x00, 0x00,
    0x00, 0x00, 0x00, 0x00, 0x00, 0x00, 0x00, 0x00, 0x00, 0x04, 0x00, 0x7F,
    0xFF, 0xFB, 0xFF, 0xFF, 0xFB, 0xFF, 0x7E, 0x00, 0x04, 0x00, 0x00, 0x00,
    0x01, 0x00, 0x04, 0xBC, 0xFE, 0xEF, 0x34, 0x00, 0x03, 0x00, 0x00, 0x00,
    0x00, 0x00, 0x00, 0x00, 0x00, 0x00, 0x00, 0x00, 0x00, 0x01, 0x01, 0x00,
    0x00, 0x00, 0x00, 0x00, 0x00, 0x00, 0x00, 0x00, 0x00, 0x00, 0x00, 0x00,
    0x00, 0x00, 0x00, 0x00, 0x00, 0x00, 0x00, 0x00, 0x00, 0x00, 0x00, 0x00,
    0x00, 0x02, 0x02, 0x00, 0x00, 0x00, 0x00, 0x00, 0x00, 0x00, 0x00, 0x00,
    0x00, 0x00, 0x00, 0x00, 0x00, 0x00, 0x00, 0x00, 0x00, 0x00, 0x00, 0x00,
    0x00, 0x00, 0x00, 0x03, 0x00, 0x42, 0xF7, 0xFF, 0xFE, 0xFE, 0xFF, 0xF7,
    0x43, 0x00, 0x03, 0x00, 0x00, 0x00, 0x00, 0x02, 0x00, 0x7F, 0xFF, 0xFE,
    0x6B, 0x00, 0x05, 0x00, 0x00, 0x00, 0x00, 0x00, 0x00, 0x00, 0x00, 0x00,
    0x00, 0x00, 0x00, 0x00, 0x00, 0x00, 0x00, 0x00, 0x00, 0x00, 0x00, 0x00,
    0x00, 0x00, 0x00, 0x00, 0x00, 0x00, 0x00, 0x00, 0x00, 0x00, 0x00, 0x00,
    0x00, 0x00, 0x00, 0x00, 0x03, 0x05, 0x02, 0x00, 0x00, 0x00, 0x00, 0x00,
    0x00, 0x00, 0x00, 0x00, 0x00, 0x00, 0x00, 0x00, 0x00, 0x00, 0x00, 0x00,
    0x00, 0x00, 0x00, 0x00, 0x00, 0x00, 0x00, 0x00, 0x00, 0x01, 0x01, 0x0C,
    0xDB, 0xFF, 0xFD, 0xFD, 0xFF, 0xDC, 0x0D, 0x01, 0x01, 0x00, 0x00, 0x00,
    0x00, 0x03, 0x00, 0x38, 0xFD, 0xFF, 0x52, 0x00, 0x04, 0x00, 0x00, 0x00,
    0x00, 0x00, 0x00, 0x00, 0x00, 0x00, 0x00, 0x00, 0x00, 0x00, 0x00, 0x00,
    0x00, 0x00, 0x00, 0x00, 0x00, 0x00, 0x00, 0x00, 0x00, 0x00, 0x00, 0x00,
    0x00, 0x00, 0x00, 0x00, 0x00, 0x00, 0x00, 0x00, 0x00, 0x00, 0x00, 0x00,
    0x00, 0x00, 0x00, 0x00, 0x00, 0x00, 0x00, 0x00, 0x00, 0x00, 0x00, 0x00,
    0x00, 0x00, 0x00, 0x00, 0x00, 0x00, 0x00, 0x00, 0x00, 0x00, 0x00, 0x00,
    0x00, 0x00, 0x00, 0x00, 0x02, 0x00, 0xA5, 0xFE, 0xFD, 0xFD, 0xFE, 0xA5,
    0x00, 0x02, 0x00, 0x00, 0x00, 0x00, 0x00, 0x00, 0x00, 0x00, 0x42, 0x49,
    0x01, 0x00, 0x00, 0x00, 0x00, 0x00, 0x00, 0x00, 0x00, 0x00, 0x00, 0x00,
    0x00, 0x00, 0x00, 0x00, 0x00, 0x00, 0x00, 0x00, 0x00, 0x00, 0x00, 0x00,
    0x00, 0x00, 0x00, 0x00, 0x00, 0x00, 0x00, 0x00, 0x00, 0x00, 0x00, 0x00,
    0x00, 0x00, 0x00, 0x00, 0x00, 0x00, 0x00, 0x00, 0x00, 0x00, 0x00, 0x00,
    0x00, 0x00, 0x00, 0x00, 0x00, 0x00, 0x00, 0x00, 0x00, 0x00, 0x00, 0x00,
    0x00, 0x00, 0x00, 0x00, 0x00, 0x00, 0x00, 0x00, 0x00, 0x00, 0x02, 0x00,
    0x59, 0xFF, 0xFE, 0xFE, 0xFF, 0x59, 0x00, 0x02, 0x00, 0x00, 0x00, 0x00,
    0x00, 0x00, 0x00, 0x00, 0x00, 0x00, 0x00, 0x00, 0x00, 0x00, 0x00, 0x00,
    0x00, 0x00, 0x00, 0x00, 0x00, 0x00, 0x00, 0x00, 0x00, 0x00, 0x00, 0x00,
    0x00, 0x00, 0x00, 0x00, 0x00, 0x00, 0x00, 0x00, 0x00, 0x00, 0x00, 0x00,
    0x00, 0x00, 0x00, 0x00, 0x00, 0x00, 0x00, 0x00, 0x00, 0x00, 0x00, 0x00,
    0x00, 0x00, 0x00, 0x00, 0x00, 0x00, 0x00, 0x00, 0x00, 0x00, 0x00, 0x00,
    0x00, 0x00, 0x00, 0x00, 0x00, 0x00, 0x00, 0x00, 0x00, 0x00, 0x00, 0x00,
    0x00, 0x00, 0x00, 0x00, 0x02, 0x00, 0x1C, 0xF4, 0xFF, 0xFF, 0xF4, 0x1D,
    0x00, 0x02, 0x00, 0x00, 0x00, 0x00, 0x00, 0x00, 0x00, 0x00, 0x04, 0x04,
    0x00, 0x00, 0x00, 0x00, 0x00, 0x00, 0x00, 0x00, 0x00, 0x00, 0x00, 0x00,
    0x00, 0x00, 0x00, 0x00, 0x00, 0x00, 0x00, 0x00, 0x00, 0x00, 0x00, 0x00,
    0x00, 0x00, 0x00, 0x00, 0x00, 0x00, 0x00, 0x00, 0x00, 0x00, 0x00, 0x00,
    0x00, 0x00, 0x00, 0x00, 0x00, 0x00, 0x00, 0x00, 0x00, 0x00, 0x00, 0x00,
    0x00, 0x00, 0x00, 0x00, 0x00, 0x00, 0x00, 0x00, 0x00, 0x00, 0x00, 0x00,
    0x00, 0x00, 0x00, 0x00, 0x00, 0x00, 0x00, 0x00, 0x00, 0x00, 0x01, 0x00,
    0x06, 0xBB, 0xFE, 0xFE, 0xBA, 0x06, 0x00, 0x01, 0x00, 0x00, 0x00, 0x00,
    0x00, 0x00, 0x00, 0x00, 0x00, 0x00, 0x00, 0x00, 0x00, 0x00, 0x00, 0x00,
    0x00, 0x00, 0x00, 0x00, 0x00, 0x00, 0x00, 0x00, 0x00, 0x00, 0x00, 0x00,
    0x00, 0x00, 0x00, 0x00, 0x00, 0x00, 0x00, 0x00, 0x00, 0x00, 0x00, 0x00,
    0x00, 0x00, 0x00, 0x00, 0x00, 0x00, 0x00, 0x00, 0x00, 0x00, 0x00, 0x00,
    0x00, 0x00, 0x00, 0x00, 0x00, 0x00, 0x00, 0x00, 0x00, 0x00, 0x00, 0x00,
    0x00, 0x00, 0x00, 0x00, 0x00, 0x00, 0x00, 0x00, 0x00, 0x00, 0x00, 0x00,
    0x00, 0x00, 0x00, 0x00, 0x00, 0x03, 0x00, 0x7A, 0xFF, 0xFF, 0x79, 0x00,
    0x03, 0x00, 0x00, 0x00, 0x00, 0x00, 0x00, 0x00, 0x00, 0x00, 0x00, 0x00,
    0x00, 0x00, 0x00, 0x00, 0x00, 0x00, 0x00, 0x00, 0x00, 0x00, 0x00, 0x00,
    0x00, 0x00, 0x00, 0x00, 0x00, 0x00, 0x00, 0x00, 0x00, 0x00, 0x00, 0x00,
    0x00, 0x00, 0x00, 0x00, 0x00, 0x00, 0x00, 0x00, 0x00, 0x00, 0x00, 0x00,
    0x00, 0x00, 0x00, 0x00, 0x00, 0x00, 0x00, 0x00, 0x00, 0x00, 0x00, 0x00,
    0x00, 0x00, 0x00, 0x00, 0x00, 0x00, 0x00, 0x00, 0x00, 0x00, 0x00, 0x00,
    0x00, 0x00, 0x00, 0x00, 0x00, 0x00, 0x00, 0x00, 0x00, 0x00, 0x00, 0x03,
    0x00, 0x24, 0xDB, 0xDA, 0x23, 0x00, 0x03, 0x00, 0x00, 0x00, 0x00, 0x00,
    0x00, 0x00, 0x00, 0x00, 0x00, 0x00, 0x00, 0x00, 0x00, 0x00, 0x00, 0x00,
    0x00, 0x00, 0x00, 0x00, 0x00, 0x00, 0x00, 0x00, 0x00, 0x00, 0x00, 0x00,
    0x00, 0x00, 0x00, 0x00, 0x00, 0x00, 0x00, 0x00, 0x00, 0x00, 0x00, 0x00,
};

static const lv_image_dsc_t explosion_img = {
    .header = {
        .magic      = LV_IMAGE_HEADER_MAGIC,
        .cf         = LV_COLOR_FORMAT_NATIVE_WITH_ALPHA,
        .flags      = 0,
        .w          = 90,
        .h          = 90,
        .stride     = 180,
        .reserved_2 = 0,
    },
    .data_size = 24300,
    .data      = explosion_img_map,
};
