#pragma once
#include <lvgl.h>

static const uint8_t reward_img_map[] = {
    0x00, 0x00, 0x00, 0x00, 0x00, 0x00, 0xE0, 0xFF, 0x00, 0xF8, 0xE6, 0xFD,
    0xC6, 0xFD, 0xC6, 0xFD, 0xC6, 0xFD, 0xC6, 0xFD, 0xE6, 0xFD, 0x4A, 0xFD,
    0x00, 0x00, 0x00, 0x00, 0x00, 0x00, 0x00, 0x00, 0x00, 0x00, 0x00, 0x00,
    0x00, 0x00, 0x00, 0x00, 0x00, 0x00, 0x00, 0x00, 0x00, 0x00, 0x00, 0x00,
    0x00, 0x00, 0x00, 0x00, 0x00, 0x00, 0x00, 0x00, 0x00, 0x00, 0x00, 0x00,
    0x00, 0x00, 0x00, 0x00, 0x00, 0x00, 0xEF, 0xFB, 0x00, 0x00, 0xEC, 0xFB,
    0x0C, 0xFC, 0x0C, 0xFC, 0x0C, 0xFC, 0xEC, 0xFB, 0x0C, 0xFC, 0x2D, 0xFC,
    0xEC, 0xFB, 0x2C, 0xFB, 0x00, 0x00, 0x00, 0x00, 0x00, 0x00, 0x00, 0x00,
    0x00, 0x00, 0x00, 0xF8, 0xE0, 0xFF, 0x00, 0xF8, 0x00, 0x00, 0x00, 0x00,
    0x00, 0x00, 0x00, 0x00, 0x00, 0x00, 0x00, 0x00, 0x00, 0x00, 0x00, 0x00,
    0x00, 0x00, 0x00, 0x00, 0x00, 0x00, 0x00, 0x00, 0x00, 0x00, 0x00, 0x00,
    0x00, 0x00, 0x00, 0x00, 0x00, 0x00, 0x00, 0x00, 0x00, 0x00, 0x00, 0x00,
    0x00, 0x00, 0x00, 0x00, 0x00, 0x00, 0x00, 0x00, 0x00, 0x00, 0x00, 0x00,
    0x00, 0x00, 0x00, 0x00, 0x00, 0x00, 0x00, 0x00, 0x00, 0x00, 0x00, 0x00,
    0x00, 0x00, 0x00, 0x00, 0x00, 0x00, 0x00, 0x00, 0x00, 0x00, 0x49, 0xFA,
    0x69, 0xFA, 0x69, 0xFA, 0x69, 0xFA, 0x69, 0xFA, 0x86, 0xF9, 0xFF, 0xFF,
    0x00, 0x00, 0x00, 0x00, 0x00, 0x00, 0x00, 0x00, 0x00, 0x00, 0x00, 0x00,
    0x00, 0x00, 0x00, 0x00, 0x00, 0x00, 0x00, 0x00, 0x00, 0x00, 0x00, 0x00,
    0x00, 0x00, 0x00, 0x00, 0x00, 0x00, 0x00, 0x00, 0x00, 0x00, 0x00, 0x00,
    0x00, 0x00, 0x00, 0x00, 0x00, 0x00, 0x00, 0x00, 0x00, 0x00, 0x00, 0x00,
    0x00, 0x00, 0x00, 0x00, 0xE0, 0xFB, 0x00, 0xF8, 0xE6, 0xFD, 0xE6, 0xFD,
    0xC6, 0xFD, 0xC6, 0xFD, 0xE6, 0xFD, 0xE6, 0xFD, 0xE6, 0xFD, 0xC6, 0xFD,
    0xE6, 0xFD, 0x00, 0x00, 0x00, 0x00, 0x00, 0x00, 0x00, 0x00, 0x00, 0x00,
    0x00, 0x00, 0x00, 0x00, 0x00, 0x00, 0x00, 0x00, 0x00, 0x00, 0x00, 0x00,
    0x00, 0x00, 0x00, 0x00, 0x00, 0x00, 0x00, 0x00, 0x00, 0x00, 0x00, 0x00,
    0x00, 0x00, 0x00, 0x00, 0xEF, 0xFB, 0x00, 0x00, 0x0C, 0xFC, 0x0C, 0xFC,
    0x2D, 0xFC, 0xEC, 0xFB, 0x0C, 0xFC, 0x0C, 0xFC, 0x0C, 0xFC, 0x0D, 0xFC,
    0xEC, 0xFB, 0xEC, 0xFB, 0x0D, 0xFC, 0x0C, 0xFC, 0xEC, 0xFB, 0xEB, 0xFB,
    0x00, 0x00, 0x00, 0x00, 0x00, 0x00, 0x00, 0x00, 0x00, 0x00, 0xEF, 0xFB,
    0xFF, 0xFF, 0x00, 0xF8, 0x00, 0x00, 0x00, 0x00, 0x00, 0x00, 0x00, 0x00,
    0x00, 0x00, 0x00, 0x00, 0x00, 0x00, 0x00, 0x00, 0x00, 0x00, 0x00, 0x00,
    0x00, 0x00, 0x00, 0x00, 0x00, 0x00, 0x00, 0x00, 0x00, 0x00, 0x00, 0x00,
    0x00, 0x00, 0x00, 0x00, 0x00, 0x00, 0x00, 0x00, 0x00, 0x00, 0x00, 0x00,
    0x00, 0x00, 0x00, 0x00, 0x00, 0x00, 0x00, 0x00, 0x00, 0x00, 0x00, 0x00,
    0x00, 0x00, 0x00, 0x00, 0x00, 0x00, 0x00, 0x00, 0x28, 0xFA, 0x69, 0xFA,
    0x69, 0xFA, 0x69, 0xFA, 0x69, 0xFA, 0x69, 0xFA, 0x69, 0xFA, 0xAA, 0xFA,
    0x2C, 0xFB, 0x00, 0x00, 0x00, 0x00, 0x00, 0x00, 0x00, 0x00, 0x00, 0x00,
    0x00, 0x00, 0x00, 0x00, 0x00, 0x00, 0x00, 0x00, 0x00, 0x00, 0x00, 0x00,
    0x00, 0x00, 0x00, 0x00, 0x00, 0x00, 0x00, 0x00, 0x00, 0x00, 0x00, 0x00,
    0x00, 0x00, 0x00, 0x00, 0x00, 0x00, 0x00, 0x00, 0x00, 0x00, 0x00, 0x00,
    0x00, 0x00, 0xE0, 0xFF, 0x00, 0x00, 0x27, 0xFE, 0xC6, 0xFD, 0x06, 0xFE,
    0xC6, 0xFD, 0xC6, 0xFD, 0xC6, 0xFD, 0xC6, 0xFD, 0xC6, 0xFD, 0x06, 0xFE,
    0xC6, 0xFD, 0xC6, 0xFD, 0x00, 0x00, 0x00, 0x00, 0x00, 0x00, 0x00, 0x00,
    0x00, 0x00, 0x00, 0x00, 0x00, 0x00, 0x00, 0x00, 0x00, 0x00, 0x00, 0x00,
    0x00, 0x00, 0x00, 0x00, 0x00, 0x00, 0x00, 0x00, 0x00, 0x00, 0x00, 0x00,
    0x00, 0x00, 0x00, 0x00, 0xE0, 0xFF, 0x00, 0xF8, 0xEC, 0xFB, 0x6D, 0xFC,
    0xEC, 0xFB, 0x0C, 0xFC, 0x0C, 0xFC, 0x0C, 0xFC, 0x0C, 0xFC, 0xEC, 0xFB,
    0x0C, 0xFC, 0x0D, 0xFC, 0x2D, 0xFC, 0x2D, 0xFC, 0xEC, 0xFB, 0x0C, 0xFC,
    0x0C, 0xFC, 0x0C, 0xFC, 0x2C, 0xFC, 0x4A, 0xFB, 0x00, 0x00, 0x00, 0x00,
    0x00, 0x00, 0x00, 0x00, 0x00, 0xF8, 0xAA, 0xFA, 0xEF, 0xFB, 0x00, 0xF8,
    0x00, 0x00, 0x00, 0x00, 0x00, 0x00, 0x00, 0x00, 0x00, 0x00, 0x00, 0x00,
    0x00, 0x00, 0x00, 0x00, 0x00, 0x00, 0x00, 0x00, 0x00, 0x00, 0x00, 0x00,
    0x00, 0x00, 0x00, 0x00, 0x00, 0x00, 0x00, 0x00, 0x00, 0x00, 0x00, 0x00,
    0x00, 0x00, 0x00, 0x00, 0x00, 0x00, 0x00, 0x00, 0x00, 0x00, 0x00, 0x00,
    0x00, 0x00, 0x00, 0x00, 0xEF, 0xFB, 0x00, 0x00, 0x49, 0xFA, 0x69, 0xFA,
    0x69, 0xFA, 0x69, 0xFA, 0x69, 0xFA, 0x8A, 0xFA, 0x69, 0xFA, 0x49, 0xFA,
    0x00, 0x00, 0xE7, 0xF9, 0x00, 0x00, 0x00, 0x00, 0x00, 0x00, 0x00, 0x00,
    0x00, 0x00, 0x00, 0x00, 0x00, 0x00, 0x00, 0x00, 0x00, 0x00, 0x00, 0x00,
    0x00, 0x00, 0x00, 0x00, 0x00, 0x00, 0x00, 0x00, 0x00, 0x00, 0x00, 0x00,
    0x00, 0x00, 0x00, 0x00, 0x00, 0x00, 0x00, 0x00, 0x00, 0x00, 0x00, 0x00,
    0x00, 0x00, 0xE0, 0xFF, 0x00, 0x00, 0xE5, 0xFD, 0xC6, 0xFD, 0xE6, 0xFD,
    0xC6, 0xFD, 0xC6, 0xFD, 0xC6, 0xFD, 0xC6, 0xFD, 0xC6, 0xFD, 0xC6, 0xFD,
    0xC6, 0xFD, 0xE6, 0xFD, 0xE6, 0xFD, 0x00, 0x00, 0xE0, 0xFF, 0x00, 0x00,
    0x00, 0x00, 0x00, 0x00, 0x00, 0x00, 0x00, 0x00, 0x00, 0x00, 0x00, 0x00,
    0x00, 0x00, 0x00, 0x00, 0x00, 0x00, 0x00, 0x00, 0x00, 0x00, 0x00, 0x00,
    0x00, 0x00, 0x00, 0xF8, 0x00, 0x00, 0xAA, 0xFA, 0x0C, 0xFC, 0x2D, 0xFC,
    0xEC, 0xFB, 0x0C, 0xFC, 0x0C, 0xFC, 0x0C, 0xFC, 0x0C, 0xFC, 0x0C, 0xFC,
    0x0C, 0xFC, 0x0C, 0xFC, 0x0C, 0xFC, 0x0C, 0xFC, 0x0C, 0xFC, 0x2D, 0xFC,
    0x4D, 0xFC, 0x2D, 0xFC, 0x0C, 0xFC, 0x0C, 0xFC, 0x0C, 0xFC, 0xEC, 0xFB,
    0x0C, 0xFC, 0x8B, 0xFB, 0x00, 0x00, 0x00, 0x00, 0x00, 0x00, 0x00, 0x00,
    0xEF, 0xFB, 0xE7, 0xF9, 0xEF, 0xFB, 0x00, 0xF8, 0x00, 0x00, 0x00, 0x00,
    0x00, 0x00, 0x00, 0x00, 0x00, 0x00, 0x00, 0x00, 0x00, 0x00, 0x00, 0x00,
    0x00, 0x00, 0x00, 0x00, 0x00, 0x00, 0x00, 0x00, 0x00, 0x00, 0x00, 0x00,
    0x00, 0x00, 0x00, 0x00, 0x00, 0x00, 0x00, 0x00, 0x00, 0x00, 0x00, 0x00,
    0x00, 0x00, 0x00, 0x00, 0xAA, 0xFA, 0x00, 0x00, 0x69, 0xFA, 0x69, 0xFA,
    0x69, 0xFA, 0x69, 0xFA, 0x69, 0xFA, 0x69, 0xFA, 0x69, 0xFA, 0x49, 0xFA,
    0x00, 0x00, 0x86, 0xF9, 0x00, 0x00, 0x00, 0x00, 0x00, 0x00, 0x00, 0x00,
    0x00, 0x00, 0x00, 0x00, 0x00, 0x00, 0x00, 0x00, 0x00, 0x00, 0x00, 0x00,
    0x00, 0x00, 0x00, 0x00, 0x00, 0x00, 0x00, 0x00, 0x00, 0x00, 0x00, 0x00,
    0x00, 0x00, 0x00, 0x00, 0x00, 0x00, 0x00, 0x00, 0x00, 0x00, 0x00, 0x00,
    0x00, 0x00, 0xE0, 0xFF, 0x00, 0x00, 0xE5, 0xFD, 0xC6, 0xFD, 0x26, 0xFE,
    0xC6, 0xFD, 0xC6, 0xFD, 0xC6, 0xFD, 0xC6, 0xFD, 0xC6, 0xFD, 0xC6, 0xFD,
    0xC6, 0xFD, 0xE6, 0xFD, 0x06, 0xFE, 0xC6, 0xFD, 0x00, 0x00, 0xE0, 0xFB,
    0x00, 0x00, 0x00, 0x00, 0x00, 0x00, 0x00, 0x00, 0x00, 0x00, 0x00, 0x00,
    0x00, 0x00, 0x00, 0x00, 0x00, 0x00, 0x00, 0x00, 0x00, 0x00, 0x00, 0x00,
    0x00, 0x00, 0x00, 0xF8, 0x00, 0x00, 0x6D, 0xFB, 0xEC, 0xFB, 0x4D, 0xFC,
    0x0C, 0xFC, 0x0C, 0xFC, 0x0C, 0xFC, 0x0C, 0xFC, 0x0C, 0xFC, 0x0C, 0xFC,
    0x0C, 0xFC, 0x0C, 0xFC, 0x0C, 0xFC, 0x0C, 0xFC, 0xEC, 0xFB, 0x0C, 0xFC,
    0x0C, 0xFC, 0x0C, 0xFC, 0x0C, 0xFC, 0x2D, 0xFC, 0x4D, 0xFC, 0x0D, 0xFC,
    0x0C, 0xFC, 0x0C, 0xFC, 0x6B, 0xFB, 0x69, 0xFA, 0x49, 0xFA, 0x69, 0xFA,
    0x00, 0x00, 0x00, 0x00, 0x00, 0x00, 0x00, 0x00, 0xE7, 0xF9, 0xE7, 0xF9,
    0xAA, 0xFA, 0x00, 0xF8, 0x00, 0x00, 0x00, 0x00, 0x00, 0x00, 0x00, 0x00,
    0x00, 0x00, 0x00, 0x00, 0x00, 0x00, 0x00, 0x00, 0x00, 0x00, 0x00, 0x00,
    0x00, 0x00, 0x00, 0x00, 0x00, 0x00, 0x00, 0x00, 0x00, 0x00, 0x00, 0x00,
    0x00, 0x00, 0x00, 0x00, 0xEF, 0xFB, 0x00, 0x00, 0x69, 0xFA, 0x69, 0xFA,
    0x69, 0xFA, 0x69, 0xFA, 0x69, 0xFA, 0x8A, 0xFA, 0x69, 0xFA, 0x69, 0xFA,
    0x00, 0x00, 0xAA, 0xFA, 0x00, 0x00, 0x00, 0x00, 0x00, 0x00, 0x00, 0x00,
    0x00, 0x00, 0x00, 0x00, 0x00, 0x00, 0x00, 0x00, 0x00, 0x00, 0x00, 0x00,
    0x00, 0x00, 0x00, 0x00, 0x00, 0x00, 0x00, 0x00, 0x00, 0x00, 0x00, 0x00,
    0x00, 0x00, 0x00, 0x00, 0x00, 0x00, 0x00, 0x00, 0x00, 0x00, 0x00, 0x00,
    0x00, 0x00, 0x00, 0x00, 0x00, 0x00, 0x00, 0x00, 0xE6, 0xFD, 0x26, 0xFE,
    0x26, 0xFE, 0xC6, 0xFD, 0xC6, 0xFD, 0xC6, 0xFD, 0xC6, 0xFD, 0xC6, 0xFD,
    0xC6, 0xFD, 0xC6, 0xFD, 0xE6, 0xFD, 0xC6, 0xFD, 0xC6, 0xFD, 0x00, 0x00,
    0xE0, 0xFF, 0x00, 0x00, 0x00, 0x00, 0x00, 0x00, 0x00, 0x00, 0x00, 0x00,
    0x00, 0x00, 0x00, 0x00, 0x00, 0x00, 0x00, 0x00, 0x00, 0x00, 0x00, 0x00,
    0x00, 0x00, 0x00, 0xF8, 0x00, 0x00, 0x6D, 0xFB, 0xEC, 0xFB, 0x4D, 0xFC,
    0x0C, 0xFC, 0x0C, 0xFC, 0x0C, 0xFC, 0x0C, 0xFC, 0x0C, 0xFC, 0x0C, 0xFC,
    0x0C, 0xFC, 0x0C, 0xFC, 0x0C, 0xFC, 0x0C, 0xFC, 0x0C, 0xFC, 0x0C, 0xFC,
    0x0C, 0xFC, 0x0C, 0xFC, 0x0C, 0xFC, 0xEC, 0xFB, 0xEC, 0xFB, 0x0C, 0xFC,
    0x0C, 0xFC, 0x4D, 0xFC, 0x6B, 0xFB, 0x69, 0xFA, 0x49, 0xFA, 0x49, 0xFA,
    0x69, 0xFA, 0x69, 0xFA, 0x69, 0xFA, 0x28, 0xFA, 0x00, 0x00, 0x00, 0x00,
    0x00, 0x00, 0x00, 0x00, 0x2C, 0xFB, 0xE7, 0xF9, 0xAA, 0xFA, 0x00, 0xF8,
    0x00, 0x00, 0x00, 0x00, 0x00, 0x00, 0x00, 0x00, 0x00, 0x00, 0x00, 0x00,
    0x00, 0x00, 0x00, 0x00, 0x00, 0x00, 0x00, 0x00, 0x00, 0x00, 0x00, 0x00,
    0x00, 0x00, 0x00, 0x00, 0x00, 0x00, 0x00, 0x00, 0x8A, 0xFA, 0x69, 0xFA,
    0xAA, 0xFA, 0x8A, 0xFA, 0x8A, 0xFA, 0x8A, 0xFA, 0x69, 0xFA, 0x00, 0x00,
    0x00, 0xF8, 0x00, 0x00, 0x00, 0x00, 0x00, 0x00, 0x00, 0x00, 0x00, 0x00,
    0x00, 0x00, 0x00, 0x00, 0x00, 0x00, 0x00, 0x00, 0x00, 0x00, 0x00, 0x00,
    0x00, 0x00, 0x00, 0x00, 0x00, 0x00, 0x00, 0x00, 0x00, 0x00, 0x00, 0x00,
    0x00, 0x00, 0x00, 0x00, 0x00, 0x00, 0x00, 0x00, 0x00, 0x00, 0x00, 0x00,
    0x00, 0x00, 0x00, 0x00, 0xE0, 0xFF, 0xE0, 0xFF, 0xFF, 0xFF, 0xA6, 0xFD,
    0x06, 0xFE, 0xC6, 0xFD, 0x26, 0xFE, 0xC6, 0xFD, 0xC6, 0xFD, 0xC6, 0xFD,
    0xC6, 0xFD, 0xC6, 0xFD, 0xC6, 0xFD, 0xE6, 0xFD, 0xC6, 0xFD, 0x87, 0xFD,
    0xC6, 0xFC, 0xFF, 0xFF, 0x00, 0x00, 0x00, 0x00, 0x00, 0x00, 0x00, 0x00,
    0x00, 0x00, 0x00, 0x00, 0x00, 0x00, 0x00, 0x00, 0x00, 0x00, 0x00, 0x00,
    0x00, 0x00, 0x00, 0xF8, 0x00, 0x00, 0x6D, 0xFB, 0xEC, 0xFB, 0x4D, 0xFC,
    0x0C, 0xFC, 0x0C, 0xFC, 0x0C, 0xFC, 0x0C, 0xFC, 0x0C, 0xFC, 0x0C, 0xFC,
    0x0C, 0xFC, 0x0C, 0xFC, 0x0C, 0xFC, 0x0C, 0xFC, 0x0C, 0xFC, 0x0C, 0xFC,
    0x0C, 0xFC, 0x0C, 0xFC, 0x0C, 0xFC, 0x0C, 0xFC, 0x0C, 0xFC, 0x0C, 0xFC,
    0xEC, 0xFB, 0x0C, 0xFC, 0x4B, 0xFB, 0x69, 0xFA, 0x69, 0xFA, 0x8A, 0xFA,
    0xAA, 0xFA, 0x69, 0xFA, 0x69, 0xFA, 0x69, 0xFA, 0x69, 0xFA, 0x69, 0xFA,
    0x49, 0xFA, 0x2C, 0xFB, 0x00, 0x00, 0x00, 0x00, 0x00, 0x00, 0xEF, 0xFB,
    0xAA, 0xFA, 0xE7, 0xF9, 0xAA, 0xFA, 0x00, 0xF8, 0x00, 0x00, 0x00, 0x00,
    0x00, 0x00, 0x00, 0x00, 0x00, 0x00, 0x00, 0x00, 0x00, 0x00, 0x00, 0x00,
    0x00, 0x00, 0x00, 0x00, 0x00, 0x00, 0x00, 0xF8, 0x00, 0x00, 0x69, 0xFA,
    0x69, 0xFA, 0x69, 0xFA, 0x69, 0xFA, 0x49, 0xFA, 0xAA, 0xFA, 0x00, 0xF8,
    0xEF, 0xFB, 0x00, 0x00, 0x00, 0x00, 0x00, 0x00, 0x00, 0x00, 0x00, 0x00,
    0x00, 0x00, 0x00, 0x00, 0x00, 0x00, 0x00, 0x00, 0x00, 0x00, 0x00, 0x00,
    0x00, 0x00, 0x00, 0x00, 0x00, 0x00, 0x00, 0x00, 0x00, 0x00, 0x00, 0x00,
    0x00, 0x00, 0x00, 0x00, 0x00, 0x00, 0x00, 0x00, 0x00, 0x00, 0x00, 0x00,
    0x00, 0x00, 0x00, 0x00, 0x00, 0x00, 0x00, 0xF8, 0xE0, 0xFF, 0x00, 0x00,
    0x45, 0xFD, 0xE6, 0xFD, 0xC6, 0xFD, 0xE6, 0xFD, 0xE6, 0xFD, 0xC6, 0xFD,
    0xC6, 0xFD, 0xC6, 0xFD, 0xC6, 0xFD, 0xC6, 0xFD, 0xE6, 0xFD, 0xC6, 0xFD,
    0x00, 0x00, 0xE7, 0xFB, 0x00, 0x00, 0x00, 0x00, 0x00, 0x00, 0x00, 0x00,
    0x00, 0x00, 0x00, 0x00, 0x00, 0x00, 0x00, 0x00, 0x00, 0x00, 0x00, 0x00,
    0x00, 0x00, 0x00, 0xF8, 0x00, 0x00, 0x6D, 0xFB, 0xEC, 0xFB, 0x4D, 0xFC,
    0x0C, 0xFC, 0x0C, 0xFC, 0x0C, 0xFC, 0x0C, 0xFC, 0x0C, 0xFC, 0x0C, 0xFC,
    0x0C, 0xFC, 0x0C, 0xFC, 0x0C, 0xFC, 0x0C, 0xFC, 0x0C, 0xFC, 0x0C, 0xFC,
    0x0C, 0xFC, 0x0C, 0xFC, 0x0C, 0xFC, 0x0C, 0xFC, 0x0C, 0xFC, 0x0C, 0xFC,
    0xEC, 0xFB, 0x0C, 0xFC, 0x4B, 0xFB, 0x69, 0xFA, 0x49, 0xFA, 0x69, 0xFA,
    0x69, 0xFA, 0x69, 0xFA, 0x69, 0xFA, 0x8A, 0xFA, 0xAA, 0xFA, 0x69, 0xFA,
    0x69, 0xFA, 0x69, 0xFA, 0x69, 0xFA, 0x69, 0xFA, 0x49, 0xFA, 0x00, 0x00,
    0x00, 0x00, 0x00, 0x00, 0x00, 0x00, 0xE7, 0xF9, 0x2C, 0xFB, 0x00, 0xF8,
    0x00, 0x00, 0x00, 0x00, 0x00, 0x00, 0x00, 0x00, 0x00, 0x00, 0x00, 0x00,
    0x00, 0x00, 0x00, 0x00, 0x00, 0x00, 0x00, 0x00, 0xEF, 0xFB, 0x00, 0x00,
    0xAA, 0xFA, 0x49, 0xFA, 0x69, 0xFA, 0x00, 0x00, 0x00, 0x00, 0x00, 0xF8,
    0x00, 0x00, 0x00, 0x00, 0x00, 0x00, 0x00, 0x00, 0x00, 0x00, 0x00, 0x00,
    0x00, 0x00, 0x00, 0x00, 0x00, 0x00, 0x00, 0x00, 0x00, 0x00, 0x00, 0x00,
    0x00, 0x00, 0x00, 0x00, 0x00, 0x00, 0x00, 0x00, 0x00, 0x00, 0x00, 0x00,
    0x00, 0x00, 0x00, 0x00, 0x00, 0x00, 0x00, 0x00, 0x00, 0x00, 0x00, 0x00,
    0x00, 0x00, 0x00, 0x00, 0x00, 0x00, 0x00, 0x00, 0x00, 0x00, 0xE7, 0xFD,
    0x00, 0x00, 0x00, 0x00, 0xA6, 0xFD, 0xC6, 0xFD, 0xE6, 0xFD, 0xE6, 0xFD,
    0xC6, 0xFD, 0xC6, 0xFD, 0xC6, 0xFD, 0xC6, 0xFD, 0xE6, 0xFD, 0xC6, 0xFD,
    0xA6, 0xFD, 0xE0, 0xFF, 0x4A, 0xFD, 0x00, 0x00, 0x00, 0x00, 0x00, 0x00,
    0x00, 0x00, 0x00, 0x00, 0x00, 0x00, 0x00, 0x00, 0x00, 0x00, 0x00, 0x00,
    0x00, 0x00, 0x00, 0xF8, 0x00, 0x00, 0x6D, 0xFB, 0xEC, 0xFB, 0x4D, 0xFC,
    0x0C, 0xFC, 0x0C, 0xFC, 0x0C, 0xFC, 0x0C, 0xFC, 0x0C, 0xFC, 0x0C, 0xFC,
    0x0C, 0xFC, 0x0C, 0xFC, 0x0C, 0xFC, 0x0C, 0xFC, 0x0C, 0xFC, 0x0C, 0xFC,
    0x0C, 0xFC, 0x0C, 0xFC, 0x0C, 0xFC, 0x0C, 0xFC, 0x0C, 0xFC, 0x0C, 0xFC,
    0xEC, 0xFB, 0x0C, 0xFC, 0x4B, 0xFB, 0x69, 0xFA, 0x69, 0xFA, 0x69, 0xFA,
    0x69, 0xFA, 0x69, 0xFA, 0x69, 0xFA, 0x69, 0xFA, 0x69, 0xFA, 0x69, 0xFA,
    0x8A, 0xFA, 0x8A, 0xFA, 0x8A, 0xFA, 0x69, 0xFA, 0x69, 0xFA, 0x69, 0xFA,
    0x69, 0xFA, 0x49, 0xFA, 0x49, 0xFA, 0x00, 0x00, 0x00, 0x00, 0x00, 0x00,
    0x00, 0xF8, 0x00, 0x00, 0x00, 0x00, 0x00, 0x00, 0x00, 0x00, 0x00, 0x00,
    0x00, 0x00, 0x00, 0x00, 0x00, 0x00, 0x00, 0x00, 0x00, 0x00, 0xE7, 0xF9,
    0x00, 0x00, 0x00, 0x00, 0x00, 0x00, 0xAA, 0xFA, 0x00, 0xF8, 0x00, 0x00,
    0x00, 0x00, 0x00, 0x00, 0x00, 0x00, 0x00, 0x00, 0x00, 0x00, 0x00, 0x00,
    0x00, 0x00, 0x00, 0x00, 0x00, 0x00, 0x00, 0x00, 0x00, 0x00, 0x00, 0x00,
    0x00, 0x00, 0x00, 0x00, 0x00, 0x00, 0x00, 0x00, 0x00, 0x00, 0x00, 0x00,
    0x00, 0x00, 0x00, 0x00, 0x00, 0x00, 0x00, 0x00, 0x00, 0x00, 0x00, 0x00,
    0x00, 0x00, 0x00, 0x00, 0x00, 0x00, 0x00, 0x00, 0x00, 0x00, 0x00, 0x00,
    0xE0, 0xFF, 0x45, 0xFD, 0x00, 0x00, 0xE7, 0xFD, 0xC6, 0xFD, 0xE6, 0xFD,
    0xE6, 0xFD, 0xC6, 0xFD, 0xC6, 0xFD, 0xC6, 0xFD, 0xC6, 0xFD, 0xE6, 0xFD,
    0xC6, 0xFD, 0x00, 0x00, 0x66, 0xFE, 0x00, 0x00, 0x00, 0x00, 0x00, 0x00,
    0x00, 0x00, 0x00, 0x00, 0x00, 0x00, 0x00, 0x00, 0x00, 0x00, 0x00, 0x00,
    0x00, 0x00, 0x00, 0xF8, 0x00, 0x00, 0x6D, 0xFB, 0xEC, 0xFB, 0x4D, 0xFC,
    0x0C, 0xFC, 0x0C, 0xFC, 0x0C, 0xFC, 0x0C, 0xFC, 0x0C, 0xFC, 0x0C, 0xFC,
    0x0C, 0xFC, 0x0C, 0xFC, 0x0C, 0xFC, 0x0C, 0xFC, 0x0C, 0xFC, 0x0C, 0xFC,
    0x0C, 0xFC, 0x0C, 0xFC, 0x0C, 0xFC, 0x0C, 0xFC, 0x0C, 0xFC, 0x0C, 0xFC,
    0xEC, 0xFB, 0x0C, 0xFC, 0x4B, 0xFB, 0x69, 0xFA, 0x69, 0xFA, 0x69, 0xFA,
    0x69, 0xFA, 0x69, 0xFA, 0x69, 0xFA, 0x69, 0xFA, 0x69, 0xFA, 0x69, 0xFA,
    0x69, 0xFA, 0x69, 0xFA, 0x69, 0xFA, 0x69, 0xFA, 0x8A, 0xFA, 0x8A, 0xFA,
    0x8A, 0xFA, 0x69, 0xFA, 0x69, 0xFA, 0x69, 0xFA, 0x49, 0xFA, 0xAA, 0xFA,
    0x00, 0x00, 0xFF, 0xFF, 0x00, 0x00, 0x00, 0x00, 0x00, 0x00, 0x00, 0x00,
    0x00, 0x00, 0x00, 0x00, 0x00, 0x00, 0x00, 0x00, 0x00, 0x00, 0x00, 0x00,
    0x00, 0xF8, 0xAA, 0xFA, 0xEF, 0xFB, 0x00, 0x00, 0x00, 0x00, 0x00, 0x00,
    0x00, 0x00, 0x00, 0x00, 0x00, 0x00, 0x00, 0x00, 0x00, 0x00, 0x00, 0x00,
    0x00, 0x00, 0x00, 0x00, 0x00, 0x00, 0x00, 0x00, 0x00, 0x00, 0x00, 0x00,
    0x00, 0x00, 0x00, 0x00, 0x00, 0x00, 0x00, 0x00, 0x00, 0x00, 0x00, 0x00,
    0x00, 0x00, 0x00, 0x00, 0x00, 0x00, 0x00, 0x00, 0x00, 0x00, 0x00, 0x00,
    0x00, 0x00, 0x00, 0x00, 0x00, 0x00, 0x00, 0x00, 0x00, 0x00, 0x00, 0x00,
    0x00, 0x00, 0x00, 0x00, 0x4A, 0xFD, 0xEF, 0xFB, 0x05, 0xFE, 0xC6, 0xFD,
    0x06, 0xFE, 0xC6, 0xFD, 0xC6, 0xFD, 0xC6, 0xFD, 0xC6, 0xFD, 0x26, 0xFE,
    0xC6, 0xFD, 0x00, 0x00, 0xA4, 0xFD, 0x00, 0x00, 0x00, 0x00, 0x00, 0x00,
    0x00, 0x00, 0x00, 0x00, 0x00, 0x00, 0x00, 0x00, 0x00, 0x00, 0x00, 0x00,
    0x00, 0x00, 0x00, 0xF8, 0x00, 0x00, 0x6D, 0xFB, 0xEC, 0xFB, 0x4D, 0xFC,
    0x0C, 0xFC, 0x0C, 0xFC, 0x0C, 0xFC, 0x0C, 0xFC, 0x0C, 0xFC, 0x0C, 0xFC,
    0x0C, 0xFC, 0x0C, 0xFC, 0x0C, 0xFC, 0x0C, 0xFC, 0x0C, 0xFC, 0x0C, 0xFC,
    0x0C, 0xFC, 0x0C, 0xFC, 0x0C, 0xFC, 0x0C, 0xFC, 0x0C, 0xFC, 0x0C, 0xFC,
    0xEC, 0xFB, 0x0C, 0xFC, 0x4B, 0xFB, 0x69, 0xFA, 0x69, 0xFA, 0x69, 0xFA,
    0x69, 0xFA, 0x69, 0xFA, 0x69, 0xFA, 0x69, 0xFA, 0x69, 0xFA, 0x69, 0xFA,
    0x69, 0xFA, 0x69, 0xFA, 0x69, 0xFA, 0x69, 0xFA, 0x69, 0xFA, 0x69, 0xFA,
    0x69, 0xFA, 0x69, 0xFA, 0x8A, 0xFA, 0x8A, 0xFA, 0x69, 0xFA, 0x49, 0xFA,
    0x49, 0xFA, 0x00, 0xF8, 0xFF, 0xFF, 0x00, 0x00, 0x00, 0x00, 0x00, 0x00,
    0x00, 0x00, 0x00, 0x00, 0x00, 0x00, 0x00, 0x00, 0x00, 0x00, 0x00, 0x00,
    0x00, 0x00, 0x00, 0x00, 0x00, 0x00, 0x00, 0x00, 0x00, 0x00, 0x00, 0x00,
    0x00, 0x00, 0x00, 0x00, 0x00, 0x00, 0x00, 0x00, 0x00, 0x00, 0x00, 0x00,
    0x00, 0x00, 0x00, 0x00, 0x00, 0x00, 0x00, 0x00, 0x00, 0x00, 0x00, 0x00,
    0x00, 0x00, 0x00, 0x00, 0x00, 0x00, 0x00, 0x00, 0x00, 0x00, 0x00, 0x00,
    0x00, 0x00, 0x00, 0x00, 0x00, 0x00, 0x00, 0x00, 0x00, 0x00, 0x00, 0x00,
    0x00, 0x00, 0x00, 0x00, 0x00, 0x00, 0x00, 0x00, 0x00, 0x00, 0x00, 0x00,
    0x00, 0x00, 0x00, 0x00, 0x00, 0x00, 0xE0, 0xFD, 0x00, 0x00, 0xC6, 0xFD,
    0xE6, 0xFD, 0xE6, 0xFD, 0xC6, 0xFD, 0xC6, 0xFD, 0xC6, 0xFD, 0xE6, 0xFD,
    0xC6, 0xFD, 0x00, 0x00, 0x45, 0xFD, 0x00, 0x00, 0x00, 0x00, 0x00, 0x00,
    0x00, 0x00, 0x00, 0x00, 0x00, 0x00, 0x00, 0x00, 0x00, 0x00, 0x00, 0x00,
    0x00, 0x00, 0x00, 0xF8, 0x00, 0x00, 0x6D, 0xFB, 0xEC, 0xFB, 0x4D, 0xFC,
    0x0C, 0xFC, 0x0C, 0xFC, 0x0C, 0xFC, 0x0C, 0xFC, 0x0C, 0xFC, 0x0C, 0xFC,
    0x0C, 0xFC, 0x0C, 0xFC, 0x0C, 0xFC, 0x0C, 0xFC, 0x0C, 0xFC, 0x0C, 0xFC,
    0x0C, 0xFC, 0x0C, 0xFC, 0x0C, 0xFC, 0x0C, 0xFC, 0x0C, 0xFC, 0x0C, 0xFC,
    0xEC, 0xFB, 0x0C, 0xFC, 0x4B, 0xFB, 0x69, 0xFA, 0x69, 0xFA, 0x69, 0xFA,
    0x69, 0xFA, 0x69, 0xFA, 0x69, 0xFA, 0x69, 0xFA, 0x69, 0xFA, 0x69, 0xFA,
    0x69, 0xFA, 0x69, 0xFA, 0x69, 0xFA, 0x69, 0xFA, 0x69, 0xFA, 0x69, 0xFA,
    0x69, 0xFA, 0x69, 0xFA, 0x69, 0xFA, 0x69, 0xFA, 0x69, 0xFA, 0x8A, 0xFA,
    0x49, 0xFA, 0x00, 0x00, 0x2C, 0xFB, 0x00, 0x00, 0x00, 0x00, 0x00, 0x00,
    0x00, 0x00, 0x00, 0x00, 0x00, 0x00, 0x00, 0x00, 0x00, 0x00, 0x00, 0x00,
    0x00, 0x00, 0x00, 0x00, 0x00, 0x00, 0x00, 0x00, 0x00, 0x00, 0x00, 0x00,
    0x00, 0x00, 0x00, 0x00, 0x00, 0x00, 0x00, 0x00, 0x00, 0x00, 0x00, 0x00,
    0x00, 0x00, 0x00, 0x00, 0x00, 0x00, 0x00, 0x00, 0x00, 0x00, 0x00, 0x00,
    0x00, 0x00, 0x00, 0x00, 0x00, 0x00, 0x00, 0x00, 0x00, 0x00, 0x00, 0x00,
    0x00, 0x00, 0x00, 0x00, 0x00, 0x00, 0x00, 0x00, 0x00, 0x00, 0x00, 0x00,
    0x00, 0x00, 0x00, 0x00, 0x00, 0x00, 0x00, 0x00, 0x00, 0x00, 0x00, 0x00,
    0x00, 0x00, 0x00, 0x00, 0x00, 0x00, 0x00, 0x00, 0x66, 0xFE, 0xE0, 0xFF,
    0xE6, 0xFD, 0x06, 0xFE, 0xC6, 0xFD, 0xC6, 0xFD, 0x06, 0xFE, 0xC6, 0xFD,
    0xE6, 0xFD, 0x00, 0x00, 0xE0, 0xFB, 0x00, 0x00, 0x00, 0x00, 0x00, 0x00,
    0x00, 0x00, 0x00, 0x00, 0x00, 0x00, 0x00, 0x00, 0x00, 0x00, 0x00, 0x00,
    0x00, 0x00, 0x00, 0xF8, 0x00, 0x00, 0x6D, 0xFB, 0xEC, 0xFB, 0x4D, 0xFC,
    0x0C, 0xFC, 0x0C, 0xFC, 0x0C, 0xFC, 0x0C, 0xFC, 0x0C, 0xFC, 0x0C, 0xFC,
    0x0C, 0xFC, 0x0C, 0xFC, 0x0C, 0xFC, 0x0C, 0xFC, 0x0C, 0xFC, 0x0C, 0xFC,
    0x0C, 0xFC, 0x0C, 0xFC, 0x0C, 0xFC, 0x0C, 0xFC, 0x0C, 0xFC, 0x0C, 0xFC,
    0xEC, 0xFB, 0x0C, 0xFC, 0x4B, 0xFB, 0x69, 0xFA, 0x69, 0xFA, 0x69, 0xFA,
    0x69, 0xFA, 0x69, 0xFA, 0x69, 0xFA, 0x69, 0xFA, 0x69, 0xFA, 0x69, 0xFA,
    0x69, 0xFA, 0x69, 0xFA, 0x69, 0xFA, 0x69, 0xFA, 0x69, 0xFA, 0x69, 0xFA,
    0x69, 0xFA, 0x69, 0xFA, 0x69, 0xFA, 0x69, 0xFA, 0x69, 0xFA, 0x8A, 0xFA,
    0x69, 0xFA, 0x00, 0x00, 0xE7, 0xF9, 0x00, 0xF8, 0x00, 0x00, 0x00, 0x00,
    0x00, 0x00, 0x00, 0x00, 0x00, 0x00, 0x00, 0x00, 0x00, 0x00, 0x00, 0x00,
    0x00, 0x00, 0x00, 0x00, 0x00, 0x00, 0x00, 0x00, 0x00, 0x00, 0x00, 0x00,
    0x00, 0x00, 0x00, 0x00, 0x00, 0x00, 0x00, 0x00, 0x00, 0x00, 0x00, 0x00,
    0x00, 0x00, 0x00, 0x00, 0x00, 0x00, 0x00, 0x00, 0x00, 0x00, 0x00, 0x00,
    0x00, 0x00, 0x00, 0x00, 0x00, 0x00, 0x00, 0x00, 0x00, 0x00, 0x00, 0x00,
    0x00, 0x00, 0x00, 0x00, 0x00, 0x00, 0x00, 0x00, 0x00, 0x00, 0x00, 0x00,
    0x00, 0x00, 0x00, 0x00, 0x00, 0x00, 0x00, 0x00, 0x00, 0x00, 0x00, 0x00,
    0x00, 0x00, 0x00, 0x00, 0x00, 0x00, 0x00, 0x00, 0x00, 0xF8, 0x00, 0x00,
    0xE5, 0xFD, 0xC6, 0xFD, 0xC6, 0xFD, 0xE6, 0xFD, 0xC6, 0xFD, 0xE6, 0xFD,
    0x00, 0x00, 0xE0, 0xFB, 0x00, 0x00, 0x00, 0x00, 0x00, 0x00, 0x00, 0x00,
    0x00, 0x00, 0x00, 0x00, 0x00, 0x00, 0x00, 0x00, 0x00, 0x00, 0x00, 0x00,
    0x00, 0x00, 0x00, 0xF8, 0x00, 0x00, 0x6D, 0xFB, 0xEC, 0xFB, 0x4D, 0xFC,
    0x0C, 0xFC, 0x0C, 0xFC, 0x0C, 0xFC, 0x0C, 0xFC, 0x0C, 0xFC, 0x0C, 0xFC,
    0x0C, 0xFC, 0x0C, 0xFC, 0x0C, 0xFC, 0x0C, 0xFC, 0x0C, 0xFC, 0x0C, 0xFC,
    0x0C, 0xFC, 0x0C, 0xFC, 0x0C, 0xFC, 0x0C, 0xFC, 0x0C, 0xFC, 0x0C, 0xFC,
    0xEC, 0xFB, 0x0C, 0xFC, 0x4B, 0xFB, 0x69, 0xFA, 0x69, 0xFA, 0x69, 0xFA,
    0x69, 0xFA, 0x69, 0xFA, 0x69, 0xFA, 0x69, 0xFA, 0x69, 0xFA, 0x69, 0xFA,
    0x69, 0xFA, 0x69, 0xFA, 0x69, 0xFA, 0x69, 0xFA, 0x69, 0xFA, 0x69, 0xFA,
    0x69, 0xFA, 0x69, 0xFA, 0x69, 0xFA, 0x69, 0xFA, 0x69, 0xFA, 0x8A, 0xFA,
    0x69, 0xFA, 0x49, 0xFA, 0x00, 0xF8, 0x00, 0xF8, 0x00, 0x00, 0x00, 0x00,
    0x00, 0x00, 0x00, 0x00, 0x00, 0x00, 0x00, 0x00, 0x00, 0x00, 0x00, 0x00,
    0x00, 0x00, 0x00, 0x00, 0x00, 0x00, 0x00, 0x00, 0x00, 0x00, 0x00, 0x00,
    0x00, 0x00, 0x00, 0x00, 0x00, 0x00, 0x00, 0x00, 0x00, 0x00, 0x00, 0x00,
    0x00, 0x00, 0x00, 0x00, 0x00, 0x00, 0x00, 0x00, 0x00, 0x00, 0x00, 0x00,
    0x00, 0x00, 0x00, 0x00, 0x00, 0x00, 0x00, 0x00, 0x00, 0x00, 0x00, 0x00,
    0x00, 0x00, 0x00, 0x00, 0x00, 0x00, 0x00, 0x00, 0x00, 0x00, 0x00, 0x00,
    0x00, 0x00, 0x00, 0x00, 0x00, 0x00, 0x00, 0x00, 0x00, 0x00, 0x00, 0x00,
    0x00, 0x00, 0x00, 0x00, 0x00, 0x00, 0x00, 0x00, 0x00, 0x00, 0x00, 0x00,
    0x00, 0x00, 0x4A, 0xFD, 0xE5, 0xFD, 0xC7, 0xFD, 0xE7, 0xFD, 0x00, 0x00,
    0x00, 0x00, 0x00, 0x00, 0x00, 0x00, 0x00, 0x00, 0x00, 0x00, 0x00, 0x00,
    0x00, 0x00, 0x00, 0x00, 0x00, 0x00, 0x00, 0x00, 0x00, 0x00, 0x00, 0x00,
    0x00, 0x00, 0x00, 0xF8, 0x00, 0x00, 0x6D, 0xFB, 0xEC, 0xFB, 0x4D, 0xFC,
    0x0C, 0xFC, 0x0C, 0xFC, 0x0C, 0xFC, 0x0C, 0xFC, 0x0C, 0xFC, 0x0C, 0xFC,
    0x0C, 0xFC, 0x0C, 0xFC, 0x0C, 0xFC, 0x0C, 0xFC, 0x0C, 0xFC, 0x0C, 0xFC,
    0x0C, 0xFC, 0x0C, 0xFC, 0x0C, 0xFC, 0x0C, 0xFC, 0x0C, 0xFC, 0x0C, 0xFC,
    0xEC, 0xFB, 0x0C, 0xFC, 0x4B, 0xFB, 0x69, 0xFA, 0x69, 0xFA, 0x69, 0xFA,
    0x69, 0xFA, 0x69, 0xFA, 0x69, 0xFA, 0x69, 0xFA, 0x69, 0xFA, 0x69, 0xFA,
    0x69, 0xFA, 0x69, 0xFA, 0x69, 0xFA, 0x69, 0xFA, 0x69, 0xFA, 0x69, 0xFA,
    0x69, 0xFA, 0x69, 0xFA, 0x69, 0xFA, 0x69, 0xFA, 0x69, 0xFA, 0x8A, 0xFA,
    0x69, 0xFA, 0xE7, 0xF9, 0x00, 0xF8, 0x00, 0xF8, 0x00, 0x00, 0x00, 0x00,
    0x00, 0x00, 0x00, 0x00, 0x00, 0x00, 0x00, 0x00, 0x00, 0x00, 0x00, 0x00,
    0x00, 0x00, 0x00, 0x00, 0x00, 0x00, 0x00, 0x00, 0x00, 0x00, 0x00, 0x00,
    0x00, 0x00, 0x00, 0x00, 0x00, 0x00, 0x00, 0x00, 0x00, 0x00, 0x00, 0x00,
    0x00, 0x00, 0x00, 0x00, 0x00, 0x00, 0x00, 0x00, 0x00, 0x00, 0x00, 0x00,
    0x00, 0x00, 0x00, 0x00, 0x00, 0x00, 0x00, 0x00, 0x00, 0x00, 0x00, 0x00,
    0x00, 0x00, 0x00, 0x00, 0x00, 0x00, 0x00, 0x00, 0x00, 0x00, 0x00, 0x00,
    0x00, 0x00, 0x00, 0x00, 0x00, 0x00, 0x00, 0x00, 0x00, 0x00, 0x00, 0x00,
    0x00, 0x00, 0x00, 0x00, 0x00, 0x00, 0x00, 0x00, 0x00, 0x00, 0x00, 0x00,
    0x00, 0x00, 0x00, 0x00, 0x00, 0x00, 0x00, 0x00, 0x00, 0x00, 0x00, 0x00,
    0x00, 0x00, 0x00, 0x00, 0x00, 0x00, 0x00, 0x00, 0x00, 0x00, 0x00, 0x00,
    0x00, 0x00, 0x00, 0x00, 0x00, 0x00, 0x00, 0x00, 0x00, 0x00, 0x00, 0x00,
    0x00, 0x00, 0x00, 0xF8, 0x00, 0x00, 0x6D, 0xFB, 0xEC, 0xFB, 0x4D, 0xFC,
    0x0C, 0xFC, 0x0C, 0xFC, 0x0C, 0xFC, 0x0C, 0xFC, 0x0C, 0xFC, 0x0C, 0xFC,
    0x0C, 0xFC, 0x0C, 0xFC, 0x0C, 0xFC, 0x0C, 0xFC, 0x0C, 0xFC, 0x0C, 0xFC,
    0x0C, 0xFC, 0x0C, 0xFC, 0x0C, 0xFC, 0x0C, 0xFC, 0x0C, 0xFC, 0x0C, 0xFC,
    0xEC, 0xFB, 0x0C, 0xFC, 0x4B, 0xFB, 0x69, 0xFA, 0x69, 0xFA, 0x69, 0xFA,
    0x69, 0xFA, 0x69, 0xFA, 0x69, 0xFA, 0x69, 0xFA, 0x69, 0xFA, 0x69, 0xFA,
    0x69, 0xFA, 0x69, 0xFA, 0x69, 0xFA, 0x69, 0xFA, 0x69, 0xFA, 0x69, 0xFA,
    0x69, 0xFA, 0x69, 0xFA, 0x69, 0xFA, 0x69, 0xFA, 0x69, 0xFA, 0x8A, 0xFA,
    0x69, 0xFA, 0xE7, 0xF9, 0x00, 0xF8, 0x00, 0xF8, 0x00, 0x00, 0x00, 0x00,
    0x00, 0x00, 0x00, 0x00, 0x00, 0x00, 0x00, 0x00, 0x00, 0x00, 0x00, 0x00,
    0x00, 0x00, 0x00, 0x00, 0x00, 0x00, 0x00, 0x00, 0x00, 0x00, 0x00, 0x00,
    0x00, 0x00, 0x00, 0x00, 0x00, 0x00, 0x00, 0x00, 0x00, 0x00, 0x00, 0x00,
    0x00, 0x00, 0x00, 0x00, 0x00, 0x00, 0x00, 0x00, 0x00, 0x00, 0x00, 0x00,
    0x00, 0x00, 0x00, 0x00, 0x00, 0x00, 0x00, 0x00, 0x00, 0x00, 0x00, 0x00,
    0x00, 0x00, 0x00, 0x00, 0x00, 0x00, 0x00, 0x00, 0x00, 0x00, 0x00, 0x00,
    0x00, 0x00, 0x00, 0x00, 0x00, 0x00, 0x00, 0x00, 0x00, 0x00, 0x00, 0x00,
    0x00, 0x00, 0x00, 0x00, 0x00, 0x00, 0x00, 0x00, 0x00, 0x00, 0x00, 0x00,
    0x00, 0x00, 0x00, 0x00, 0x00, 0x00, 0x00, 0x00, 0x00, 0x00, 0x00, 0x00,
    0x00, 0x00, 0x00, 0x00, 0x00, 0x00, 0x00, 0x00, 0x00, 0x00, 0x00, 0x00,
    0x00, 0x00, 0x00, 0x00, 0x00, 0x00, 0x00, 0x00, 0x00, 0x00, 0x00, 0x00,
    0x00, 0x00, 0x00, 0xF8, 0x00, 0x00, 0x6D, 0xFB, 0xEC, 0xFB, 0x4D, 0xFC,
    0x0C, 0xFC, 0x0C, 0xFC, 0x0C, 0xFC, 0x0C, 0xFC, 0x0C, 0xFC, 0x0C, 0xFC,
    0x0C, 0xFC, 0x0C, 0xFC, 0x0C, 0xFC, 0x0C, 0xFC, 0x0C, 0xFC, 0x0C, 0xFC,
    0x0C, 0xFC, 0x0C, 0xFC, 0x0C, 0xFC, 0x0C, 0xFC, 0x0C, 0xFC, 0x0C, 0xFC,
    0xEC, 0xFB, 0x0C, 0xFC, 0x4B, 0xFB, 0x69, 0xFA, 0x69, 0xFA, 0x69, 0xFA,
    0x69, 0xFA, 0x69, 0xFA, 0x69, 0xFA, 0x69, 0xFA, 0x69, 0xFA, 0x69, 0xFA,
    0x69, 0xFA, 0x69, 0xFA, 0x69, 0xFA, 0x69, 0xFA, 0x69, 0xFA, 0x69, 0xFA,
    0x69, 0xFA, 0x69, 0xFA, 0x69, 0xFA, 0x69, 0xFA, 0x69, 0xFA, 0x8A, 0xFA,
    0x69, 0xFA, 0xE7, 0xF9, 0x00, 0xF8, 0x00, 0xF8, 0x00, 0x00, 0x00, 0x00,
    0x00, 0x00, 0x00, 0x00, 0x00, 0x00, 0x00, 0x00, 0x00, 0x00, 0x00, 0x00,
    0x00, 0x00, 0x00, 0x00, 0x00, 0x00, 0x00, 0x00, 0x00, 0x00, 0x00, 0x00,
    0x00, 0x00, 0x00, 0x00, 0x00, 0x00, 0x00, 0x00, 0x00, 0x00, 0x00, 0x00,
    0x00, 0x00, 0x00, 0x00, 0x00, 0x00, 0x00, 0x00, 0x00, 0x00, 0x00, 0x00,
    0x00, 0x00, 0x00, 0x00, 0x00, 0x00, 0x00, 0x00, 0x00, 0x00, 0x00, 0x00,
    0x00, 0x00, 0x00, 0x00, 0x00, 0x00, 0x00, 0x00, 0x00, 0x00, 0x00, 0x00,
    0x00, 0x00, 0x00, 0x00, 0x00, 0x00, 0x00, 0x00, 0x00, 0x00, 0x00, 0x00,
    0x00, 0x00, 0x00, 0x00, 0x00, 0x00, 0x00, 0x00, 0x00, 0x00, 0x00, 0x00,
    0x00, 0x00, 0x00, 0x00, 0x00, 0x00, 0x00, 0x00, 0x00, 0x00, 0x00, 0x00,
    0x00, 0x00, 0x00, 0x00, 0x00, 0x00, 0x00, 0x00, 0x00, 0x00, 0x00, 0x00,
    0x00, 0x00, 0x00, 0x00, 0x00, 0x00, 0x00, 0x00, 0x00, 0x00, 0x00, 0x00,
    0x00, 0x00, 0x00, 0xF8, 0x00, 0x00, 0x6D, 0xFB, 0xEC, 0xFB, 0x4D, 0xFC,
    0x0C, 0xFC, 0x0C, 0xFC, 0x0C, 0xFC, 0x0C, 0xFC, 0x0C, 0xFC, 0x0C, 0xFC,
    0x0C, 0xFC, 0xEC, 0xFB, 0x0C, 0xFC, 0x0C, 0xFC, 0x0C, 0xFC, 0x0C, 0xFC,
    0x0C, 0xFC, 0x0C, 0xFC, 0x0C, 0xFC, 0x0C, 0xFC, 0x0C, 0xFC, 0x0C, 0xFC,
    0xEC, 0xFB, 0x0C, 0xFC, 0x4B, 0xFB, 0x69, 0xFA, 0x69, 0xFA, 0x69, 0xFA,
    0x69, 0xFA, 0x69, 0xFA, 0x69, 0xFA, 0x69, 0xFA, 0x69, 0xFA, 0x69, 0xFA,
    0x69, 0xFA, 0x69, 0xFA, 0x69, 0xFA, 0x69, 0xFA, 0x69, 0xFA, 0x69, 0xFA,
    0x69, 0xFA, 0x69, 0xFA, 0x69, 0xFA, 0x69, 0xFA, 0x69, 0xFA, 0x8A, 0xFA,
    0x69, 0xFA, 0xE7, 0xF9, 0x00, 0xF8, 0x00, 0xF8, 0x00, 0x00, 0x00, 0x00,
    0x00, 0x00, 0x00, 0x00, 0x00, 0x00, 0x00, 0x00, 0x00, 0x00, 0x00, 0x00,
    0x00, 0x00, 0x00, 0x00, 0x00, 0x00, 0x00, 0x00, 0x00, 0x00, 0x00, 0x00,
    0x00, 0x00, 0x00, 0x00, 0x00, 0x00, 0x00, 0x00, 0x00, 0x00, 0x00, 0x00,
    0x00, 0x00, 0x00, 0x00, 0x00, 0x00, 0x00, 0x00, 0x00, 0x00, 0x00, 0x00,
    0x00, 0x00, 0x00, 0x00, 0x00, 0x00, 0x00, 0x00, 0x00, 0x00, 0x00, 0x00,
    0x00, 0x00, 0x00, 0x00, 0x00, 0x00, 0x00, 0x00, 0x00, 0x00, 0x00, 0x00,
    0x00, 0x00, 0x00, 0x00, 0x00, 0x00, 0x00, 0x00, 0x00, 0x00, 0x00, 0x00,
    0x00, 0x00, 0x00, 0x00, 0x00, 0x00, 0x00, 0x00, 0x00, 0x00, 0x00, 0x00,
    0x00, 0x00, 0x00, 0x00, 0x00, 0x00, 0x00, 0x00, 0x00, 0x00, 0x00, 0x00,
    0x00, 0x00, 0x00, 0x00, 0x00, 0x00, 0x00, 0x00, 0x00, 0x00, 0x00, 0x00,
    0x00, 0x00, 0x00, 0x00, 0x00, 0x00, 0x00, 0x00, 0x00, 0x00, 0x00, 0x00,
    0x00, 0x00, 0x00, 0xF8, 0x00, 0x00, 0x6D, 0xFB, 0xEC, 0xFB, 0x4D, 0xFC,
    0x0C, 0xFC, 0x0C, 0xFC, 0x0C, 0xFC, 0x0C, 0xFC, 0xEC, 0xFB, 0x2D, 0xFC,
    0x2D, 0xFC, 0x0D, 0xFC, 0x0C, 0xFC, 0x0C, 0xFC, 0x0C, 0xFC, 0x0C, 0xFC,
    0x0C, 0xFC, 0x0C, 0xFC, 0x0C, 0xFC, 0x0C, 0xFC, 0x0C, 0xFC, 0x0C, 0xFC,
    0xEC, 0xFB, 0x0C, 0xFC, 0x4B, 0xFB, 0x69, 0xFA, 0x69, 0xFA, 0x69, 0xFA,
    0x69, 0xFA, 0x69, 0xFA, 0x69, 0xFA, 0x69, 0xFA, 0x69, 0xFA, 0x69, 0xFA,
    0x69, 0xFA, 0x69, 0xFA, 0x69, 0xFA, 0x69, 0xFA, 0x69, 0xFA, 0x69, 0xFA,
    0x69, 0xFA, 0x69, 0xFA, 0x69, 0xFA, 0x69, 0xFA, 0x69, 0xFA, 0x8A, 0xFA,
    0x69, 0xFA, 0xE7, 0xF9, 0x00, 0xF8, 0x00, 0xF8, 0x00, 0x00, 0x00, 0x00,
    0x00, 0x00, 0x00, 0x00, 0x00, 0x00, 0x00, 0x00, 0x00, 0x00, 0x00, 0x00,
    0x00, 0x00, 0x00, 0x00, 0x00, 0x00, 0x00, 0x00, 0x00, 0x00, 0x00, 0x00,
    0x00, 0x00, 0x00, 0x00, 0x00, 0x00, 0x00, 0x00, 0xE0, 0xFF, 0xE0, 0xFB,
    0xE0, 0xFB, 0x00, 0x00, 0x00, 0x00, 0x00, 0x00, 0x00, 0x00, 0x00, 0x00,
    0x00, 0x00, 0x00, 0x00, 0x00, 0x00, 0x00, 0x00, 0x00, 0x00, 0x00, 0x00,
    0x00, 0x00, 0x00, 0x00, 0x00, 0x00, 0x00, 0x00, 0x00, 0x00, 0x00, 0x00,
    0x00, 0x00, 0x00, 0x00, 0x00, 0x00, 0x00, 0x00, 0x00, 0x00, 0x00, 0x00,
    0x00, 0x00, 0x00, 0x00, 0x00, 0x00, 0x00, 0x00, 0x00, 0x00, 0x00, 0x00,
    0x00, 0x00, 0x00, 0x00, 0x00, 0x00, 0x00, 0x00, 0x00, 0x00, 0x00, 0x00,
    0x00, 0x00, 0x00, 0x00, 0x00, 0x00, 0x00, 0x00, 0x00, 0x00, 0x00, 0x00,
    0x00, 0x00, 0x00, 0x00, 0x00, 0x00, 0x00, 0x00, 0x00, 0x00, 0x00, 0x00,
    0x00, 0x00, 0x00, 0xF8, 0x00, 0x00, 0x6D, 0xFB, 0xEC, 0xFB, 0x4D, 0xFC,
    0x0C, 0xFC, 0x0C, 0xFC, 0x0C, 0xFC, 0x0C, 0xFC, 0x0D, 0xFC, 0x0C, 0xFC,
    0xEC, 0xFB, 0x0C, 0xFC, 0x2D, 0xFC, 0x4D, 0xFC, 0x2D, 0xFC, 0x0D, 0xFC,
    0xEC, 0xFB, 0x0C, 0xFC, 0x0C, 0xFC, 0xEC, 0xFB, 0x0C, 0xFC, 0x0C, 0xFC,
    0xEC, 0xFB, 0x0C, 0xFC, 0x4B, 0xFB, 0x69, 0xFA, 0x69, 0xFA, 0x69, 0xFA,
    0x69, 0xFA, 0x69, 0xFA, 0x69, 0xFA, 0x69, 0xFA, 0x69, 0xFA, 0x69, 0xFA,
    0x69, 0xFA, 0x69, 0xFA, 0x69, 0xFA, 0x69, 0xFA, 0x69, 0xFA, 0x69, 0xFA,
    0x69, 0xFA, 0x69, 0xFA, 0x69, 0xFA, 0x69, 0xFA, 0x69, 0xFA, 0x8A, 0xFA,
    0x69, 0xFA, 0xE7, 0xF9, 0x00, 0xF8, 0x00, 0xF8, 0x00, 0x00, 0x00, 0x00,
    0x00, 0x00, 0x00, 0x00, 0x00, 0x00, 0x00, 0x00, 0x00, 0x00, 0x00, 0x00,
    0x00, 0x00, 0x00, 0x00, 0x00, 0x00, 0x00, 0x00, 0x00, 0x00, 0x00, 0x00,
    0x00, 0x00, 0x00, 0x00, 0xE0, 0xFB, 0xE7, 0xFD, 0x00, 0x00, 0x00, 0x00,
    0x00, 0x00, 0x4A, 0xFD, 0xE0, 0xFF, 0x00, 0x00, 0x00, 0x00, 0x00, 0x00,
    0x00, 0x00, 0x00, 0x00, 0x00, 0x00, 0x00, 0x00, 0x00, 0x00, 0x00, 0x00,
    0x00, 0x00, 0x00, 0x00, 0x00, 0x00, 0x00, 0x00, 0x00, 0x00, 0x00, 0x00,
    0x00, 0x00, 0x00, 0x00, 0x00, 0x00, 0x00, 0x00, 0x00, 0x00, 0x00, 0x00,
    0x00, 0x00, 0x00, 0x00, 0x00, 0x00, 0x00, 0x00, 0x00, 0x00, 0x00, 0x00,
    0x00, 0x00, 0x00, 0x00, 0x00, 0x00, 0x00, 0x00, 0x00, 0x00, 0x00, 0x00,
    0x00, 0x00, 0x00, 0x00, 0x00, 0x00, 0x00, 0x00, 0x00, 0x00, 0x00, 0x00,
    0x00, 0x00, 0x00, 0x00, 0x00, 0x00, 0x00, 0x00, 0x00, 0x00, 0x00, 0x00,
    0x00, 0x00, 0x00, 0xF8, 0x00, 0x00, 0x6D, 0xFB, 0xEC, 0xFB, 0x4D, 0xFC,
    0x0C, 0xFC, 0x0C, 0xFC, 0x0C, 0xFC, 0x0C, 0xFC, 0x4D, 0xFC, 0xEC, 0xFB,
    0xED, 0xFB, 0x0C, 0xFC, 0xEC, 0xFB, 0x0C, 0xFC, 0x0C, 0xFC, 0x0C, 0xFC,
    0x4D, 0xFC, 0x4D, 0xFC, 0x2D, 0xFC, 0x0C, 0xFC, 0x0C, 0xFC, 0x0C, 0xFC,
    0xEC, 0xFB, 0x0C, 0xFC, 0x4B, 0xFB, 0x69, 0xFA, 0x69, 0xFA, 0x69, 0xFA,
    0x69, 0xFA, 0x69, 0xFA, 0x69, 0xFA, 0x69, 0xFA, 0x69, 0xFA, 0x69, 0xFA,
    0x69, 0xFA, 0x69, 0xFA, 0x69, 0xFA, 0x69, 0xFA, 0x69, 0xFA, 0x69, 0xFA,
    0x69, 0xFA, 0x69, 0xFA, 0x69, 0xFA, 0x69, 0xFA, 0x69, 0xFA, 0x8A, 0xFA,
    0x69, 0xFA, 0xC7, 0xF9, 0x00, 0xF8, 0x00, 0xF8, 0x00, 0x00, 0x00, 0x00,
    0x00, 0x00, 0x00, 0x00, 0x00, 0x00, 0x00, 0x00, 0x00, 0x00, 0x00, 0x00,
    0x00, 0x00, 0x00, 0x00, 0x00, 0x00, 0x00, 0x00, 0x00, 0x00, 0x00, 0x00,
    0xE0, 0xFF, 0xE7, 0xFB, 0x00, 0x00, 0x00, 0x00, 0x00, 0x00, 0xA5, 0xFC,
    0x86, 0xFC, 0x00, 0x00, 0x00, 0x00, 0x00, 0x00, 0x00, 0x00, 0x00, 0x00,
    0x00, 0x00, 0x00, 0x00, 0x00, 0x00, 0x00, 0x00, 0x00, 0x00, 0x00, 0x00,
    0x00, 0x00, 0x00, 0x00, 0x00, 0x00, 0x00, 0x00, 0x00, 0x00, 0x00, 0x00,
    0x00, 0x00, 0x00, 0x00, 0x00, 0x00, 0x00, 0x00, 0x00, 0x00, 0x00, 0x00,
    0x00, 0x00, 0x00, 0x00, 0x00, 0x00, 0x00, 0x00, 0x00, 0x00, 0x00, 0x00,
    0x00, 0x00, 0x00, 0x00, 0x00, 0x00, 0x00, 0x00, 0x00, 0x00, 0x00, 0x00,
    0x00, 0x00, 0x00, 0x00, 0x00, 0x00, 0x00, 0x00, 0x00, 0x00, 0x00, 0x00,
    0x00, 0x00, 0x00, 0x00, 0x00, 0x00, 0x00, 0x00, 0x00, 0x00, 0x00, 0x00,
    0x00, 0x00, 0x00, 0xF8, 0x00, 0x00, 0x6D, 0xFB, 0xEC, 0xFB, 0x4D, 0xFC,
    0x0C, 0xFC, 0x0C, 0xFC, 0x0C, 0xFC, 0x0C, 0xFC, 0x4D, 0xFC, 0xEC, 0xFB,
    0x00, 0x00, 0x00, 0x00, 0x00, 0x00, 0x00, 0x00, 0xEC, 0xFB, 0x0C, 0xFC,
    0x0C, 0xFC, 0x0C, 0xFC, 0x0C, 0xFC, 0x0C, 0xFC, 0x4D, 0xFC, 0x4D, 0xFC,
    0x2D, 0xFC, 0x0C, 0xFC, 0x4B, 0xFB, 0x69, 0xFA, 0x49, 0xFA, 0x69, 0xFA,
    0x69, 0xFA, 0x69, 0xFA, 0x69, 0xFA, 0x69, 0xFA, 0x69, 0xFA, 0x69, 0xFA,
    0x69, 0xFA, 0x69, 0xFA, 0x69, 0xFA, 0x69, 0xFA, 0x69, 0xFA, 0x69, 0xFA,
    0x69, 0xFA, 0x69, 0xFA, 0x69, 0xFA, 0x69, 0xFA, 0x69, 0xFA, 0x8A, 0xFA,
    0x69, 0xFA, 0xC7, 0xF9, 0x00, 0xF8, 0x00, 0xF8, 0x00, 0x00, 0x00, 0x00,
    0x00, 0x00, 0x00, 0x00, 0x00, 0x00, 0x00, 0x00, 0x00, 0x00, 0x00, 0x00,
    0x00, 0x00, 0x00, 0x00, 0x00, 0x00, 0x00, 0x00, 0x00, 0x00, 0xA0, 0xFA,
    0x00, 0xF8, 0x00, 0x00, 0xC6, 0xFC, 0xC6, 0xFC, 0xC6, 0xFC, 0xC6, 0xFC,
    0xC6, 0xFC, 0xC6, 0xFC, 0xE5, 0xFB, 0xE0, 0xFF, 0x00, 0x00, 0x00, 0x00,
    0x00, 0x00, 0x00, 0x00, 0x00, 0x00, 0x00, 0x00, 0x00, 0x00, 0x00, 0x00,
    0x00, 0x00, 0x00, 0x00, 0x00, 0x00, 0x00, 0x00, 0x00, 0x00, 0x00, 0x00,
    0x00, 0x00, 0x00, 0x00, 0x00, 0x00, 0x00, 0x00, 0x00, 0x00, 0x00, 0x00,
    0x00, 0x00, 0x00, 0x00, 0xAA, 0xFA, 0x2C, 0xFB, 0x2C, 0xFB, 0xEF, 0xFB,
    0x00, 0x00, 0x00, 0x00, 0x00, 0x00, 0x00, 0x00, 0x00, 0x00, 0x00, 0x00,
    0x00, 0x00, 0x00, 0x00, 0x00, 0x00, 0x00, 0x00, 0x00, 0x00, 0x00, 0x00,
    0x00, 0x00, 0x00, 0x00, 0x00, 0x00, 0x00, 0x00, 0x00, 0x00, 0x00, 0x00,
    0x00, 0x00, 0x00, 0xF8, 0x00, 0x00, 0x6D, 0xFB, 0xEC, 0xFB, 0x4D, 0xFC,
    0x0C, 0xFC, 0x0C, 0xFC, 0x0C, 0xFC, 0x0C, 0xFC, 0x4D, 0xFC, 0xEC, 0xFB,
    0xEF, 0xFB, 0x2C, 0xFB, 0x6D, 0xFB, 0xAA, 0xFA, 0x00, 0x00, 0x00, 0x00,
    0x00, 0x00, 0xB5, 0xFA, 0xEC, 0xFB, 0x0C, 0xFC, 0x0C, 0xFC, 0x0C, 0xFC,
    0xEC, 0xFB, 0x0C, 0xFC, 0x8C, 0xFB, 0x8A, 0xFA, 0x69, 0xFA, 0x69, 0xFA,
    0x69, 0xFA, 0x69, 0xFA, 0x69, 0xFA, 0x69, 0xFA, 0x69, 0xFA, 0x69, 0xFA,
    0x69, 0xFA, 0x69, 0xFA, 0x69, 0xFA, 0x69, 0xFA, 0x69, 0xFA, 0x69, 0xFA,
    0x69, 0xFA, 0x69, 0xFA, 0x69, 0xFA, 0x69, 0xFA, 0x69, 0xFA, 0x8A, 0xFA,
    0x69, 0xFA, 0x69, 0xFA, 0x00, 0xF8, 0x00, 0xF8, 0x00, 0x00, 0x00, 0x00,
    0x00, 0x00, 0x00, 0x00, 0x00, 0x00, 0x00, 0x00, 0x00, 0x00, 0x00, 0x00,
    0x00, 0x00, 0x00, 0x00, 0x00, 0x00, 0x00, 0x00, 0xE0, 0xFB, 0x00, 0x00,
    0xE0, 0xFF, 0xC6, 0xFC, 0xE6, 0xFC, 0xC6, 0xFC, 0x26, 0xFD, 0x06, 0xFD,
    0x06, 0xFD, 0x06, 0xFD, 0xC6, 0xFC, 0x00, 0x00, 0x00, 0x00, 0x00, 0x00,
    0x00, 0x00, 0x00, 0x00, 0x00, 0x00, 0x00, 0x00, 0x00, 0x00, 0x00, 0x00,
    0x00, 0x00, 0x00, 0x00, 0x00, 0x00, 0x00, 0x00, 0x00, 0x00, 0x00, 0x00,
    0x00, 0x00, 0x00, 0x00, 0x00, 0x00, 0x00, 0x00, 0x00, 0x00, 0x00, 0x00,
    0x00, 0x00, 0xEF, 0xFB, 0x00, 0x00, 0x00, 0x00, 0x00, 0x00, 0x00, 0x00,
    0xAA, 0xFA, 0x00, 0x00, 0x00, 0x00, 0x00, 0x00, 0x00, 0x00, 0x00, 0x00,
    0x00, 0x00, 0x00, 0x00, 0x00, 0x00, 0x00, 0x00, 0x00, 0x00, 0x00, 0x00,
    0x00, 0x00, 0x00, 0x00, 0x00, 0x00, 0x00, 0x00, 0x00, 0x00, 0x00, 0x00,
    0x00, 0x00, 0x00, 0xF8, 0x00, 0x00, 0x6D, 0xFB, 0xEC, 0xFB, 0x4D, 0xFC,
    0x0C, 0xFC, 0x0C, 0xFC, 0x0C, 0xFC, 0x0C, 0xFC, 0x4D, 0xFC, 0x0D, 0xFC,
    0x00, 0x00, 0x00, 0x00, 0x00, 0x00, 0x00, 0xF8, 0xAA, 0xFA, 0x2C, 0xFB,
    0xEA, 0xFB, 0x00, 0x00, 0x00, 0x00, 0x00, 0x00, 0x00, 0x00, 0xEC, 0xFB,
    0xEC, 0xFB, 0x2D, 0xFC, 0x2B, 0xFB, 0x69, 0xFA, 0x69, 0xFA, 0x8A, 0xFA,
    0xAA, 0xFA, 0x8A, 0xFA, 0x69, 0xFA, 0x69, 0xFA, 0x69, 0xFA, 0x69, 0xFA,
    0x69, 0xFA, 0x69, 0xFA, 0x69, 0xFA, 0x69, 0xFA, 0x69, 0xFA, 0x69, 0xFA,
    0x69, 0xFA, 0x69, 0xFA, 0x69, 0xFA, 0x69, 0xFA, 0x69, 0xFA, 0x8A, 0xFA,
    0x69, 0xFA, 0x69, 0xFA, 0x00, 0xF8, 0x00, 0xF8, 0x00, 0x00, 0x00, 0x00,
    0x00, 0x00, 0x00, 0x00, 0x00, 0x00, 0x00, 0x00, 0x00, 0x00, 0x00, 0x00,
    0x00, 0x00, 0x00, 0x00, 0x00, 0x00, 0xE0, 0xFF, 0x00, 0x00, 0xA7, 0xFC,
    0xC6, 0xFC, 0xC6, 0xFC, 0x06, 0xFD, 0xC6, 0xFC, 0xC6, 0xFC, 0xC6, 0xFC,
    0xC6, 0xFC, 0xC6, 0xFC, 0xC6, 0xFC, 0xA6, 0xFC, 0x00, 0x00, 0x00, 0x00,
    0x00, 0x00, 0x00, 0x00, 0x00, 0x00, 0x00, 0x00, 0x00, 0x00, 0x00, 0x00,
    0x00, 0x00, 0x00, 0x00, 0x00, 0x00, 0x00, 0x00, 0x00, 0x00, 0x00, 0x00,
    0x00, 0x00, 0x00, 0x00, 0x00, 0x00, 0x00, 0x00, 0x00, 0x00, 0x00, 0xF8,
    0xAA, 0xFA, 0x00, 0x00, 0xEC, 0xFB, 0xEC, 0xFB, 0xEC, 0xFB, 0xED, 0xFB,
    0x00, 0x00, 0x00, 0xF8, 0x00, 0x00, 0x00, 0x00, 0x00, 0x00, 0x00, 0x00,
    0x00, 0x00, 0x00, 0x00, 0x00, 0x00, 0x00, 0x00, 0x00, 0x00, 0x00, 0x00,
    0x00, 0x00, 0x00, 0x00, 0x00, 0x00, 0x00, 0x00, 0x00, 0x00, 0x00, 0x00,
    0x00, 0x00, 0x00, 0xF8, 0x00, 0x00, 0x6D, 0xFB, 0xEC, 0xFB, 0x4D, 0xFC,
    0x0C, 0xFC, 0x0C, 0xFC, 0x0C, 0xFC, 0x0C, 0xFC, 0x4D, 0xFC, 0xEC, 0xFB,
    0x00, 0x00, 0x00, 0x00, 0x00, 0x00, 0x00, 0x00, 0x00, 0x00, 0x00, 0x00,
    0x00, 0x00, 0xFF, 0xFF, 0xAA, 0xFA, 0x2C, 0xFB, 0x2C, 0xFB, 0x00, 0x00,
    0x00, 0x00, 0x00, 0x00, 0x00, 0x00, 0x49, 0xFA, 0x49, 0xFA, 0x69, 0xFA,
    0x69, 0xFA, 0x49, 0xFA, 0x69, 0xFA, 0x8A, 0xFA, 0x8A, 0xFA, 0x8A, 0xFA,
    0x69, 0xFA, 0x69, 0xFA, 0x69, 0xFA, 0x69, 0xFA, 0x69, 0xFA, 0x69, 0xFA,
    0x69, 0xFA, 0x69, 0xFA, 0x69, 0xFA, 0x69, 0xFA, 0x69, 0xFA, 0x8A, 0xFA,
    0x69, 0xFA, 0x69, 0xFA, 0x00, 0xF8, 0x00, 0xF8, 0x00, 0x00, 0x00, 0x00,
    0x00, 0x00, 0x00, 0x00, 0x00, 0x00, 0x00, 0x00, 0x00, 0x00, 0x00, 0x00,
    0x00, 0x00, 0x00, 0x00, 0x00, 0xF8, 0x00, 0x00, 0x06, 0xFD, 0xC6, 0xFC,
    0x06, 0xFD, 0xC6, 0xFC, 0xC6, 0xFC, 0xC6, 0xFC, 0xC6, 0xFC, 0xC6, 0xFC,
    0xC6, 0xFC, 0xC6, 0xFC, 0xC6, 0xFC, 0xC6, 0xFC, 0x00, 0x00, 0x00, 0xF8,
    0x00, 0x00, 0x00, 0x00, 0x00, 0x00, 0x00, 0x00, 0x00, 0x00, 0x00, 0x00,
    0x00, 0x00, 0x00, 0x00, 0x00, 0x00, 0x00, 0x00, 0x00, 0x00, 0x00, 0x00,
    0x00, 0x00, 0x00, 0x00, 0x00, 0x00, 0x00, 0x00, 0x00, 0x00, 0x00, 0x00,
    0x00, 0x00, 0xEC, 0xFB, 0x2D, 0xFC, 0xEC, 0xFB, 0xEC, 0xFB, 0x0C, 0xFC,
    0xEC, 0xFB, 0x00, 0x00, 0x00, 0x00, 0x00, 0x00, 0x00, 0x00, 0x00, 0x00,
    0x00, 0x00, 0x00, 0x00, 0x00, 0x00, 0x00, 0x00, 0x00, 0x00, 0x00, 0x00,
    0x00, 0x00, 0x00, 0x00, 0x00, 0x00, 0x00, 0x00, 0x00, 0x00, 0x00, 0x00,
    0x00, 0x00, 0x00, 0xF8, 0x00, 0x00, 0x6D, 0xFB, 0xEC, 0xFB, 0x4D, 0xFC,
    0x0C, 0xFC, 0x0C, 0xFC, 0x0C, 0xFC, 0x0C, 0xFC, 0x4D, 0xFC, 0x0C, 0xFC,
    0x00, 0x00, 0x00, 0x00, 0x00, 0x00, 0x00, 0x00, 0x00, 0x00, 0x00, 0x00,
    0x00, 0x00, 0x00, 0x00, 0x00, 0x00, 0x00, 0x00, 0x00, 0x00, 0xFF, 0xFF,
    0xAA, 0xFA, 0xEF, 0xFB, 0xEF, 0xFB, 0x00, 0x00, 0x00, 0x00, 0x00, 0x00,
    0x00, 0x00, 0x28, 0xFA, 0x69, 0xFA, 0x69, 0xFA, 0x69, 0xFA, 0x69, 0xFA,
    0x69, 0xFA, 0x8A, 0xFA, 0x8A, 0xFA, 0x8A, 0xFA, 0x69, 0xFA, 0x69, 0xFA,
    0x69, 0xFA, 0x69, 0xFA, 0x69, 0xFA, 0x69, 0xFA, 0x69, 0xFA, 0x8A, 0xFA,
    0x69, 0xFA, 0x69, 0xFA, 0x00, 0xF8, 0x00, 0xF8, 0x00, 0x00, 0x00, 0x00,
    0x00, 0x00, 0x00, 0x00, 0x00, 0x00, 0x00, 0x00, 0x00, 0x00, 0x00, 0x00,
    0x00, 0x00, 0xE0, 0xFF, 0x00, 0x00, 0xA6, 0xFC, 0xC6, 0xFC, 0x06, 0xFD,
    0xC6, 0xFC, 0xC6, 0xFC, 0xC6, 0xFC, 0xC6, 0xFC, 0xC6, 0xFC, 0xC6, 0xFC,
    0xC6, 0xFC, 0xC6, 0xFC, 0xC6, 0xFC, 0xC6, 0xFC, 0x00, 0x00, 0x00, 0x00,
    0x00, 0x00, 0x00, 0x00, 0x00, 0x00, 0x00, 0x00, 0x00, 0x00, 0x00, 0x00,
    0x00, 0x00, 0x00, 0x00, 0x00, 0x00, 0x00, 0x00, 0x00, 0x00, 0x00, 0x00,
    0x00, 0x00, 0x00, 0x00, 0x00, 0x00, 0x00, 0x00, 0xEF, 0xFB, 0x00, 0x00,
    0xEC, 0xFB, 0xEC, 0xFB, 0x2D, 0xFC, 0x0C, 0xFC, 0x0C, 0xFC, 0x4D, 0xFC,
    0x0C, 0xFC, 0xEC, 0xFB, 0x00, 0x00, 0x00, 0x00, 0x00, 0x00, 0x00, 0x00,
    0x00, 0x00, 0x00, 0x00, 0x00, 0x00, 0x00, 0x00, 0x00, 0x00, 0x00, 0x00,
    0x00, 0x00, 0x00, 0x00, 0x00, 0x00, 0x00, 0x00, 0x00, 0x00, 0x00, 0x00,
    0x00, 0x00, 0x00, 0xF8, 0x00, 0x00, 0x6D, 0xFB, 0xEC, 0xFB, 0x4D, 0xFC,
    0x0C, 0xFC, 0x0C, 0xFC, 0x0C, 0xFC, 0x0C, 0xFC, 0x4D, 0xFC, 0x0C, 0xFC,
    0x00, 0x00, 0x00, 0x00, 0x00, 0x00, 0x00, 0x00, 0x00, 0x00, 0x00, 0x00,
    0x00, 0x00, 0x00, 0x00, 0x00, 0x00, 0x00, 0x00, 0x00, 0x00, 0x00, 0x00,
    0x00, 0x00, 0x00, 0x00, 0x00, 0x00, 0x00, 0xF8, 0xAA, 0xFA, 0xE7, 0xF9,
    0x00, 0xF8, 0x00, 0x00, 0x00, 0x00, 0x00, 0x00, 0x00, 0x00, 0x28, 0xFA,
    0x8A, 0xFA, 0x69, 0xFA, 0x69, 0xFA, 0x69, 0xFA, 0x69, 0xFA, 0x8A, 0xFA,
    0x69, 0xFA, 0x69, 0xFA, 0x69, 0xFA, 0x69, 0xFA, 0x69, 0xFA, 0x8A, 0xFA,
    0x69, 0xFA, 0x28, 0xFA, 0x00, 0xF8, 0x00, 0xF8, 0x00, 0x00, 0x00, 0x00,
    0x00, 0x00, 0x00, 0x00, 0x00, 0x00, 0x00, 0x00, 0x00, 0x00, 0x00, 0x00,
    0xE0, 0xFF, 0xE0, 0xFF, 0xE4, 0xFC, 0xC6, 0xFC, 0xE6, 0xFC, 0xC6, 0xFC,
    0xC6, 0xFC, 0xC6, 0xFC, 0xC6, 0xFC, 0xC6, 0xFC, 0xC6, 0xFC, 0xC6, 0xFC,
    0xC6, 0xFC, 0x06, 0xFD, 0xC6, 0xFC, 0x00, 0xF8, 0x00, 0x00, 0x00, 0x00,
    0x00, 0x00, 0x00, 0x00, 0x00, 0x00, 0x00, 0x00, 0x00, 0x00, 0x00, 0x00,
    0x00, 0x00, 0x00, 0x00, 0x00, 0x00, 0x00, 0x00, 0x00, 0x00, 0x00, 0x00,
    0x00, 0x00, 0x00, 0x00, 0x00, 0x00, 0x00, 0xF8, 0xEF, 0xFB, 0x00, 0x00,
    0xEC, 0xFB, 0x6E, 0xFC, 0xEC, 0xFB, 0xEC, 0xFB, 0x0C, 0xFC, 0xEC, 0xFB,
    0x2D, 0xFC, 0x0D, 0xFC, 0x00, 0x00, 0x00, 0x00, 0x00, 0x00, 0x00, 0x00,
    0x00, 0x00, 0x00, 0x00, 0x00, 0x00, 0x00, 0x00, 0x00, 0x00, 0x00, 0x00,
    0x00, 0x00, 0x00, 0x00, 0x00, 0x00, 0x00, 0x00, 0x00, 0x00, 0x00, 0x00,
    0x00, 0x00, 0x00, 0xF8, 0x00, 0x00, 0x6D, 0xFB, 0xEC, 0xFB, 0x4D, 0xFC,
    0x0C, 0xFC, 0x0C, 0xFC, 0x0C, 0xFC, 0x0C, 0xFC, 0x4D, 0xFC, 0x0C, 0xFC,
    0x00, 0x00, 0x00, 0x00, 0x00, 0x00, 0x00, 0x00, 0x00, 0x00, 0x00, 0x00,
    0x00, 0x00, 0x00, 0x00, 0x00, 0x00, 0x00, 0x00, 0x00, 0x00, 0x00, 0x00,
    0x00, 0x00, 0x00, 0x00, 0x00, 0x00, 0x00, 0x00, 0x00, 0x00, 0x00, 0x00,
    0x00, 0x00, 0x00, 0xF8, 0xEF, 0xFB, 0xAA, 0xFA, 0x00, 0x00, 0x00, 0x00,
    0x00, 0x00, 0x00, 0x00, 0x00, 0x00, 0x69, 0xFA, 0x69, 0xFA, 0x49, 0xFA,
    0x69, 0xFA, 0x69, 0xFA, 0x69, 0xFA, 0x69, 0xFA, 0x69, 0xFA, 0x8A, 0xFA,
    0x69, 0xFA, 0xE7, 0xF9, 0x00, 0xF8, 0x00, 0xF8, 0x00, 0x00, 0x00, 0x00,
    0x00, 0x00, 0x00, 0x00, 0x00, 0x00, 0x00, 0x00, 0x00, 0x00, 0x00, 0x00,
    0x00, 0x00, 0xA0, 0xFA, 0xC6, 0xFC, 0xE6, 0xFC, 0xC6, 0xFC, 0xC6, 0xFC,
    0xC6, 0xFC, 0xC6, 0xFC, 0xC6, 0xFC, 0xC6, 0xFC, 0xC6, 0xFC, 0xE6, 0xFC,
    0xC6, 0xFC, 0xC6, 0xFC, 0xC5, 0xFC, 0x00, 0x00, 0x00, 0x00, 0x00, 0x00,
    0x00, 0x00, 0x00, 0x00, 0x00, 0x00, 0x00, 0x00, 0x00, 0x00, 0x00, 0x00,
    0x00, 0x00, 0x00, 0x00, 0x00, 0x00, 0x00, 0x00, 0x00, 0x00, 0x00, 0x00,
    0x00, 0x00, 0x00, 0x00, 0x00, 0x00, 0x00, 0xF8, 0x00, 0xF8, 0x00, 0x00,
    0x0C, 0xFC, 0x4D, 0xFC, 0x0C, 0xFC, 0x0C, 0xFC, 0x0C, 0xFC, 0x0C, 0xFC,
    0x2D, 0xFC, 0x0C, 0xFC, 0x00, 0x00, 0x00, 0x00, 0x00, 0x00, 0x00, 0x00,
    0x00, 0x00, 0x00, 0x00, 0x00, 0x00, 0x00, 0x00, 0x00, 0x00, 0x00, 0x00,
    0x00, 0x00, 0x00, 0x00, 0x00, 0x00, 0x00, 0x00, 0x00, 0x00, 0x00, 0x00,
    0x00, 0x00, 0x00, 0xF8, 0x00, 0x00, 0x6D, 0xFB, 0xEC, 0xFB, 0x4D, 0xFC,
    0x0C, 0xFC, 0x0C, 0xFC, 0x0C, 0xFC, 0x0C, 0xFC, 0x4D, 0xFC, 0x0C, 0xFC,
    0x00, 0x00, 0x00, 0x00, 0x00, 0x00, 0x00, 0x00, 0x00, 0x00, 0x00, 0x00,
    0x00, 0x00, 0x00, 0x00, 0x00, 0x00, 0x00, 0x00, 0x00, 0x00, 0x00, 0x00,
    0x00, 0x00, 0x00, 0x00, 0x00, 0x00, 0x00, 0x00, 0x00, 0x00, 0x00, 0x00,
    0x00, 0x00, 0x00, 0x00, 0x00, 0x00, 0x00, 0x00, 0x00, 0x00, 0x00, 0xF8,
    0x00, 0xF8, 0x00, 0xF8, 0x00, 0x00, 0x00, 0x00, 0x00, 0x00, 0x69, 0xFA,
    0x69, 0xFA, 0x69, 0xFA, 0x69, 0xFA, 0x69, 0xFA, 0x69, 0xFA, 0x8A, 0xFA,
    0x69, 0xFA, 0x28, 0xFA, 0x00, 0xF8, 0x00, 0xF8, 0x00, 0x00, 0x00, 0x00,
    0x00, 0x00, 0x00, 0x00, 0x00, 0x00, 0x00, 0x00, 0x00, 0x00, 0x00, 0x00,
    0x00, 0x00, 0xC5, 0xFC, 0xC6, 0xFC, 0xC6, 0xFC, 0xC6, 0xFC, 0xC6, 0xFC,
    0xC6, 0xFC, 0xC6, 0xFC, 0xC6, 0xFC, 0xC6, 0xFC, 0xC6, 0xFC, 0xC6, 0xFC,
    0xC5, 0xFC, 0x84, 0xFC, 0x00, 0x00, 0x00, 0x00, 0x00, 0x00, 0x00, 0x00,
    0x00, 0x00, 0x00, 0x00, 0x00, 0x00, 0x00, 0x00, 0x00, 0x00, 0x00, 0x00,
    0x00, 0x00, 0x00, 0x00, 0x00, 0x00, 0x00, 0x00, 0x00, 0x00, 0x00, 0x00,
    0x00, 0x00, 0x00, 0x00, 0x00, 0x00, 0x00, 0x00, 0xEF, 0xFB, 0x00, 0x00,
    0x0D, 0xFC, 0x2D, 0xFC, 0x0C, 0xFC, 0x0C, 0xFC, 0x0C, 0xFC, 0x0C, 0xFC,
    0x0C, 0xFC, 0x0D, 0xFC, 0x00, 0x00, 0x00, 0x00, 0x00, 0x00, 0x00, 0x00,
    0x00, 0x00, 0x00, 0x00, 0x00, 0x00, 0x00, 0x00, 0x00, 0x00, 0x00, 0x00,
    0x00, 0x00, 0x00, 0x00, 0x00, 0x00, 0x00, 0x00, 0x00, 0x00, 0x00, 0x00,
    0x00, 0x00, 0x00, 0xF8, 0x00, 0x00, 0x6D, 0xFB, 0xEC, 0xFB, 0x4D, 0xFC,
    0x0C, 0xFC, 0x0C, 0xFC, 0x0C, 0xFC, 0x0C, 0xFC, 0x4D, 0xFC, 0x0C, 0xFC,
    0x00, 0x00, 0x00, 0x00, 0x00, 0x00, 0x00, 0x00, 0x00, 0x00, 0x00, 0x00,
    0x00, 0x00, 0x00, 0x00, 0x00, 0x00, 0x00, 0x00, 0x00, 0x00, 0x00, 0x00,
    0x00, 0x00, 0x00, 0x00, 0x00, 0x00, 0x00, 0x00, 0x00, 0x00, 0x00, 0x00,
    0x00, 0x00, 0x00, 0x00, 0x00, 0x00, 0x00, 0x00, 0x00, 0x00, 0x00, 0x00,
    0x00, 0x00, 0x00, 0x00, 0x00, 0x00, 0xAA, 0xFA, 0x00, 0xF8, 0x69, 0xFA,
    0x69, 0xFA, 0x69, 0xFA, 0x69, 0xFA, 0x69, 0xFA, 0x69, 0xFA, 0x8A, 0xFA,
    0x69, 0xFA, 0xE7, 0xF9, 0x00, 0xF8, 0x00, 0xF8, 0x00, 0x00, 0x00, 0x00,
    0x00, 0x00, 0x00, 0x00, 0x00, 0x00, 0x00, 0x00, 0x00, 0x00, 0x00, 0x00,
    0xE7, 0xFB, 0xC6, 0xFC, 0xE6, 0xFC, 0xC6, 0xFC, 0xC6, 0xFC, 0xC6, 0xFC,
    0xC6, 0xFC, 0xC6, 0xFC, 0xE6, 0xFC, 0xC6, 0xFC, 0xA6, 0xFC, 0x00, 0x00,
    0x00, 0x00, 0x00, 0x00, 0x00, 0xF8, 0x00, 0x00, 0x00, 0x00, 0x00, 0x00,
    0x00, 0x00, 0x00, 0x00, 0x00, 0x00, 0x00, 0x00, 0x00, 0x00, 0x00, 0x00,
    0x00, 0x00, 0x00, 0x00, 0x00, 0x00, 0x00, 0x00, 0x00, 0x00, 0x00, 0x00,
    0x00, 0x00, 0x00, 0x00, 0x00, 0x00, 0x00, 0x00, 0xFF, 0xFF, 0x00, 0x00,
    0xEF, 0xFB, 0xEC, 0xFB, 0x2D, 0xFC, 0x0C, 0xFC, 0xEC, 0xFB, 0x0D, 0xFC,
    0x0C, 0xFC, 0x00, 0x00, 0x00, 0x00, 0x00, 0x00, 0x00, 0x00, 0x00, 0x00,
    0x00, 0x00, 0x00, 0x00, 0x00, 0x00, 0x00, 0x00, 0x00, 0x00, 0x00, 0x00,
    0x00, 0x00, 0x00, 0x00, 0x00, 0x00, 0x00, 0x00, 0x00, 0x00, 0x00, 0x00,
    0x00, 0x00, 0x00, 0xF8, 0x00, 0x00, 0x6D, 0xFB, 0xEC, 0xFB, 0x4D, 0xFC,
    0x0C, 0xFC, 0x0C, 0xFC, 0x0C, 0xFC, 0x0C, 0xFC, 0x4D, 0xFC, 0xEC, 0xFB,
    0x00, 0x00, 0x00, 0x00, 0x00, 0x00, 0x00, 0x00, 0x00, 0x00, 0x00, 0x00,
    0x00, 0x00, 0x00, 0x00, 0x00, 0x00, 0x00, 0x00, 0x00, 0x00, 0x00, 0x00,
    0x00, 0x00, 0x00, 0x00, 0x00, 0x00, 0x00, 0x00, 0x00, 0x00, 0x00, 0x00,
    0x00, 0x00, 0x00, 0x00, 0x00, 0x00, 0x00, 0x00, 0x00, 0x00, 0x00, 0x00,
    0x00, 0x00, 0x00, 0x00, 0x00, 0x00, 0xEF, 0xFB, 0x00, 0x00, 0x69, 0xFA,
    0x69, 0xFA, 0x69, 0xFA, 0x69, 0xFA, 0x69, 0xFA, 0x69, 0xFA, 0x8A, 0xFA,
    0x69, 0xFA, 0xE7, 0xF9, 0x00, 0xF8, 0x00, 0xF8, 0x00, 0x00, 0x00, 0x00,
    0x00, 0x00, 0x00, 0x00, 0x00, 0x00, 0x00, 0x00, 0x00, 0x00, 0x00, 0x00,
    0xC6, 0xFC, 0xC6, 0xFC, 0xC6, 0xFC, 0xC6, 0xFC, 0xC6, 0xFC, 0xC6, 0xFC,
    0xC6, 0xFC, 0xE6, 0xFC, 0xC6, 0xFC, 0xE6, 0xFC, 0x00, 0x00, 0xFF, 0xFF,
    0x00, 0xF8, 0x00, 0x00, 0x00, 0x00, 0x00, 0x00, 0x00, 0x00, 0x00, 0x00,
    0x00, 0x00, 0x00, 0x00, 0x00, 0x00, 0x00, 0x00, 0x00, 0x00, 0x00, 0x00,
    0x00, 0x00, 0x00, 0x00, 0x00, 0x00, 0x00, 0x00, 0x00, 0x00, 0x00, 0x00,
    0x00, 0x00, 0x00, 0x00, 0x00, 0x00, 0x00, 0x00, 0x00, 0x00, 0x00, 0xF8,
    0x00, 0x00, 0x00, 0x00, 0xEC, 0xFB, 0xEC, 0xFB, 0x0C, 0xFC, 0x0C, 0xFC,
    0x00, 0x00, 0x00, 0x00, 0x00, 0x00, 0x00, 0x00, 0x00, 0x00, 0x00, 0x00,
    0x00, 0x00, 0x00, 0x00, 0x00, 0x00, 0x00, 0x00, 0x00, 0x00, 0x00, 0x00,
    0x00, 0x00, 0x00, 0x00, 0x00, 0x00, 0x00, 0x00, 0x00, 0x00, 0x00, 0x00,
    0x00, 0x00, 0x00, 0xF8, 0x00, 0x00, 0x6D, 0xFB, 0xEC, 0xFB, 0x4D, 0xFC,
    0x0C, 0xFC, 0x0C, 0xFC, 0x0C, 0xFC, 0xEC, 0xFB, 0x4D, 0xFC, 0xEC, 0xFB,
    0x00, 0x00, 0x00, 0x00, 0x00, 0x00, 0x00, 0x00, 0x00, 0x00, 0x00, 0x00,
    0x00, 0x00, 0x00, 0x00, 0x00, 0x00, 0x00, 0x00, 0x00, 0x00, 0x00, 0x00,
    0x00, 0x00, 0x00, 0x00, 0x00, 0x00, 0x00, 0x00, 0x00, 0x00, 0x00, 0x00,
    0x00, 0x00, 0x00, 0x00, 0x00, 0x00, 0x00, 0x00, 0x00, 0x00, 0x00, 0x00,
    0x00, 0x00, 0x00, 0x00, 0x00, 0x00, 0xEF, 0xFB, 0x00, 0x00, 0x69, 0xFA,
    0x69, 0xFA, 0x69, 0xFA, 0x69, 0xFA, 0x69, 0xFA, 0x69, 0xFA, 0x8A, 0xFA,
    0x69, 0xFA, 0xE7, 0xF9, 0x00, 0xF8, 0x00, 0xF8, 0x00, 0x00, 0x00, 0x00,
    0x00, 0x00, 0x00, 0x00, 0x00, 0x00, 0x00, 0x00, 0x00, 0x00, 0x00, 0x00,
    0xC6, 0xFC, 0xE6, 0xFC, 0xC6, 0xFC, 0xC6, 0xFC, 0xC6, 0xFC, 0xC6, 0xFC,
    0xC6, 0xFC, 0xC6, 0xFC, 0xC6, 0xFC, 0x00, 0x00, 0x4A, 0xFD, 0x00, 0x00,
    0x00, 0x00, 0x00, 0x00, 0x00, 0x00, 0x00, 0x00, 0x00, 0x00, 0x00, 0x00,
    0x00, 0x00, 0x00, 0x00, 0x00, 0x00, 0x00, 0x00, 0x00, 0x00, 0x00, 0x00,
    0x00, 0x00, 0x00, 0x00, 0x00, 0x00, 0x00, 0x00, 0x00, 0x00, 0x00, 0x00,
    0x00, 0x00, 0x00, 0x00, 0x00, 0x00, 0x00, 0x00, 0x00, 0x00, 0x00, 0x00,
    0x00, 0x00, 0x00, 0xF8, 0x00, 0x00, 0x00, 0x00, 0x00, 0x00, 0x00, 0x00,
    0x00, 0xF8, 0x00, 0x00, 0x00, 0x00, 0x00, 0x00, 0x00, 0x00, 0x00, 0x00,
    0x00, 0x00, 0x00, 0x00, 0x00, 0x00, 0x00, 0x00, 0x00, 0x00, 0x00, 0x00,
    0x00, 0x00, 0x00, 0x00, 0x00, 0x00, 0x00, 0x00, 0x00, 0x00, 0x00, 0x00,
    0x00, 0x00, 0x00, 0xF8, 0x00, 0x00, 0x6D, 0xFB, 0xEC, 0xFB, 0x4D, 0xFC,
    0x0C, 0xFC, 0x0C, 0xFC, 0x0C, 0xFC, 0xEC, 0xFB, 0x4D, 0xFC, 0xEC, 0xFB,
    0x00, 0x00, 0x00, 0x00, 0x00, 0x00, 0x00, 0x00, 0x00, 0x00, 0x00, 0x00,
    0x00, 0x00, 0x00, 0x00, 0x00, 0x00, 0x00, 0x00, 0x00, 0x00, 0x00, 0x00,
    0x00, 0x00, 0x00, 0x00, 0x00, 0x00, 0x00, 0x00, 0x00, 0x00, 0x00, 0x00,
    0x00, 0x00, 0x00, 0x00, 0x00, 0x00, 0x00, 0x00, 0x00, 0x00, 0x00, 0x00,
    0x00, 0x00, 0x00, 0x00, 0x00, 0x00, 0xEF, 0xFB, 0x00, 0x00, 0x69, 0xFA,
    0x69, 0xFA, 0x69, 0xFA, 0x69, 0xFA, 0x69, 0xFA, 0x69, 0xFA, 0x8A, 0xFA,
    0x69, 0xFA, 0xAA, 0xFA, 0x00, 0xF8, 0x00, 0xF8, 0x00, 0x00, 0x00, 0x00,
    0x00, 0x00, 0x00, 0x00, 0x00, 0x00, 0x00, 0x00, 0x00, 0x00, 0x00, 0x00,
    0xA6, 0xFC, 0xE6, 0xFC, 0xC6, 0xFC, 0xC6, 0xFC, 0xC6, 0xFC, 0xC6, 0xFC,
    0x26, 0xFD, 0xC6, 0xFC, 0xE7, 0xFB, 0xE0, 0xFF, 0xE0, 0xFF, 0x00, 0x00,
    0x00, 0x00, 0x00, 0x00, 0x00, 0x00, 0x00, 0x00, 0x00, 0x00, 0x00, 0x00,
    0x00, 0x00, 0x00, 0x00, 0x00, 0x00, 0x00, 0x00, 0x00, 0x00, 0x00, 0x00,
    0x00, 0x00, 0x00, 0x00, 0x00, 0x00, 0x00, 0x00, 0x00, 0x00, 0x00, 0x00,
    0x00, 0x00, 0x00, 0x00, 0x00, 0x00, 0x00, 0x00, 0x00, 0x00, 0x00, 0x00,
    0x00, 0x00, 0x00, 0x00, 0xEF, 0xFB, 0xAA, 0xFA, 0xAA, 0xFA, 0xE0, 0xFF,
    0x00, 0x00, 0x00, 0x00, 0x00, 0x00, 0x00, 0x00, 0x00, 0x00, 0x00, 0x00,
    0x00, 0x00, 0x00, 0x00, 0x00, 0x00, 0x00, 0x00, 0x00, 0x00, 0x00, 0x00,
    0x00, 0x00, 0x00, 0x00, 0x00, 0x00, 0x00, 0x00, 0x00, 0x00, 0x00, 0x00,
    0x00, 0x00, 0x00, 0xF8, 0x00, 0x00, 0x6D, 0xFB, 0xEC, 0xFB, 0x4D, 0xFC,
    0x0C, 0xFC, 0x0C, 0xFC, 0x0C, 0xFC, 0xEC, 0xFB, 0x4D, 0xFC, 0xEC, 0xFB,
    0x00, 0x00, 0x00, 0x00, 0x00, 0x00, 0x00, 0x00, 0x00, 0x00, 0x00, 0x00,
    0x00, 0x00, 0x00, 0x00, 0x00, 0x00, 0x00, 0x00, 0x00, 0x00, 0x00, 0x00,
    0x00, 0x00, 0x00, 0x00, 0x00, 0x00, 0x00, 0x00, 0x00, 0x00, 0x00, 0x00,
    0x00, 0x00, 0x00, 0x00, 0x00, 0x00, 0x00, 0x00, 0x00, 0x00, 0x00, 0x00,
    0x00, 0x00, 0x00, 0x00, 0x00, 0x00, 0xEF, 0xFB, 0x00, 0x00, 0x69, 0xFA,
    0x69, 0xFA, 0x69, 0xFA, 0x69, 0xFA, 0x69, 0xFA, 0x69, 0xFA, 0x8A, 0xFA,
    0x69, 0xFA, 0xAA, 0xFA, 0x00, 0xF8, 0x00, 0xF8, 0x00, 0x00, 0x00, 0x00,
    0x00, 0x00, 0x00, 0x00, 0x00, 0x00, 0x00, 0x00, 0x00, 0x00, 0x00, 0x00,
    0x47, 0xFD, 0xC6, 0xFC, 0x06, 0xFD, 0xE6, 0xFC, 0xE6, 0xFC, 0x26, 0xFD,
    0xA6, 0xFC, 0xC6, 0xFC, 0xE0, 0xFF, 0xE7, 0xFD, 0x00, 0x00, 0x00, 0x00,
    0x00, 0x00, 0x00, 0x00, 0x00, 0x00, 0x00, 0x00, 0x00, 0x00, 0x00, 0x00,
    0x00, 0x00, 0x00, 0x00, 0x00, 0x00, 0x00, 0x00, 0x00, 0x00, 0x00, 0x00,
    0x00, 0x00, 0x00, 0x00, 0x00, 0x00, 0x00, 0x00, 0x00, 0x00, 0x00, 0x00,
    0x00, 0x00, 0x00, 0x00, 0x00, 0x00, 0x00, 0x00, 0x00, 0x00, 0x00, 0x00,
    0x00, 0x00, 0x00, 0x00, 0x00, 0x00, 0x00, 0x00, 0x00, 0x00, 0x00, 0x00,
    0x00, 0x00, 0x00, 0x00, 0x00, 0x00, 0x00, 0x00, 0x00, 0x00, 0x00, 0x00,
    0x00, 0x00, 0x00, 0x00, 0x00, 0x00, 0x00, 0x00, 0x00, 0x00, 0x00, 0x00,
    0x00, 0x00, 0x00, 0x00, 0x00, 0x00, 0x00, 0x00, 0x00, 0x00, 0x00, 0x00,
    0x00, 0x00, 0x00, 0xF8, 0x00, 0x00, 0x6D, 0xFB, 0xEC, 0xFB, 0x4D, 0xFC,
    0x0C, 0xFC, 0x0C, 0xFC, 0x0C, 0xFC, 0xEC, 0xFB, 0x4D, 0xFC, 0xEC, 0xFB,
    0x00, 0x00, 0x00, 0x00, 0x00, 0x00, 0x00, 0x00, 0x00, 0x00, 0x00, 0x00,
    0x00, 0x00, 0x00, 0x00, 0x00, 0x00, 0x00, 0x00, 0x00, 0x00, 0x00, 0x00,
    0x00, 0x00, 0x00, 0x00, 0x00, 0x00, 0x00, 0x00, 0x00, 0x00, 0x00, 0x00,
    0x00, 0x00, 0x00, 0x00, 0x00, 0x00, 0x00, 0x00, 0x00, 0x00, 0x00, 0x00,
    0x00, 0x00, 0x00, 0x00, 0x00, 0x00, 0xEF, 0xFB, 0x00, 0x00, 0x69, 0xFA,
    0x69, 0xFA, 0x69, 0xFA, 0x69, 0xFA, 0x69, 0xFA, 0x69, 0xFA, 0x8A, 0xFA,
    0x69, 0xFA, 0xAA, 0xFA, 0x00, 0xF8, 0x00, 0xF8, 0x00, 0x00, 0x00, 0x00,
    0x00, 0x00, 0x00, 0x00, 0x00, 0x00, 0x00, 0x00, 0x00, 0x00, 0x00, 0x00,
    0x00, 0x00, 0xE6, 0xFC, 0xC6, 0xFC, 0xC6, 0xFC, 0xC6, 0xFC, 0xC6, 0xFC,
    0xC6, 0xFC, 0x00, 0x00, 0xE0, 0xFB, 0x00, 0x00, 0x00, 0x00, 0x00, 0x00,
    0x00, 0x00, 0x00, 0x00, 0x00, 0x00, 0x00, 0x00, 0x00, 0x00, 0x00, 0x00,
    0x00, 0x00, 0x00, 0x00, 0x00, 0x00, 0x00, 0x00, 0x00, 0x00, 0x00, 0x00,
    0x00, 0x00, 0x00, 0x00, 0x00, 0x00, 0x00, 0x00, 0x00, 0x00, 0x00, 0x00,
    0x00, 0x00, 0x00, 0x00, 0x00, 0x00, 0x00, 0x00, 0x00, 0x00, 0x00, 0x00,
    0x00, 0x00, 0x00, 0x00, 0x00, 0x00, 0x00, 0x00, 0x00, 0x00, 0x00, 0x00,
    0x00, 0x00, 0x00, 0x00, 0x00, 0x00, 0x00, 0x00, 0x00, 0x00, 0x00, 0x00,
    0x00, 0x00, 0x00, 0x00, 0x00, 0x00, 0x00, 0x00, 0x00, 0x00, 0x00, 0x00,
    0x00, 0x00, 0x00, 0x00, 0x00, 0x00, 0x00, 0x00, 0x00, 0x00, 0x00, 0x00,
    0x00, 0x00, 0x00, 0xF8, 0x00, 0x00, 0x6D, 0xFB, 0xEC, 0xFB, 0x4D, 0xFC,
    0x0C, 0xFC, 0x0C, 0xFC, 0x0C, 0xFC, 0xEC, 0xFB, 0x4D, 0xFC, 0x0C, 0xFC,
    0x00, 0x00, 0x00, 0x00, 0x00, 0x00, 0x00, 0x00, 0x00, 0x00, 0x00, 0x00,
    0x00, 0x00, 0x00, 0x00, 0x00, 0x00, 0x00, 0x00, 0x00, 0x00, 0x00, 0x00,
    0x00, 0x00, 0x00, 0x00, 0x00, 0x00, 0x00, 0x00, 0x00, 0x00, 0x00, 0x00,
    0x00, 0x00, 0x00, 0x00, 0x00, 0x00, 0x00, 0x00, 0x00, 0x00, 0x00, 0x00,
    0x00, 0x00, 0x00, 0x00, 0x00, 0x00, 0xEF, 0xFB, 0x00, 0x00, 0x69, 0xFA,
    0x69, 0xFA, 0x69, 0xFA, 0x69, 0xFA, 0x69, 0xFA, 0x69, 0xFA, 0x8A, 0xFA,
    0x69, 0xFA, 0xAA, 0xFA, 0x00, 0xF8, 0x00, 0xF8, 0x00, 0x00, 0x00, 0x00,
    0x00, 0x00, 0x00, 0x00, 0x00, 0x00, 0x00, 0x00, 0x00, 0x00, 0x00, 0x00,
    0x00, 0x00, 0x00, 0x00, 0x00, 0x00, 0xA6, 0xFC, 0xA6, 0xFC, 0xC8, 0xFC,
    0x00, 0x00, 0x40, 0xFD, 0x00, 0x00, 0x00, 0x00, 0x00, 0x00, 0x00, 0x00,
    0x00, 0x00, 0x00, 0x00, 0x00, 0x00, 0x00, 0x00, 0x00, 0x00, 0x00, 0x00,
    0x00, 0x00, 0x00, 0x00, 0x00, 0x00, 0x00, 0x00, 0x00, 0x00, 0x00, 0x00,
    0x00, 0x00, 0x00, 0x00, 0x00, 0x00, 0x00, 0x00, 0x00, 0x00, 0x00, 0x00,
    0x00, 0x00, 0x00, 0x00, 0x00, 0x00, 0x00, 0x00, 0x00, 0x00, 0x00, 0x00,
    0x00, 0x00, 0x00, 0x00, 0x00, 0x00, 0x00, 0x00, 0x00, 0x00, 0x00, 0x00,
    0x00, 0x00, 0x00, 0x00, 0x00, 0x00, 0x00, 0x00, 0x00, 0x00, 0x00, 0x00,
    0x00, 0x00, 0x00, 0x00, 0x00, 0x00, 0x00, 0x00, 0x00, 0x00, 0x00, 0x00,
    0x00, 0x00, 0x00, 0x00, 0x00, 0x00, 0x00, 0x00, 0x00, 0x00, 0x00, 0x00,
    0x00, 0x00, 0x00, 0xF8, 0x00, 0x00, 0x6D, 0xFB, 0xEC, 0xFB, 0x4D, 0xFC,
    0x0C, 0xFC, 0x0C, 0xFC, 0x0C, 0xFC, 0xEC, 0xFB, 0x4D, 0xFC, 0xEC, 0xFB,
    0x00, 0x00, 0x00, 0x00, 0x00, 0x00, 0x00, 0x00, 0x00, 0x00, 0x00, 0x00,
    0x00, 0x00, 0x00, 0x00, 0x00, 0x00, 0x00, 0x00, 0x00, 0x00, 0x00, 0x00,
    0x00, 0x00, 0x00, 0x00, 0x00, 0x00, 0x00, 0x00, 0x00, 0x00, 0x00, 0x00,
    0x00, 0x00, 0x00, 0x00, 0x00, 0x00, 0x00, 0x00, 0x00, 0x00, 0x00, 0x00,
    0x00, 0x00, 0x00, 0x00, 0x00, 0x00, 0xEF, 0xFB, 0x00, 0x00, 0x69, 0xFA,
    0x69, 0xFA, 0x69, 0xFA, 0x69, 0xFA, 0x69, 0xFA, 0x69, 0xFA, 0x8A, 0xFA,
    0x69, 0xFA, 0x69, 0xFA, 0x00, 0xF8, 0x00, 0xF8, 0x00, 0x00, 0x00, 0x00,
    0x00, 0x00, 0x00, 0x00, 0x00, 0x00, 0x00, 0x00, 0x00, 0x00, 0x00, 0x00,
    0x00, 0x00, 0xE0, 0xFB, 0x4A, 0xFD, 0x00, 0x00, 0x00, 0x00, 0x00, 0x00,
    0xE7, 0xFB, 0x00, 0x00, 0x00, 0x00, 0x00, 0x00, 0x00, 0x00, 0x00, 0x00,
    0x00, 0x00, 0x00, 0x00, 0x00, 0x00, 0x00, 0x00, 0x00, 0x00, 0x00, 0x00,
    0x00, 0x00, 0x00, 0x00, 0x00, 0x00, 0x00, 0x00, 0x00, 0x00, 0x00, 0x00,
    0x00, 0x00, 0x00, 0x00, 0x00, 0x00, 0x00, 0x00, 0x00, 0x00, 0x00, 0x00,
    0x00, 0x00, 0x00, 0x00, 0x00, 0x00, 0x00, 0x00, 0x00, 0x00, 0x00, 0x00,
    0x00, 0x00, 0x00, 0x00, 0x00, 0x00, 0x00, 0x00, 0x00, 0x00, 0x00, 0x00,
    0x00, 0x00, 0x00, 0x00, 0x00, 0x00, 0x00, 0x00, 0x00, 0x00, 0x00, 0x00,
    0x00, 0x00, 0x00, 0x00, 0x00, 0x00, 0x00, 0x00, 0x00, 0x00, 0x00, 0x00,
    0x00, 0x00, 0x00, 0x00, 0x00, 0x00, 0x00, 0x00, 0x00, 0x00, 0x00, 0x00,
    0x00, 0x00, 0x00, 0xF8, 0x00, 0x00, 0x6D, 0xFB, 0xEC, 0xFB, 0x4D, 0xFC,
    0x0C, 0xFC, 0x0C, 0xFC, 0x0C, 0xFC, 0xEC, 0xFB, 0x4D, 0xFC, 0xEC, 0xFB,
    0x00, 0x00, 0x00, 0x00, 0x00, 0x00, 0x00, 0x00, 0x00, 0x00, 0x00, 0x00,
    0x00, 0x00, 0x00, 0x00, 0x00, 0x00, 0x00, 0x00, 0x00, 0x00, 0x00, 0x00,
    0x00, 0x00, 0x00, 0x00, 0x00, 0x00, 0x00, 0x00, 0x00, 0x00, 0x00, 0x00,
    0x00, 0x00, 0x00, 0x00, 0x00, 0x00, 0x00, 0x00, 0x00, 0x00, 0x00, 0x00,
    0x00, 0x00, 0x00, 0x00, 0x00, 0x00, 0xEF, 0xFB, 0x00, 0x00, 0x69, 0xFA,
    0x69, 0xFA, 0x69, 0xFA, 0x69, 0xFA, 0x69, 0xFA, 0x69, 0xFA, 0x8A, 0xFA,
    0x69, 0xFA, 0x69, 0xFA, 0x00, 0xF8, 0x00, 0xF8, 0x00, 0x00, 0x00, 0x00,
    0x00, 0x00, 0x00, 0x00, 0x00, 0x00, 0x00, 0x00, 0x00, 0x00, 0x00, 0x00,
    0x00, 0x00, 0x00, 0x00, 0xE0, 0xFF, 0x4A, 0xFD, 0xE7, 0xFB, 0xE0, 0xFB,
    0x00, 0x00, 0x00, 0x00, 0x00, 0x00, 0x00, 0x00, 0x00, 0x00, 0x00, 0x00,
    0x00, 0x00, 0x00, 0x00, 0x00, 0x00, 0x00, 0x00, 0x00, 0x00, 0x00, 0x00,
    0x00, 0x00, 0x00, 0x00, 0x00, 0x00, 0x00, 0x00, 0x00, 0xF8, 0x00, 0x00,
    0x00, 0x00, 0x00, 0x00, 0x00, 0x00, 0x00, 0x00, 0x00, 0x00, 0x00, 0x00,
    0x00, 0x00, 0x00, 0x00, 0x00, 0x00, 0x00, 0x00, 0x00, 0x00, 0x00, 0x00,
    0x00, 0x00, 0x00, 0x00, 0x00, 0x00, 0x00, 0x00, 0x00, 0x00, 0x00, 0x00,
    0x00, 0x00, 0x00, 0x00, 0x00, 0x00, 0x00, 0x00, 0x00, 0x00, 0x00, 0x00,
    0x00, 0x00, 0x00, 0x00, 0x00, 0x00, 0x00, 0x00, 0x00, 0x00, 0x00, 0x00,
    0x00, 0xF8, 0xAA, 0xFA, 0x86, 0xF9, 0x2C, 0xFB, 0xAA, 0xFA, 0xAA, 0xFA,
    0x86, 0xF9, 0xE7, 0xF9, 0x00, 0xF8, 0x6D, 0xFB, 0xEC, 0xFB, 0x4D, 0xFC,
    0x0C, 0xFC, 0x0C, 0xFC, 0x0C, 0xFC, 0xEC, 0xFB, 0x4D, 0xFC, 0x0C, 0xFC,
    0x00, 0x00, 0x00, 0x00, 0x00, 0x00, 0x00, 0x00, 0x00, 0x00, 0x00, 0x00,
    0x00, 0x00, 0x00, 0x00, 0x00, 0x00, 0x00, 0x00, 0x00, 0x00, 0x00, 0x00,
    0x00, 0x00, 0x00, 0x00, 0x00, 0x00, 0x00, 0x00, 0x00, 0x00, 0x00, 0x00,
    0x00, 0x00, 0x00, 0x00, 0x00, 0x00, 0x00, 0x00, 0x00, 0x00, 0x00, 0x00,
    0x00, 0x00, 0x00, 0x00, 0x00, 0x00, 0xEF, 0xFB, 0x00, 0x00, 0x69, 0xFA,
    0x69, 0xFA, 0x69, 0xFA, 0x69, 0xFA, 0x69, 0xFA, 0x69, 0xFA, 0x8A, 0xFA,
    0x69, 0xFA, 0x49, 0xFA, 0x00, 0xF8, 0x00, 0xF8, 0x00, 0x00, 0x00, 0x00,
    0x00, 0x00, 0x00, 0x00, 0x00, 0x00, 0x00, 0x00, 0x00, 0x00, 0x00, 0x00,
    0x00, 0x00, 0x00, 0x00, 0x00, 0x00, 0x00, 0x00, 0x00, 0x00, 0x00, 0x00,
    0x00, 0x00, 0x00, 0x00, 0x00, 0x00, 0x00, 0x00, 0x00, 0x00, 0x00, 0x00,
    0x00, 0x00, 0x00, 0x00, 0x00, 0x00, 0x00, 0x00, 0x00, 0x00, 0x00, 0x00,
    0x00, 0x00, 0x00, 0x00, 0xAA, 0xFA, 0x86, 0xF9, 0xEF, 0xFB, 0x2C, 0xFB,
    0xAA, 0xFA, 0x00, 0x00, 0x00, 0x00, 0x00, 0x00, 0x00, 0x00, 0x00, 0x00,
    0x00, 0x00, 0x00, 0x00, 0x00, 0x00, 0x00, 0x00, 0x00, 0x00, 0x00, 0x00,
    0x00, 0x00, 0x00, 0x00, 0x00, 0x00, 0x00, 0x00, 0x00, 0x00, 0x00, 0x00,
    0x00, 0x00, 0x00, 0x00, 0x00, 0x00, 0x00, 0x00, 0x00, 0x00, 0x00, 0x00,
    0x00, 0x00, 0x00, 0x00, 0x00, 0x00, 0x00, 0x00, 0x00, 0xF8, 0x2C, 0xFB,
    0xAA, 0xFA, 0x00, 0x00, 0x00, 0x00, 0x00, 0x00, 0x00, 0x00, 0x00, 0x00,
    0x00, 0x00, 0x00, 0x00, 0xAA, 0xFA, 0x0C, 0xFB, 0xEC, 0xFB, 0x4D, 0xFC,
    0x0C, 0xFC, 0x0C, 0xFC, 0x0C, 0xFC, 0xEC, 0xFB, 0x4D, 0xFC, 0xEC, 0xFB,
    0x00, 0x00, 0x00, 0x00, 0x00, 0x00, 0x00, 0x00, 0x00, 0x00, 0x00, 0x00,
    0x00, 0x00, 0x00, 0x00, 0x00, 0x00, 0x00, 0x00, 0x00, 0x00, 0x00, 0x00,
    0x00, 0x00, 0x00, 0x00, 0x00, 0x00, 0x00, 0x00, 0x00, 0x00, 0x00, 0x00,
    0x00, 0x00, 0x00, 0x00, 0x00, 0x00, 0x00, 0x00, 0x00, 0x00, 0x00, 0x00,
    0x00, 0x00, 0x00, 0x00, 0x00, 0x00, 0xEF, 0xFB, 0x00, 0x00, 0x69, 0xFA,
    0x69, 0xFA, 0x69, 0xFA, 0x69, 0xFA, 0x69, 0xFA, 0x69, 0xFA, 0x8A, 0xFA,
    0x69, 0xFA, 0x49, 0xFA, 0x00, 0xF8, 0x00, 0xF8, 0x00, 0x00, 0x00, 0x00,
    0x00, 0x00, 0x00, 0x00, 0x00, 0x00, 0x00, 0x00, 0x00, 0x00, 0x00, 0x00,
    0x00, 0x00, 0x00, 0x00, 0x00, 0x00, 0x00, 0x00, 0x00, 0x00, 0x00, 0x00,
    0x00, 0x00, 0x00, 0x00, 0x00, 0x00, 0x00, 0x00, 0x00, 0x00, 0x00, 0x00,
    0x00, 0x00, 0x00, 0x00, 0x00, 0x00, 0x00, 0x00, 0x00, 0x00, 0x00, 0x00,
    0x00, 0x00, 0xAA, 0xFA, 0x00, 0x00, 0x00, 0x00, 0xAA, 0xFA, 0x00, 0x00,
    0x00, 0x00, 0xAA, 0xFA, 0x00, 0x00, 0x00, 0x00, 0x00, 0x00, 0x00, 0x00,
    0x00, 0x00, 0x00, 0x00, 0x00, 0x00, 0x00, 0x00, 0x00, 0x00, 0x00, 0x00,
    0x00, 0x00, 0x00, 0x00, 0x00, 0x00, 0x00, 0x00, 0x00, 0x00, 0x00, 0x00,
    0x00, 0x00, 0x00, 0x00, 0x00, 0x00, 0x00, 0x00, 0x00, 0x00, 0x00, 0x00,
    0x00, 0x00, 0x00, 0x00, 0x00, 0x00, 0xAA, 0xFA, 0x00, 0xF8, 0x00, 0x00,
    0x00, 0x00, 0x49, 0xFA, 0x69, 0xFA, 0x69, 0xFA, 0x69, 0xFA, 0x69, 0xFA,
    0x69, 0xFA, 0x69, 0xFA, 0x00, 0xF8, 0x00, 0x00, 0x0C, 0xFC, 0x2D, 0xFC,
    0x0C, 0xFC, 0x0C, 0xFC, 0x0C, 0xFC, 0xEC, 0xFB, 0x4D, 0xFC, 0xEC, 0xFB,
    0x00, 0x00, 0x00, 0x00, 0x00, 0x00, 0x00, 0x00, 0x00, 0x00, 0x00, 0x00,
    0x00, 0x00, 0x00, 0x00, 0x00, 0x00, 0x00, 0x00, 0x00, 0x00, 0x00, 0x00,
    0x00, 0x00, 0x00, 0x00, 0x00, 0x00, 0x00, 0x00, 0x00, 0x00, 0x00, 0x00,
    0x00, 0x00, 0x00, 0x00, 0x00, 0x00, 0x00, 0x00, 0x00, 0x00, 0x00, 0x00,
    0x00, 0x00, 0x00, 0x00, 0x00, 0x00, 0xEF, 0xFB, 0x00, 0x00, 0x69, 0xFA,
    0x69, 0xFA, 0x69, 0xFA, 0x69, 0xFA, 0x69, 0xFA, 0x69, 0xFA, 0x8A, 0xFA,
    0x69, 0xFA, 0x49, 0xFA, 0x00, 0xF8, 0x00, 0xF8, 0x00, 0x00, 0x00, 0x00,
    0x00, 0x00, 0x00, 0x00, 0x00, 0x00, 0x00, 0x00, 0x00, 0x00, 0x00, 0x00,
    0x00, 0x00, 0x00, 0x00, 0x00, 0x00, 0x00, 0x00, 0x00, 0x00, 0x00, 0x00,
    0x00, 0x00, 0x00, 0x00, 0x00, 0x00, 0x00, 0x00, 0x00, 0x00, 0x00, 0x00,
    0x00, 0x00, 0x00, 0x00, 0x00, 0x00, 0x00, 0x00, 0x00, 0x00, 0x00, 0xF8,
    0x00, 0xF8, 0x00, 0x00, 0x49, 0xFA, 0x69, 0xFA, 0x69, 0xFA, 0x49, 0xFA,
    0x69, 0xFA, 0x00, 0x00, 0x00, 0x00, 0x00, 0xF8, 0x00, 0x00, 0x00, 0x00,
    0x00, 0x00, 0x00, 0x00, 0x00, 0x00, 0x00, 0x00, 0x00, 0x00, 0x00, 0x00,
    0x00, 0x00, 0x00, 0x00, 0x00, 0x00, 0x00, 0x00, 0x00, 0x00, 0x00, 0x00,
    0x00, 0x00, 0x00, 0x00, 0x00, 0x00, 0x00, 0x00, 0x00, 0x00, 0x00, 0x00,
    0x00, 0x00, 0x00, 0x00, 0xAA, 0xFA, 0x00, 0x00, 0x69, 0xFA, 0x49, 0xFA,
    0x69, 0xFA, 0x69, 0xFA, 0x69, 0xFA, 0x69, 0xFA, 0x69, 0xFA, 0x69, 0xFA,
    0x69, 0xFA, 0x69, 0xFA, 0x69, 0xFA, 0x49, 0xFA, 0xAC, 0xFB, 0x4D, 0xFC,
    0x0C, 0xFC, 0x0C, 0xFC, 0x0C, 0xFC, 0xEC, 0xFB, 0x4D, 0xFC, 0x0C, 0xFC,
    0x00, 0x00, 0x00, 0x00, 0x00, 0x00, 0x00, 0x00, 0x00, 0x00, 0x00, 0x00,
    0x00, 0x00, 0x00, 0x00, 0x00, 0x00, 0x00, 0x00, 0x00, 0x00, 0x00, 0x00,
    0x00, 0x00, 0x00, 0x00, 0x00, 0x00, 0x00, 0x00, 0x00, 0x00, 0x00, 0x00,
    0x00, 0x00, 0x00, 0x00, 0x00, 0x00, 0x00, 0x00, 0x00, 0x00, 0x00, 0x00,
    0x00, 0x00, 0x00, 0x00, 0x00, 0x00, 0xEF, 0xFB, 0x00, 0x00, 0x69, 0xFA,
    0x69, 0xFA, 0x69, 0xFA, 0x69, 0xFA, 0x69, 0xFA, 0x69, 0xFA, 0x8A, 0xFA,
    0x69, 0xFA, 0x28, 0xFA, 0x00, 0xF8, 0x00, 0xF8, 0x00, 0x00, 0x00, 0x00,
    0x00, 0x00, 0x00, 0x00, 0x00, 0x00, 0x00, 0x00, 0x00, 0x00, 0x00, 0x00,
    0x00, 0x00, 0x00, 0x00, 0x00, 0x00, 0x00, 0x00, 0x00, 0x00, 0x00, 0x00,
    0x00, 0x00, 0x00, 0x00, 0x00, 0x00, 0x00, 0x00, 0x00, 0x00, 0x00, 0x00,
    0x00, 0x00, 0x00, 0x00, 0x00, 0x00, 0x00, 0x00, 0x00, 0x00, 0x00, 0xF8,
    0x00, 0x00, 0x49, 0xFA, 0x8A, 0xFA, 0x8A, 0xFA, 0x8A, 0xFA, 0x8A, 0xFA,
    0x69, 0xFA, 0x49, 0xFA, 0x00, 0x00, 0x00, 0xF8, 0x00, 0x00, 0x00, 0x00,
    0x00, 0x00, 0x00, 0x00, 0x00, 0x00, 0x00, 0x00, 0x00, 0x00, 0x00, 0x00,
    0x00, 0x00, 0x00, 0x00, 0x00, 0x00, 0x00, 0x00, 0x00, 0x00, 0x00, 0x00,
    0x00, 0x00, 0x00, 0x00, 0x00, 0x00, 0x00, 0x00, 0x00, 0x00, 0x00, 0x00,
    0x00, 0xF8, 0x00, 0x00, 0xAA, 0xFA, 0x69, 0xFA, 0x69, 0xFA, 0x69, 0xFA,
    0x8A, 0xFA, 0x69, 0xFA, 0x69, 0xFA, 0x69, 0xFA, 0x69, 0xFA, 0x69, 0xFA,
    0x69, 0xFA, 0x69, 0xFA, 0x8A, 0xFA, 0x69, 0xFA, 0x89, 0xFA, 0x2B, 0xFB,
    0xEC, 0xFB, 0x0C, 0xFC, 0x0C, 0xFC, 0xEC, 0xFB, 0x4D, 0xFC, 0x0C, 0xFC,
    0x00, 0x00, 0x00, 0x00, 0x00, 0x00, 0x00, 0x00, 0x00, 0x00, 0x00, 0x00,
    0x00, 0x00, 0x00, 0x00, 0x00, 0x00, 0x00, 0x00, 0x00, 0x00, 0x00, 0x00,
    0x00, 0x00, 0x00, 0x00, 0x00, 0x00, 0x00, 0x00, 0x00, 0x00, 0x00, 0x00,
    0x00, 0x00, 0x00, 0x00, 0x00, 0x00, 0x00, 0x00, 0x00, 0x00, 0x00, 0x00,
    0x00, 0x00, 0x00, 0x00, 0x00, 0x00, 0xEF, 0xFB, 0x00, 0x00, 0x69, 0xFA,
    0x69, 0xFA, 0x69, 0xFA, 0x69, 0xFA, 0x69, 0xFA, 0x69, 0xFA, 0x8A, 0xFA,
    0x69, 0xFA, 0x28, 0xFA, 0x00, 0xF8, 0x00, 0xF8, 0x00, 0x00, 0x00, 0x00,
    0x00, 0x00, 0x00, 0x00, 0x00, 0x00, 0x00, 0x00, 0x00, 0x00, 0x00, 0x00,
    0x00, 0x00, 0x00, 0x00, 0x00, 0x00, 0x00, 0x00, 0x00, 0x00, 0x00, 0x00,
    0x00, 0x00, 0x00, 0x00, 0x00, 0x00, 0x00, 0x00, 0x00, 0x00, 0x00, 0x00,
    0x00, 0x00, 0x00, 0x00, 0x00, 0x00, 0x00, 0x00, 0x00, 0xF8, 0x00, 0x00,
    0x69, 0xFA, 0x69, 0xFA, 0x8A, 0xFA, 0x69, 0xFA, 0x69, 0xFA, 0x69, 0xFA,
    0x8A, 0xFA, 0x69, 0xFA, 0xAA, 0xFA, 0x00, 0x00, 0x00, 0xF8, 0x00, 0x00,
    0x00, 0x00, 0x00, 0x00, 0x00, 0x00, 0x00, 0x00, 0x00, 0x00, 0x00, 0x00,
    0x00, 0x00, 0x00, 0x00, 0x00, 0x00, 0x00, 0x00, 0x00, 0x00, 0x00, 0x00,
    0x00, 0x00, 0x00, 0x00, 0x00, 0x00, 0x00, 0x00, 0x00, 0x00, 0x00, 0xF8,
    0x00, 0x00, 0xAA, 0xFA, 0x69, 0xFA, 0x8A, 0xFA, 0x69, 0xFA, 0x69, 0xFA,
    0x69, 0xFA, 0x69, 0xFA, 0x69, 0xFA, 0x69, 0xFA, 0x69, 0xFA, 0x69, 0xFA,
    0x69, 0xFA, 0x69, 0xFA, 0x69, 0xFA, 0x69, 0xFA, 0x69, 0xFA, 0x49, 0xFA,
    0xEA, 0xFA, 0xCC, 0xFB, 0x0C, 0xFC, 0xEC, 0xFB, 0x4D, 0xFC, 0x0C, 0xFC,
    0x00, 0x00, 0x00, 0x00, 0x00, 0x00, 0x00, 0x00, 0x00, 0x00, 0x00, 0x00,
    0x00, 0x00, 0x00, 0x00, 0x00, 0x00, 0x00, 0x00, 0x00, 0x00, 0x00, 0x00,
    0x00, 0x00, 0x00, 0x00, 0x00, 0x00, 0x00, 0x00, 0x00, 0x00, 0x00, 0x00,
    0x00, 0x00, 0x00, 0x00, 0x00, 0x00, 0x00, 0x00, 0x00, 0x00, 0x00, 0x00,
    0x00, 0x00, 0x00, 0x00, 0x00, 0x00, 0xEF, 0xFB, 0x00, 0x00, 0x69, 0xFA,
    0x69, 0xFA, 0x69, 0xFA, 0x69, 0xFA, 0x69, 0xFA, 0x69, 0xFA, 0x8A, 0xFA,
    0x69, 0xFA, 0x28, 0xFA, 0x00, 0xF8, 0x00, 0xF8, 0x00, 0x00, 0x00, 0x00,
    0x00, 0x00, 0x00, 0x00, 0x00, 0x00, 0x00, 0x00, 0x00, 0x00, 0x00, 0x00,
    0x00, 0x00, 0x00, 0x00, 0x00, 0x00, 0x00, 0x00, 0x00, 0x00, 0x00, 0x00,
    0x00, 0x00, 0x00, 0x00, 0x00, 0x00, 0x00, 0x00, 0x00, 0x00, 0x00, 0x00,
    0x00, 0x00, 0x00, 0x00, 0x00, 0x00, 0x00, 0x00, 0xEF, 0xFB, 0x00, 0x00,
    0x69, 0xFA, 0x69, 0xFA, 0x69, 0xFA, 0x69, 0xFA, 0x69, 0xFA, 0x69, 0xFA,
    0x69, 0xFA, 0x69, 0xFA, 0x8A, 0xFA, 0x00, 0x00, 0x00, 0xF8, 0x00, 0x00,
    0x00, 0x00, 0x00, 0x00, 0x00, 0x00, 0x00, 0x00, 0x00, 0x00, 0x00, 0x00,
    0x00, 0x00, 0x00, 0x00, 0x00, 0x00, 0x00, 0x00, 0x00, 0x00, 0x00, 0x00,
    0x00, 0x00, 0x00, 0x00, 0x00, 0x00, 0x00, 0x00, 0x00, 0xF8, 0x00, 0x00,
    0x69, 0xFA, 0x69, 0xFA, 0x8A, 0xFA, 0x69, 0xFA, 0x69, 0xFA, 0x69, 0xFA,
    0x69, 0xFA, 0x69, 0xFA, 0x69, 0xFA, 0x69, 0xFA, 0x69, 0xFA, 0x69, 0xFA,
    0x69, 0xFA, 0x69, 0xFA, 0x69, 0xFA, 0x69, 0xFA, 0x69, 0xFA, 0x69, 0xFA,
    0x49, 0xFA, 0xCA, 0xFA, 0xCC, 0xFB, 0x0C, 0xFC, 0x4D, 0xFC, 0x0C, 0xFC,
    0x00, 0x00, 0x00, 0x00, 0x00, 0x00, 0x00, 0x00, 0x00, 0x00, 0x00, 0x00,
    0x00, 0x00, 0x00, 0x00, 0x00, 0x00, 0x00, 0x00, 0x00, 0x00, 0x00, 0x00,
    0x00, 0x00, 0x00, 0x00, 0x00, 0x00, 0x00, 0x00, 0x00, 0x00, 0x00, 0x00,
    0x00, 0x00, 0x00, 0x00, 0x00, 0x00, 0x00, 0x00, 0x00, 0x00, 0x00, 0x00,
    0x00, 0x00, 0x00, 0x00, 0x00, 0x00, 0xEF, 0xFB, 0x00, 0x00, 0x69, 0xFA,
    0x69, 0xFA, 0x69, 0xFA, 0x69, 0xFA, 0x69, 0xFA, 0x69, 0xFA, 0x8A, 0xFA,
    0x69, 0xFA, 0x28, 0xFA, 0x00, 0xF8, 0x00, 0xF8, 0x00, 0x00, 0x00, 0x00,
    0x00, 0x00, 0x00, 0x00, 0x00, 0x00, 0x00, 0x00, 0x00, 0x00, 0x00, 0x00,
    0x00, 0x00, 0x00, 0x00, 0x00, 0x00, 0x00, 0x00, 0x00, 0x00, 0x00, 0x00,
    0x00, 0x00, 0x00, 0x00, 0x00, 0x00, 0x00, 0x00, 0x00, 0x00, 0x00, 0x00,
    0x00, 0x00, 0x00, 0x00, 0x00, 0x00, 0x00, 0x00, 0x00, 0xF8, 0x00, 0x00,
    0x49, 0xFA, 0x69, 0xFA, 0x69, 0xFA, 0x69, 0xFA, 0x69, 0xFA, 0x69, 0xFA,
    0x8A, 0xFA, 0x69, 0xFA, 0x69, 0xFA, 0x00, 0x00, 0x00, 0xF8, 0x00, 0x00,
    0x00, 0x00, 0x00, 0x00, 0x00, 0x00, 0x00, 0x00, 0x00, 0x00, 0x00, 0x00,
    0x00, 0x00, 0x00, 0x00, 0x00, 0x00, 0x00, 0x00, 0x00, 0x00, 0x00, 0x00,
    0x00, 0x00, 0x00, 0x00, 0x00, 0x00, 0x00, 0xF8, 0x00, 0x00, 0x2C, 0xFB,
    0x69, 0xFA, 0x8A, 0xFA, 0x69, 0xFA, 0x69, 0xFA, 0x69, 0xFA, 0x69, 0xFA,
    0x69, 0xFA, 0x69, 0xFA, 0x69, 0xFA, 0x69, 0xFA, 0x69, 0xFA, 0x69, 0xFA,
    0x69, 0xFA, 0x69, 0xFA, 0x69, 0xFA, 0x69, 0xFA, 0x69, 0xFA, 0x69, 0xFA,
    0x69, 0xFA, 0x49, 0xFA, 0xEA, 0xFA, 0xEC, 0xFB, 0x4D, 0xFC, 0xEC, 0xFB,
    0x00, 0x00, 0x00, 0x00, 0x00, 0x00, 0x00, 0x00, 0x00, 0x00, 0x00, 0x00,
    0x00, 0x00, 0x00, 0x00, 0x00, 0x00, 0x00, 0x00, 0x00, 0x00, 0x00, 0x00,
    0x00, 0x00, 0x00, 0x00, 0x00, 0x00, 0x00, 0x00, 0x00, 0x00, 0x00, 0x00,
    0x00, 0x00, 0x00, 0x00, 0x00, 0x00, 0x00, 0x00, 0x00, 0x00, 0x00, 0x00,
    0x00, 0x00, 0x00, 0x00, 0x00, 0x00, 0xEF, 0xFB, 0x00, 0x00, 0x69, 0xFA,
    0x69, 0xFA, 0x69, 0xFA, 0x69, 0xFA, 0x69, 0xFA, 0x69, 0xFA, 0x8A, 0xFA,
    0x69, 0xFA, 0x69, 0xFA, 0x00, 0x00, 0x00, 0xF8, 0x00, 0x00, 0x00, 0x00,
    0x00, 0x00, 0x00, 0x00, 0x00, 0x00, 0x00, 0x00, 0x00, 0x00, 0x00, 0x00,
    0x00, 0x00, 0x00, 0x00, 0x00, 0x00, 0x00, 0x00, 0x00, 0x00, 0x00, 0x00,
    0x00, 0x00, 0x00, 0x00, 0x00, 0x00, 0x00, 0x00, 0x00, 0x00, 0x00, 0x00,
    0x00, 0x00, 0x00, 0x00, 0x00, 0x00, 0x00, 0x00, 0x00, 0x00, 0x00, 0x00,
    0x00, 0x00, 0x69, 0xFA, 0x8A, 0xFA, 0x69, 0xFA, 0x69, 0xFA, 0x69, 0xFA,
    0x8A, 0xFA, 0x69, 0xFA, 0x00, 0x00, 0x00, 0xF8, 0x00, 0x00, 0x00, 0x00,
    0x00, 0x00, 0x00, 0x00, 0x00, 0x00, 0x00, 0x00, 0x00, 0x00, 0x00, 0x00,
    0x00, 0x00, 0x00, 0x00, 0x00, 0x00, 0x00, 0x00, 0x00, 0x00, 0x00, 0x00,
    0x00, 0x00, 0x00, 0x00, 0x00, 0x00, 0x00, 0x00, 0x00, 0x00, 0x49, 0xFA,
    0x8A, 0xFA, 0x69, 0xFA, 0x69, 0xFA, 0x69, 0xFA, 0x69, 0xFA, 0x69, 0xFA,
    0x69, 0xFA, 0x69, 0xFA, 0x69, 0xFA, 0x69, 0xFA, 0x69, 0xFA, 0x69, 0xFA,
    0x69, 0xFA, 0x69, 0xFA, 0x69, 0xFA, 0x69, 0xFA, 0x69, 0xFA, 0x69, 0xFA,
    0x69, 0xFA, 0x69, 0xFA, 0x49, 0xFA, 0x4B, 0xFB, 0x4D, 0xFC, 0xEC, 0xFB,
    0x00, 0x00, 0x00, 0x00, 0x00, 0x00, 0x00, 0x00, 0x00, 0x00, 0x00, 0x00,
    0x00, 0x00, 0x00, 0x00, 0x00, 0x00, 0x00, 0x00, 0x00, 0x00, 0x00, 0x00,
    0x00, 0x00, 0x00, 0x00, 0x00, 0x00, 0x00, 0x00, 0x00, 0x00, 0x00, 0x00,
    0x00, 0x00, 0x00, 0x00, 0x00, 0x00, 0x00, 0x00, 0x00, 0x00, 0x00, 0x00,
    0x00, 0x00, 0x00, 0x00, 0x00, 0x00, 0xEF, 0xFB, 0x00, 0x00, 0x69, 0xFA,
    0x69, 0xFA, 0x69, 0xFA, 0x69, 0xFA, 0x69, 0xFA, 0x69, 0xFA, 0x8A, 0xFA,
    0x69, 0xFA, 0x69, 0xFA, 0x00, 0x00, 0x00, 0xF8, 0x00, 0x00, 0x00, 0x00,
    0x00, 0x00, 0x00, 0x00, 0x00, 0x00, 0x00, 0x00, 0x00, 0x00, 0x00, 0x00,
    0x00, 0x00, 0x00, 0x00, 0x00, 0x00, 0x00, 0x00, 0x00, 0x00, 0x00, 0x00,
    0x00, 0x00, 0x00, 0x00, 0x00, 0x00, 0x00, 0x00, 0x00, 0x00, 0x00, 0x00,
    0x00, 0x00, 0x00, 0x00, 0x00, 0x00, 0x00, 0x00, 0x00, 0x00, 0x00, 0xF8,
    0x00, 0x00, 0x6D, 0xFB, 0x69, 0xFA, 0x69, 0xFA, 0x69, 0xFA, 0x69, 0xFA,
    0x69, 0xFA, 0xEF, 0xFB, 0x00, 0x00, 0x00, 0xF8, 0x00, 0x00, 0x00, 0x00,
    0x00, 0x00, 0x00, 0x00, 0x00, 0x00, 0x00, 0x00, 0x00, 0x00, 0x00, 0x00,
    0x00, 0x00, 0x00, 0x00, 0x00, 0x00, 0x00, 0x00, 0x00, 0x00, 0x00, 0x00,
    0x00, 0x00, 0x00, 0x00, 0x00, 0x00, 0x00, 0x00, 0x8A, 0xFA, 0x69, 0xFA,
    0x69, 0xFA, 0x69, 0xFA, 0x69, 0xFA, 0x69, 0xFA, 0x69, 0xFA, 0x69, 0xFA,
    0x69, 0xFA, 0x69, 0xFA, 0x69, 0xFA, 0x69, 0xFA, 0x69, 0xFA, 0x69, 0xFA,
    0x69, 0xFA, 0x69, 0xFA, 0x69, 0xFA, 0x69, 0xFA, 0x69, 0xFA, 0x69, 0xFA,
    0x69, 0xFA, 0x69, 0xFA, 0x69, 0xFA, 0x89, 0xFA, 0xED, 0xFB, 0x2D, 0xFC,
    0x00, 0x00, 0x00, 0x00, 0x00, 0x00, 0x00, 0x00, 0x00, 0x00, 0x00, 0x00,
    0x00, 0x00, 0x00, 0x00, 0x00, 0x00, 0x00, 0x00, 0x00, 0x00, 0x00, 0x00,
    0x00, 0x00, 0x00, 0x00, 0x00, 0x00, 0x00, 0x00, 0x00, 0x00, 0x00, 0x00,
    0x00, 0x00, 0x00, 0x00, 0x00, 0xF8, 0x0F, 0x78, 0x0F, 0xF8, 0x0A, 0xA8,
    0x0A, 0xA8, 0x0F, 0xF8, 0x0F, 0x78, 0xAA, 0xFA, 0x00, 0x00, 0x69, 0xFA,
    0x69, 0xFA, 0x69, 0xFA, 0x69, 0xFA, 0x69, 0xFA, 0x69, 0xFA, 0x8A, 0xFA,
    0x69, 0xFA, 0x69, 0xFA, 0x00, 0x00, 0x00, 0xF8, 0x00, 0x00, 0x00, 0x00,
    0x00, 0x00, 0x00, 0x00, 0x00, 0x00, 0x00, 0x00, 0x00, 0x00, 0x00, 0x00,
    0x00, 0x00, 0x00, 0x00, 0x00, 0x00, 0x00, 0x00, 0x00, 0x00, 0x00, 0x00,
    0x00, 0x00, 0x00, 0x00, 0x00, 0x00, 0x00, 0x00, 0x00, 0x00, 0x00, 0x00,
    0x00, 0x00, 0x00, 0x00, 0x00, 0x00, 0x00, 0x00, 0x00, 0x00, 0x00, 0x00,
    0x00, 0x00, 0x00, 0x00, 0x00, 0x00, 0xE7, 0xF9, 0x69, 0xFA, 0xCB, 0xFA,
    0x00, 0x00, 0x00, 0x00, 0x00, 0x00, 0x00, 0x00, 0x00, 0x00, 0x00, 0x00,
    0x00, 0x00, 0x00, 0x00, 0x00, 0x00, 0x00, 0x00, 0x00, 0x00, 0x00, 0x00,
    0x00, 0x00, 0x00, 0x00, 0x00, 0x00, 0x00, 0x00, 0x00, 0x00, 0x00, 0x00,
    0x00, 0x00, 0x00, 0x00, 0x00, 0x00, 0x00, 0xF8, 0x69, 0xFA, 0x8A, 0xFA,
    0x69, 0xFA, 0x69, 0xFA, 0x69, 0xFA, 0x69, 0xFA, 0x69, 0xFA, 0x69, 0xFA,
    0x69, 0xFA, 0x69, 0xFA, 0x69, 0xFA, 0x69, 0xFA, 0x69, 0xFA, 0x69, 0xFA,
    0x69, 0xFA, 0x69, 0xFA, 0x69, 0xFA, 0x69, 0xFA, 0x69, 0xFA, 0x69, 0xFA,
    0x69, 0xFA, 0x69, 0xFA, 0x69, 0xFA, 0x29, 0xFA, 0x8C, 0xFB, 0x0C, 0xFC,
    0x00, 0x00, 0x00, 0x00, 0x00, 0x00, 0x00, 0x00, 0x00, 0x00, 0x00, 0x00,
    0x00, 0x00, 0x00, 0x00, 0x00, 0x00, 0x00, 0x00, 0x00, 0x00, 0x00, 0x00,
    0x00, 0x00, 0x00, 0x00, 0x00, 0x00, 0x00, 0x00, 0x00, 0x00, 0x00, 0x00,
    0x0F, 0xF8, 0xE7, 0xB9, 0x00, 0x00, 0x00, 0x00, 0x00, 0x00, 0x00, 0x00,
    0x00, 0x00, 0x00, 0x00, 0x00, 0x00, 0x00, 0x00, 0xE7, 0xB9, 0x49, 0xFA,
    0x69, 0xFA, 0x69, 0xFA, 0x69, 0xFA, 0x69, 0xFA, 0x69, 0xFA, 0x8A, 0xFA,
    0x69, 0xFA, 0x69, 0xFA, 0x00, 0x00, 0x00, 0xF8, 0x00, 0x00, 0x00, 0x00,
    0x00, 0x00, 0x00, 0x00, 0x00, 0x00, 0x00, 0x00, 0x00, 0x00, 0x00, 0x00,
    0x00, 0x00, 0x00, 0x00, 0x00, 0x00, 0x00, 0x00, 0x00, 0x00, 0x00, 0x00,
    0x00, 0x00, 0x00, 0x00, 0x00, 0x00, 0x00, 0x00, 0x00, 0x00, 0x00, 0x00,
    0x00, 0x00, 0x00, 0x00, 0x00, 0x00, 0x00, 0x00, 0x00, 0x00, 0x00, 0x00,
    0x00, 0x00, 0x00, 0x00, 0xEF, 0xFB, 0x00, 0x00, 0x00, 0x00, 0x00, 0xF8,
    0xEF, 0xFB, 0x00, 0x00, 0x00, 0x00, 0x00, 0x00, 0x00, 0x00, 0x00, 0x00,
    0x00, 0x00, 0x00, 0x00, 0x00, 0x00, 0x00, 0x00, 0x00, 0x00, 0x00, 0x00,
    0x00, 0x00, 0x00, 0x00, 0x00, 0x00, 0x00, 0x00, 0x00, 0x00, 0x00, 0x00,
    0x00, 0x00, 0x00, 0x00, 0x00, 0x00, 0xE7, 0xF9, 0x69, 0xFA, 0x69, 0xFA,
    0x69, 0xFA, 0x69, 0xFA, 0x69, 0xFA, 0x69, 0xFA, 0x69, 0xFA, 0x69, 0xFA,
    0x69, 0xFA, 0x69, 0xFA, 0x69, 0xFA, 0x69, 0xFA, 0x69, 0xFA, 0x69, 0xFA,
    0x69, 0xFA, 0x69, 0xFA, 0x69, 0xFA, 0x69, 0xFA, 0x69, 0xFA, 0x69, 0xFA,
    0x69, 0xFA, 0x69, 0xFA, 0x69, 0xFA, 0x49, 0xFA, 0x0B, 0xFB, 0xAC, 0xFB,
    0x00, 0x00, 0x00, 0x00, 0x00, 0x00, 0x00, 0x00, 0x00, 0x00, 0x00, 0x00,
    0x00, 0x00, 0x00, 0x00, 0x00, 0x00, 0x00, 0x00, 0x00, 0x00, 0x00, 0x00,
    0x00, 0x00, 0x00, 0x00, 0x00, 0x00, 0x00, 0x00, 0x0F, 0x78, 0xE7, 0xB9,
    0x00, 0x00, 0x00, 0x00, 0xEF, 0xB9, 0x2B, 0xC1, 0x4B, 0xC9, 0x4C, 0xC9,
    0x4B, 0xC9, 0x4B, 0xC9, 0x2B, 0xC1, 0x49, 0xDA, 0x00, 0x00, 0x89, 0xFA,
    0x69, 0xFA, 0x69, 0xFA, 0x69, 0xFA, 0x69, 0xFA, 0x69, 0xFA, 0x8A, 0xFA,
    0x69, 0xFA, 0x69, 0xFA, 0x00, 0x00, 0x00, 0xF8, 0x00, 0x00, 0x00, 0x00,
    0x00, 0x00, 0x00, 0x00, 0x00, 0x00, 0x00, 0x00, 0x00, 0x00, 0x00, 0x00,
    0x00, 0x00, 0x00, 0x00, 0x00, 0x00, 0x00, 0x00, 0x00, 0x00, 0x00, 0x00,
    0x00, 0x00, 0x00, 0x00, 0x00, 0x00, 0x00, 0x00, 0x00, 0x00, 0x00, 0x00,
    0x00, 0x00, 0x00, 0x00, 0x00, 0x00, 0x00, 0x00, 0x00, 0x00, 0x00, 0x00,
    0x00, 0x00, 0x00, 0x00, 0x00, 0x00, 0x00, 0xF8, 0xEF, 0xFB, 0x00, 0xF8,
    0x00, 0x00, 0x00, 0x00, 0x00, 0x00, 0x00, 0x00, 0x00, 0x00, 0x00, 0x00,
    0x00, 0x00, 0x00, 0x00, 0x00, 0x00, 0x00, 0x00, 0x00, 0x00, 0x00, 0x00,
    0x00, 0x00, 0x00, 0x00, 0x00, 0x00, 0x00, 0x00, 0x00, 0x00, 0x00, 0x00,
    0x00, 0x00, 0x00, 0x00, 0x00, 0x00, 0x28, 0xFA, 0x69, 0xFA, 0x69, 0xFA,
    0x69, 0xFA, 0x69, 0xFA, 0x69, 0xFA, 0x69, 0xFA, 0x69, 0xFA, 0x69, 0xFA,
    0x69, 0xFA, 0x69, 0xFA, 0x69, 0xFA, 0x69, 0xFA, 0x69, 0xFA, 0x69, 0xFA,
    0x69, 0xFA, 0x69, 0xFA, 0x69, 0xFA, 0x69, 0xFA, 0x69, 0xFA, 0x69, 0xFA,
    0x69, 0xFA, 0x69, 0xFA, 0x69, 0xFA, 0x69, 0xFA, 0xAA, 0xFA, 0x4B, 0xFB,
    0x00, 0x00, 0x00, 0x00, 0x00, 0x00, 0x00, 0x00, 0x00, 0x00, 0x00, 0x00,
    0x00, 0x00, 0x00, 0x00, 0x00, 0x00, 0x00, 0x00, 0x00, 0x00, 0x00, 0x00,
    0x00, 0x00, 0x00, 0x00, 0x00, 0x00, 0x0F, 0xF8, 0x00, 0x00, 0x00, 0x00,
    0x6B, 0xC9, 0x2B, 0xC9, 0x4B, 0xC9, 0x4B, 0xC9, 0x4B, 0xC9, 0x4B, 0xC9,
    0x4B, 0xC9, 0x4B, 0xC9, 0x4B, 0xC9, 0x4B, 0xC9, 0x2B, 0xC9, 0xEA, 0xE9,
    0x69, 0xFA, 0x89, 0xFA, 0x69, 0xFA, 0x69, 0xFA, 0x69, 0xFA, 0x8A, 0xFA,
    0x69, 0xFA, 0x69, 0xFA, 0x00, 0x00, 0x00, 0xF8, 0x00, 0x00, 0x00, 0x00,
    0x00, 0x00, 0x00, 0x00, 0x00, 0x00, 0x00, 0x00, 0x00, 0x00, 0x00, 0x00,
    0x00, 0x00, 0x00, 0x00, 0x00, 0x00, 0x00, 0x00, 0x00, 0x00, 0x00, 0x00,
    0x00, 0x00, 0x00, 0x00, 0x00, 0x00, 0x00, 0x00, 0x00, 0x00, 0x00, 0x00,
    0x00, 0x00, 0x00, 0x00, 0x00, 0x00, 0x00, 0x00, 0x00, 0x00, 0x00, 0x00,
    0x00, 0x00, 0x00, 0x00, 0x00, 0x00, 0x00, 0x00, 0x00, 0x00, 0x00, 0x00,
    0x00, 0x00, 0x00, 0x00, 0x00, 0x00, 0x00, 0x00, 0x00, 0x00, 0x00, 0x00,
    0x00, 0x00, 0x00, 0x00, 0x00, 0x00, 0x00, 0x00, 0x00, 0x00, 0x00, 0x00,
    0x00, 0x00, 0x00, 0x00, 0x00, 0x00, 0x00, 0x00, 0x00, 0x00, 0x00, 0x00,
    0x00, 0x00, 0x00, 0x00, 0x00, 0x00, 0x49, 0xFA, 0x69, 0xFA, 0x69, 0xFA,
    0x69, 0xFA, 0x69, 0xFA, 0x69, 0xFA, 0x69, 0xFA, 0x69, 0xFA, 0x69, 0xFA,
    0x69, 0xFA, 0x69, 0xFA, 0x69, 0xFA, 0x69, 0xFA, 0x69, 0xFA, 0x69, 0xFA,
    0x69, 0xFA, 0x69, 0xFA, 0x69, 0xFA, 0x69, 0xFA, 0x69, 0xFA, 0x69, 0xFA,
    0x69, 0xFA, 0x69, 0xFA, 0x69, 0xFA, 0x69, 0xFA, 0x6A, 0xFA, 0x0A, 0xFB,
    0xFF, 0xFF, 0x00, 0x00, 0x00, 0x00, 0x00, 0x00, 0x00, 0x00, 0x00, 0x00,
    0x00, 0x00, 0x00, 0x00, 0x00, 0x00, 0x00, 0x00, 0x00, 0x00, 0x00, 0x00,
    0x00, 0x00, 0x00, 0x00, 0x07, 0xB8, 0x00, 0x00, 0x2C, 0xD1, 0x4B, 0xC9,
    0x4C, 0xC9, 0x4C, 0xD9, 0x6C, 0xD9, 0x4C, 0xD1, 0x4C, 0xC9, 0x4B, 0xC9,
    0x4B, 0xC9, 0x4C, 0xC9, 0x4C, 0xD1, 0x6C, 0xD9, 0x4C, 0xD9, 0x4B, 0xC9,
    0xEA, 0xE9, 0x69, 0xFA, 0x69, 0xFA, 0x69, 0xFA, 0x69, 0xFA, 0x8A, 0xFA,
    0x69, 0xFA, 0x49, 0xFA, 0x00, 0x00, 0x00, 0xF8, 0x00, 0x00, 0x00, 0x00,
    0x00, 0x00, 0x00, 0x00, 0x00, 0x00, 0x00, 0x00, 0x00, 0x00, 0x00, 0x00,
    0xBF, 0xAA, 0x3F, 0x9B, 0x3F, 0x63, 0xBF, 0x52, 0x1F, 0x00, 0x00, 0x00,
    0x00, 0x00, 0x00, 0x00, 0x00, 0x00, 0x00, 0x00, 0x00, 0x00, 0x00, 0x00,
    0x00, 0x00, 0x00, 0x00, 0x00, 0x00, 0x00, 0x00, 0x00, 0x00, 0x00, 0x00,
    0x00, 0x00, 0x00, 0x00, 0x00, 0x00, 0x00, 0x00, 0x00, 0x00, 0x00, 0x00,
    0x00, 0x00, 0x00, 0x00, 0x00, 0x00, 0x00, 0x00, 0x00, 0x00, 0x00, 0x00,
    0x00, 0x00, 0x00, 0x00, 0x00, 0x00, 0x00, 0x00, 0x00, 0x00, 0x00, 0x00,
    0x00, 0x00, 0x00, 0x00, 0x00, 0x00, 0x00, 0x00, 0x00, 0x00, 0x00, 0x00,
    0x00, 0x00, 0x00, 0x00, 0x00, 0x00, 0x69, 0xFA, 0x69, 0xFA, 0x69, 0xFA,
    0x69, 0xFA, 0x69, 0xFA, 0x69, 0xFA, 0x69, 0xFA, 0x69, 0xFA, 0x69, 0xFA,
    0x69, 0xFA, 0x69, 0xFA, 0x69, 0xFA, 0x69, 0xFA, 0x69, 0xFA, 0x69, 0xFA,
    0x69, 0xFA, 0x69, 0xFA, 0x69, 0xFA, 0x69, 0xFA, 0x69, 0xFA, 0x69, 0xFA,
    0x69, 0xFA, 0x69, 0xFA, 0x69, 0xFA, 0x69, 0xFA, 0x8A, 0xFA, 0xEA, 0xFA,
    0xB2, 0xFD, 0x00, 0x00, 0x00, 0xF8, 0x00, 0x00, 0x00, 0x00, 0x00, 0x00,
    0x00, 0x00, 0x00, 0x00, 0x00, 0x00, 0x00, 0x00, 0x00, 0x00, 0x00, 0x00,
    0x00, 0x00, 0x07, 0xB8, 0x00, 0x00, 0x4B, 0xC1, 0x4B, 0xC9, 0x4C, 0xD1,
    0x4C, 0xD1, 0x4B, 0xC9, 0x4B, 0xC9, 0x4B, 0xC9, 0x4B, 0xC9, 0x4B, 0xC9,
    0x4B, 0xC9, 0x4B, 0xC9, 0x4B, 0xC9, 0x4B, 0xC9, 0x4B, 0xC9, 0x4C, 0xD1,
    0x4C, 0xC9, 0xAB, 0xD9, 0x49, 0xFA, 0x69, 0xFA, 0x69, 0xFA, 0x8A, 0xFA,
    0x69, 0xFA, 0x49, 0xFA, 0x00, 0x00, 0x00, 0xF8, 0x00, 0x00, 0x00, 0x00,
    0x00, 0x00, 0x00, 0x00, 0x00, 0x00, 0x00, 0x00, 0x00, 0x00, 0x3F, 0x63,
    0x00, 0x00, 0x00, 0x00, 0x00, 0x00, 0x00, 0x00, 0xFF, 0x7B, 0x7F, 0x6B,
    0xFF, 0x7B, 0xBF, 0x52, 0x1F, 0x00, 0x00, 0x00, 0x00, 0x00, 0x00, 0x00,
    0x00, 0x00, 0x00, 0x00, 0x00, 0x00, 0x00, 0x00, 0x00, 0x00, 0x00, 0x00,
    0x00, 0x00, 0x00, 0x00, 0x00, 0x00, 0x00, 0x00, 0x00, 0x00, 0x00, 0x00,
    0x00, 0x00, 0x00, 0x00, 0x00, 0x00, 0x00, 0x00, 0x00, 0x00, 0x00, 0x00,
    0x00, 0x00, 0x00, 0x00, 0x00, 0x00, 0x00, 0x00, 0x00, 0x00, 0x00, 0x00,
    0x00, 0x00, 0x00, 0x00, 0x00, 0x00, 0x00, 0x00, 0x00, 0x00, 0x00, 0x00,
    0x00, 0x00, 0x00, 0x00, 0x00, 0x00, 0x69, 0xFA, 0x69, 0xFA, 0x69, 0xFA,
    0x69, 0xFA, 0x69, 0xFA, 0x69, 0xFA, 0x69, 0xFA, 0x69, 0xFA, 0x69, 0xFA,
    0x69, 0xFA, 0x69, 0xFA, 0x69, 0xFA, 0x69, 0xFA, 0x69, 0xFA, 0x69, 0xFA,
    0x69, 0xFA, 0x69, 0xFA, 0x69, 0xFA, 0x69, 0xFA, 0x69, 0xFA, 0x69, 0xFA,
    0x69, 0xFA, 0x69, 0xFA, 0x69, 0xFA, 0x69, 0xFA, 0x8A, 0xFA, 0x89, 0xFA,
    0x4A, 0xFD, 0x00, 0x00, 0x00, 0xF8, 0x00, 0x00, 0x00, 0x00, 0x00, 0x00,
    0x00, 0x00, 0x00, 0x00, 0x00, 0x00, 0x00, 0x00, 0x00, 0x00, 0x00, 0x00,
    0xAA, 0xAA, 0x00, 0x00, 0x2C, 0xC9, 0x4B, 0xC9, 0x6C, 0xD9, 0x4B, 0xC9,
    0x4B, 0xC9, 0x4B, 0xC9, 0x4B, 0xC9, 0x4B, 0xC9, 0x4B, 0xC9, 0x4B, 0xC9,
    0x4B, 0xC9, 0x4B, 0xC9, 0x4B, 0xC9, 0x4B, 0xC9, 0x4B, 0xC9, 0x4B, 0xC9,
    0x4B, 0xC9, 0x2C, 0xC9, 0x8B, 0xD1, 0x2A, 0xF2, 0x69, 0xFA, 0x8A, 0xFA,
    0x69, 0xFA, 0xAA, 0xFA, 0x00, 0x00, 0x00, 0xF8, 0x00, 0x00, 0x00, 0x00,
    0x00, 0x00, 0x00, 0x00, 0x00, 0x00, 0x00, 0x00, 0xFF, 0x7B, 0x00, 0x00,
    0x3F, 0x7B, 0x3F, 0x83, 0x3F, 0x7B, 0x5F, 0x7B, 0x00, 0x00, 0x00, 0x00,
    0x00, 0x00, 0x00, 0x00, 0xFF, 0x7B, 0xBF, 0x7A, 0xFF, 0x7B, 0xFF, 0x7B,
    0x00, 0x00, 0x00, 0x00, 0x00, 0x00, 0x00, 0x00, 0x00, 0x00, 0x00, 0x00,
    0x00, 0x00, 0x00, 0x00, 0x00, 0x00, 0x00, 0x00, 0x00, 0x00, 0x00, 0x00,
    0x00, 0x00, 0x00, 0x00, 0x00, 0x00, 0x00, 0x00, 0x00, 0x00, 0x00, 0x00,
    0x00, 0x00, 0x00, 0x00, 0x00, 0x00, 0x00, 0x00, 0x00, 0x00, 0x00, 0x00,
    0x00, 0x00, 0x00, 0x00, 0x00, 0x00, 0x00, 0x00, 0x00, 0x00, 0x00, 0x00,
    0x00, 0x00, 0x00, 0x00, 0x00, 0x00, 0x69, 0xFA, 0x69, 0xFA, 0x69, 0xFA,
    0x69, 0xFA, 0x69, 0xFA, 0x69, 0xFA, 0x69, 0xFA, 0x69, 0xFA, 0x69, 0xFA,
    0x69, 0xFA, 0x69, 0xFA, 0x69, 0xFA, 0x69, 0xFA, 0x69, 0xFA, 0x69, 0xFA,
    0x69, 0xFA, 0x69, 0xFA, 0x69, 0xFA, 0x69, 0xFA, 0x69, 0xFA, 0x69, 0xFA,
    0x69, 0xFA, 0x69, 0xFA, 0x69, 0xFA, 0x69, 0xFA, 0x8A, 0xFA, 0x69, 0xFA,
    0x00, 0x00, 0x00, 0xF8, 0x00, 0x00, 0x00, 0x00, 0x00, 0x00, 0x00, 0x00,
    0x00, 0x00, 0x00, 0x00, 0x00, 0x00, 0x00, 0x00, 0x00, 0x00, 0xEF, 0xFB,
    0xB5, 0xAA, 0x2B, 0xC1, 0x2B, 0xC9, 0x4C, 0xD9, 0x4B, 0xC9, 0x4B, 0xC9,
    0x4B, 0xC9, 0x4B, 0xC9, 0x4B, 0xC9, 0x4B, 0xC9, 0x4B, 0xC9, 0x4B, 0xC9,
    0x4B, 0xC9, 0x4B, 0xC9, 0x4B, 0xC9, 0x4B, 0xC9, 0x4B, 0xC9, 0x4B, 0xC9,
    0x4B, 0xC9, 0x4B, 0xC9, 0x2C, 0xC9, 0x8B, 0xD1, 0x49, 0xFA, 0x8A, 0xFA,
    0x69, 0xFA, 0xAA, 0xFA, 0x00, 0x00, 0x00, 0xF8, 0x00, 0x00, 0x00, 0x00,
    0x00, 0x00, 0x00, 0x00, 0x00, 0x00, 0x00, 0x00, 0x00, 0x00, 0x3F, 0x83,
    0x3F, 0x83, 0x3F, 0x83, 0x3F, 0x83, 0x3F, 0x83, 0x3F, 0x83, 0x3F, 0x7B,
    0x3F, 0x83, 0x5F, 0x83, 0x00, 0x00, 0x00, 0x00, 0x00, 0x00, 0x00, 0x00,
    0x3F, 0x9B, 0x3F, 0x9B, 0xBF, 0xAA, 0xFF, 0xFF, 0x00, 0x00, 0x00, 0x00,
    0x00, 0x00, 0x00, 0x00, 0x00, 0x00, 0x00, 0x00, 0x00, 0x00, 0x00, 0x00,
    0x00, 0x00, 0x00, 0x00, 0x00, 0x00, 0x00, 0x00, 0x00, 0x00, 0x00, 0x00,
    0x00, 0x00, 0x00, 0x00, 0x00, 0x00, 0x00, 0x00, 0x00, 0x00, 0x00, 0x00,
    0x00, 0x00, 0x00, 0x00, 0x00, 0x00, 0x00, 0x00, 0x00, 0x00, 0x00, 0x00,
    0x00, 0x00, 0x00, 0x00, 0x00, 0x00, 0x69, 0xFA, 0x8A, 0xFA, 0x69, 0xFA,
    0x69, 0xFA, 0x69, 0xFA, 0x69, 0xFA, 0x69, 0xFA, 0x69, 0xFA, 0x69, 0xFA,
    0x69, 0xFA, 0x69, 0xFA, 0x69, 0xFA, 0x69, 0xFA, 0x69, 0xFA, 0x69, 0xFA,
    0x69, 0xFA, 0x69, 0xFA, 0x69, 0xFA, 0x69, 0xFA, 0x69, 0xFA, 0x69, 0xFA,
    0x69, 0xFA, 0x69, 0xFA, 0x69, 0xFA, 0x69, 0xFA, 0xAA, 0xFA, 0x69, 0xFA,
    0x00, 0x00, 0xEF, 0xFB, 0x00, 0x00, 0x00, 0x00, 0x00, 0x00, 0x00, 0x00,
    0x00, 0x00, 0x00, 0x00, 0x00, 0x00, 0x00, 0x00, 0x00, 0x00, 0x1F, 0xF8,
    0x00, 0x00, 0x4B, 0xC9, 0x4C, 0xD1, 0x4B, 0xC9, 0x4B, 0xC9, 0x4B, 0xC9,
    0x4B, 0xC9, 0x4B, 0xC9, 0x4B, 0xC9, 0x4B, 0xC9, 0x4B, 0xC9, 0x4B, 0xC9,
    0x4B, 0xC9, 0x4B, 0xC9, 0x4B, 0xC9, 0x4B, 0xC9, 0x4B, 0xC9, 0x4B, 0xC9,
    0x4B, 0xC9, 0x4B, 0xC9, 0x4B, 0xC9, 0x2C, 0xC9, 0xAB, 0xD9, 0x89, 0xFA,
    0x69, 0xFA, 0x8A, 0xFA, 0x00, 0x00, 0x00, 0xF8, 0x00, 0x00, 0x00, 0x00,
    0x00, 0x00, 0x00, 0x00, 0xFF, 0xFF, 0x00, 0x00, 0x3F, 0x83, 0x3F, 0x83,
    0x5F, 0x83, 0x3F, 0x83, 0x5F, 0x83, 0x5F, 0x83, 0x7F, 0x8B, 0x5F, 0x83,
    0x3F, 0x7B, 0x3F, 0x83, 0x3F, 0x83, 0x3F, 0x83, 0x3F, 0x83, 0x3F, 0x7B,
    0x00, 0x00, 0x00, 0x00, 0x00, 0x00, 0x00, 0x00, 0x3F, 0x9B, 0xFF, 0x7B,
    0xBF, 0x52, 0x1F, 0xF8, 0x00, 0x00, 0x00, 0x00, 0x00, 0x00, 0x00, 0x00,
    0x00, 0x00, 0x00, 0x00, 0x00, 0x00, 0x00, 0x00, 0x00, 0x00, 0x00, 0x00,
    0x00, 0x00, 0x00, 0x00, 0x00, 0x00, 0x00, 0x00, 0x00, 0x00, 0x00, 0x00,
    0x00, 0x00, 0x00, 0x00, 0x00, 0x00, 0x00, 0x00, 0x00, 0x00, 0x00, 0x00,
    0x00, 0x00, 0x00, 0x00, 0x00, 0x00, 0x69, 0xFA, 0x69, 0xFA, 0x69, 0xFA,
    0x69, 0xFA, 0x69, 0xFA, 0x69, 0xFA, 0x69, 0xFA, 0x69, 0xFA, 0x69, 0xFA,
    0x69, 0xFA, 0x69, 0xFA, 0x69, 0xFA, 0x69, 0xFA, 0x69, 0xFA, 0x69, 0xFA,
    0x69, 0xFA, 0x69, 0xFA, 0x69, 0xFA, 0x69, 0xFA, 0x69, 0xFA, 0x69, 0xFA,
    0x69, 0xFA, 0x69, 0xFA, 0x69, 0xFA, 0x69, 0xFA, 0x69, 0xFA, 0x69, 0xFA,
    0x00, 0x00, 0xEF, 0xFB, 0x00, 0x00, 0x00, 0x00, 0x00, 0x00, 0x00, 0x00,
    0x00, 0x00, 0x00, 0x00, 0x00, 0x00, 0x00, 0x00, 0x8C, 0xC9, 0x00, 0x00,
    0x4C, 0xC9, 0x2B, 0xC9, 0x4C, 0xD1, 0x4B, 0xC9, 0x4B, 0xC9, 0x4B, 0xC9,
    0x4B, 0xC9, 0x4B, 0xC9, 0x4B, 0xC9, 0x4B, 0xC9, 0x4B, 0xC9, 0x4B, 0xC9,
    0x4B, 0xC9, 0x4B, 0xC9, 0x4B, 0xC9, 0x4B, 0xC9, 0x4B, 0xC9, 0x4B, 0xC9,
    0x4B, 0xC9, 0x4B, 0xC9, 0x4B, 0xC9, 0x4B, 0xC9, 0x4B, 0xC9, 0x2A, 0xFA,
    0x69, 0xFA, 0x2A, 0xF2, 0x00, 0x00, 0x00, 0xF8, 0x00, 0x00, 0x00, 0x00,
    0x00, 0x00, 0x00, 0x00, 0xBF, 0xAA, 0x00, 0x00, 0x3F, 0x7B, 0x5F, 0x83,
    0x3F, 0x83, 0x3F, 0x7B, 0x3F, 0x7B, 0x3F, 0x83, 0x3F, 0x83, 0x3F, 0x83,
    0x5F, 0x83, 0x5F, 0x83, 0x7F, 0x8B, 0x5F, 0x83, 0x3F, 0x83, 0x3F, 0x7B,
    0x3F, 0x7B, 0x3F, 0x83, 0x3F, 0x7B, 0x3F, 0x7B, 0x00, 0x00, 0x00, 0x00,
    0x00, 0x00, 0x00, 0x00, 0xBF, 0xAA, 0xFF, 0x7B, 0x1F, 0x00, 0x00, 0x00,
    0x00, 0x00, 0x00, 0x00, 0x00, 0x00, 0x00, 0x00, 0x00, 0x00, 0x00, 0x00,
    0x00, 0x00, 0x00, 0x00, 0x00, 0x00, 0x00, 0x00, 0x00, 0x00, 0x00, 0x00,
    0x00, 0x00, 0x00, 0x00, 0x00, 0x00, 0x00, 0x00, 0x00, 0x00, 0x00, 0x00,
    0x00, 0x00, 0x00, 0x00, 0x00, 0x00, 0xAA, 0xFA, 0x69, 0xFA, 0x69, 0xFA,
    0x69, 0xFA, 0x69, 0xFA, 0x69, 0xFA, 0x69, 0xFA, 0x69, 0xFA, 0x69, 0xFA,
    0x69, 0xFA, 0x69, 0xFA, 0x69, 0xFA, 0x69, 0xFA, 0x69, 0xFA, 0x69, 0xFA,
    0x69, 0xFA, 0x69, 0xFA, 0x69, 0xFA, 0x69, 0xFA, 0x69, 0xFA, 0x69, 0xFA,
    0x69, 0xFA, 0x69, 0xFA, 0x69, 0xFA, 0x8A, 0xFA, 0x49, 0xFA, 0x49, 0xFA,
    0x00, 0x00, 0x00, 0xF8, 0x00, 0x00, 0x00, 0x00, 0x00, 0x00, 0x00, 0x00,
    0x00, 0x00, 0x00, 0x00, 0x00, 0x00, 0x0F, 0x78, 0x00, 0xF8, 0x6E, 0xD1,
    0x4C, 0xC9, 0x4C, 0xD1, 0x4B, 0xC9, 0x4B, 0xC9, 0x4B, 0xC9, 0x4B, 0xC9,
    0x4B, 0xC9, 0x4B, 0xC9, 0x4B, 0xC9, 0x4B, 0xC9, 0x4B, 0xC9, 0x4B, 0xC9,
    0x4B, 0xC9, 0x4B, 0xC9, 0x4B, 0xC9, 0x4B, 0xC9, 0x4B, 0xC9, 0x4B, 0xC9,
    0x4B, 0xC9, 0x4B, 0xC9, 0x4B, 0xC9, 0x4B, 0xC9, 0x2B, 0xC9, 0xAB, 0xE1,
    0x69, 0xFA, 0x0A, 0xF2, 0x00, 0x00, 0x00, 0xF8, 0x00, 0x00, 0x00, 0x00,
    0x00, 0x00, 0x00, 0x00, 0xBF, 0xAA, 0x00, 0x00, 0x3F, 0x7B, 0x5F, 0x83,
    0x3F, 0x83, 0x3F, 0x83, 0x3F, 0x83, 0x3F, 0x83, 0x3F, 0x83, 0x3F, 0x83,
    0x3F, 0x7B, 0x3F, 0x83, 0x3F, 0x83, 0x3F, 0x83, 0x5F, 0x83, 0x5F, 0x83,
    0x5F, 0x83, 0x3F, 0x83, 0x3F, 0x83, 0x3F, 0x83, 0x3F, 0x7B, 0x3F, 0x83,
    0x3F, 0x7B, 0xDF, 0x72, 0x00, 0x00, 0x00, 0x00, 0x00, 0x00, 0x1F, 0x00,
    0x00, 0x00, 0x00, 0x00, 0x00, 0x00, 0x00, 0x00, 0x00, 0x00, 0x00, 0x00,
    0x00, 0x00, 0x00, 0x00, 0x00, 0x00, 0x00, 0x00, 0x00, 0x00, 0x00, 0x00,
    0x00, 0x00, 0x00, 0x00, 0x00, 0x00, 0x00, 0x00, 0x00, 0x00, 0x00, 0x00,
    0x00, 0x00, 0x00, 0x00, 0x00, 0x00, 0x00, 0x00, 0x69, 0xFA, 0x8A, 0xFA,
    0x69, 0xFA, 0x69, 0xFA, 0x69, 0xFA, 0x69, 0xFA, 0x69, 0xFA, 0x69, 0xFA,
    0x69, 0xFA, 0x69, 0xFA, 0x69, 0xFA, 0x69, 0xFA, 0x69, 0xFA, 0x69, 0xFA,
    0x69, 0xFA, 0x69, 0xFA, 0x69, 0xFA, 0x69, 0xFA, 0x69, 0xFA, 0x69, 0xFA,
    0x69, 0xFA, 0x69, 0xFA, 0x69, 0xFA, 0x8A, 0xFA, 0x69, 0xFA, 0x00, 0xF8,
    0x00, 0xF8, 0x00, 0x00, 0x00, 0x00, 0x00, 0x00, 0x00, 0x00, 0x00, 0x00,
    0x00, 0x00, 0x00, 0x00, 0x00, 0x00, 0xEF, 0xB9, 0x00, 0x00, 0x4B, 0xC9,
    0x4B, 0xC9, 0x4C, 0xD1, 0x4B, 0xC9, 0x4B, 0xC9, 0x4B, 0xC9, 0x4B, 0xC9,
    0x4B, 0xC9, 0x4B, 0xC9, 0x4B, 0xC9, 0x4B, 0xC9, 0x4B, 0xC9, 0x4B, 0xC9,
    0x4B, 0xC9, 0x4B, 0xC9, 0x4B, 0xC9, 0x4B, 0xC9, 0x4B, 0xC9, 0x4B, 0xC9,
    0x4B, 0xC9, 0x4B, 0xC9, 0x4B, 0xC9, 0x4B, 0xC9, 0x4B, 0xC9, 0x6C, 0xD9,
    0x0A, 0xF2, 0xE8, 0xFA, 0x00, 0x00, 0x00, 0xF8, 0x00, 0x00, 0x00, 0x00,
    0x00, 0x00, 0x00, 0x00, 0xBF, 0xAA, 0x00, 0x00, 0x3F, 0x83, 0x5F, 0x83,
    0x3F, 0x83, 0x3F, 0x83, 0x3F, 0x83, 0x3F, 0x83, 0x3F, 0x83, 0x3F, 0x83,
    0x3F, 0x83, 0x3F, 0x83, 0x3F, 0x83, 0x3F, 0x83, 0x3F, 0x7B, 0x3F, 0x83,
    0x3F, 0x83, 0x3F, 0x83, 0x5F, 0x83, 0x5F, 0x83, 0x5F, 0x83, 0x3F, 0x83,
    0x3F, 0x83, 0x3F, 0x7B, 0x3F, 0x7B, 0x3F, 0x83, 0x3F, 0x7B, 0x00, 0x00,
    0x00, 0x00, 0x00, 0x00, 0x00, 0x00, 0x00, 0x00, 0x00, 0x00, 0x00, 0x00,
    0x00, 0x00, 0x00, 0x00, 0x00, 0x00, 0x00, 0x00, 0x00, 0x00, 0x00, 0x00,
    0x00, 0x00, 0x00, 0x00, 0x00, 0x00, 0x00, 0x00, 0x00, 0x00, 0x00, 0x00,
    0x00, 0x00, 0x00, 0x00, 0x00, 0x00, 0x00, 0x00, 0xE7, 0xF9, 0x69, 0xFA,
    0x8A, 0xFA, 0x69, 0xFA, 0x69, 0xFA, 0x69, 0xFA, 0x69, 0xFA, 0x69, 0xFA,
    0x69, 0xFA, 0x69, 0xFA, 0x69, 0xFA, 0x69, 0xFA, 0x69, 0xFA, 0x69, 0xFA,
    0x69, 0xFA, 0x69, 0xFA, 0x69, 0xFA, 0x69, 0xFA, 0x69, 0xFA, 0x69, 0xFA,
    0x69, 0xFA, 0x69, 0xFA, 0x8A, 0xFA, 0x69, 0xFA, 0x49, 0xFA, 0x00, 0x00,
    0xEF, 0xFB, 0x00, 0x00, 0x00, 0x00, 0x00, 0x00, 0x00, 0x00, 0x00, 0x00,
    0x00, 0x00, 0x00, 0x00, 0x00, 0x00, 0x4A, 0xD1, 0x00, 0x00, 0x4C, 0xC9,
    0x4C, 0xD1, 0x4B, 0xC9, 0x4B, 0xC9, 0x4B, 0xC9, 0x4B, 0xC9, 0x4B, 0xC9,
    0x4B, 0xC9, 0x4B, 0xC9, 0x4B, 0xC9, 0x4B, 0xC9, 0x4B, 0xC9, 0x4B, 0xC9,
    0x4B, 0xC9, 0x4B, 0xC9, 0x4B, 0xC9, 0x4B, 0xC9, 0x4B, 0xC9, 0x4B, 0xC9,
    0x4B, 0xC9, 0x4B, 0xC9, 0x4B, 0xC9, 0x4B, 0xC9, 0x4B, 0xC9, 0x6C, 0xD1,
    0xAB, 0xD9, 0x48, 0xFB, 0x00, 0x00, 0x00, 0xF8, 0x00, 0x00, 0x00, 0x00,
    0x00, 0x00, 0x00, 0x00, 0xBF, 0xAA, 0x00, 0x00, 0x3F, 0x83, 0x5F, 0x83,
    0x3F, 0x83, 0x3F, 0x83, 0x3F, 0x83, 0x3F, 0x83, 0x3F, 0x83, 0x3F, 0x83,
    0x3F, 0x83, 0x3F, 0x83, 0x3F, 0x83, 0x3F, 0x83, 0x3F, 0x83, 0x3F, 0x83,
    0x3F, 0x83, 0x3F, 0x83, 0x3F, 0x83, 0x3F, 0x7B, 0x3F, 0x83, 0x3F, 0x83,
    0x5F, 0x83, 0x5F, 0x83, 0x5F, 0x83, 0x3F, 0x7B, 0x5F, 0x83, 0x3F, 0x83,
    0xDF, 0x9C, 0x00, 0x00, 0x1F, 0xF8, 0x00, 0x00, 0x00, 0x00, 0x00, 0x00,
    0x00, 0x00, 0x00, 0x00, 0x00, 0x00, 0x00, 0x00, 0x00, 0x00, 0x00, 0x00,
    0x00, 0x00, 0x00, 0x00, 0x00, 0x00, 0x00, 0x00, 0x00, 0x00, 0x00, 0x00,
    0x00, 0x00, 0x00, 0x00, 0x00, 0x00, 0x00, 0x00, 0x00, 0x00, 0x69, 0xFA,
    0x69, 0xFA, 0x69, 0xFA, 0x69, 0xFA, 0x69, 0xFA, 0x69, 0xFA, 0x69, 0xFA,
    0x69, 0xFA, 0x69, 0xFA, 0x69, 0xFA, 0x69, 0xFA, 0x69, 0xFA, 0x69, 0xFA,
    0x69, 0xFA, 0x69, 0xFA, 0x69, 0xFA, 0x69, 0xFA, 0x69, 0xFA, 0x69, 0xFA,
    0x69, 0xFA, 0x69, 0xFA, 0x8A, 0xFA, 0x69, 0xFA, 0x00, 0x00, 0xEF, 0xFB,
    0x00, 0x00, 0x00, 0x00, 0x00, 0x00, 0x00, 0x00, 0x00, 0x00, 0x00, 0x00,
    0x00, 0x00, 0x00, 0x00, 0x00, 0xF8, 0x0F, 0x78, 0x00, 0x00, 0x4B, 0xC9,
    0x6C, 0xD9, 0x4B, 0xC9, 0x4B, 0xC9, 0x4B, 0xC9, 0x4B, 0xC9, 0x4B, 0xC9,
    0x4B, 0xC9, 0x4B, 0xC9, 0x4B, 0xC9, 0x4B, 0xC9, 0x4B, 0xC9, 0x4B, 0xC9,
    0x4B, 0xC9, 0x4B, 0xC9, 0x4B, 0xC9, 0x4B, 0xC9, 0x4B, 0xC9, 0x4B, 0xC9,
    0x4B, 0xC9, 0x4B, 0xC9, 0x4B, 0xC9, 0x4B, 0xC9, 0x4B, 0xC9, 0x4C, 0xD1,
    0x6B, 0xD1, 0x86, 0xFB, 0x00, 0x00, 0x00, 0xF8, 0x00, 0x00, 0x00, 0x00,
    0x00, 0x00, 0x00, 0x00, 0xBF, 0xAA, 0x00, 0x00, 0x3F, 0x83, 0x5F, 0x83,
    0x3F, 0x83, 0x3F, 0x83, 0x3F, 0x83, 0x3F, 0x83, 0x3F, 0x83, 0x3F, 0x83,
    0x3F, 0x83, 0x3F, 0x83, 0x3F, 0x83, 0x3F, 0x83, 0x3F, 0x83, 0x3F, 0x83,
    0x3F, 0x83, 0x3F, 0x83, 0x3F, 0x83, 0x3F, 0x83, 0x3F, 0x83, 0x3F, 0x83,
    0x3F, 0x83, 0x3F, 0x83, 0x3F, 0x83, 0x3F, 0x83, 0x3F, 0x83, 0x5F, 0x83,
    0x3F, 0x7B, 0x00, 0x00, 0xBF, 0x52, 0x00, 0x00, 0x00, 0x00, 0x00, 0x00,
    0x00, 0x00, 0x00, 0x00, 0x00, 0x00, 0x00, 0x00, 0x00, 0x00, 0x00, 0x00,
    0x00, 0x00, 0x00, 0x00, 0x00, 0x00, 0x00, 0x00, 0x00, 0x00, 0x00, 0x00,
    0x00, 0x00, 0x00, 0x00, 0x00, 0x00, 0x00, 0x00, 0x00, 0x00, 0x00, 0x00,
    0x69, 0xFA, 0x8A, 0xFA, 0x69, 0xFA, 0x69, 0xFA, 0x69, 0xFA, 0x69, 0xFA,
    0x69, 0xFA, 0x69, 0xFA, 0x69, 0xFA, 0x69, 0xFA, 0x69, 0xFA, 0x69, 0xFA,
    0x69, 0xFA, 0x69, 0xFA, 0x69, 0xFA, 0x69, 0xFA, 0x69, 0xFA, 0x69, 0xFA,
    0x69, 0xFA, 0x8A, 0xFA, 0x69, 0xFA, 0xEF, 0xFB, 0x00, 0x00, 0x00, 0xF8,
    0x00, 0x00, 0x00, 0x00, 0x00, 0x00, 0x00, 0x00, 0x00, 0x00, 0x00, 0x00,
    0x00, 0x00, 0x00, 0x00, 0x0F, 0x78, 0x00, 0x00, 0xEB, 0xB8, 0x4B, 0xC9,
    0x6C, 0xD9, 0x4B, 0xC9, 0x4B, 0xC9, 0x4B, 0xC9, 0x4B, 0xC9, 0x4B, 0xC9,
    0x4B, 0xC9, 0x4B, 0xC9, 0x4B, 0xC9, 0x4B, 0xC9, 0x4B, 0xC9, 0x4B, 0xC9,
    0x4B, 0xC9, 0x4B, 0xC9, 0x4B, 0xC9, 0x4B, 0xC9, 0x4B, 0xC9, 0x4B, 0xC9,
    0x4B, 0xC9, 0x4B, 0xC9, 0x4B, 0xC9, 0x4B, 0xC9, 0x4B, 0xC9, 0x4C, 0xD1,
    0x4B, 0xC9, 0xE8, 0xFA, 0x00, 0x00, 0xEF, 0xFB, 0x00, 0x00, 0x00, 0x00,
    0x00, 0x00, 0x00, 0x00, 0xBF, 0xAA, 0x00, 0x00, 0x3F, 0x83, 0x5F, 0x83,
    0x3F, 0x83, 0x3F, 0x83, 0x3F, 0x83, 0x3F, 0x83, 0x3F, 0x83, 0x3F, 0x83,
    0x3F, 0x83, 0x3F, 0x83, 0x3F, 0x83, 0x3F, 0x83, 0x3F, 0x83, 0x3F, 0x83,
    0x3F, 0x83, 0x3F, 0x83, 0x3F, 0x83, 0x3F, 0x83, 0x3F, 0x83, 0x3F, 0x83,
    0x3F, 0x83, 0x3F, 0x83, 0x3F, 0x83, 0x3F, 0x83, 0x3F, 0x7B, 0x7F, 0x8B,
    0x3F, 0x83, 0x7F, 0x93, 0x00, 0x00, 0x1F, 0x00, 0x00, 0x00, 0x00, 0x00,
    0x00, 0x00, 0x00, 0x00, 0x00, 0x00, 0x00, 0x00, 0x00, 0x00, 0x00, 0x00,
    0x00, 0x00, 0x00, 0x00, 0x00, 0x00, 0x00, 0x00, 0x00, 0x00, 0x00, 0x00,
    0x00, 0x00, 0x00, 0x00, 0x00, 0x00, 0x00, 0x00, 0x00, 0xF8, 0x00, 0x00,
    0xEB, 0xFA, 0x69, 0xFA, 0x8A, 0xFA, 0x69, 0xFA, 0x69, 0xFA, 0x69, 0xFA,
    0x69, 0xFA, 0x69, 0xFA, 0x69, 0xFA, 0x69, 0xFA, 0x69, 0xFA, 0x69, 0xFA,
    0x69, 0xFA, 0x69, 0xFA, 0x69, 0xFA, 0x69, 0xFA, 0x69, 0xFA, 0x69, 0xFA,
    0x8A, 0xFA, 0x49, 0xFA, 0x49, 0xFA, 0x00, 0xF8, 0xEF, 0xFB, 0x00, 0x00,
    0x00, 0x00, 0x00, 0x00, 0x00, 0x00, 0x00, 0x00, 0x00, 0x00, 0x00, 0x00,
    0x00, 0x00, 0x00, 0x00, 0x0F, 0xF8, 0x00, 0x00, 0x4C, 0xD1, 0x4C, 0xC9,
    0x4C, 0xD1, 0x4B, 0xC9, 0x4B, 0xC9, 0x4B, 0xC9, 0x4B, 0xC9, 0x4B, 0xC9,
    0x4B, 0xC9, 0x4B, 0xC9, 0x4B, 0xC9, 0x4B, 0xC9, 0x4B, 0xC9, 0x4B, 0xC9,
    0x4B, 0xC9, 0x4B, 0xC9, 0x4B, 0xC9, 0x4B, 0xC9, 0x4B, 0xC9, 0x4B, 0xC9,
    0x4B, 0xC9, 0x4B, 0xC9, 0x4B, 0xC9, 0x4B, 0xC9, 0x4B, 0xC9, 0x4C, 0xD1,
    0x4B, 0xC9, 0x0A, 0xEA, 0x00, 0x00, 0xEF, 0xFB, 0x00, 0x00, 0x00, 0x00,
    0x00, 0x00, 0x00, 0x00, 0xBF, 0xAA, 0x00, 0x00, 0x3F, 0x83, 0x5F, 0x83,
    0x3F, 0x83, 0x3F, 0x83, 0x3F, 0x83, 0x3F, 0x83, 0x3F, 0x83, 0x3F, 0x83,
    0x3F, 0x83, 0x3F, 0x83, 0x3F, 0x83, 0x3F, 0x83, 0x3F, 0x83, 0x3F, 0x83,
    0x3F, 0x83, 0x3F, 0x83, 0x3F, 0x83, 0x3F, 0x83, 0x3F, 0x83, 0x3F, 0x83,
    0x3F, 0x83, 0x3F, 0x83, 0x3F, 0x83, 0x3F, 0x83, 0x3F, 0x83, 0x5F, 0x83,
    0x3F, 0x7B, 0x1F, 0x7B, 0x00, 0x00, 0xFF, 0xFF, 0x00, 0x00, 0x00, 0x00,
    0x00, 0x00, 0x00, 0x00, 0x00, 0x00, 0x00, 0x00, 0x00, 0x00, 0x00, 0x00,
    0x00, 0x00, 0x00, 0x00, 0x00, 0x00, 0x00, 0x00, 0x00, 0x00, 0x00, 0x00,
    0x00, 0x00, 0x00, 0x00, 0x00, 0x00, 0x00, 0x00, 0x00, 0x00, 0x00, 0xF8,
    0x00, 0xF8, 0x00, 0x00, 0x69, 0xFA, 0x69, 0xFA, 0x8A, 0xFA, 0x69, 0xFA,
    0x69, 0xFA, 0x69, 0xFA, 0x69, 0xFA, 0x69, 0xFA, 0x69, 0xFA, 0x69, 0xFA,
    0x69, 0xFA, 0x69, 0xFA, 0x69, 0xFA, 0x69, 0xFA, 0x8A, 0xFA, 0x69, 0xFA,
    0x69, 0xFA, 0x28, 0xFA, 0x00, 0x00, 0xEF, 0xFB, 0x00, 0x00, 0x00, 0x00,
    0x00, 0x00, 0x00, 0x00, 0x00, 0x00, 0x00, 0x00, 0x00, 0x00, 0x00, 0x00,
    0x00, 0x00, 0x00, 0x00, 0x0F, 0xF8, 0x00, 0x00, 0x4B, 0xD1, 0x4C, 0xC9,
    0x4C, 0xD1, 0x4B, 0xC9, 0x4B, 0xC9, 0x4B, 0xC9, 0x4B, 0xC9, 0x4B, 0xC9,
    0x4B, 0xC9, 0x4B, 0xC9, 0x4B, 0xC9, 0x4B, 0xC9, 0x4B, 0xC9, 0x4B, 0xC9,
    0x4B, 0xC9, 0x4B, 0xC9, 0x4B, 0xC9, 0x4B, 0xC9, 0x4B, 0xC9, 0x4B, 0xC9,
    0x4B, 0xC9, 0x4B, 0xC9, 0x4B, 0xC9, 0x4B, 0xC9, 0x4B, 0xC9, 0x4C, 0xD1,
    0x4B, 0xC9, 0x0A, 0xF8, 0x0A, 0xA8, 0x00, 0xF8, 0x00, 0x00, 0x00, 0x00,
    0x00, 0x00, 0x00, 0x00, 0xBF, 0xAA, 0x00, 0x00, 0x3F, 0x83, 0x5F, 0x83,
    0x3F, 0x83, 0x3F, 0x83, 0x3F, 0x83, 0x3F, 0x83, 0x3F, 0x83, 0x3F, 0x83,
    0x3F, 0x83, 0x3F, 0x83, 0x3F, 0x83, 0x3F, 0x83, 0x3F, 0x83, 0x3F, 0x83,
    0x3F, 0x83, 0x3F, 0x83, 0x3F, 0x83, 0x3F, 0x83, 0x3F, 0x83, 0x3F, 0x83,
    0x3F, 0x83, 0x3F, 0x83, 0x3F, 0x83, 0x3F, 0x83, 0x3F, 0x83, 0x5F, 0x83,
    0x3F, 0x7B, 0x5F, 0x83, 0x00, 0x00, 0xFF, 0xFF, 0x00, 0x00, 0x00, 0x00,
    0x00, 0x00, 0x00, 0x00, 0x00, 0x00, 0x00, 0x00, 0x00, 0x00, 0x00, 0x00,
    0x00, 0x00, 0x00, 0x00, 0x00, 0x00, 0x00, 0x00, 0x00, 0x00, 0x00, 0x00,
    0x00, 0x00, 0x00, 0x00, 0x00, 0x00, 0x00, 0x00, 0x00, 0x00, 0x00, 0x00,
    0x00, 0xF8, 0xEF, 0xFB, 0x00, 0x00, 0x49, 0xFA, 0x69, 0xFA, 0x69, 0xFA,
    0x8A, 0xFA, 0x8A, 0xFA, 0x69, 0xFA, 0x69, 0xFA, 0x69, 0xFA, 0x69, 0xFA,
    0x69, 0xFA, 0x8A, 0xFA, 0x8A, 0xFA, 0x69, 0xFA, 0x69, 0xFA, 0x49, 0xFA,
    0x00, 0x00, 0x00, 0xF8, 0x00, 0xF8, 0x00, 0x00, 0x00, 0x00, 0x00, 0x00,
    0x00, 0x00, 0x00, 0x00, 0x00, 0x00, 0x00, 0x00, 0x00, 0x00, 0x00, 0x00,
    0x00, 0x00, 0x00, 0x00, 0x0F, 0x78, 0x00, 0x00, 0x4A, 0xD1, 0x4B, 0xC9,
    0x6C, 0xD9, 0x4B, 0xC9, 0x4B, 0xC9, 0x4B, 0xC9, 0x4B, 0xC9, 0x4B, 0xC9,
    0x4B, 0xC9, 0x4B, 0xC9, 0x4B, 0xC9, 0x4B, 0xC9, 0x4B, 0xC9, 0x4B, 0xC9,
    0x4B, 0xC9, 0x4B, 0xC9, 0x4B, 0xC9, 0x4B, 0xC9, 0x4B, 0xC9, 0x4B, 0xC9,
    0x4B, 0xC9, 0x4B, 0xC9, 0x4B, 0xC9, 0x4B, 0xC9, 0x4B, 0xC9, 0x4C, 0xD9,
    0x4B, 0xC9, 0x00, 0x00, 0x4A, 0xD1, 0x00, 0x00, 0x00, 0x00, 0x00, 0x00,
    0x00, 0x00, 0x00, 0x00, 0xBF, 0xAA, 0x00, 0x00, 0x3F, 0x83, 0x5F, 0x83,
    0x3F, 0x83, 0x3F, 0x83, 0x3F, 0x83, 0x3F, 0x83, 0x3F, 0x83, 0x3F, 0x83,
    0x3F, 0x83, 0x3F, 0x83, 0x3F, 0x83, 0x3F, 0x83, 0x3F, 0x83, 0x3F, 0x83,
    0x3F, 0x83, 0x3F, 0x83, 0x3F, 0x83, 0x3F, 0x83, 0x3F, 0x83, 0x3F, 0x83,
    0x3F, 0x83, 0x3F, 0x83, 0x3F, 0x83, 0x3F, 0x83, 0x3F, 0x83, 0x5F, 0x83,
    0x3F, 0x7B, 0x5F, 0x83, 0x00, 0x00, 0xFF, 0xFF, 0x00, 0x00, 0x00, 0x00,
    0x00, 0x00, 0x00, 0x00, 0x00, 0x00, 0x00, 0x00, 0x00, 0x00, 0x00, 0x00,
    0x00, 0x00, 0x00, 0x00, 0x00, 0x00, 0x00, 0x00, 0x00, 0x00, 0x00, 0x00,
    0x00, 0x00, 0x00, 0x00, 0x00, 0x00, 0x00, 0x00, 0x00, 0x00, 0x00, 0x00,
    0x00, 0x00, 0x00, 0x00, 0x2C, 0xFB, 0x00, 0x00, 0xEF, 0xFB, 0x69, 0xFA,
    0x69, 0xFA, 0x69, 0xFA, 0x69, 0xFA, 0x69, 0xFA, 0x69, 0xFA, 0x69, 0xFA,
    0x69, 0xFA, 0x69, 0xFA, 0x69, 0xFA, 0x69, 0xFA, 0xE7, 0xF9, 0x00, 0x00,
    0x2C, 0xFB, 0x00, 0xF8, 0x00, 0x00, 0x00, 0x00, 0x00, 0x00, 0x00, 0x00,
    0x00, 0x00, 0x00, 0x00, 0x00, 0x00, 0x00, 0x00, 0x00, 0x00, 0x00, 0x00,
    0x00, 0x00, 0x00, 0x00, 0x00, 0xF8, 0x07, 0xB8, 0x00, 0x00, 0x4B, 0xC9,
    0x6C, 0xD9, 0x4B, 0xC9, 0x4B, 0xC9, 0x4B, 0xC9, 0x4B, 0xC9, 0x4B, 0xC9,
    0x4B, 0xC9, 0x4B, 0xC9, 0x4B, 0xC9, 0x4B, 0xC9, 0x4B, 0xC9, 0x4B, 0xC9,
    0x4B, 0xC9, 0x4B, 0xC9, 0x4B, 0xC9, 0x4B, 0xC9, 0x4B, 0xC9, 0x4B, 0xC9,
    0x4B, 0xC9, 0x4B, 0xC9, 0x4B, 0xC9, 0x4B, 0xC9, 0x4B, 0xC9, 0x4C, 0xD1,
    0x4B, 0xC9, 0x00, 0x00, 0x4A, 0xD1, 0x00, 0x00, 0x00, 0x00, 0x00, 0x00,
    0x00, 0x00, 0x00, 0x00, 0xBF, 0xAA, 0x00, 0x00, 0x3F, 0x83, 0x5F, 0x83,
    0x3F, 0x83, 0x3F, 0x83, 0x3F, 0x83, 0x3F, 0x83, 0x3F, 0x83, 0x3F, 0x83,
    0x3F, 0x83, 0x3F, 0x83, 0x3F, 0x83, 0x3F, 0x83, 0x3F, 0x83, 0x3F, 0x83,
    0x3F, 0x83, 0x3F, 0x83, 0x3F, 0x83, 0x3F, 0x83, 0x3F, 0x83, 0x3F, 0x83,
    0x3F, 0x83, 0x3F, 0x83, 0x3F, 0x83, 0x3F, 0x83, 0x3F, 0x83, 0x5F, 0x83,
    0x3F, 0x7B, 0x5F, 0x83, 0x00, 0x00, 0xFF, 0xFF, 0x00, 0x00, 0x00, 0x00,
    0x00, 0x00, 0x00, 0x00, 0x00, 0x00, 0x00, 0x00, 0x00, 0x00, 0x00, 0x00,
    0x00, 0x00, 0x00, 0x00, 0x00, 0x00, 0x00, 0x00, 0x00, 0x00, 0x00, 0x00,
    0x00, 0x00, 0x00, 0x00, 0x00, 0x00, 0x00, 0x00, 0x00, 0x00, 0x00, 0x00,
    0x00, 0x00, 0x00, 0x00, 0x00, 0x00, 0xE7, 0xF9, 0xAA, 0xFA, 0x00, 0x00,
    0x00, 0x00, 0x69, 0xFA, 0x49, 0xFA, 0x69, 0xFA, 0x69, 0xFA, 0x69, 0xFA,
    0x49, 0xFA, 0x69, 0xFA, 0x00, 0x00, 0x00, 0x00, 0x00, 0xF8, 0xE7, 0xF9,
    0x00, 0x00, 0x00, 0x00, 0x00, 0x00, 0x00, 0x00, 0x00, 0x00, 0x00, 0x00,
    0x00, 0x00, 0x00, 0x00, 0x00, 0x00, 0x00, 0x00, 0x00, 0x00, 0x00, 0x00,
    0x00, 0x00, 0x00, 0x00, 0x00, 0x00, 0x4A, 0xD1, 0x00, 0x00, 0x4B, 0xC9,
    0x4C, 0xD1, 0x4B, 0xC9, 0x4B, 0xC9, 0x4B, 0xC9, 0x4B, 0xC9, 0x4B, 0xC9,
    0x4B, 0xC9, 0x4B, 0xC9, 0x4B, 0xC9, 0x4B, 0xC9, 0x4B, 0xC9, 0x4B, 0xC9,
    0x4B, 0xC9, 0x4B, 0xC9, 0x4B, 0xC9, 0x4B, 0xC9, 0x4B, 0xC9, 0x4B, 0xC9,
    0x4B, 0xC9, 0x4B, 0xC9, 0x4B, 0xC9, 0x4B, 0xC9, 0x4C, 0xC9, 0x4B, 0xC9,
    0x4B, 0xC9, 0x00, 0x00, 0xEF, 0xB9, 0x00, 0x00, 0x00, 0x00, 0x00, 0x00,
    0x00, 0x00, 0x00, 0x00, 0xBF, 0xAA, 0x00, 0x00, 0x3F, 0x83, 0x5F, 0x83,
    0x3F, 0x83, 0x3F, 0x83, 0x3F, 0x83, 0x3F, 0x83, 0x3F, 0x83, 0x3F, 0x83,
    0x3F, 0x83, 0x3F, 0x83, 0x3F, 0x83, 0x3F, 0x83, 0x3F, 0x83, 0x3F, 0x83,
    0x3F, 0x83, 0x3F, 0x83, 0x3F, 0x83, 0x3F, 0x83, 0x3F, 0x83, 0x3F, 0x83,
    0x3F, 0x83, 0x3F, 0x83, 0x3F, 0x83, 0x3F, 0x83, 0x3F, 0x83, 0x5F, 0x83,
    0x3F, 0x7B, 0x5F, 0x83, 0x00, 0x00, 0xFF, 0xFF, 0x00, 0x00, 0x00, 0x00,
    0x00, 0x00, 0x00, 0x00, 0x00, 0x00, 0x00, 0x00, 0x00, 0x00, 0x00, 0x00,
    0x00, 0x00, 0x00, 0x00, 0x00, 0x00, 0x00, 0x00, 0x00, 0x00, 0x00, 0x00,
    0x00, 0x00, 0x00, 0x00, 0x00, 0x00, 0x00, 0x00, 0x00, 0x00, 0x00, 0x00,
    0x00, 0x00, 0x00, 0x00, 0x00, 0x00, 0x00, 0x00, 0x00, 0xF8, 0x86, 0xF9,
    0x2C, 0xFB, 0x00, 0x00, 0x00, 0x00, 0x00, 0x00, 0x00, 0x00, 0x00, 0x00,
    0x00, 0x00, 0x00, 0x00, 0x2C, 0xFB, 0x2C, 0xFB, 0x00, 0xF8, 0x00, 0x00,
    0x00, 0x00, 0x00, 0x00, 0x00, 0x00, 0x00, 0x00, 0x00, 0x00, 0x00, 0x00,
    0x00, 0x00, 0x00, 0x00, 0x00, 0x00, 0x00, 0x00, 0x00, 0x00, 0x00, 0x00,
    0x00, 0x00, 0x00, 0x00, 0x00, 0x00, 0x15, 0xA8, 0x00, 0x00, 0x6B, 0xC9,
    0x4B, 0xC9, 0x4C, 0xD1, 0x4B, 0xC9, 0x4B, 0xC9, 0x4B, 0xC9, 0x4B, 0xC9,
    0x4B, 0xC9, 0x4B, 0xC9, 0x4B, 0xC9, 0x4B, 0xC9, 0x4B, 0xC9, 0x4B, 0xC9,
    0x4B, 0xC9, 0x4B, 0xC9, 0x4B, 0xC9, 0x4B, 0xC9, 0x4B, 0xC9, 0x4B, 0xC9,
    0x4B, 0xC9, 0x4B, 0xC9, 0x4B, 0xC9, 0x4B, 0xC9, 0x4C, 0xD1, 0x4B, 0xC9,
    0x8B, 0xC9, 0xE0, 0xFF, 0x00, 0x78, 0x00, 0x00, 0x00, 0x00, 0x00, 0x00,
    0x00, 0x00, 0x00, 0x00, 0xBF, 0xAA, 0x00, 0x00, 0x3F, 0x83, 0x5F, 0x83,
    0x3F, 0x83, 0x3F, 0x83, 0x3F, 0x83, 0x3F, 0x83, 0x3F, 0x83, 0x3F, 0x83,
    0x3F, 0x83, 0x3F, 0x83, 0x3F, 0x83, 0x3F, 0x83, 0x3F, 0x83, 0x3F, 0x83,
    0x3F, 0x83, 0x3F, 0x83, 0x3F, 0x83, 0x3F, 0x83, 0x3F, 0x83, 0x3F, 0x83,
    0x3F, 0x83, 0x3F, 0x83, 0x3F, 0x83, 0x3F, 0x83, 0x3F, 0x83, 0x5F, 0x83,
    0x3F, 0x7B, 0x5F, 0x83, 0x00, 0x00, 0xFF, 0xFF, 0x00, 0x00, 0x00, 0x00,
    0x00, 0x00, 0x00, 0x00, 0x00, 0x00, 0x00, 0x00, 0x00, 0x00, 0x00, 0x00,
    0x00, 0x00, 0x00, 0x00, 0x00, 0x00, 0x00, 0x00, 0x00, 0x00, 0x00, 0x00,
    0x00, 0x00, 0x00, 0x00, 0x00, 0x00, 0x00, 0x00, 0x00, 0x00, 0x00, 0x00,
    0x00, 0x00, 0x00, 0x00, 0x00, 0x00, 0x00, 0x00, 0x00, 0x00, 0x00, 0x00,
    0x00, 0x00, 0xEF, 0xFB, 0xE7, 0xF9, 0x86, 0xF9, 0x2C, 0xFB, 0x86, 0xF9,
    0xE7, 0xF9, 0xAA, 0xFA, 0x00, 0x00, 0x00, 0x00, 0x00, 0x00, 0x00, 0x00,
    0x00, 0x00, 0x00, 0x00, 0x00, 0x00, 0x00, 0x00, 0x00, 0x00, 0x00, 0x00,
    0x00, 0x00, 0x00, 0x00, 0x00, 0x00, 0x00, 0x00, 0x00, 0x00, 0x00, 0x00,
    0x00, 0x00, 0x00, 0x00, 0x00, 0x00, 0x00, 0x00, 0xAA, 0xFA, 0x00, 0x00,
    0x4C, 0xC9, 0x4C, 0xD1, 0x4B, 0xC9, 0x4B, 0xC9, 0x4B, 0xC9, 0x4B, 0xC9,
    0x4B, 0xC9, 0x4B, 0xC9, 0x4B, 0xC9, 0x4B, 0xC9, 0x4B, 0xC9, 0x4B, 0xC9,
    0x4B, 0xC9, 0x4B, 0xC9, 0x4B, 0xC9, 0x4B, 0xC9, 0x4B, 0xC9, 0x4B, 0xC9,
    0x4B, 0xC9, 0x4B, 0xC9, 0x4B, 0xC9, 0x4B, 0xC9, 0x4B, 0xC9, 0x4B, 0xC9,
    0x00, 0x00, 0xE7, 0xB9, 0x00, 0x00, 0x00, 0x00, 0x00, 0x00, 0x00, 0x00,
    0x00, 0x00, 0x00, 0x00, 0xBF, 0xAA, 0x00, 0x00, 0x3F, 0x83, 0x5F, 0x83,
    0x3F, 0x83, 0x3F, 0x83, 0x3F, 0x83, 0x3F, 0x83, 0x3F, 0x83, 0x3F, 0x83,
    0x3F, 0x83, 0x3F, 0x83, 0x3F, 0x83, 0x3F, 0x83, 0x3F, 0x83, 0x3F, 0x83,
    0x3F, 0x83, 0x3F, 0x83, 0x3F, 0x83, 0x3F, 0x83, 0x3F, 0x83, 0x3F, 0x83,
    0x3F, 0x83, 0x3F, 0x83, 0x3F, 0x83, 0x3F, 0x83, 0x3F, 0x83, 0x5F, 0x83,
    0x3F, 0x7B, 0x5F, 0x83, 0x00, 0x00, 0xFF, 0xFF, 0x00, 0x00, 0x00, 0x00,
    0x00, 0x00, 0x00, 0x00, 0x00, 0x00, 0x00, 0x00, 0x00, 0x00, 0x00, 0x00,
    0x00, 0x00, 0x00, 0x00, 0x00, 0x00, 0x00, 0x00, 0x00, 0x00, 0x00, 0x00,
    0x00, 0x00, 0x00, 0x00, 0x00, 0x00, 0x00, 0x00, 0x00, 0x00, 0x00, 0x00,
    0x00, 0x00, 0x00, 0x00, 0x00, 0x00, 0x00, 0x00, 0x00, 0x00, 0x00, 0x00,
    0x00, 0x00, 0x00, 0x00, 0x00, 0x00, 0x00, 0x00, 0x00, 0x00, 0x00, 0x00,
    0x00, 0x00, 0x00, 0x00, 0x00, 0x00, 0x00, 0x00, 0x00, 0x00, 0x00, 0x00,
    0x00, 0x00, 0x00, 0x00, 0x00, 0x00, 0x00, 0x00, 0x00, 0x00, 0x00, 0x00,
    0x00, 0x00, 0x00, 0x00, 0x00, 0x00, 0x00, 0x00, 0x00, 0x00, 0x00, 0x00,
    0x00, 0x00, 0x00, 0x00, 0x00, 0x00, 0x00, 0x00, 0x0A, 0xF8, 0x0F, 0x78,
    0x6C, 0xC9, 0x4B, 0xC9, 0x4C, 0xD1, 0x4B, 0xC9, 0x4B, 0xC9, 0x4B, 0xC9,
    0x4B, 0xC9, 0x4B, 0xC9, 0x4B, 0xC9, 0x4B, 0xC9, 0x4B, 0xC9, 0x4B, 0xC9,
    0x4B, 0xC9, 0x4B, 0xC9, 0x4B, 0xC9, 0x4B, 0xC9, 0x4B, 0xC9, 0x4B, 0xC9,
    0x4B, 0xC9, 0x4B, 0xC9, 0x4B, 0xC9, 0x4C, 0xC9, 0x4B, 0xC9, 0x4C, 0xC9,
    0x0A, 0xF8, 0x00, 0xF8, 0x00, 0x00, 0x00, 0x00, 0x00, 0x00, 0x00, 0x00,
    0x00, 0x00, 0x00, 0x00, 0xBF, 0xAA, 0x00, 0x00, 0x3F, 0x83, 0x5F, 0x83,
    0x3F, 0x83, 0x3F, 0x83, 0x3F, 0x83, 0x3F, 0x83, 0x3F, 0x83, 0x3F, 0x83,
    0x3F, 0x83, 0x3F, 0x83, 0x3F, 0x83, 0x3F, 0x83, 0x3F, 0x83, 0x3F, 0x83,
    0x3F, 0x83, 0x3F, 0x83, 0x3F, 0x83, 0x3F, 0x83, 0x3F, 0x83, 0x3F, 0x83,
    0x3F, 0x83, 0x3F, 0x83, 0x3F, 0x83, 0x3F, 0x83, 0x3F, 0x83, 0x5F, 0x83,
    0x3F, 0x7B, 0x5F, 0x83, 0x00, 0x00, 0xFF, 0xFF, 0x00, 0x00, 0x00, 0x00,
    0x00, 0x00, 0x00, 0x00, 0x00, 0x00, 0x00, 0x00, 0x00, 0x00, 0x00, 0x00,
    0xE0, 0xFF, 0x4A, 0xFD, 0xE0, 0xFB, 0x00, 0x00, 0x00, 0x00, 0x00, 0x00,
    0x00, 0x00, 0x00, 0x00, 0x00, 0x00, 0x00, 0x00, 0x00, 0x00, 0x00, 0x00,
    0x00, 0x00, 0x00, 0x00, 0x00, 0x00, 0x00, 0x00, 0x00, 0x00, 0x00, 0x00,
    0x00, 0x00, 0x00, 0x00, 0x00, 0x00, 0x00, 0x00, 0x00, 0x00, 0x00, 0x00,
    0x00, 0x00, 0x00, 0x00, 0x00, 0x00, 0x00, 0x00, 0x00, 0x00, 0x00, 0x00,
    0x00, 0x00, 0x00, 0x00, 0x00, 0x00, 0x00, 0x00, 0x00, 0x00, 0x00, 0x00,
    0x00, 0x00, 0x00, 0x00, 0x00, 0x00, 0x00, 0x00, 0x00, 0x00, 0x00, 0x00,
    0x00, 0x00, 0x00, 0x00, 0x00, 0x00, 0x00, 0x00, 0x00, 0x00, 0x0A, 0xA8,
    0x00, 0x00, 0x4B, 0xC9, 0x4C, 0xC9, 0x4C, 0xD1, 0x4B, 0xC9, 0x4B, 0xC9,
    0x4B, 0xC9, 0x4B, 0xC9, 0x4B, 0xC9, 0x4B, 0xC9, 0x4B, 0xC9, 0x4B, 0xC9,
    0x4B, 0xC9, 0x4B, 0xC9, 0x4B, 0xC9, 0x4B, 0xC9, 0x4B, 0xC9, 0x4B, 0xC9,
    0x4B, 0xC9, 0x4B, 0xC9, 0x4C, 0xC9, 0x4C, 0xC9, 0x4C, 0xC9, 0x00, 0x00,
    0x00, 0xF8, 0x00, 0x00, 0x00, 0x00, 0x00, 0x00, 0x00, 0x00, 0x00, 0x00,
    0x00, 0x00, 0x00, 0x00, 0xBF, 0xAA, 0x00, 0x00, 0x3F, 0x83, 0x5F, 0x83,
    0x3F, 0x83, 0x3F, 0x83, 0x3F, 0x83, 0x3F, 0x83, 0x3F, 0x83, 0x3F, 0x83,
    0x3F, 0x83, 0x3F, 0x83, 0x3F, 0x83, 0x3F, 0x83, 0x3F, 0x83, 0x3F, 0x83,
    0x3F, 0x83, 0x3F, 0x83, 0x3F, 0x83, 0x3F, 0x83, 0x3F, 0x83, 0x3F, 0x83,
    0x3F, 0x83, 0x3F, 0x83, 0x3F, 0x83, 0x3F, 0x83, 0x3F, 0x83, 0x5F, 0x83,
    0x3F, 0x7B, 0x5F, 0x83, 0x00, 0x00, 0xFF, 0xFF, 0x00, 0x00, 0x00, 0x00,
    0x00, 0x00, 0x00, 0x00, 0x00, 0x00, 0x00, 0x00, 0x00, 0x00, 0xE0, 0xFF,
    0x00, 0x00, 0x00, 0x00, 0x00, 0x00, 0x4A, 0xFD, 0xE0, 0xFF, 0x00, 0x00,
    0x00, 0x00, 0x00, 0x00, 0x00, 0x00, 0x00, 0x00, 0x00, 0x00, 0x00, 0x00,
    0x00, 0x00, 0x00, 0x00, 0x00, 0x00, 0x00, 0x00, 0x00, 0x00, 0x00, 0x00,
    0x00, 0x00, 0x00, 0x00, 0x00, 0x00, 0x00, 0x00, 0x00, 0x00, 0x00, 0x00,
    0x00, 0x00, 0x00, 0x00, 0x00, 0x00, 0x00, 0x00, 0x00, 0x00, 0x00, 0x00,
    0x00, 0x00, 0x00, 0x00, 0x00, 0x00, 0x00, 0x00, 0x00, 0x00, 0x00, 0x00,
    0x00, 0x00, 0x00, 0x00, 0x00, 0x00, 0x00, 0x00, 0x00, 0x00, 0x00, 0x00,
    0x00, 0x00, 0x00, 0x00, 0x00, 0x00, 0x00, 0x00, 0x00, 0x00, 0x00, 0x00,
    0x86, 0xC9, 0x0F, 0x78, 0x4B, 0xC9, 0x4C, 0xD1, 0x4C, 0xC9, 0x4B, 0xC9,
    0x4B, 0xC9, 0x4B, 0xC9, 0x4B, 0xC9, 0x4B, 0xC9, 0x4B, 0xC9, 0x4B, 0xC9,
    0x4B, 0xC9, 0x4B, 0xC9, 0x4B, 0xC9, 0x4B, 0xC9, 0x4B, 0xC9, 0x4B, 0xC9,
    0x4B, 0xC9, 0x4B, 0xC9, 0x4C, 0xD1, 0x2B, 0xC9, 0x00, 0x00, 0x0A, 0x50,
    0x00, 0x00, 0x00, 0x00, 0x00, 0x00, 0x00, 0x00, 0x00, 0x00, 0x00, 0x00,
    0x00, 0x00, 0x00, 0x00, 0xBF, 0xAA, 0x00, 0x00, 0x3F, 0x83, 0x5F, 0x83,
    0x3F, 0x83, 0x3F, 0x83, 0x3F, 0x83, 0x3F, 0x83, 0x3F, 0x83, 0x3F, 0x7B,
    0x3F, 0x83, 0x3F, 0x83, 0x3F, 0x83, 0x3F, 0x83, 0x3F, 0x83, 0x3F, 0x83,
    0x3F, 0x83, 0x3F, 0x83, 0x3F, 0x83, 0x3F, 0x83, 0x3F, 0x83, 0x3F, 0x83,
    0x3F, 0x83, 0x3F, 0x83, 0x3F, 0x83, 0x3F, 0x83, 0x3F, 0x83, 0x5F, 0x83,
    0x3F, 0x7B, 0x5F, 0x83, 0x00, 0x00, 0xFF, 0xFF, 0x00, 0x00, 0x00, 0x00,
    0x00, 0x00, 0x00, 0x00, 0x00, 0x00, 0x00, 0x00, 0x00, 0x00, 0x00, 0x00,
    0xE5, 0xFD, 0xC6, 0xFD, 0xC6, 0xFD, 0x00, 0x00, 0x00, 0x00, 0x00, 0xF8,
    0x00, 0xF8, 0x00, 0x00, 0x00, 0x00, 0x00, 0x00, 0x00, 0x00, 0x00, 0x00,
    0x00, 0x00, 0x00, 0x00, 0x00, 0x00, 0x00, 0x00, 0x00, 0x00, 0x00, 0x00,
    0x00, 0x00, 0x00, 0x00, 0x00, 0x00, 0x00, 0x00, 0x00, 0x00, 0x00, 0x00,
    0x00, 0x00, 0x00, 0x00, 0x00, 0x00, 0x00, 0x00, 0x00, 0x00, 0x00, 0x00,
    0x00, 0x00, 0x00, 0x00, 0x00, 0x00, 0x00, 0x00, 0x00, 0x00, 0x00, 0x00,
    0x00, 0x00, 0x00, 0x00, 0x00, 0x00, 0x00, 0x00, 0x00, 0x00, 0x00, 0x00,
    0x00, 0x00, 0x00, 0x00, 0x00, 0x00, 0x00, 0x00, 0x00, 0x00, 0x00, 0x00,
    0x00, 0xF8, 0x00, 0x00, 0xEB, 0xB8, 0x4B, 0xC9, 0x4B, 0xC9, 0x4C, 0xD1,
    0x4B, 0xC9, 0x4B, 0xC9, 0x4B, 0xC9, 0x4B, 0xC9, 0x4B, 0xC9, 0x4B, 0xC9,
    0x4B, 0xC9, 0x4B, 0xC9, 0x4B, 0xC9, 0x4B, 0xC9, 0x4B, 0xC9, 0x4B, 0xC9,
    0x4C, 0xC9, 0x4C, 0xD1, 0x2B, 0xC9, 0xEF, 0xB9, 0x00, 0x00, 0x00, 0x00,
    0x00, 0x00, 0x00, 0x00, 0x00, 0x00, 0x00, 0x00, 0x00, 0x00, 0x00, 0x00,
    0x00, 0x00, 0x00, 0x00, 0xBF, 0xAA, 0x00, 0x00, 0x3F, 0x83, 0x5F, 0x83,
    0x3F, 0x83, 0x3F, 0x83, 0x3F, 0x83, 0x3F, 0x83, 0x3F, 0x83, 0x5F, 0x83,
    0x5F, 0x83, 0x3F, 0x83, 0x3F, 0x7B, 0x3F, 0x83, 0x3F, 0x83, 0x3F, 0x83,
    0x3F, 0x83, 0x3F, 0x83, 0x3F, 0x83, 0x3F, 0x83, 0x3F, 0x83, 0x3F, 0x83,
    0x3F, 0x83, 0x3F, 0x83, 0x3F, 0x83, 0x3F, 0x83, 0x3F, 0x83, 0x5F, 0x83,
    0x3F, 0x7B, 0x5F, 0x83, 0x00, 0x00, 0xFF, 0xFF, 0x00, 0x00, 0x00, 0x00,
    0x00, 0x00, 0x00, 0x00, 0xE0, 0xFF, 0x00, 0x00, 0x27, 0xFE, 0xC6, 0xFD,
    0x06, 0xFE, 0xC6, 0xFD, 0xE6, 0xFD, 0xC6, 0xFD, 0xE6, 0xFD, 0xE5, 0xFD,
    0x00, 0x00, 0x00, 0x00, 0x00, 0x00, 0x00, 0x00, 0x00, 0x00, 0x00, 0x00,
    0x00, 0x00, 0x00, 0x00, 0x00, 0x00, 0x00, 0x00, 0x00, 0x00, 0x00, 0x00,
    0x00, 0x00, 0x00, 0x00, 0x00, 0x00, 0x00, 0x00, 0x00, 0x00, 0x00, 0x00,
    0x00, 0x00, 0x00, 0x00, 0x00, 0x00, 0x00, 0x00, 0x00, 0x00, 0x00, 0x00,
    0x00, 0x00, 0x00, 0x00, 0x00, 0x00, 0x00, 0x00, 0x00, 0x00, 0x00, 0x00,
    0x00, 0x00, 0x00, 0x00, 0x00, 0x00, 0x00, 0x00, 0x00, 0x00, 0x00, 0x00,
    0x00, 0x00, 0x00, 0x00, 0x00, 0x00, 0x00, 0x00, 0x00, 0x00, 0x00, 0x00,
    0x00, 0x00, 0x00, 0xF8, 0x00, 0x00, 0x00, 0x00, 0x4C, 0xC9, 0x4B, 0xC9,
    0x4C, 0xD1, 0x4C, 0xC9, 0x4B, 0xC9, 0x4B, 0xC9, 0x4B, 0xC9, 0x4B, 0xC9,
    0x4B, 0xC9, 0x4B, 0xC9, 0x4B, 0xC9, 0x4B, 0xC9, 0x4B, 0xC9, 0x4C, 0xD1,
    0x4B, 0xC9, 0x2C, 0xC9, 0x00, 0xF8, 0x00, 0x00, 0x00, 0x00, 0x00, 0x00,
    0x00, 0x00, 0x00, 0x00, 0x00, 0x00, 0x00, 0x00, 0x00, 0x00, 0x00, 0x00,
    0x00, 0x00, 0x00, 0x00, 0xBF, 0xAA, 0x00, 0x00, 0x3F, 0x83, 0x5F, 0x83,
    0x3F, 0x83, 0x3F, 0x83, 0x3F, 0x83, 0x3F, 0x83, 0x3F, 0x83, 0x3F, 0x83,
    0x3F, 0x83, 0x3F, 0x7B, 0x5F, 0x83, 0x5F, 0x83, 0x3F, 0x83, 0x3F, 0x83,
    0x3F, 0x83, 0x3F, 0x83, 0x3F, 0x83, 0x3F, 0x83, 0x3F, 0x83, 0x3F, 0x83,
    0x3F, 0x83, 0x3F, 0x83, 0x3F, 0x83, 0x3F, 0x83, 0x3F, 0x83, 0x5F, 0x83,
    0x3F, 0x83, 0x5F, 0x7B, 0x00, 0x00, 0xFF, 0xFF, 0x00, 0x00, 0x00, 0x00,
    0x00, 0x00, 0x00, 0x00, 0x00, 0x00, 0x00, 0x00, 0xC6, 0xFD, 0x26, 0xFE,
    0xE6, 0xFD, 0xE6, 0xFD, 0xE6, 0xFD, 0xE6, 0xFD, 0xE6, 0xFD, 0xE6, 0xFD,
    0xE6, 0xFD, 0x00, 0x00, 0x00, 0x00, 0x00, 0x00, 0x00, 0x00, 0x00, 0x00,
    0x00, 0x00, 0x00, 0x00, 0x00, 0x00, 0x00, 0x00, 0x00, 0x00, 0x00, 0x00,
    0x00, 0x00, 0x00, 0x00, 0x00, 0x00, 0x00, 0x00, 0x00, 0x00, 0x00, 0x00,
    0x00, 0x00, 0x00, 0x00, 0x00, 0x00, 0x00, 0x00, 0x00, 0x00, 0x00, 0x00,
    0x00, 0x00, 0x00, 0x00, 0x00, 0x00, 0x00, 0x00, 0x00, 0x00, 0x00, 0x00,
    0x00, 0x00, 0x00, 0x00, 0x00, 0x00, 0x00, 0x00, 0x00, 0x00, 0x00, 0x00,
    0x00, 0x00, 0x00, 0x00, 0x00, 0x00, 0x00, 0x00, 0x00, 0x00, 0x00, 0x00,
    0x00, 0x00, 0x00, 0x00, 0x00, 0x00, 0x00, 0x00, 0x00, 0x00, 0x4A, 0xB9,
    0x4B, 0xC9, 0x4B, 0xC9, 0x4C, 0xC9, 0x4B, 0xC9, 0x4C, 0xC9, 0x4C, 0xC9,
    0x4C, 0xC9, 0x4C, 0xC9, 0x4B, 0xC9, 0x4B, 0xC9, 0x4B, 0xC9, 0x2C, 0xC9,
    0x2B, 0xC9, 0x00, 0x00, 0x00, 0x00, 0x00, 0x00, 0x00, 0x00, 0x00, 0x00,
    0x00, 0x00, 0x00, 0x00, 0x00, 0x00, 0x00, 0x00, 0x00, 0x00, 0x00, 0x00,
    0x00, 0x00, 0x00, 0x00, 0xBF, 0xAA, 0x00, 0x00, 0x3F, 0x83, 0x5F, 0x83,
    0x3F, 0x83, 0x3F, 0x83, 0x3F, 0x7B, 0x5F, 0x83, 0x3F, 0x7B, 0x3F, 0x83,
    0xFF, 0x7B, 0x3F, 0x8B, 0x1F, 0x7B, 0x3F, 0x7B, 0x3F, 0x7B, 0x3F, 0x83,
    0x3F, 0x83, 0x3F, 0x83, 0x3F, 0x83, 0x5F, 0x83, 0x3F, 0x83, 0x3F, 0x83,
    0x3F, 0x83, 0x3F, 0x83, 0x3F, 0x83, 0x3F, 0x83, 0x3F, 0x83, 0x7F, 0x8B,
    0x3F, 0x83, 0x5F, 0x6A, 0x00, 0x00, 0x1F, 0x00, 0x00, 0x00, 0x00, 0x00,
    0x00, 0x00, 0xE0, 0xFF, 0x00, 0x00, 0x86, 0xFD, 0xC6, 0xFD, 0x06, 0xFE,
    0xC6, 0xFD, 0xC6, 0xFD, 0xC6, 0xFD, 0xC6, 0xFD, 0xE6, 0xFD, 0xE6, 0xFD,
    0xE6, 0xFD, 0xC6, 0xFD, 0xA4, 0xFD, 0x00, 0x00, 0x00, 0x00, 0x00, 0x00,
    0x00, 0x00, 0x00, 0x00, 0x00, 0x00, 0x00, 0x00, 0x00, 0x00, 0x00, 0x00,
    0x00, 0x00, 0x00, 0x00, 0x00, 0x00, 0x00, 0x00, 0x00, 0x00, 0x00, 0x00,
    0x00, 0x00, 0x00, 0x00, 0x00, 0x00, 0x00, 0x00, 0x00, 0x00, 0x00, 0xF8,
    0x00, 0x00, 0x00, 0x00, 0x00, 0x00, 0x00, 0x00, 0x00, 0x00, 0xE0, 0xFF,
    0xE0, 0xFF, 0x00, 0xF8, 0x00, 0x00, 0x00, 0x00, 0x00, 0x00, 0x00, 0x00,
    0x00, 0x00, 0x00, 0x00, 0x00, 0x00, 0x00, 0x00, 0x00, 0x00, 0x00, 0x00,
    0x00, 0x00, 0x00, 0x00, 0x00, 0x00, 0x00, 0x00, 0x00, 0x00, 0x00, 0x00,
    0x00, 0x00, 0x00, 0xF8, 0x6B, 0xC9, 0x4B, 0xC9, 0x2B, 0xC9, 0x4B, 0xC9,
    0x4B, 0xC9, 0x4B, 0xC9, 0x4B, 0xC9, 0x6B, 0xC9, 0x00, 0xF8, 0x00, 0x00,
    0x00, 0x00, 0x00, 0x00, 0x00, 0x00, 0x00, 0x00, 0x00, 0x00, 0x00, 0x00,
    0x00, 0x00, 0x00, 0x00, 0x00, 0x00, 0x00, 0x00, 0x00, 0x00, 0x00, 0x00,
    0x00, 0x00, 0x00, 0x00, 0xBF, 0xAA, 0x00, 0x00, 0x3F, 0x83, 0x5F, 0x83,
    0x3F, 0x83, 0x3F, 0x83, 0x3F, 0x7B, 0x5F, 0x83, 0x3F, 0x7B, 0x3F, 0x83,
    0x00, 0x00, 0x1F, 0x00, 0x00, 0x00, 0x00, 0x00, 0x00, 0x00, 0x3F, 0x9B,
    0x3F, 0x7B, 0x3F, 0x7B, 0x3F, 0x7B, 0x3F, 0x7B, 0x3F, 0x7B, 0x3F, 0x7B,
    0x5F, 0x83, 0x5F, 0x83, 0x5F, 0x83, 0x5F, 0x83, 0x5F, 0x83, 0x5F, 0x83,
    0x3F, 0x83, 0x00, 0x00, 0xBF, 0x52, 0x00, 0x00, 0x00, 0x00, 0x00, 0x00,
    0x00, 0x00, 0xE0, 0xFF, 0x00, 0x00, 0xC6, 0xFD, 0xC6, 0xFD, 0xE6, 0xFD,
    0xC6, 0xFD, 0xC6, 0xFD, 0xC6, 0xFD, 0xC6, 0xFD, 0xC6, 0xFD, 0xC6, 0xFD,
    0xE6, 0xFD, 0x06, 0xFE, 0xC6, 0xFD, 0xE7, 0xFD, 0x00, 0x00, 0x00, 0x00,
    0x00, 0x00, 0x00, 0x00, 0x00, 0x00, 0x00, 0x00, 0x00, 0x00, 0x00, 0x00,
    0x00, 0x00, 0x00, 0x00, 0x00, 0x00, 0x00, 0x00, 0x00, 0x00, 0x00, 0x00,
    0x00, 0x00, 0x00, 0x00, 0x00, 0x00, 0x00, 0x00, 0x00, 0x00, 0x00, 0x00,
    0x00, 0xF8, 0xC6, 0xFD, 0xA6, 0xFD, 0x45, 0xFD, 0x00, 0x00, 0x00, 0x00,
    0x00, 0x00, 0x00, 0x00, 0x00, 0x00, 0xE0, 0xFB, 0xE0, 0xFF, 0xE0, 0xFF,
    0x00, 0x00, 0x00, 0x00, 0x00, 0x00, 0x00, 0x00, 0x00, 0x00, 0x00, 0x00,
    0x00, 0x00, 0x00, 0x00, 0x00, 0x00, 0x00, 0x00, 0x00, 0x00, 0x00, 0x00,
    0x00, 0x00, 0x00, 0x00, 0x00, 0x00, 0x00, 0x00, 0x00, 0x00, 0x00, 0x00,
    0x00, 0x00, 0x00, 0x00, 0x00, 0x00, 0x00, 0x00, 0x00, 0x00, 0x00, 0x00,
    0x00, 0x00, 0x00, 0x00, 0x00, 0x00, 0x00, 0x00, 0x00, 0x00, 0x00, 0x00,
    0x00, 0x00, 0x00, 0x00, 0x00, 0x00, 0x00, 0x00, 0x00, 0x00, 0x00, 0x00,
    0x00, 0x00, 0x00, 0x00, 0xBF, 0xAA, 0x00, 0x00, 0x3F, 0x83, 0x5F, 0x83,
    0x3F, 0x83, 0x3F, 0x83, 0x3F, 0x7B, 0x5F, 0x83, 0x3F, 0x7B, 0x3F, 0x83,
    0x00, 0x00, 0x3F, 0x63, 0x00, 0x00, 0x00, 0x00, 0x00, 0x00, 0x00, 0x00,
    0x00, 0x00, 0x00, 0x00, 0x00, 0x00, 0xFF, 0xFB, 0x1F, 0x83, 0x3F, 0x7B,
    0x3F, 0x83, 0x3F, 0x7B, 0x3F, 0x83, 0x3F, 0x83, 0x3F, 0x83, 0x3F, 0x83,
    0x00, 0x00, 0x00, 0x00, 0x1F, 0x00, 0x00, 0x00, 0x00, 0x00, 0x00, 0x00,
    0x00, 0x00, 0xE0, 0xFF, 0x00, 0x00, 0x66, 0xFE, 0xC6, 0xFD, 0x46, 0xFE,
    0xC6, 0xFD, 0xC6, 0xFD, 0xC6, 0xFD, 0xC6, 0xFD, 0xC6, 0xFD, 0xC6, 0xFD,
    0xC6, 0xFD, 0xC6, 0xFD, 0x06, 0xFE, 0xC6, 0xFD, 0x66, 0xFE, 0xE0, 0xFF,
    0x00, 0x00, 0x00, 0x00, 0x00, 0x00, 0x00, 0x00, 0x00, 0x00, 0x00, 0x00,
    0x00, 0x00, 0x00, 0x00, 0x00, 0x00, 0x00, 0x00, 0x00, 0x00, 0x00, 0x00,
    0x00, 0x00, 0x00, 0x00, 0x00, 0x00, 0x00, 0xF8, 0x00, 0x00, 0xE5, 0xFD,
    0xE6, 0xFD, 0xE6, 0xFD, 0xC6, 0xFD, 0xC6, 0xFD, 0xC6, 0xFD, 0xE6, 0xFD,
    0xC5, 0xFD, 0xA4, 0xFD, 0x00, 0x00, 0x00, 0x00, 0x00, 0x00, 0x00, 0x00,
    0xE0, 0xFF, 0x4A, 0xFD, 0xE0, 0xFF, 0x00, 0x00, 0x00, 0x00, 0x00, 0x00,
    0x00, 0x00, 0x00, 0x00, 0x00, 0x00, 0x00, 0x00, 0x00, 0x00, 0x00, 0x00,
    0x00, 0x00, 0x00, 0x00, 0x00, 0x00, 0x00, 0xF8, 0x00, 0xF8, 0x00, 0xF8,
    0x00, 0xF8, 0x00, 0xF8, 0x00, 0xF8, 0x00, 0x00, 0x00, 0x00, 0x00, 0x00,
    0x00, 0x00, 0x00, 0x00, 0x00, 0x00, 0x00, 0x00, 0x00, 0x00, 0x00, 0x00,
    0x00, 0x00, 0x00, 0x00, 0x00, 0x00, 0x00, 0x00, 0x00, 0x00, 0x00, 0x00,
    0x00, 0x00, 0x00, 0x00, 0xBF, 0xAA, 0x00, 0x00, 0x3F, 0x83, 0x5F, 0x83,
    0x3F, 0x83, 0x3F, 0x83, 0x3F, 0x7B, 0x5F, 0x83, 0x3F, 0x7B, 0x3F, 0x83,
    0x00, 0x00, 0x3F, 0x63, 0x00, 0x00, 0x00, 0x00, 0x00, 0x00, 0x00, 0x00,
    0x00, 0x00, 0x1F, 0x00, 0x1F, 0xF8, 0x1F, 0x00, 0x00, 0x00, 0x00, 0x00,
    0x00, 0x00, 0x3F, 0xCB, 0x3F, 0x7B, 0x3F, 0x83, 0x1F, 0x93, 0x00, 0x00,
    0x1F, 0x00, 0x00, 0x00, 0x00, 0x00, 0x00, 0x00, 0x00, 0x00, 0x00, 0x00,
    0x00, 0x00, 0x00, 0x00, 0xE0, 0xFB, 0x00, 0x00, 0xC6, 0xFD, 0xC6, 0xFD,
    0x06, 0xFE, 0x26, 0xFE, 0xC6, 0xFD, 0xC6, 0xFD, 0xC6, 0xFD, 0xC6, 0xFD,
    0xC6, 0xFD, 0xC6, 0xFD, 0xE6, 0xFD, 0xE6, 0xFD, 0xE6, 0xFD, 0x00, 0x00,
    0xE0, 0xFB, 0x00, 0x00, 0x00, 0x00, 0x00, 0x00, 0x00, 0x00, 0x00, 0x00,
    0x00, 0x00, 0x00, 0x00, 0x00, 0x00, 0x00, 0x00, 0x00, 0x00, 0x00, 0x00,
    0x00, 0x00, 0x00, 0x00, 0xE0, 0xFB, 0x00, 0x00, 0xE7, 0xFD, 0xC6, 0xFD,
    0x66, 0xFE, 0xC6, 0xFD, 0xE6, 0xFD, 0x06, 0xFE, 0x26, 0xFE, 0xE6, 0xFD,
    0xC6, 0xFD, 0xC6, 0xFD, 0xE6, 0xFD, 0xC6, 0xFD, 0x26, 0xFE, 0xA5, 0xFE,
    0x00, 0x00, 0x00, 0x00, 0x00, 0x00, 0xE0, 0xFF, 0x00, 0x00, 0x00, 0x00,
    0x00, 0x00, 0x00, 0x00, 0x00, 0x00, 0x00, 0x00, 0x00, 0x00, 0x00, 0x00,
    0x00, 0x00, 0x00, 0x00, 0x00, 0x00, 0x00, 0x00, 0x00, 0x00, 0x00, 0x00,
    0x00, 0x00, 0x00, 0x00, 0x00, 0x00, 0x00, 0x00, 0x00, 0x00, 0x00, 0x00,
    0x00, 0x00, 0x00, 0x00, 0x00, 0x00, 0x00, 0x00, 0x00, 0x00, 0x00, 0x00,
    0x00, 0x00, 0x00, 0x00, 0x00, 0x00, 0x00, 0x00, 0x00, 0x00, 0x00, 0x00,
    0x00, 0x00, 0x00, 0x00, 0xBF, 0xAA, 0x00, 0x00, 0x3F, 0x83, 0x5F, 0x83,
    0x3F, 0x83, 0x3F, 0x83, 0x3F, 0x7B, 0x5F, 0x83, 0x3F, 0x7B, 0x3F, 0x83,
    0x00, 0x00, 0x3F, 0x63, 0x00, 0x00, 0x00, 0x00, 0x00, 0x00, 0x00, 0x00,
    0x00, 0x00, 0x00, 0x00, 0x00, 0x00, 0x00, 0x00, 0x1F, 0xF8, 0xFF, 0x7B,
    0xBF, 0xAA, 0xFF, 0x7B, 0x00, 0x00, 0x00, 0x00, 0x00, 0x00, 0xFF, 0x7B,
    0x00, 0x00, 0x00, 0x00, 0x00, 0x00, 0x00, 0x00, 0x00, 0x00, 0x00, 0x00,
    0x00, 0x00, 0x00, 0x00, 0x00, 0x00, 0x00, 0x00, 0x00, 0x00, 0xC6, 0xFD,
    0xC6, 0xFD, 0xC6, 0xFD, 0xE6, 0xFD, 0x06, 0xFE, 0xC6, 0xFD, 0xC6, 0xFD,
    0xC6, 0xFD, 0xC6, 0xFD, 0xC6, 0xFD, 0xE6, 0xFD, 0xC6, 0xFD, 0xC6, 0xFD,
    0x00, 0x00, 0xE0, 0xFF, 0x00, 0x00, 0x00, 0x00, 0x00, 0x00, 0x00, 0x00,
    0x00, 0x00, 0x00, 0x00, 0x00, 0x00, 0x00, 0x00, 0x00, 0x00, 0x00, 0x00,
    0x00, 0x00, 0x00, 0x00, 0xEF, 0xFF, 0x00, 0x00, 0xC6, 0xFD, 0x26, 0xFE,
    0xC6, 0xFD, 0xC6, 0xFD, 0xC6, 0xFD, 0xC6, 0xFD, 0xC6, 0xFD, 0xC6, 0xFD,
    0xE6, 0xFD, 0x26, 0xFE, 0x46, 0xFE, 0xC6, 0xFD, 0xE6, 0xFD, 0xE6, 0xFD,
    0xC6, 0xFD, 0xC6, 0xFD, 0x46, 0xFE, 0x00, 0x00, 0xE0, 0xFF, 0x00, 0x00,
    0x00, 0x00, 0x00, 0x00, 0x00, 0x00, 0x00, 0x00, 0x00, 0x00, 0x00, 0x00,
    0x00, 0x00, 0x00, 0x00, 0x00, 0x00, 0x00, 0x00, 0x00, 0x00, 0x00, 0x00,
    0x00, 0x00, 0x00, 0x00, 0x00, 0x00, 0x00, 0x00, 0x00, 0x00, 0x00, 0x00,
    0x00, 0x00, 0x00, 0x00, 0x00, 0x00, 0x00, 0x00, 0x00, 0x00, 0x00, 0x00,
    0x00, 0x00, 0x00, 0x00, 0x00, 0x00, 0x00, 0x00, 0x00, 0x00, 0x00, 0x00,
    0x00, 0x00, 0x00, 0x00, 0xBF, 0xAA, 0x00, 0x00, 0x3F, 0x83, 0x5F, 0x83,
    0x3F, 0x83, 0x3F, 0x83, 0x3F, 0x7B, 0x5F, 0x83, 0x3F, 0x7B, 0x3F, 0x83,
    0x00, 0x00, 0x3F, 0x63, 0x00, 0x00, 0x00, 0x00, 0x00, 0x00, 0x00, 0x00,
    0x00, 0x00, 0x00, 0x00, 0x00, 0x00, 0x00, 0x00, 0x00, 0x00, 0x00, 0x00,
    0x00, 0x00, 0x00, 0x00, 0xFF, 0x7B, 0xFF, 0x7B, 0x1F, 0x00, 0x00, 0x00,
    0x00, 0x00, 0x00, 0x00, 0x00, 0x00, 0x00, 0x00, 0x00, 0x00, 0x00, 0x00,
    0x00, 0x00, 0x00, 0x00, 0x00, 0x00, 0x00, 0x00, 0xE0, 0xFB, 0x00, 0x00,
    0x00, 0x00, 0x86, 0xFD, 0xE6, 0xFD, 0xE6, 0xFD, 0xE6, 0xFD, 0xC6, 0xFD,
    0xC6, 0xFD, 0xC6, 0xFD, 0xC6, 0xFD, 0xC6, 0xFD, 0xE6, 0xFD, 0xE6, 0xFD,
    0x45, 0xFD, 0x4A, 0xFD, 0x00, 0x00, 0x00, 0x00, 0x00, 0x00, 0x00, 0x00,
    0x00, 0x00, 0x00, 0x00, 0x00, 0x00, 0x00, 0x00, 0x00, 0x00, 0x00, 0x00,
    0x00, 0x00, 0x00, 0x00, 0x00, 0x00, 0x00, 0x00, 0xC6, 0xFD, 0x46, 0xFE,
    0xC6, 0xFD, 0xC6, 0xFD, 0xC6, 0xFD, 0xC6, 0xFD, 0xC6, 0xFD, 0xC6, 0xFD,
    0xC6, 0xFD, 0xC6, 0xFD, 0xC6, 0xFD, 0xC6, 0xFD, 0x06, 0xFE, 0x26, 0xFE,
    0x46, 0xFE, 0xC6, 0xFD, 0xC6, 0xFD, 0xA5, 0xFD, 0x00, 0x00, 0xA0, 0xFA,
    0x00, 0x00, 0x00, 0x00, 0x00, 0x00, 0x00, 0x00, 0x00, 0x00, 0x00, 0x00,
    0x00, 0x00, 0x00, 0x00, 0x00, 0x00, 0x00, 0x00, 0x00, 0x00, 0x00, 0x00,
    0x00, 0x00, 0x00, 0x00, 0x00, 0x00, 0x00, 0x00, 0x00, 0x00, 0x00, 0x00,
    0x00, 0x00, 0x00, 0x00, 0x00, 0x00, 0x00, 0x00, 0x00, 0x00, 0x00, 0x00,
    0x00, 0x00, 0x00, 0x00, 0x00, 0x00, 0x00, 0x00, 0x00, 0x00, 0x00, 0x00,
    0x00, 0x00, 0x00, 0x00, 0xBF, 0xAA, 0x00, 0x00, 0x3F, 0x83, 0x5F, 0x83,
    0x3F, 0x83, 0x3F, 0x83, 0x3F, 0x7B, 0x5F, 0x83, 0x3F, 0x7B, 0x3F, 0x83,
    0x00, 0x00, 0x3F, 0x63, 0x00, 0x00, 0x00, 0x00, 0x00, 0x00, 0x00, 0x00,
    0x00, 0x00, 0x00, 0x00, 0x00, 0x00, 0x00, 0x00, 0x00, 0x00, 0x00, 0x00,
    0x00, 0x00, 0x00, 0x00, 0x00, 0x00, 0x00, 0x00, 0x00, 0x00, 0x00, 0x00,
    0x00, 0x00, 0x00, 0x00, 0x00, 0x00, 0x00, 0x00, 0x00, 0x00, 0x00, 0x00,
    0x00, 0x00, 0x00, 0x00, 0x00, 0x00, 0x00, 0x00, 0x00, 0x00, 0xE0, 0xFF,
    0xA4, 0xFD, 0x00, 0x00, 0x00, 0x00, 0xC5, 0xFD, 0xE6, 0xFD, 0xE6, 0xFD,
    0xC6, 0xFD, 0xC6, 0xFD, 0xC6, 0xFD, 0xC6, 0xFD, 0xE6, 0xFD, 0xC6, 0xFD,
    0xA6, 0xFD, 0x00, 0x00, 0x40, 0xFD, 0x00, 0x00, 0x00, 0x00, 0x00, 0x00,
    0x00, 0x00, 0x00, 0x00, 0x00, 0x00, 0x00, 0x00, 0x00, 0x00, 0x00, 0x00,
    0x00, 0x00, 0x00, 0x00, 0x00, 0x00, 0x00, 0x00, 0xE6, 0xFD, 0x46, 0xFE,
    0xC6, 0xFD, 0xC6, 0xFD, 0xC6, 0xFD, 0xC6, 0xFD, 0xC6, 0xFD, 0xC6, 0xFD,
    0xC6, 0xFD, 0xC6, 0xFD, 0xC6, 0xFD, 0xC6, 0xFD, 0xC6, 0xFD, 0xC6, 0xFD,
    0xC6, 0xFD, 0xC6, 0xFD, 0x46, 0xFE, 0xC6, 0xFD, 0xE5, 0xFD, 0x4A, 0xFD,
    0xE0, 0xFF, 0x00, 0x00, 0x00, 0x00, 0x00, 0x00, 0x00, 0x00, 0x00, 0x00,
    0x00, 0x00, 0x00, 0x00, 0x00, 0x00, 0x00, 0x00, 0x00, 0x00, 0x00, 0x00,
    0x00, 0x00, 0x00, 0x00, 0x00, 0x00, 0x00, 0x00, 0x00, 0x00, 0x00, 0x00,
    0x00, 0x00, 0x00, 0x00, 0x00, 0x00, 0x00, 0x00, 0x00, 0x00, 0x00, 0x00,
    0x00, 0x00, 0x00, 0x00, 0x00, 0x00, 0x00, 0x00, 0x00, 0x00, 0x00, 0x00,
    0x00, 0x00, 0x00, 0x00, 0xBF, 0xAA, 0x00, 0x00, 0x3F, 0x83, 0x5F, 0x83,
    0x3F, 0x83, 0x3F, 0x83, 0x3F, 0x7B, 0x5F, 0x83, 0x3F, 0x7B, 0x3F, 0x83,
    0x00, 0x00, 0x3F, 0x63, 0x00, 0x00, 0x00, 0x00, 0x00, 0x00, 0x00, 0x00,
    0x00, 0x00, 0x00, 0x00, 0x00, 0x00, 0x00, 0x00, 0x00, 0x00, 0x00, 0x00,
    0x00, 0x00, 0x00, 0x00, 0x00, 0x00, 0x00, 0x00, 0x00, 0x00, 0x00, 0x00,
    0x00, 0x00, 0x00, 0x00, 0x00, 0x00, 0x00, 0x00, 0x00, 0x00, 0x00, 0x00,
    0x00, 0x00, 0x00, 0x00, 0x00, 0x00, 0x00, 0x00, 0x00, 0x00, 0x00, 0x00,
    0x00, 0x00, 0xE0, 0xFF, 0xE7, 0xFD, 0x00, 0x00, 0xE6, 0xFD, 0xE6, 0xFD,
    0xE6, 0xFD, 0xC6, 0xFD, 0xC6, 0xFD, 0xC6, 0xFD, 0xC6, 0xFD, 0x06, 0xFE,
    0xC6, 0xFD, 0x00, 0x00, 0xA5, 0xFE, 0x00, 0x00, 0x00, 0x00, 0x00, 0x00,
    0x00, 0x00, 0x00, 0x00, 0x00, 0x00, 0x00, 0x00, 0x00, 0x00, 0x00, 0x00,
    0x00, 0x00, 0x00, 0x00, 0x00, 0x00, 0x00, 0x00, 0xE6, 0xFD, 0x46, 0xFE,
    0xC6, 0xFD, 0xC6, 0xFD, 0xC6, 0xFD, 0xC6, 0xFD, 0xC6, 0xFD, 0xC6, 0xFD,
    0xC6, 0xFD, 0xC6, 0xFD, 0xC6, 0xFD, 0xC6, 0xFD, 0xC6, 0xFD, 0xC6, 0xFD,
    0xC6, 0xFD, 0xC6, 0xFD, 0xE6, 0xFD, 0xC6, 0xFD, 0xC6, 0xFD, 0x00, 0x00,
    0xE7, 0xFD, 0x00, 0x00, 0x00, 0x00, 0x00, 0x00, 0x00, 0x00, 0x00, 0x00,
    0x00, 0x00, 0x00, 0x00, 0x00, 0x00, 0x00, 0x00, 0x00, 0x00, 0x00, 0x00,
    0x00, 0x00, 0x00, 0x00, 0x00, 0x00, 0x00, 0x00, 0x00, 0x00, 0x00, 0x00,
    0x00, 0x00, 0x00, 0x00, 0x00, 0x00, 0x00, 0x00, 0x00, 0x00, 0x00, 0x00,
    0x00, 0x00, 0x00, 0x00, 0x00, 0x00, 0x00, 0x00, 0x00, 0x00, 0x00, 0x00,
    0x00, 0x00, 0x00, 0x00, 0xBF, 0xAA, 0x00, 0x00, 0x3F, 0x83, 0x5F, 0x83,
    0x3F, 0x83, 0x3F, 0x83, 0x3F, 0x7B, 0x5F, 0x83, 0x3F, 0x7B, 0x3F, 0x83,
    0x00, 0x00, 0x3F, 0x63, 0x00, 0x00, 0x00, 0x00, 0x00, 0x00, 0x00, 0x00,
    0x00, 0x00, 0x00, 0x00, 0x00, 0x00, 0x00, 0x00, 0x00, 0x00, 0x00, 0x00,
    0x00, 0x00, 0x00, 0x00, 0x00, 0x00, 0x00, 0x00, 0x00, 0x00, 0x00, 0x00,
    0x00, 0x00, 0x00, 0x00, 0x00, 0x00, 0x00, 0x00, 0x00, 0x00, 0x00, 0x00,
    0x00, 0x00, 0x00, 0x00, 0x00, 0x00, 0x00, 0x00, 0x00, 0x00, 0x00, 0x00,
    0x00, 0x00, 0x00, 0x00, 0x00, 0xF8, 0xA9, 0xFD, 0xFF, 0xFF, 0xC6, 0xFD,
    0xE6, 0xFD, 0xE6, 0xFD, 0xC6, 0xFD, 0xC6, 0xFD, 0xC6, 0xFD, 0x26, 0xFE,
    0xC6, 0xFD, 0x00, 0x00, 0x84, 0xFC, 0x00, 0x00, 0x00, 0x00, 0x00, 0x00,
    0x00, 0x00, 0x00, 0x00, 0x00, 0x00, 0x00, 0x00, 0x00, 0x00, 0x00, 0x00,
    0x00, 0x00, 0x00, 0x00, 0x00, 0x00, 0x00, 0x00, 0xE6, 0xFD, 0x46, 0xFE,
    0xC6, 0xFD, 0xC6, 0xFD, 0xC6, 0xFD, 0xC6, 0xFD, 0xC6, 0xFD, 0xC6, 0xFD,
    0xC6, 0xFD, 0xC6, 0xFD, 0xC6, 0xFD, 0xC6, 0xFD, 0xC6, 0xFD, 0xC6, 0xFD,
    0xC6, 0xFD, 0xC6, 0xFD, 0xC6, 0xFD, 0xC6, 0xFD, 0xC6, 0xFD, 0x00, 0x00,
    0x66, 0xFE, 0x00, 0x00, 0x00, 0x00, 0x00, 0x00, 0x00, 0x00, 0x00, 0x00,
    0x00, 0x00, 0x00, 0x00, 0x00, 0x00, 0x00, 0x00, 0x00, 0x00, 0x00, 0x00,
    0x00, 0x00, 0x00, 0x00, 0x00, 0x00, 0x00, 0x00, 0x00, 0x00, 0x00, 0x00,
    0x00, 0x00, 0x00, 0x00, 0x00, 0x00, 0x00, 0x00, 0x00, 0x00, 0x00, 0x00,
    0x00, 0x00, 0x00, 0x00, 0x00, 0x00, 0x00, 0x00, 0x00, 0x00, 0x00, 0x00,
    0x00, 0x00, 0x00, 0x00, 0xBF, 0xAA, 0x00, 0x00, 0x3F, 0x83, 0x5F, 0x83,
    0x3F, 0x83, 0x3F, 0x83, 0x3F, 0x7B, 0x5F, 0x83, 0x3F, 0x7B, 0x3F, 0x83,
    0x00, 0x00, 0x3F, 0x63, 0x00, 0x00, 0x00, 0x00, 0x00, 0x00, 0x00, 0x00,
    0x00, 0x00, 0x00, 0x00, 0x00, 0x00, 0x00, 0x00, 0x00, 0x00, 0x00, 0x00,
    0x00, 0x00, 0x00, 0x00, 0x00, 0x00, 0x00, 0x00, 0x00, 0x00, 0x00, 0x00,
    0x00, 0x00, 0x00, 0x00, 0x00, 0x00, 0x00, 0x00, 0x00, 0x00, 0x00, 0x00,
    0x00, 0x00, 0x00, 0x00, 0x00, 0x00, 0x00, 0x00, 0x00, 0x00, 0x00, 0x00,
    0x00, 0x00, 0x00, 0x00, 0x00, 0x00, 0x40, 0xFD, 0xE0, 0xFF, 0xE7, 0xFD,
    0xC6, 0xFD, 0x06, 0xFE, 0xC6, 0xFD, 0xC6, 0xFD, 0xE6, 0xFD, 0xE6, 0xFD,
    0xC6, 0xFD, 0x00, 0x00, 0x66, 0xFE, 0x00, 0x00, 0x00, 0x00, 0x00, 0x00,
    0x00, 0x00, 0x00, 0x00, 0x00, 0x00, 0x00, 0x00, 0x00, 0x00, 0x00, 0x00,
    0x00, 0x00, 0x00, 0x00, 0x00, 0x00, 0x00, 0x00, 0xE6, 0xFD, 0x46, 0xFE,
    0xC6, 0xFD, 0xC6, 0xFD, 0xC6, 0xFD, 0xC6, 0xFD, 0xC6, 0xFD, 0xC6, 0xFD,
    0x46, 0xFE, 0x46, 0xFE, 0x06, 0xFE, 0xC6, 0xFD, 0xC6, 0xFD, 0xC6, 0xFD,
    0xC6, 0xFD, 0xC6, 0xFD, 0x06, 0xFE, 0xC6, 0xFD, 0xC6, 0xFD, 0x00, 0x00,
    0xE7, 0xFB, 0x00, 0x00, 0x00, 0x00, 0x00, 0x00, 0x00, 0x00, 0x00, 0x00,
    0x00, 0x00, 0x00, 0x00, 0x00, 0x00, 0x00, 0x00, 0x00, 0x00, 0x00, 0x00,
    0x00, 0x00, 0x00, 0x00, 0x00, 0x00, 0x00, 0x00, 0x00, 0x00, 0x00, 0x00,
    0x00, 0x00, 0x00, 0x00, 0x00, 0x00, 0x00, 0x00, 0x00, 0x00, 0x00, 0x00,
    0x00, 0x00, 0x00, 0x00, 0x00, 0x00, 0x00, 0x00, 0x00, 0x00, 0x00, 0x00,
    0x00, 0x00, 0x00, 0x00, 0xBF, 0xAA, 0x00, 0x00, 0x3F, 0x83, 0x5F, 0x83,
    0x3F, 0x83, 0x3F, 0x83, 0x3F, 0x7B, 0x5F, 0x83, 0x3F, 0x7B, 0x3F, 0x83,
    0x00, 0x00, 0x3F, 0x63, 0x00, 0x00, 0x00, 0x00, 0x00, 0x00, 0x00, 0x00,
    0x00, 0x00, 0x00, 0x00, 0x00, 0x00, 0x00, 0x00, 0x00, 0x00, 0x00, 0x00,
    0x00, 0x00, 0x00, 0x00, 0x00, 0x00, 0x00, 0x00, 0x00, 0x00, 0x00, 0x00,
    0x00, 0x00, 0x00, 0x00, 0x00, 0x00, 0x00, 0x00, 0x00, 0x00, 0x00, 0x00,
    0x00, 0x00, 0x00, 0x00, 0x00, 0x00, 0x00, 0x00, 0x00, 0x00, 0x00, 0x00,
    0x00, 0x00, 0x00, 0x00, 0x00, 0x00, 0x00, 0x00, 0x40, 0xFD, 0x00, 0x00,
    0xC6, 0xFD, 0xE6, 0xFD, 0x26, 0xFE, 0x06, 0xFE, 0x46, 0xFE, 0xC6, 0xFD,
    0xA6, 0xFD, 0xEF, 0xFF, 0xE0, 0xFF, 0x00, 0x00, 0x00, 0x00, 0x00, 0x00,
    0x00, 0x00, 0x00, 0x00, 0x00, 0x00, 0x00, 0x00, 0x00, 0x00, 0x00, 0x00,
    0x00, 0x00, 0x00, 0x00, 0x00, 0x00, 0x00, 0x00, 0xE6, 0xFD, 0x46, 0xFE,
    0xC6, 0xFD, 0xC6, 0xFD, 0xC6, 0xFD, 0xC6, 0xFD, 0x26, 0xFE, 0xC6, 0xFD,
    0xC6, 0xFD, 0xC6, 0xFD, 0xC6, 0xFD, 0xC6, 0xFD, 0x46, 0xFE, 0x26, 0xFE,
    0xE6, 0xFD, 0x06, 0xFE, 0x26, 0xFE, 0xC6, 0xFD, 0x66, 0xFE, 0x4A, 0xFD,
    0xE0, 0xFF, 0x00, 0x00, 0x00, 0x00, 0x00, 0x00, 0x00, 0x00, 0x00, 0x00,
    0x00, 0x00, 0x00, 0x00, 0x00, 0x00, 0x00, 0x00, 0x00, 0x00, 0x00, 0x00,
    0x00, 0x00, 0x00, 0x00, 0x00, 0x00, 0x00, 0x00, 0x00, 0x00, 0x00, 0x00,
    0x00, 0x00, 0x00, 0x00, 0x00, 0x00, 0x00, 0x00, 0x00, 0x00, 0x00, 0x00,
    0x00, 0x00, 0x00, 0x00, 0x00, 0x00, 0x00, 0x00, 0x00, 0x00, 0x00, 0x00,
    0x00, 0x00, 0x00, 0x00, 0xBF, 0xAA, 0x00, 0x00, 0x3F, 0x83, 0x5F, 0x83,
    0x3F, 0x83, 0x3F, 0x83, 0x3F, 0x7B, 0x5F, 0x83, 0x3F, 0x7B, 0x3F, 0x83,
    0x00, 0x00, 0x3F, 0x63, 0x00, 0x00, 0x00, 0x00, 0x00, 0x00, 0x00, 0x00,
    0x00, 0x00, 0x00, 0x00, 0x00, 0x00, 0x00, 0x00, 0x00, 0x00, 0x00, 0x00,
    0x00, 0x00, 0x00, 0x00, 0x00, 0x00, 0x00, 0x00, 0x00, 0x00, 0x00, 0x00,
    0x00, 0x00, 0x00, 0x00, 0x00, 0x00, 0x00, 0x00, 0x00, 0x00, 0x00, 0x00,
    0x00, 0x00, 0x00, 0x00, 0x00, 0x00, 0x00, 0x00, 0x00, 0x00, 0x00, 0x00,
    0x00, 0x00, 0x00, 0x00, 0x00, 0x00, 0x00, 0x00, 0x00, 0x00, 0xE0, 0xFB,
    0xE7, 0xFD, 0xA6, 0xFD, 0xE6, 0xFD, 0xC6, 0xFD, 0xE6, 0xFD, 0xC6, 0xFD,
    0x00, 0x00, 0xE0, 0xFF, 0x00, 0x00, 0x00, 0x00, 0x00, 0x00, 0x00, 0x00,
    0x00, 0x00, 0x00, 0x00, 0x00, 0x00, 0x00, 0x00, 0x00, 0x00, 0x00, 0x00,
    0x00, 0x00, 0x00, 0x00, 0x00, 0x00, 0x00, 0x00, 0xE6, 0xFD, 0x46, 0xFE,
    0xC6, 0xFD, 0xC6, 0xFD, 0xC6, 0xFD, 0xC6, 0xFD, 0x26, 0xFE, 0xC6, 0xFD,
    0x00, 0x00, 0xE7, 0xFD, 0xA6, 0xFD, 0xC6, 0xFD, 0xA6, 0xFD, 0xC6, 0xFD,
    0xC6, 0xFD, 0xE6, 0xFD, 0xC6, 0xFD, 0x84, 0xFD, 0x00, 0x00, 0xE0, 0xFF,
    0x00, 0x00, 0x00, 0x00, 0x00, 0x00, 0x00, 0x00, 0x00, 0x00, 0x00, 0x00,
    0x00, 0x00, 0x00, 0x00, 0x00, 0x00, 0x00, 0x00, 0x00, 0x00, 0x00, 0x00,
    0x00, 0x00, 0x00, 0x00, 0x00, 0x00, 0x00, 0x00, 0x00, 0x00, 0x00, 0x00,
    0x00, 0x00, 0x00, 0x00, 0x00, 0x00, 0x00, 0x00, 0x00, 0x00, 0x00, 0x00,
    0x00, 0x00, 0x00, 0x00, 0x00, 0x00, 0x00, 0x00, 0x00, 0x00, 0x00, 0x00,
    0x00, 0x00, 0x00, 0x00, 0xBF, 0xAA, 0x00, 0x00, 0x3F, 0x83, 0x5F, 0x83,
    0x3F, 0x83, 0x3F, 0x83, 0x3F, 0x7B, 0x5F, 0x83, 0x3F, 0x7B, 0x3F, 0x83,
    0x00, 0x00, 0x3F, 0x63, 0x00, 0x00, 0x00, 0x00, 0x00, 0x00, 0x00, 0x00,
    0x00, 0x00, 0x00, 0x00, 0x00, 0x00, 0x00, 0x00, 0x00, 0x00, 0x00, 0x00,
    0x00, 0x00, 0x00, 0x00, 0x00, 0x00, 0x00, 0x00, 0x00, 0x00, 0x00, 0x00,
    0x00, 0x00, 0x00, 0x00, 0x00, 0x00, 0x00, 0x00, 0x00, 0x00, 0x00, 0x00,
    0x00, 0x00, 0x00, 0x00, 0x00, 0x00, 0x00, 0x00, 0x00, 0x00, 0x00, 0x00,
    0x00, 0x00, 0x00, 0x00, 0x00, 0x00, 0x00, 0x00, 0x00, 0x00, 0x00, 0x00,
    0x00, 0x00, 0x00, 0x00, 0x86, 0xFD, 0x65, 0xFD, 0x4A, 0xFD, 0x00, 0x00,
    0xE0, 0xFB, 0x00, 0x00, 0x00, 0x00, 0x00, 0x00, 0x00, 0x00, 0x00, 0x00,
    0x00, 0x00, 0x00, 0x00, 0x00, 0x00, 0x00, 0x00, 0x00, 0x00, 0x00, 0x00,
    0x00, 0x00, 0x00, 0x00, 0x00, 0x00, 0x00, 0x00, 0xE6, 0xFD, 0x46, 0xFE,
    0xC6, 0xFD, 0xC6, 0xFD, 0xC6, 0xFD, 0xC6, 0xFD, 0x26, 0xFE, 0xC6, 0xFD,
    0xE0, 0xFB, 0x00, 0x00, 0x00, 0x00, 0x00, 0x00, 0x00, 0x00, 0xA5, 0xFE,
    0xA5, 0xFD, 0xE5, 0xFD, 0x00, 0x00, 0x00, 0x00, 0xE0, 0xFF, 0x00, 0x00,
    0x00, 0x00, 0x00, 0x00, 0x00, 0x00, 0x00, 0x00, 0x00, 0x00, 0x00, 0x00,
    0x00, 0x00, 0x00, 0x00, 0x00, 0x00, 0x00, 0x00, 0x00, 0x00, 0x00, 0x00,
    0x00, 0x00, 0x00, 0x00, 0x00, 0x00, 0x00, 0x00, 0x00, 0x00, 0x00, 0x00,
    0x00, 0x00, 0x00, 0x00, 0x00, 0x00, 0x00, 0x00, 0x00, 0x00, 0x00, 0x00,
    0x00, 0x00, 0x00, 0x00, 0x00, 0x00, 0x00, 0x00, 0x00, 0x00, 0x00, 0x00,
    0x00, 0x00, 0x00, 0x00, 0xBF, 0xAA, 0x00, 0x00, 0x3F, 0x83, 0x5F, 0x83,
    0x3F, 0x83, 0x3F, 0x83, 0x3F, 0x7B, 0x5F, 0x83, 0x3F, 0x7B, 0x3F, 0x83,
    0x00, 0x00, 0x3F, 0x63, 0x00, 0x00, 0x00, 0x00, 0x00, 0x00, 0x00, 0x00,
    0x00, 0x00, 0x00, 0x00, 0x00, 0x00, 0x00, 0x00, 0x00, 0x00, 0x00, 0x00,
    0x00, 0x00, 0x00, 0x00, 0x00, 0x00, 0x00, 0x00, 0x00, 0x00, 0x00, 0x00,
    0x00, 0x00, 0x00, 0x00, 0x00, 0x00, 0x00, 0x00, 0x00, 0x00, 0x00, 0x00,
    0x00, 0x00, 0x00, 0x00, 0x00, 0x00, 0x00, 0x00, 0x00, 0x00, 0x00, 0x00,
    0x00, 0x00, 0x00, 0x00, 0x00, 0x00, 0x00, 0x00, 0x00, 0x00, 0x00, 0x00,
    0x00, 0xF8, 0x00, 0x00, 0x00, 0x00, 0x00, 0x00, 0x00, 0x00, 0xE0, 0xFF,
    0x00, 0x00, 0x00, 0x00, 0x00, 0x00, 0x00, 0x00, 0x00, 0x00, 0x00, 0x00,
    0x00, 0x00, 0x00, 0x00, 0x00, 0x00, 0x00, 0x00, 0x00, 0x00, 0x00, 0x00,
    0x00, 0x00, 0x00, 0x00, 0x00, 0x00, 0x00, 0x00, 0xE6, 0xFD, 0x46, 0xFE,
    0xC6, 0xFD, 0xC6, 0xFD, 0xC6, 0xFD, 0xC6, 0xFD, 0x26, 0xFE, 0xC6, 0xFD,
    0x00, 0x00, 0xE0, 0xFF, 0xE0, 0xFF, 0xE0, 0xFB, 0x00, 0xF8, 0x00, 0x00,
    0x00, 0x00, 0x00, 0x00, 0x00, 0x00, 0xE0, 0xFF, 0x00, 0x00, 0x00, 0x00,
    0x00, 0x00, 0x00, 0x00, 0x00, 0x00, 0x00, 0x00, 0x00, 0x00, 0x00, 0x00,
    0x00, 0x00, 0x00, 0x00, 0x00, 0x00, 0x00, 0x00, 0x00, 0x00, 0x00, 0x00,
    0x00, 0x00, 0x00, 0x00, 0x00, 0x00, 0x00, 0x00, 0x00, 0x00, 0x00, 0x00,
    0x00, 0x00, 0x00, 0x00, 0x00, 0x00, 0x00, 0x00, 0x00, 0x00, 0x00, 0x00,
    0x00, 0x00, 0x00, 0x00, 0x00, 0x00, 0x00, 0x00, 0x00, 0x00, 0x00, 0x00,
    0x00, 0x00, 0x00, 0x00, 0xBF, 0xAA, 0x00, 0x00, 0x3F, 0x83, 0x5F, 0x83,
    0x3F, 0x83, 0x3F, 0x83, 0x3F, 0x7B, 0x5F, 0x83, 0x3F, 0x7B, 0x3F, 0x83,
    0x00, 0x00, 0x3F, 0x63, 0x00, 0x00, 0x00, 0x00, 0x00, 0x00, 0x00, 0x00,
    0x00, 0x00, 0x00, 0x00, 0x00, 0x00, 0x00, 0x00, 0x00, 0x00, 0x00, 0x00,
    0x00, 0x00, 0x00, 0x00, 0x00, 0x00, 0x00, 0x00, 0x00, 0x00, 0x00, 0x00,
    0x00, 0x00, 0x00, 0x00, 0x00, 0x00, 0x00, 0x00, 0x00, 0x00, 0x00, 0x00,
    0x00, 0x00, 0x00, 0x00, 0x00, 0x00, 0x00, 0x00, 0x00, 0x00, 0x00, 0x00,
    0x00, 0x00, 0x00, 0x00, 0x00, 0x00, 0x00, 0x00, 0x00, 0x00, 0x00, 0x00,
    0x00, 0x00, 0x00, 0x00, 0x00, 0xF8, 0xE0, 0xFF, 0x00, 0x00, 0x00, 0x00,
    0x00, 0x00, 0x00, 0x00, 0x00, 0x00, 0x00, 0x00, 0x00, 0x00, 0x00, 0x00,
    0x00, 0x00, 0x00, 0x00, 0x00, 0x00, 0x00, 0x00, 0x00, 0x00, 0x00, 0x00,
    0x00, 0x00, 0x00, 0x00, 0x00, 0x00, 0x00, 0x00, 0xE6, 0xFD, 0x46, 0xFE,
    0xC6, 0xFD, 0xC6, 0xFD, 0xC6, 0xFD, 0xC6, 0xFD, 0x26, 0xFE, 0xC6, 0xFD,
    0x00, 0x00, 0x00, 0x00, 0x00, 0x00, 0x00, 0x00, 0x00, 0x00, 0x00, 0xF8,
    0xE0, 0xFF, 0xE0, 0xFF, 0x00, 0x00, 0x00, 0x00, 0x00, 0x00, 0x00, 0x00,
    0x00, 0x00, 0x00, 0x00, 0x00, 0x00, 0x00, 0x00, 0x00, 0x00, 0x00, 0x00,
    0x00, 0x00, 0x00, 0x00, 0x00, 0x00, 0x00, 0x00, 0x00, 0x00, 0x00, 0x00,
    0x00, 0x00, 0x00, 0x00, 0x00, 0x00, 0x00, 0x00, 0x00, 0x00, 0x00, 0x00,
    0x00, 0x00, 0x00, 0x00, 0x00, 0x00, 0x00, 0x00, 0x00, 0x00, 0x00, 0x00,
    0x00, 0x00, 0x00, 0x00, 0x00, 0x00, 0x00, 0x00, 0x00, 0x00, 0x00, 0x00,
    0x00, 0x00, 0x00, 0x00, 0xBF, 0xAA, 0x00, 0x00, 0x3F, 0x83, 0x5F, 0x83,
    0x3F, 0x83, 0x3F, 0x83, 0x3F, 0x7B, 0x5F, 0x83, 0x3F, 0x7B, 0x3F, 0x83,
    0x00, 0x00, 0x3F, 0x63, 0x00, 0x00, 0x00, 0x00, 0x00, 0x00, 0x00, 0x00,
    0x00, 0x00, 0x00, 0x00, 0x00, 0x00, 0x00, 0x00, 0x00, 0x00, 0x00, 0x00,
    0x00, 0x00, 0x00, 0x00, 0x00, 0x00, 0x00, 0x00, 0x00, 0x00, 0x00, 0x00,
    0x00, 0x00, 0x00, 0x00, 0x00, 0x00, 0x00, 0x00, 0x00, 0x00, 0x00, 0x00,
    0x00, 0x00, 0x00, 0x00, 0x00, 0x00, 0x00, 0x00, 0x00, 0x00, 0x00, 0x00,
    0x00, 0x00, 0x00, 0x00, 0x00, 0x00, 0x00, 0x00, 0x00, 0x00, 0x00, 0x00,
    0x00, 0x00, 0x00, 0x00, 0x00, 0x00, 0x00, 0x00, 0x00, 0x00, 0x00, 0x00,
    0x00, 0x00, 0x00, 0x00, 0x00, 0x00, 0x00, 0x00, 0x00, 0x00, 0x00, 0x00,
    0x00, 0x00, 0x00, 0x00, 0x00, 0x00, 0x00, 0x00, 0x00, 0x00, 0x00, 0x00,
    0x00, 0x00, 0x00, 0x00, 0x00, 0x00, 0x00, 0x00, 0xE6, 0xFD, 0x46, 0xFE,
    0xC6, 0xFD, 0xC6, 0xFD, 0xC6, 0xFD, 0xC6, 0xFD, 0x26, 0xFE, 0xC6, 0xFD,
    0x00, 0x00, 0x00, 0x00, 0x00, 0x00, 0x00, 0x00, 0x00, 0x00, 0x00, 0x00,
    0x00, 0x00, 0x00, 0x00, 0x00, 0x00, 0x00, 0x00, 0x00, 0x00, 0x00, 0x00,
    0x00, 0x00, 0x00, 0x00, 0x00, 0x00, 0x00, 0x00, 0x00, 0x00, 0x00, 0x00,
    0x00, 0x00, 0x00, 0x00, 0x00, 0x00, 0x00, 0x00, 0x00, 0x00, 0x00, 0x00,
    0x00, 0x00, 0x00, 0x00, 0x00, 0x00, 0x00, 0x00, 0x00, 0x00, 0x00, 0x00,
    0x00, 0x00, 0x00, 0x00, 0x00, 0x00, 0x00, 0x00, 0x00, 0x00, 0x00, 0x00,
    0x00, 0x00, 0x00, 0x00, 0x00, 0x00, 0x00, 0x00, 0x00, 0x00, 0x00, 0x00,
    0x00, 0x00, 0x00, 0x00, 0xBF, 0xAA, 0x00, 0x00, 0x3F, 0x83, 0x5F, 0x83,
    0x3F, 0x83, 0x3F, 0x83, 0x3F, 0x7B, 0x5F, 0x83, 0x3F, 0x7B, 0x3F, 0x83,
    0x00, 0x00, 0x3F, 0x63, 0x00, 0x00, 0x00, 0x00, 0x00, 0x00, 0x00, 0x00,
    0x00, 0x00, 0x00, 0x00, 0x00, 0x00, 0x00, 0x00, 0x00, 0x00, 0x00, 0x00,
    0x00, 0x00, 0x00, 0x00, 0x00, 0x00, 0x00, 0x00, 0x00, 0x00, 0x00, 0x00,
    0x00, 0x00, 0x00, 0x00, 0x00, 0x00, 0x00, 0x00, 0x00, 0x00, 0x00, 0x00,
    0x00, 0x00, 0x00, 0x00, 0x00, 0x00, 0x00, 0x00, 0x00, 0x00, 0x00, 0x00,
    0x00, 0x00, 0x00, 0x00, 0x00, 0x00, 0x00, 0x00, 0x00, 0x00, 0x00, 0x00,
    0x00, 0x00, 0x00, 0x00, 0x00, 0x00, 0x00, 0x00, 0x00, 0x00, 0x00, 0x00,
    0x00, 0x00, 0x00, 0x00, 0x00, 0x00, 0x00, 0x00, 0x00, 0x00, 0x00, 0x00,
    0x00, 0x00, 0x00, 0x00, 0x00, 0x00, 0x00, 0x00, 0x00, 0x00, 0x00, 0x00,
    0x00, 0x00, 0x00, 0x00, 0x00, 0x00, 0x00, 0x00, 0xE6, 0xFD, 0x46, 0xFE,
    0xC6, 0xFD, 0xC6, 0xFD, 0xC6, 0xFD, 0xC6, 0xFD, 0x26, 0xFE, 0xC6, 0xFD,
    0x00, 0x00, 0x00, 0x00, 0x00, 0x00, 0x00, 0x00, 0x00, 0x00, 0x00, 0x00,
    0x00, 0x00, 0x00, 0x00, 0x00, 0x00, 0x00, 0x00, 0x00, 0x00, 0x00, 0x00,
    0x00, 0x00, 0x00, 0xF8, 0xE0, 0xFF, 0x00, 0xF8, 0x00, 0x00, 0x00, 0x00,
    0x00, 0x00, 0x00, 0x00, 0x00, 0x00, 0x00, 0x00, 0x00, 0x00, 0x00, 0x00,
    0x00, 0x00, 0x00, 0x00, 0x00, 0x00, 0x00, 0x00, 0x00, 0x00, 0x00, 0x00,
    0x00, 0x00, 0x00, 0x00, 0x00, 0x00, 0x00, 0x00, 0x00, 0x00, 0x00, 0x00,
    0x00, 0x00, 0x00, 0x00, 0x1F, 0x00, 0xFF, 0xFF, 0xFF, 0xFF, 0xFF, 0xFF,
    0x1F, 0x00, 0x00, 0x00, 0xBF, 0xAA, 0x00, 0x00, 0x3F, 0x83, 0x5F, 0x83,
    0x3F, 0x83, 0x3F, 0x83, 0x3F, 0x7B, 0x5F, 0x83, 0x3F, 0x7B, 0x3F, 0x83,
    0x00, 0x00, 0x3F, 0x63, 0x00, 0x00, 0x00, 0x00, 0x00, 0x00, 0x00, 0x00,
    0x00, 0x00, 0x00, 0x00, 0x00, 0x00, 0x00, 0x00, 0x00, 0x00, 0x00, 0x00,
    0x00, 0x00, 0x00, 0x00, 0x00, 0x00, 0x00, 0x00, 0x00, 0x00, 0x00, 0x00,
    0x00, 0x00, 0x00, 0x00, 0x00, 0x00, 0x00, 0x00, 0x00, 0x00, 0x00, 0x00,
    0x00, 0x00, 0x00, 0x00, 0x00, 0x00, 0x00, 0x00, 0x00, 0x00, 0x00, 0x00,
    0x00, 0x00, 0x00, 0x00, 0x00, 0x00, 0x00, 0x00, 0x00, 0x00, 0x00, 0x00,
    0x00, 0x00, 0x00, 0x00, 0x00, 0x00, 0x00, 0x00, 0x00, 0x00, 0x00, 0x00,
    0x00, 0x00, 0x00, 0x00, 0x00, 0x00, 0x00, 0x00, 0x00, 0x00, 0x00, 0x00,
    0x00, 0x00, 0x00, 0x00, 0x00, 0x00, 0x00, 0x00, 0x00, 0x00, 0x00, 0x00,
    0x00, 0x00, 0x00, 0x00, 0x00, 0x00, 0x00, 0x00, 0xE6, 0xFD, 0x46, 0xFE,
    0xC6, 0xFD, 0xC6, 0xFD, 0xC6, 0xFD, 0xC6, 0xFD, 0x26, 0xFE, 0xC6, 0xFD,
    0x00, 0x00, 0x00, 0x00, 0x00, 0x00, 0x00, 0x00, 0x00, 0x00, 0x00, 0x00,
    0x00, 0x00, 0x00, 0x00, 0x00, 0x00, 0x00, 0x00, 0x00, 0x00, 0x00, 0x00,
    0xEF, 0xFB, 0x00, 0x00, 0x00, 0x00, 0x00, 0x00, 0xEF, 0xFB, 0x00, 0x00,
    0x00, 0x00, 0x00, 0x00, 0x00, 0x00, 0x00, 0x00, 0x00, 0x00, 0x00, 0x00,
    0x00, 0x00, 0x00, 0x00, 0x00, 0x00, 0x00, 0x00, 0x00, 0x00, 0x00, 0x00,
    0x00, 0x00, 0x00, 0x00, 0x00, 0x00, 0x00, 0x00, 0x00, 0x00, 0xFF, 0xFF,
    0x5F, 0xAD, 0xFF, 0xFF, 0x00, 0x00, 0x00, 0x00, 0x00, 0x00, 0x00, 0x00,
    0x00, 0x00, 0xFF, 0x7B, 0xBF, 0xAA, 0xFF, 0xFF, 0x3F, 0x83, 0x5F, 0x83,
    0x3F, 0x83, 0x3F, 0x83, 0x3F, 0x7B, 0x5F, 0x83, 0x3F, 0x7B, 0x3F, 0x83,
    0x00, 0x00, 0x3F, 0x63, 0x00, 0x00, 0x00, 0x00, 0x00, 0x00, 0x00, 0x00,
    0x00, 0x00, 0x00, 0x00, 0x00, 0x00, 0x00, 0x00, 0x00, 0x00, 0x00, 0x00,
    0x00, 0x00, 0x00, 0x00, 0x00, 0x00, 0x00, 0x00, 0x00, 0x00, 0x00, 0x00,
    0x00, 0x00, 0x00, 0x00, 0x00, 0x00, 0x00, 0x00, 0x00, 0x00, 0x00, 0x00,
    0x00, 0x00, 0x00, 0x00, 0x00, 0x00, 0x00, 0x00, 0x00, 0x00, 0x00, 0x00,
    0x00, 0x00, 0x00, 0x00, 0x00, 0x00, 0x00, 0x00, 0x00, 0x00, 0x00, 0x00,
    0x00, 0x00, 0x00, 0x00, 0x00, 0x00, 0x00, 0x00, 0x00, 0x00, 0x00, 0x00,
    0x00, 0x00, 0x00, 0x00, 0x00, 0x00, 0x00, 0x00, 0x00, 0x00, 0x00, 0x00,
    0x00, 0x00, 0x00, 0x00, 0x00, 0x00, 0x00, 0x00, 0x00, 0x00, 0x00, 0x00,
    0x00, 0x00, 0x00, 0x00, 0x00, 0x00, 0x00, 0x00, 0xE6, 0xFD, 0x46, 0xFE,
    0xC6, 0xFD, 0xC6, 0xFD, 0xC6, 0xFD, 0xC6, 0xFD, 0x26, 0xFE, 0xC6, 0xFD,
    0x00, 0x00, 0x00, 0x00, 0x00, 0x00, 0x00, 0x00, 0x00, 0x00, 0x00, 0x00,
    0x00, 0x00, 0x00, 0x00, 0x00, 0x00, 0x00, 0x00, 0x00, 0x00, 0xEF, 0xFB,
    0x00, 0x00, 0x00, 0xF8, 0xCD, 0xFB, 0xEB, 0xFB, 0x00, 0x00, 0x00, 0x00,
    0x00, 0x00, 0x00, 0x00, 0x00, 0x00, 0x00, 0x00, 0x00, 0x00, 0x00, 0x00,
    0x00, 0x00, 0x00, 0x00, 0x00, 0x00, 0x00, 0x00, 0x00, 0x00, 0x00, 0x00,
    0x00, 0x00, 0x00, 0x00, 0x00, 0x00, 0xFF, 0xFF, 0x5F, 0xAD, 0x00, 0x00,
    0x00, 0x00, 0x00, 0x00, 0xFF, 0x7B, 0x1F, 0xA5, 0xDF, 0x9C, 0xDF, 0x9C,
    0xFF, 0x7B, 0x00, 0x00, 0x00, 0x00, 0x00, 0x00, 0x3F, 0x83, 0x5F, 0x83,
    0x3F, 0x83, 0x3F, 0x83, 0x3F, 0x7B, 0x5F, 0x83, 0x3F, 0x7B, 0x3F, 0x83,
    0x00, 0x00, 0x3F, 0x63, 0x00, 0x00, 0x00, 0x00, 0x00, 0x00, 0x00, 0x00,
    0x00, 0x00, 0x00, 0x00, 0x00, 0x00, 0x00, 0x00, 0x00, 0x00, 0x00, 0x00,
    0x00, 0x00, 0x00, 0x00, 0x00, 0x00, 0x00, 0x00, 0x00, 0x00, 0x00, 0x00,
    0x00, 0x00, 0x00, 0x00, 0x00, 0x00, 0x00, 0x00, 0x00, 0x00, 0x00, 0x00,
    0x00, 0x00, 0x00, 0x00, 0x00, 0x00, 0x00, 0x00, 0x00, 0x00, 0x00, 0x00,
    0x00, 0x00, 0x00, 0x00, 0x00, 0x00, 0x00, 0x00, 0x00, 0x00, 0x00, 0x00,
    0x00, 0x00, 0x00, 0x00, 0x00, 0x00, 0x00, 0x00, 0x00, 0x00, 0x00, 0x00,
    0x00, 0x00, 0x00, 0x00, 0x00, 0x00, 0x00, 0x00, 0x00, 0x00, 0x00, 0x00,
    0x00, 0x00, 0x00, 0x00, 0x00, 0x00, 0x00, 0x00, 0x00, 0x00, 0x00, 0x00,
    0x00, 0x00, 0x00, 0x00, 0x00, 0x00, 0x00, 0x00, 0xE6, 0xFD, 0x46, 0xFE,
    0xC6, 0xFD, 0xC6, 0xFD, 0xC6, 0xFD, 0xC6, 0xFD, 0x26, 0xFE, 0xE6, 0xFD,
    0x00, 0x00, 0x00, 0x00, 0x00, 0x00, 0x00, 0x00, 0x00, 0x00, 0x00, 0x00,
    0x00, 0x00, 0x00, 0x00, 0x00, 0x00, 0x00, 0x00, 0x00, 0x00, 0x00, 0x00,
    0xEC, 0xFB, 0x0C, 0xFC, 0xEC, 0xFB, 0x0C, 0xFC, 0x0C, 0xFC, 0x00, 0x00,
    0x00, 0x00, 0x00, 0x00, 0x00, 0x00, 0x00, 0x00, 0x00, 0x00, 0x00, 0x00,
    0x00, 0x00, 0x00, 0x00, 0x00, 0x00, 0x00, 0x00, 0x00, 0x00, 0x00, 0x00,
    0x00, 0x00, 0x00, 0x00, 0x5F, 0xAD, 0x00, 0x00, 0x00, 0x00, 0xDF, 0x9C,
    0xDF, 0x9C, 0xDF, 0x9C, 0xBF, 0x94, 0xDF, 0x9C, 0xDF, 0x9C, 0xDF, 0x9C,
    0xDF, 0x9C, 0xDF, 0x9C, 0xBF, 0x94, 0x7F, 0x9E, 0x1F, 0x7B, 0x5F, 0x83,
    0x3F, 0x83, 0x3F, 0x83, 0x3F, 0x7B, 0x5F, 0x83, 0x3F, 0x7B, 0x3F, 0x83,
    0x00, 0x00, 0x3F, 0x63, 0x00, 0x00, 0x00, 0x00, 0x00, 0x00, 0x00, 0x00,
    0x00, 0x00, 0x00, 0x00, 0x00, 0x00, 0x00, 0x00, 0x00, 0x00, 0x00, 0x00,
    0x00, 0x00, 0x00, 0x00, 0x00, 0x00, 0x00, 0x00, 0x00, 0x00, 0x00, 0x00,
    0x00, 0x00, 0x00, 0x00, 0x00, 0x00, 0x00, 0x00, 0x00, 0x00, 0x00, 0x00,
    0x00, 0x00, 0x00, 0x00, 0x00, 0x00, 0x00, 0x00, 0x00, 0x00, 0x00, 0x00,
    0x00, 0x00, 0x00, 0x00, 0x00, 0x00, 0x00, 0x00, 0x00, 0x00, 0x00, 0x00,
    0x00, 0x00, 0x00, 0x00, 0x00, 0x00, 0x00, 0x00, 0x00, 0x00, 0x00, 0x00,
    0x00, 0x00, 0x00, 0x00, 0x00, 0x00, 0x00, 0x00, 0x00, 0x00, 0x00, 0x00,
    0x00, 0x00, 0x00, 0x00, 0x00, 0x00, 0x00, 0x00, 0xE0, 0xFF, 0xE0, 0xFB,
    0xE0, 0xFB, 0xE0, 0xFB, 0xE0, 0xFF, 0x00, 0x00, 0xE6, 0xFD, 0x46, 0xFE,
    0xC6, 0xFD, 0xC6, 0xFD, 0xC6, 0xFD, 0xC6, 0xFD, 0x26, 0xFE, 0xE6, 0xFD,
    0x00, 0x00, 0x00, 0x00, 0x00, 0x00, 0x00, 0x00, 0x00, 0x00, 0x00, 0x00,
    0x00, 0x00, 0x00, 0x00, 0x00, 0x00, 0x4A, 0xFD, 0x00, 0x00, 0xEC, 0xFB,
    0x0C, 0xFC, 0x4D, 0xFC, 0x2D, 0xFC, 0x4D, 0xFC, 0x0C, 0xFC, 0xEC, 0xFB,
    0x00, 0x00, 0x00, 0x00, 0x00, 0x00, 0x00, 0x00, 0x00, 0x00, 0x00, 0x00,
    0x00, 0x00, 0x00, 0x00, 0x00, 0x00, 0x00, 0x00, 0x00, 0x00, 0x00, 0x00,
    0x00, 0x00, 0xFF, 0x7B, 0x00, 0x00, 0xBF, 0x94, 0xDF, 0x9C, 0xDF, 0x9C,
    0xDF, 0x9C, 0x3F, 0xA5, 0x1F, 0xA5, 0x1F, 0xA5, 0x1F, 0xA5, 0x1F, 0xA5,
    0x1F, 0xA5, 0x3F, 0xA5, 0xDF, 0x9C, 0xFF, 0x9C, 0xBF, 0x83, 0x3F, 0x83,
    0x3F, 0x7B, 0x3F, 0x83, 0x3F, 0x7B, 0x5F, 0x83, 0x3F, 0x7B, 0x3F, 0x83,
    0x00, 0x00, 0x3F, 0x63, 0x00, 0x00, 0x00, 0x00, 0x00, 0x00, 0x00, 0x00,
    0x00, 0x00, 0x00, 0x00, 0x00, 0x00, 0x00, 0x00, 0x00, 0x00, 0x00, 0x00,
    0x00, 0x00, 0x00, 0x00, 0x00, 0x00, 0x00, 0x00, 0x00, 0x00, 0x00, 0x00,
    0x00, 0x00, 0x00, 0x00, 0x00, 0x00, 0x00, 0x00, 0x00, 0x00, 0x00, 0x00,
    0x00, 0x00, 0x00, 0x00, 0x00, 0x00, 0x00, 0x00, 0x00, 0x00, 0x00, 0x00,
    0x00, 0x00, 0x00, 0x00, 0x00, 0x00, 0x00, 0x00, 0x00, 0x00, 0x00, 0x00,
    0x00, 0x00, 0x00, 0x00, 0x00, 0x00, 0x00, 0x00, 0x00, 0x00, 0x00, 0x00,
    0x00, 0x00, 0x00, 0x00, 0x00, 0x00, 0x00, 0x00, 0x00, 0x00, 0x00, 0x00,
    0x00, 0x00, 0xE0, 0xFF, 0xE7, 0xFB, 0x45, 0xFD, 0x00, 0xF8, 0x00, 0x00,
    0x00, 0x00, 0x00, 0x00, 0x00, 0xF8, 0x45, 0xFD, 0xE6, 0xFD, 0x46, 0xFE,
    0xC6, 0xFD, 0xC6, 0xFD, 0xC6, 0xFD, 0xC6, 0xFD, 0x26, 0xFE, 0xE6, 0xFD,
    0x00, 0x00, 0x00, 0x00, 0x00, 0x00, 0x00, 0x00, 0x00, 0x00, 0x00, 0x00,
    0x00, 0x00, 0x00, 0x00, 0x00, 0xF8, 0x4A, 0xFD, 0x4A, 0xFD, 0x0C, 0xFC,
    0x4D, 0xFC, 0x0C, 0xFC, 0x0C, 0xFC, 0xEC, 0xFB, 0x0C, 0xFC, 0x0C, 0xFC,
    0x2C, 0xFB, 0x00, 0x00, 0x00, 0x00, 0x00, 0x00, 0x00, 0x00, 0x00, 0x00,
    0x00, 0x00, 0x00, 0x00, 0x00, 0x00, 0x00, 0x00, 0x00, 0x00, 0x00, 0x00,
    0xFF, 0x7B, 0x00, 0x00, 0xFF, 0x9C, 0xDF, 0x9C, 0xDF, 0x9C, 0x1F, 0xA5,
    0xDF, 0x9C, 0xDF, 0x9C, 0xDF, 0x9C, 0xDF, 0x9C, 0xDF, 0x9C, 0xDF, 0x9C,
    0xDF, 0x9C, 0xDF, 0x9C, 0xDF, 0x9C, 0x3F, 0xA5, 0xBF, 0x94, 0x1F, 0x8C,
    0x7F, 0x83, 0x3F, 0x7B, 0x3F, 0x7B, 0x5F, 0x83, 0x3F, 0x7B, 0x3F, 0x83,
    0x00, 0x00, 0x3F, 0x63, 0x00, 0x00, 0x00, 0x00, 0x00, 0x00, 0x00, 0x00,
    0x00, 0x00, 0x00, 0x00, 0x00, 0x00, 0x00, 0x00, 0x00, 0x00, 0x00, 0x00,
    0x00, 0x00, 0x00, 0x00, 0x00, 0x00, 0x00, 0x00, 0x00, 0x00, 0x00, 0x00,
    0x00, 0x00, 0x00, 0x00, 0x00, 0x00, 0x00, 0x00, 0x00, 0x00, 0x00, 0x00,
    0x00, 0x00, 0x00, 0x00, 0x00, 0x00, 0x00, 0x00, 0x00, 0x00, 0x00, 0x00,
    0x00, 0x00, 0x00, 0x00, 0x00, 0x00, 0x00, 0x00, 0x00, 0x00, 0x00, 0x00,
    0x00, 0x00, 0x00, 0x00, 0x00, 0x00, 0x00, 0x00, 0x00, 0x00, 0x00, 0x00,
    0x00, 0x00, 0x00, 0x00, 0x00, 0x00, 0x00, 0x00, 0x00, 0x00, 0x00, 0x00,
    0x4A, 0xFD, 0xE0, 0xFB, 0x00, 0x00, 0x00, 0x00, 0xEF, 0xFB, 0xC6, 0xFC,
    0xC6, 0xFC, 0xC6, 0xFC, 0xE0, 0xFF, 0x00, 0x00, 0xE6, 0xFD, 0x46, 0xFE,
    0xC6, 0xFD, 0xC6, 0xFD, 0xC6, 0xFD, 0xC6, 0xFD, 0x26, 0xFE, 0xC6, 0xFD,
    0x00, 0x00, 0x00, 0x00, 0x00, 0x00, 0x00, 0x00, 0x00, 0x00, 0x00, 0x00,
    0x00, 0x00, 0x00, 0x00, 0xEF, 0xFB, 0x00, 0x00, 0x2B, 0xFC, 0xEC, 0xFB,
    0x4D, 0xFC, 0x0C, 0xFC, 0x0C, 0xFC, 0x0C, 0xFC, 0x0C, 0xFC, 0x0C, 0xFC,
    0xCC, 0xFB, 0x00, 0x00, 0x00, 0x00, 0x00, 0x00, 0x00, 0x00, 0x00, 0x00,
    0x00, 0x00, 0x00, 0x00, 0x00, 0x00, 0x00, 0x00, 0x00, 0x00, 0x5F, 0xAD,
    0x00, 0x00, 0xBF, 0x94, 0xDF, 0x9C, 0x1F, 0xA5, 0xDF, 0x9C, 0xDF, 0x9C,
    0xDF, 0x9C, 0xDF, 0x9C, 0xDF, 0x9C, 0xDF, 0x9C, 0xDF, 0x9C, 0xDF, 0x9C,
    0xDF, 0x9C, 0xDF, 0x9C, 0xDF, 0x9C, 0xDF, 0x9C, 0xDF, 0x9C, 0xFF, 0x9C,
    0x7F, 0x94, 0x7F, 0x83, 0x3F, 0x7B, 0x5F, 0x83, 0x3F, 0x7B, 0x3F, 0x83,
    0x00, 0x00, 0x3F, 0x63, 0x00, 0x00, 0x00, 0x00, 0x00, 0x00, 0x00, 0x00,
    0x00, 0x00, 0x00, 0x00, 0x00, 0x00, 0x00, 0x00, 0x00, 0x00, 0x00, 0x00,
    0x00, 0x00, 0x00, 0x00, 0x00, 0x00, 0x00, 0x00, 0x00, 0x00, 0x00, 0x00,
    0x00, 0x00, 0x00, 0x00, 0x00, 0x00, 0x00, 0x00, 0x00, 0x00, 0x00, 0x00,
    0x00, 0x00, 0x00, 0x00, 0x00, 0x00, 0x00, 0x00, 0x00, 0x00, 0x00, 0x00,
    0x00, 0x00, 0x00, 0x00, 0x00, 0x00, 0x00, 0x00, 0x00, 0x00, 0x00, 0x00,
    0x00, 0x00, 0x00, 0x00, 0x00, 0x00, 0x00, 0x00, 0x00, 0x00, 0x00, 0x00,
    0x00, 0x00, 0x00, 0x00, 0x00, 0x00, 0x00, 0x00, 0x00, 0x00, 0xC6, 0xFC,
    0x00, 0x00, 0x00, 0x00, 0xC6, 0xFC, 0xC6, 0xFC, 0xC6, 0xFC, 0xC6, 0xFC,
    0xC6, 0xFC, 0xC6, 0xFC, 0xC6, 0xFC, 0xA6, 0xFC, 0x66, 0xFD, 0x26, 0xFE,
    0xE6, 0xFD, 0xC6, 0xFD, 0xC6, 0xFD, 0xC6, 0xFD, 0x26, 0xFE, 0xC6, 0xFD,
    0x00, 0x00, 0x00, 0x00, 0x00, 0x00, 0x00, 0x00, 0x00, 0x00, 0x00, 0x00,
    0x00, 0x00, 0x00, 0x00, 0x00, 0xF8, 0x0F, 0xF8, 0xEC, 0xFB, 0x0C, 0xFC,
    0x4D, 0xFC, 0xEC, 0xFB, 0x0C, 0xFC, 0x0C, 0xFC, 0x0C, 0xFC, 0xEC, 0xFB,
    0x2D, 0xFC, 0x00, 0x00, 0x00, 0x00, 0x00, 0x00, 0x00, 0x00, 0x00, 0x00,
    0x00, 0x00, 0x00, 0x00, 0x00, 0x00, 0x00, 0x00, 0xFF, 0x7B, 0x00, 0x00,
    0xDF, 0x9C, 0xDF, 0x9C, 0x1F, 0xA5, 0xDF, 0x9C, 0xDF, 0x9C, 0xDF, 0x9C,
    0xDF, 0x9C, 0xDF, 0x9C, 0xDF, 0x9C, 0xDF, 0x9C, 0xDF, 0x9C, 0xDF, 0x9C,
    0xDF, 0x9C, 0xDF, 0x9C, 0xDF, 0x9C, 0xDF, 0x9C, 0xDF, 0x9C, 0xDF, 0x9C,
    0xFF, 0x9C, 0x7F, 0x94, 0x5F, 0x83, 0x3F, 0x83, 0x3F, 0x83, 0x3F, 0x83,
    0x00, 0x00, 0x3F, 0x63, 0x00, 0x00, 0x00, 0x00, 0x00, 0x00, 0x00, 0x00,
    0x00, 0x00, 0x00, 0x00, 0x00, 0x00, 0x00, 0x00, 0x00, 0x00, 0x00, 0x00,
    0x00, 0x00, 0x00, 0x00, 0x00, 0x00, 0x00, 0x00, 0x00, 0x00, 0x00, 0x00,
    0x00, 0x00, 0x00, 0x00, 0x00, 0x00, 0x00, 0x00, 0x00, 0x00, 0x00, 0x00,
    0x00, 0x00, 0x00, 0x00, 0x00, 0x00, 0x00, 0x00, 0x00, 0x00, 0x00, 0x00,
    0x00, 0x00, 0x00, 0x00, 0x00, 0x00, 0x00, 0x00, 0x00, 0x00, 0x00, 0x00,
    0x00, 0x00, 0x00, 0x00, 0x00, 0x00, 0x00, 0x00, 0x00, 0x00, 0x00, 0x00,
    0x00, 0x00, 0x00, 0x00, 0x00, 0x00, 0x00, 0xF8, 0xE7, 0xFD, 0x00, 0x00,
    0xA6, 0xFC, 0xC6, 0xFC, 0xC6, 0xFC, 0x06, 0xFD, 0x26, 0xFD, 0x06, 0xFD,
    0x06, 0xFD, 0x06, 0xFD, 0x26, 0xFD, 0x06, 0xFD, 0xE6, 0xFC, 0x26, 0xFD,
    0x86, 0xFD, 0xE6, 0xFD, 0xC6, 0xFD, 0xC6, 0xFD, 0x26, 0xFE, 0xC6, 0xFD,
    0x00, 0x00, 0x00, 0x00, 0x00, 0x00, 0x00, 0x00, 0x00, 0x00, 0x00, 0x00,
    0x00, 0x00, 0x00, 0x00, 0x00, 0x00, 0xE7, 0xFB, 0x00, 0x00, 0xEC, 0xFB,
    0x2D, 0xFC, 0x0D, 0xFC, 0x0C, 0xFC, 0x0C, 0xFC, 0x4D, 0xFC, 0x0C, 0xFC,
    0x00, 0x00, 0x00, 0x00, 0x00, 0x00, 0x00, 0x00, 0x00, 0x00, 0x00, 0x00,
    0x00, 0x00, 0x00, 0x00, 0x00, 0x00, 0xFF, 0x7B, 0xFF, 0x7B, 0xBF, 0x94,
    0xBF, 0x94, 0xFF, 0x9C, 0xDF, 0x9C, 0xDF, 0x9C, 0xDF, 0x9C, 0xDF, 0x9C,
    0xDF, 0x9C, 0xDF, 0x9C, 0xDF, 0x9C, 0xDF, 0x9C, 0xDF, 0x9C, 0xDF, 0x9C,
    0xDF, 0x9C, 0xDF, 0x9C, 0xDF, 0x9C, 0xDF, 0x9C, 0xDF, 0x9C, 0xDF, 0x9C,
    0xDF, 0x9C, 0xFF, 0x9C, 0x5F, 0x94, 0x5F, 0x83, 0x3F, 0x83, 0x3F, 0x83,
    0x00, 0x00, 0x3F, 0x63, 0x00, 0x00, 0x00, 0x00, 0x00, 0x00, 0x00, 0x00,
    0x00, 0x00, 0x00, 0x00, 0x00, 0x00, 0x00, 0x00, 0x00, 0x00, 0x00, 0x00,
    0x00, 0x00, 0x00, 0x00, 0x00, 0x00, 0x00, 0x00, 0x00, 0x00, 0x00, 0x00,
    0x00, 0x00, 0x00, 0x00, 0x00, 0x00, 0x00, 0x00, 0x00, 0x00, 0x00, 0x00,
    0x00, 0x00, 0x00, 0x00, 0x00, 0x00, 0x00, 0x00, 0x00, 0x00, 0x00, 0x00,
    0x00, 0x00, 0x00, 0x00, 0x00, 0x00, 0x00, 0x00, 0x00, 0x00, 0x00, 0x00,
    0x00, 0x00, 0x00, 0x00, 0x00, 0x00, 0x00, 0x00, 0x00, 0x00, 0x00, 0x00,
    0x00, 0x00, 0x00, 0x00, 0xE0, 0xFF, 0xA0, 0xFA, 0x00, 0x00, 0xA6, 0xFC,
    0xE6, 0xFC, 0x06, 0xFD, 0xE6, 0xFC, 0xC6, 0xFC, 0xC6, 0xFC, 0xC6, 0xFC,
    0xC6, 0xFC, 0xC6, 0xFC, 0xC6, 0xFC, 0xC6, 0xFC, 0xC6, 0xFC, 0xA6, 0xFC,
    0xE6, 0xFC, 0x66, 0xFD, 0xC6, 0xFD, 0xC6, 0xFD, 0x26, 0xFE, 0xC6, 0xFD,
    0x00, 0x00, 0x00, 0x00, 0x00, 0x00, 0x00, 0x00, 0x00, 0x00, 0x00, 0x00,
    0x00, 0x00, 0x00, 0x00, 0x00, 0x00, 0xE0, 0xFF, 0x4A, 0xFD, 0xEC, 0xFB,
    0xEC, 0xFB, 0x0D, 0xFC, 0x4D, 0xFC, 0xEC, 0xFB, 0x0C, 0xFC, 0xAC, 0xFB,
    0x00, 0x00, 0x00, 0x00, 0x00, 0x00, 0x00, 0x00, 0x00, 0x00, 0x00, 0x00,
    0x00, 0x00, 0x00, 0x00, 0x00, 0x00, 0xFF, 0xBD, 0x00, 0x00, 0xDF, 0x9C,
    0xFF, 0x9C, 0xDF, 0x9C, 0xDF, 0x9C, 0xDF, 0x9C, 0xDF, 0x9C, 0xDF, 0x9C,
    0xDF, 0x9C, 0xDF, 0x9C, 0xDF, 0x9C, 0xDF, 0x9C, 0xDF, 0x9C, 0xDF, 0x9C,
    0xDF, 0x9C, 0xDF, 0x9C, 0xDF, 0x9C, 0xDF, 0x9C, 0xDF, 0x9C, 0xDF, 0x9C,
    0xDF, 0x9C, 0xDF, 0x9C, 0xDF, 0x9C, 0x1F, 0x8C, 0x1F, 0x7B, 0x5F, 0x83,
    0x00, 0x00, 0x3F, 0x63, 0x00, 0x00, 0x00, 0x00, 0x00, 0x00, 0x00, 0x00,
    0x00, 0x00, 0x00, 0x00, 0x00, 0x00, 0x00, 0x00, 0x00, 0x00, 0x00, 0x00,
    0x00, 0x00, 0x00, 0x00, 0x00, 0x00, 0x00, 0x00, 0x00, 0x00, 0x00, 0x00,
    0x00, 0x00, 0x00, 0x00, 0x00, 0x00, 0x00, 0x00, 0x00, 0x00, 0x00, 0x00,
    0x00, 0x00, 0x00, 0x00, 0x00, 0x00, 0x00, 0x00, 0x00, 0x00, 0x00, 0x00,
    0x00, 0x00, 0x00, 0x00, 0x00, 0x00, 0x00, 0x00, 0x00, 0x00, 0x00, 0x00,
    0x00, 0x00, 0x00, 0x00, 0x00, 0x00, 0x00, 0x00, 0x00, 0x00, 0x00, 0x00,
    0x00, 0x00, 0xE0, 0xFF, 0xE0, 0xFF, 0x00, 0x00, 0xA6, 0xFC, 0xE6, 0xFC,
    0xE6, 0xFC, 0xC6, 0xFC, 0xC6, 0xFC, 0xC6, 0xFC, 0xC6, 0xFC, 0xC6, 0xFC,
    0xC6, 0xFC, 0xC6, 0xFC, 0xC6, 0xFC, 0xC6, 0xFC, 0xC6, 0xFC, 0xC6, 0xFC,
    0xC6, 0xFC, 0xC6, 0xFC, 0x66, 0xFD, 0xC6, 0xFD, 0x26, 0xFE, 0xC6, 0xFD,
    0x00, 0x00, 0x00, 0x00, 0x00, 0x00, 0x00, 0x00, 0x00, 0x00, 0x00, 0x00,
    0x00, 0x00, 0x00, 0x00, 0x00, 0x00, 0x00, 0x00, 0xE0, 0xFF, 0x00, 0x00,
    0x00, 0x00, 0xEC, 0xFB, 0xEC, 0xFB, 0xEC, 0xFB, 0xEA, 0xFB, 0x00, 0x00,
    0x00, 0x00, 0x00, 0x00, 0x00, 0x00, 0x00, 0x00, 0x00, 0x00, 0x00, 0x00,
    0x00, 0x00, 0x00, 0x00, 0xBF, 0x52, 0xFF, 0xFF, 0xDF, 0x9C, 0xDF, 0x9C,
    0xFF, 0x9C, 0xDF, 0x9C, 0xDF, 0x9C, 0xDF, 0x9C, 0xDF, 0x9C, 0xDF, 0x9C,
    0xDF, 0x9C, 0xDF, 0x9C, 0xDF, 0x9C, 0xDF, 0x9C, 0xDF, 0x9C, 0xDF, 0x9C,
    0xDF, 0x9C, 0xDF, 0x9C, 0xDF, 0x9C, 0xDF, 0x9C, 0xDF, 0x9C, 0xDF, 0x9C,
    0xDF, 0x9C, 0xDF, 0x9C, 0xDF, 0x9C, 0x9F, 0x94, 0x5F, 0x83, 0x3F, 0x83,
    0x00, 0x00, 0x3F, 0x63, 0x00, 0x00, 0x00, 0x00, 0x00, 0x00, 0x00, 0x00,
    0x00, 0x00, 0x00, 0x00, 0x00, 0x00, 0x00, 0x00, 0x00, 0x00, 0x00, 0x00,
    0x00, 0x00, 0x00, 0x00, 0x00, 0x00, 0x00, 0x00, 0x00, 0x00, 0x00, 0x00,
    0x00, 0x00, 0x00, 0x00, 0x00, 0x00, 0x00, 0x00, 0x00, 0x00, 0x00, 0x00,
    0x00, 0x00, 0x00, 0x00, 0x00, 0x00, 0x00, 0x00, 0x00, 0x00, 0x00, 0x00,
    0x00, 0x00, 0x00, 0x00, 0x00, 0x00, 0x00, 0x00, 0x00, 0x00, 0x00, 0x00,
    0x00, 0x00, 0x00, 0x00, 0x00, 0x00, 0x00, 0x00, 0x00, 0x00, 0x00, 0x00,
    0x00, 0x00, 0x4A, 0xFD, 0x00, 0x00, 0xA6, 0xFC, 0xC6, 0xFC, 0xE6, 0xFC,
    0xC6, 0xFC, 0xC6, 0xFC, 0xC6, 0xFC, 0xC6, 0xFC, 0xC6, 0xFC, 0xC6, 0xFC,
    0xC6, 0xFC, 0xC6, 0xFC, 0xC6, 0xFC, 0xC6, 0xFC, 0xC6, 0xFC, 0xC6, 0xFC,
    0xC6, 0xFC, 0xC6, 0xFC, 0xC6, 0xFC, 0x66, 0xFD, 0x46, 0xFE, 0xC6, 0xFD,
    0x00, 0x00, 0x00, 0x00, 0x00, 0x00, 0x00, 0x00, 0x00, 0x00, 0x00, 0x00,
    0x00, 0x00, 0x00, 0x00, 0x00, 0x00, 0x00, 0x00, 0x00, 0x00, 0x00, 0xF8,
    0x00, 0x00, 0x00, 0x00, 0x00, 0x00, 0x00, 0x00, 0x00, 0x00, 0xE0, 0xFF,
    0x00, 0x00, 0x00, 0x00, 0x00, 0x00, 0x00, 0x00, 0x00, 0x00, 0x00, 0x00,
    0x00, 0x00, 0x00, 0x00, 0x5F, 0xAD, 0x00, 0x00, 0xDF, 0x9C, 0xFF, 0x9C,
    0xDF, 0x9C, 0xDF, 0x9C, 0xDF, 0x9C, 0xDF, 0x9C, 0xDF, 0x9C, 0xDF, 0x9C,
    0xDF, 0x9C, 0xDF, 0x9C, 0xDF, 0x9C, 0xDF, 0x9C, 0xDF, 0x9C, 0xDF, 0x9C,
    0xDF, 0x9C, 0xDF, 0x9C, 0xDF, 0x9C, 0xDF, 0x9C, 0xDF, 0x9C, 0xDF, 0x9C,
    0xDF, 0x9C, 0xDF, 0x9C, 0xDF, 0x9C, 0xDF, 0x9C, 0xFF, 0x8B, 0xFF, 0x7A,
    0x00, 0x00, 0x3F, 0x63, 0x00, 0x00, 0x00, 0x00, 0x00, 0x00, 0x00, 0x00,
    0x00, 0x00, 0x00, 0x00, 0x00, 0x00, 0x00, 0x00, 0x00, 0x00, 0x00, 0x00,
    0x00, 0x00, 0x00, 0x00, 0x00, 0x00, 0x00, 0x00, 0x00, 0x00, 0x00, 0x00,
    0x00, 0x00, 0x00, 0x00, 0x00, 0x00, 0x00, 0x00, 0x00, 0x00, 0x00, 0x00,
    0x00, 0x00, 0x00, 0x00, 0x00, 0x00, 0x00, 0x00, 0x00, 0x00, 0x00, 0x00,
    0x00, 0x00, 0x00, 0x00, 0x00, 0x00, 0x00, 0x00, 0x00, 0x00, 0x00, 0x00,
    0x00, 0x00, 0x00, 0x00, 0x00, 0x00, 0x00, 0x00, 0x00, 0x00, 0x00, 0x00,
    0xEF, 0xFB, 0x00, 0x00, 0xC7, 0xFC, 0xA6, 0xFC, 0x06, 0xFD, 0xC6, 0xFC,
    0xC6, 0xFC, 0xC6, 0xFC, 0xC6, 0xFC, 0xC6, 0xFC, 0xC6, 0xFC, 0xC6, 0xFC,
    0xC6, 0xFC, 0xC6, 0xFC, 0xC6, 0xFC, 0xC6, 0xFC, 0xC6, 0xFC, 0xC6, 0xFC,
    0xC6, 0xFC, 0xC6, 0xFC, 0xA6, 0xFC, 0xE6, 0xFC, 0x06, 0xFE, 0xE6, 0xFD,
    0x00, 0x00, 0x00, 0x00, 0x00, 0x00, 0x00, 0x00, 0x00, 0x00, 0x00, 0x00,
    0x00, 0x00, 0x00, 0x00, 0x00, 0x00, 0x00, 0x00, 0x00, 0x00, 0x00, 0x00,
    0x00, 0x00, 0xEF, 0xFB, 0xEF, 0xFB, 0xEF, 0xFB, 0x00, 0xF8, 0x00, 0x00,
    0x00, 0x00, 0x00, 0x00, 0x00, 0x00, 0x00, 0x00, 0x00, 0x00, 0x00, 0x00,
    0x00, 0x00, 0xFF, 0x7B, 0x1F, 0x00, 0xFF, 0x9C, 0xDF, 0x9C, 0x1F, 0xA5,
    0xDF, 0x9C, 0xDF, 0x9C, 0xDF, 0x9C, 0xDF, 0x9C, 0xDF, 0x9C, 0xDF, 0x9C,
    0xDF, 0x9C, 0xDF, 0x9C, 0xDF, 0x9C, 0xDF, 0x9C, 0xDF, 0x9C, 0xDF, 0x9C,
    0xDF, 0x9C, 0xDF, 0x9C, 0xDF, 0x9C, 0xDF, 0x9C, 0xDF, 0x9C, 0xDF, 0x9C,
    0xDF, 0x9C, 0xDF, 0x9C, 0xDF, 0x9C, 0xFF, 0x9C, 0x5F, 0x94, 0xFF, 0x7A,
    0x00, 0x00, 0x3F, 0x9B, 0x00, 0x00, 0x00, 0x00, 0x00, 0x00, 0x00, 0x00,
    0x00, 0x00, 0x00, 0x00, 0x00, 0x00, 0x00, 0x00, 0x00, 0x00, 0x00, 0x00,
    0x00, 0x00, 0x00, 0x00, 0x00, 0x00, 0x00, 0x00, 0x00, 0x00, 0x00, 0x00,
    0x00, 0x00, 0x00, 0x00, 0x00, 0x00, 0x00, 0x00, 0x00, 0x00, 0x00, 0x00,
    0x00, 0x00, 0x00, 0x00, 0x00, 0x00, 0x00, 0x00, 0x00, 0x00, 0x00, 0x00,
    0x00, 0x00, 0x00, 0x00, 0x00, 0x00, 0x00, 0x00, 0x00, 0x00, 0x00, 0x00,
    0x00, 0x00, 0x00, 0x00, 0x00, 0x00, 0x00, 0x00, 0x00, 0x00, 0x00, 0x00,
    0xE0, 0xFF, 0x00, 0x00, 0xA6, 0xFC, 0x26, 0xFD, 0xC6, 0xFC, 0xC6, 0xFC,
    0xC6, 0xFC, 0xC6, 0xFC, 0xC6, 0xFC, 0xC6, 0xFC, 0xC6, 0xFC, 0xC6, 0xFC,
    0xC6, 0xFC, 0xC6, 0xFC, 0xC6, 0xFC, 0xC6, 0xFC, 0xC6, 0xFC, 0xC6, 0xFC,
    0xC6, 0xFC, 0xC6, 0xFC, 0xC6, 0xFC, 0xA6, 0xFC, 0xC6, 0xFD, 0xE6, 0xFD,
    0x00, 0x00, 0x00, 0x00, 0x00, 0x00, 0x00, 0x00, 0x00, 0x00, 0x00, 0x00,
    0x00, 0x00, 0x00, 0x00, 0x00, 0x00, 0x00, 0x00, 0x00, 0x00, 0x00, 0x00,
    0x00, 0x00, 0x00, 0x00, 0x00, 0x00, 0x00, 0x00, 0x00, 0x00, 0x00, 0x00,
    0x00, 0x00, 0x00, 0x00, 0x00, 0x00, 0x00, 0x00, 0x00, 0x00, 0x00, 0x00,
    0x00, 0x00, 0xFF, 0x7B, 0x00, 0x00, 0xDF, 0x9C, 0xDF, 0x9C, 0xFF, 0x9C,
    0xDF, 0x9C, 0xDF, 0x9C, 0xDF, 0x9C, 0xDF, 0x9C, 0xDF, 0x9C, 0xDF, 0x9C,
    0xDF, 0x9C, 0xDF, 0x9C, 0xDF, 0x9C, 0xDF, 0x9C, 0xDF, 0x9C, 0xDF, 0x9C,
    0xDF, 0x9C, 0xDF, 0x9C, 0xDF, 0x9C, 0xDF, 0x9C, 0xDF, 0x9C, 0xDF, 0x9C,
    0xDF, 0x9C, 0xDF, 0x9C, 0xDF, 0x9C, 0xFF, 0x9C, 0x9F, 0x94, 0xBF, 0x83,
    0x00, 0x00, 0xFF, 0x7B, 0x00, 0x00, 0x00, 0x00, 0x00, 0x00, 0x00, 0x00,
    0x00, 0x00, 0x00, 0x00, 0x00, 0x00, 0x00, 0x00, 0x00, 0x00, 0x00, 0x00,
    0x00, 0x00, 0x00, 0x00, 0x00, 0x00, 0x00, 0x00, 0x00, 0x00, 0x00, 0x00,
    0x00, 0x00, 0x00, 0x00, 0x00, 0x00, 0x00, 0x00, 0x00, 0x00, 0x00, 0x00,
    0x00, 0x00, 0x00, 0x00, 0x00, 0x00, 0x00, 0x00, 0x00, 0x00, 0x00, 0x00,
    0x00, 0x00, 0x00, 0x00, 0x00, 0x00, 0x00, 0x00, 0x00, 0x00, 0x00, 0x00,
    0x00, 0x00, 0x00, 0x00, 0x00, 0x00, 0x00, 0x00, 0x00, 0x00, 0xE0, 0xFB,
    0x00, 0x00, 0xC6, 0xFC, 0xC6, 0xFC, 0xE6, 0xFC, 0xC6, 0xFC, 0xC6, 0xFC,
    0xC6, 0xFC, 0xC6, 0xFC, 0xC6, 0xFC, 0xC6, 0xFC, 0xC6, 0xFC, 0xC6, 0xFC,
    0xC6, 0xFC, 0xC6, 0xFC, 0xC6, 0xFC, 0xC6, 0xFC, 0xC6, 0xFC, 0xC6, 0xFC,
    0xC6, 0xFC, 0xC6, 0xFC, 0xC6, 0xFC, 0xA6, 0xFC, 0x66, 0xFD, 0x86, 0xFD,
    0x00, 0x00, 0x00, 0x00, 0x00, 0x00, 0x00, 0x00, 0x00, 0x00, 0x00, 0x00,
    0x00, 0x00, 0x00, 0x00, 0x00, 0x00, 0x00, 0x00, 0x00, 0x00, 0x00, 0x00,
    0x00, 0x00, 0x00, 0x00, 0x00, 0x00, 0x00, 0x00, 0x00, 0x00, 0x00, 0x00,
    0x00, 0x00, 0x00, 0x00, 0x00, 0x00, 0x00, 0x00, 0x00, 0x00, 0x00, 0x00,
    0x00, 0x00, 0xDF, 0x9C, 0x00, 0x00, 0xDF, 0x9C, 0xDF, 0x9C, 0xDF, 0x9C,
    0xDF, 0x9C, 0xDF, 0x9C, 0xDF, 0x9C, 0xDF, 0x9C, 0xDF, 0x9C, 0xDF, 0x9C,
    0xDF, 0x9C, 0xDF, 0x9C, 0xDF, 0x9C, 0xDF, 0x9C, 0xDF, 0x9C, 0xDF, 0x9C,
    0xDF, 0x9C, 0xDF, 0x9C, 0xDF, 0x9C, 0xDF, 0x9C, 0xDF, 0x9C, 0xDF, 0x9C,
    0xDF, 0x9C, 0xDF, 0x9C, 0xDF, 0x9C, 0xDF, 0x9C, 0xBF, 0x9C, 0x1F, 0x8C,
    0x00, 0x00, 0xFF, 0x7B, 0x00, 0x00, 0x00, 0x00, 0x00, 0x00, 0x00, 0x00,
    0x00, 0x00, 0x00, 0x00, 0x00, 0x00, 0x00, 0x00, 0x00, 0x00, 0x00, 0x00,
    0x00, 0x00, 0x00, 0x00, 0x00, 0x00, 0x00, 0x00, 0x00, 0x00, 0x00, 0x00,
    0x00, 0x00, 0x00, 0x00, 0x00, 0x00, 0x00, 0x00, 0x00, 0x00, 0x00, 0x00,
    0x00, 0x00, 0x00, 0x00, 0x00, 0x00, 0x00, 0x00, 0x00, 0x00, 0x00, 0x00,
    0x00, 0x00, 0x00, 0x00, 0x00, 0x00, 0x00, 0x00, 0x00, 0x00, 0x00, 0x00,
    0x00, 0x00, 0x00, 0x00, 0x00, 0x00, 0x00, 0x00, 0x00, 0x00, 0x4A, 0xFD,
    0x00, 0x00, 0xC6, 0xFC, 0xC6, 0xFC, 0xC6, 0xFC, 0xC6, 0xFC, 0xC6, 0xFC,
    0xC6, 0xFC, 0xC6, 0xFC, 0xC6, 0xFC, 0xC6, 0xFC, 0xC6, 0xFC, 0xC6, 0xFC,
    0xC6, 0xFC, 0xC6, 0xFC, 0xC6, 0xFC, 0xC6, 0xFC, 0xC6, 0xFC, 0xC6, 0xFC,
    0xC6, 0xFC, 0xC6, 0xFC, 0xC6, 0xFC, 0xC6, 0xFC, 0x26, 0xFD, 0x66, 0xFD,
    0x00, 0x00, 0x00, 0x00, 0x00, 0x00, 0x00, 0x00, 0x00, 0x00, 0x00, 0x00,
    0x00, 0x00, 0x00, 0x00, 0x00, 0x00, 0x00, 0x00, 0x00, 0x00, 0x00, 0x00,
    0x00, 0x00, 0x00, 0x00, 0x00, 0x00, 0x00, 0x00, 0x00, 0x00, 0x00, 0x00,
    0x00, 0x00, 0x00, 0x00, 0x00, 0x00, 0x00, 0x00, 0x00, 0x00, 0x00, 0x00,
    0x00, 0x00, 0xFF, 0x7B, 0x00, 0x00, 0xDF, 0x9C, 0xDF, 0x9C, 0xDF, 0x9C,
    0xDF, 0x9C, 0xDF, 0x9C, 0xDF, 0x9C, 0xDF, 0x9C, 0xDF, 0x9C, 0xDF, 0x9C,
    0xDF, 0x9C, 0xDF, 0x9C, 0xDF, 0x9C, 0xDF, 0x9C, 0xDF, 0x9C, 0xDF, 0x9C,
    0xDF, 0x9C, 0xDF, 0x9C, 0xDF, 0x9C, 0xDF, 0x9C, 0xDF, 0x9C, 0xDF, 0x9C,
    0xDF, 0x9C, 0xDF, 0x9C, 0xDF, 0x9C, 0xDF, 0x9C, 0xDF, 0x9C, 0x3F, 0x8C,
    0x00, 0x00, 0xFF, 0xAB, 0x00, 0x00, 0x00, 0x00, 0x00, 0x00, 0x00, 0x00,
    0x00, 0x00, 0x00, 0x00, 0x00, 0x00, 0x00, 0x00, 0x00, 0x00, 0x00, 0x00,
    0x00, 0x00, 0x00, 0x00, 0x00, 0x00, 0x00, 0x00, 0x00, 0x00, 0x00, 0x00,
    0x00, 0x00, 0x00, 0x00, 0x00, 0x00, 0x00, 0x00, 0x00, 0x00, 0x00, 0x00,
    0x00, 0x00, 0x00, 0x00, 0x00, 0x00, 0x00, 0x00, 0x00, 0x00, 0x00, 0x00,
    0x00, 0x00, 0x00, 0x00, 0x00, 0x00, 0x00, 0x00, 0x00, 0x00, 0x00, 0x00,
    0x00, 0x00, 0x00, 0x00, 0x00, 0x00, 0x00, 0x00, 0x00, 0x00, 0x4A, 0xFD,
    0x00, 0x00, 0xC6, 0xFC, 0x47, 0xFD, 0xC6, 0xFC, 0xC6, 0xFC, 0xC6, 0xFC,
    0xC6, 0xFC, 0xC6, 0xFC, 0xC6, 0xFC, 0xC6, 0xFC, 0xC6, 0xFC, 0xC6, 0xFC,
    0xC6, 0xFC, 0xC6, 0xFC, 0xC6, 0xFC, 0xC6, 0xFC, 0xC6, 0xFC, 0xC6, 0xFC,
    0xC6, 0xFC, 0xC6, 0xFC, 0xC6, 0xFC, 0xC6, 0xFC, 0x06, 0xFD, 0x46, 0xFD,
    0xE0, 0xFF, 0x00, 0x00, 0x00, 0x00, 0x00, 0x00, 0x00, 0x00, 0x00, 0x00,
    0x00, 0x00, 0x00, 0x00, 0x00, 0x00, 0x00, 0x00, 0x00, 0x00, 0x00, 0x00,
    0x00, 0x00, 0x00, 0x00, 0x00, 0x00, 0x00, 0x00, 0x00, 0x00, 0x00, 0x00,
    0x00, 0x00, 0x00, 0x00, 0x00, 0x00, 0x00, 0x00, 0x00, 0x00, 0x00, 0x00,
    0x00, 0x00, 0x5F, 0xAD, 0x00, 0x00, 0xDF, 0x9C, 0xDF, 0x9C, 0xDF, 0x9C,
    0xDF, 0x9C, 0xDF, 0x9C, 0xDF, 0x9C, 0xDF, 0x9C, 0xDF, 0x9C, 0xDF, 0x9C,
    0xDF, 0x9C, 0xDF, 0x9C, 0xDF, 0x9C, 0xDF, 0x9C, 0xDF, 0x9C, 0xDF, 0x9C,
    0xDF, 0x9C, 0xDF, 0x9C, 0xDF, 0x9C, 0xDF, 0x9C, 0xDF, 0x9C, 0xDF, 0x9C,
    0xDF, 0x9C, 0xDF, 0x9C, 0xDF, 0x9C, 0xDF, 0x9C, 0xDF, 0x94, 0xBF, 0x94,
    0x00, 0x00, 0xDF, 0x9C, 0x00, 0x00, 0x00, 0x00, 0x00, 0x00, 0x00, 0x00,
    0x00, 0x00, 0x00, 0x00, 0x00, 0x00, 0x00, 0x00, 0x00, 0x00, 0x00, 0x00,
    0x00, 0x00, 0x00, 0x00, 0x00, 0x00, 0x00, 0x00, 0x00, 0x00, 0x00, 0x00,
    0x00, 0x00, 0x00, 0x00, 0x00, 0x00, 0x00, 0x00, 0x00, 0x00, 0x00, 0x00,
    0x00, 0x00, 0x00, 0x00, 0x00, 0x00, 0x00, 0x00, 0x00, 0x00, 0x00, 0x00,
    0x00, 0x00, 0x00, 0x00, 0x00, 0x00, 0x00, 0x00, 0x00, 0x00, 0x00, 0x00,
    0x00, 0x00, 0x00, 0x00, 0x00, 0x00, 0x00, 0x00, 0x00, 0x00, 0xE0, 0xFB,
    0x00, 0x00, 0xC6, 0xFC, 0x27, 0xFD, 0xC6, 0xFC, 0xC6, 0xFC, 0xC6, 0xFC,
    0xC6, 0xFC, 0xC6, 0xFC, 0xC6, 0xFC, 0xC6, 0xFC, 0xC6, 0xFC, 0xC6, 0xFC,
    0xC6, 0xFC, 0xC6, 0xFC, 0xC6, 0xFC, 0xC6, 0xFC, 0xC6, 0xFC, 0xC6, 0xFC,
    0xC6, 0xFC, 0xC6, 0xFC, 0xC6, 0xFC, 0xC6, 0xFC, 0x06, 0xFD, 0x06, 0xFD,
    0xE7, 0xFF, 0x00, 0x00, 0x00, 0xF8, 0x00, 0x00, 0x00, 0x00, 0x00, 0x00,
    0x00, 0x00, 0x00, 0x00, 0x00, 0x00, 0x00, 0x00, 0x00, 0x00, 0x00, 0x00,
    0x00, 0x00, 0x00, 0x00, 0x00, 0x00, 0x00, 0x00, 0x00, 0x00, 0x00, 0x00,
    0x00, 0x00, 0x00, 0x00, 0x00, 0x00, 0x00, 0x00, 0x00, 0x00, 0x00, 0x00,
    0x00, 0x00, 0xDF, 0x9C, 0x00, 0x00, 0xDF, 0x9C, 0xDF, 0x9C, 0xDF, 0x9C,
    0xDF, 0x9C, 0xDF, 0x9C, 0xDF, 0x9C, 0xDF, 0x9C, 0xDF, 0x9C, 0xDF, 0x9C,
    0xDF, 0x9C, 0xDF, 0x9C, 0xDF, 0x9C, 0xDF, 0x9C, 0xDF, 0x9C, 0xDF, 0x9C,
    0xDF, 0x9C, 0xDF, 0x9C, 0xDF, 0x9C, 0xDF, 0x9C, 0xDF, 0x9C, 0xDF, 0x9C,
    0xDF, 0x9C, 0xDF, 0x9C, 0xDF, 0x9C, 0xFF, 0x9C, 0xDF, 0x9C, 0xBF, 0x94,
    0x00, 0x00, 0xFF, 0x7B, 0x00, 0x00, 0x00, 0x00, 0x00, 0x00, 0x00, 0x00,
    0x00, 0x00, 0x00, 0x00, 0x00, 0x00, 0x00, 0x00, 0x00, 0x00, 0x00, 0x00,
    0x00, 0x00, 0x00, 0x00, 0x00, 0x00, 0x00, 0x00, 0x00, 0x00, 0x00, 0x00,
    0x00, 0x00, 0x00, 0x00, 0x00, 0x00, 0x00, 0x00, 0x00, 0x00, 0x00, 0x00,
    0x00, 0x00, 0x00, 0x00, 0x00, 0x00, 0x00, 0x00, 0x00, 0x00, 0x00, 0x00,
    0x00, 0x00, 0x00, 0x00, 0x00, 0x00, 0x00, 0x00, 0x00, 0x00, 0x00, 0x00,
    0x00, 0x00, 0x00, 0x00, 0x00, 0x00, 0x00, 0x00, 0x00, 0x00, 0x00, 0xF8,
    0x00, 0x00, 0xA6, 0xFC, 0x26, 0xFD, 0xC6, 0xFC, 0xC6, 0xFC, 0xC6, 0xFC,
    0xC6, 0xFC, 0xC6, 0xFC, 0xC6, 0xFC, 0xC6, 0xFC, 0xC6, 0xFC, 0xC6, 0xFC,
    0xC6, 0xFC, 0xC6, 0xFC, 0xC6, 0xFC, 0xC6, 0xFC, 0xC6, 0xFC, 0xC6, 0xFC,
    0xC6, 0xFC, 0xC6, 0xFC, 0xC6, 0xFC, 0xC6, 0xFC, 0x06, 0xFD, 0xC6, 0xFC,
    0x00, 0x00, 0x00, 0x00, 0x00, 0x00, 0x00, 0x00, 0x00, 0x00, 0x00, 0x00,
    0x00, 0x00, 0x00, 0x00, 0x00, 0x00, 0x00, 0x00, 0x00, 0x00, 0x00, 0x00,
    0x00, 0x00, 0x00, 0x00, 0x00, 0x00, 0x00, 0x00, 0x00, 0x00, 0x00, 0x00,
    0x00, 0x00, 0x00, 0x00, 0x00, 0x00, 0x00, 0x00, 0x00, 0x00, 0x00, 0x00,
    0x00, 0x00, 0xDF, 0x9C, 0x00, 0x00, 0xDF, 0x9C, 0xDF, 0x9C, 0xFF, 0x9C,
    0xDF, 0x9C, 0xDF, 0x9C, 0xDF, 0x9C, 0xDF, 0x9C, 0xDF, 0x9C, 0xDF, 0x9C,
    0xDF, 0x9C, 0xDF, 0x9C, 0xDF, 0x9C, 0xDF, 0x9C, 0xDF, 0x9C, 0xDF, 0x9C,
    0xDF, 0x9C, 0xDF, 0x9C, 0xDF, 0x9C, 0xDF, 0x9C, 0xDF, 0x9C, 0xDF, 0x9C,
    0xDF, 0x9C, 0xDF, 0x9C, 0xDF, 0x9C, 0x1F, 0xA5, 0xDF, 0x9C, 0xDF, 0x9C,
    0x00, 0x00, 0x5F, 0xAD, 0x00, 0x00, 0x00, 0x00, 0x00, 0x00, 0x00, 0x00,
    0x00, 0x00, 0x00, 0x00, 0x00, 0x00, 0x00, 0x00, 0x00, 0x00, 0x00, 0x00,
    0x00, 0x00, 0x00, 0x00, 0x00, 0x00, 0x00, 0x00, 0x00, 0x00, 0x00, 0x00,
    0x00, 0x00, 0x00, 0x00, 0x00, 0x00, 0x00, 0x00, 0x00, 0x00, 0x00, 0x00,
    0x00, 0x00, 0x00, 0x00, 0x00, 0x00, 0x00, 0x00, 0x00, 0x00, 0x00, 0x00,
    0x00, 0x00, 0x00, 0x00, 0x00, 0x00, 0x00, 0x00, 0x00, 0x00, 0x00, 0x00,
    0x00, 0x00, 0x00, 0x00, 0x00, 0x00, 0x00, 0x00, 0x00, 0x00, 0x40, 0xFD,
    0x00, 0x00, 0xC6, 0xFC, 0x47, 0xFD, 0xC6, 0xFC, 0xC6, 0xFC, 0xC6, 0xFC,
    0xC6, 0xFC, 0xC6, 0xFC, 0xC6, 0xFC, 0xC6, 0xFC, 0xC6, 0xFC, 0xC6, 0xFC,
    0xC6, 0xFC, 0xC6, 0xFC, 0xC6, 0xFC, 0xC6, 0xFC, 0xC6, 0xFC, 0xC6, 0xFC,
    0xC6, 0xFC, 0xC6, 0xFC, 0xC6, 0xFC, 0xC6, 0xFC, 0x27, 0xFD, 0xC6, 0xFC,
    0x00, 0x00, 0x00, 0xF8, 0x00, 0x00, 0x00, 0x00, 0x00, 0x00, 0x00, 0x00,
    0x00, 0x00, 0x00, 0x00, 0x00, 0x00, 0x00, 0x00, 0x00, 0x00, 0x00, 0x00,
    0x00, 0x00, 0x00, 0x00, 0x00, 0x00, 0x00, 0x00, 0x00, 0x00, 0x00, 0x00,
    0x00, 0x00, 0x00, 0x00, 0x00, 0x00, 0x00, 0x00, 0x00, 0x00, 0x00, 0x00,
    0x00, 0x00, 0xFF, 0x7B, 0xFF, 0xFF, 0xFF, 0x9C, 0xDF, 0x9C, 0x1F, 0xA5,
    0xDF, 0x9C, 0xDF, 0x9C, 0xDF, 0x9C, 0xDF, 0x9C, 0xDF, 0x9C, 0xDF, 0x9C,
    0xDF, 0x9C, 0xDF, 0x9C, 0xDF, 0x9C, 0xDF, 0x9C, 0xDF, 0x9C, 0xDF, 0x9C,
    0xDF, 0x9C, 0xDF, 0x9C, 0xDF, 0x9C, 0xDF, 0x9C, 0xDF, 0x9C, 0xDF, 0x9C,
    0xDF, 0x9C, 0xDF, 0x9C, 0xDF, 0x9C, 0x1F, 0xA5, 0xDF, 0x9C, 0x5F, 0xAD,
    0xBF, 0x52, 0xFF, 0xFF, 0x00, 0x00, 0x00, 0x00, 0x00, 0x00, 0x00, 0x00,
    0x00, 0x00, 0x00, 0x00, 0x00, 0x00, 0x00, 0x00, 0x00, 0x00, 0x00, 0x00,
    0x00, 0x00, 0x00, 0x00, 0x00, 0x00, 0x00, 0x00, 0x00, 0x00, 0x00, 0x00,
    0x00, 0x00, 0x00, 0x00, 0x00, 0x00, 0x00, 0x00, 0x00, 0x00, 0x00, 0x00,
    0x00, 0x00, 0x00, 0x00, 0x00, 0x00, 0x00, 0x00, 0x00, 0x00, 0x00, 0x00,
    0x00, 0x00, 0x00, 0x00, 0x00, 0x00, 0x00, 0x00, 0x00, 0x00, 0x00, 0x00,
    0x00, 0x00, 0x00, 0x00, 0x00, 0x00, 0x00, 0x00, 0x00, 0x00, 0x4A, 0xFD,
    0x00, 0x00, 0xE6, 0xFC, 0xE6, 0xFC, 0xC6, 0xFC, 0xC6, 0xFC, 0xC6, 0xFC,
    0xC6, 0xFC, 0xC6, 0xFC, 0xC6, 0xFC, 0xC6, 0xFC, 0xC6, 0xFC, 0xC6, 0xFC,
    0xC6, 0xFC, 0xC6, 0xFC, 0xC6, 0xFC, 0xC6, 0xFC, 0xC6, 0xFC, 0xC6, 0xFC,
    0xC6, 0xFC, 0xC6, 0xFC, 0xC6, 0xFC, 0xA6, 0xFC, 0x06, 0xFD, 0xA6, 0xFC,
    0x00, 0x00, 0xE0, 0xFB, 0x00, 0x00, 0x00, 0x00, 0x00, 0x00, 0x00, 0x00,
    0x00, 0x00, 0x00, 0x00, 0x00, 0x00, 0x00, 0x00, 0x00, 0x00, 0x00, 0x00,
    0x00, 0x00, 0x00, 0x00, 0x00, 0x00, 0x00, 0x00, 0x00, 0x00, 0x00, 0x00,
    0x00, 0x00, 0x00, 0x00, 0x00, 0x00, 0x00, 0x00, 0x00, 0x00, 0x00, 0x00,
    0x00, 0x00, 0x00, 0x00, 0xFF, 0x7B, 0x00, 0x00, 0xDF, 0x9C, 0x1F, 0xA5,
    0xDF, 0x9C, 0xDF, 0x9C, 0xDF, 0x9C, 0xDF, 0x9C, 0xDF, 0x9C, 0xDF, 0x9C,
    0xDF, 0x9C, 0xDF, 0x9C, 0xDF, 0x9C, 0xDF, 0x9C, 0xDF, 0x9C, 0xDF, 0x9C,
    0xDF, 0x9C, 0xDF, 0x9C, 0xDF, 0x9C, 0xDF, 0x9C, 0xDF, 0x9C, 0xDF, 0x9C,
    0xDF, 0x9C, 0xDF, 0x9C, 0xDF, 0x9C, 0xFF, 0x9C, 0xDF, 0x9C, 0x00, 0x00,
    0x9F, 0x94, 0x00, 0x00, 0x00, 0x00, 0x00, 0x00, 0x00, 0x00, 0x00, 0x00,
    0x00, 0x00, 0x00, 0x00, 0x00, 0x00, 0x00, 0x00, 0x00, 0x00, 0x00, 0x00,
    0x00, 0x00, 0x00, 0x00, 0x00, 0x00, 0x00, 0x00, 0x00, 0x00, 0x00, 0x00,
    0x00, 0x00, 0x00, 0x00, 0x00, 0x00, 0x00, 0x00, 0x00, 0x00, 0x00, 0x00,
    0x00, 0x00, 0x00, 0x00, 0x00, 0x00, 0x00, 0x00, 0x00, 0x00, 0x00, 0x00,
    0x00, 0x00, 0x00, 0x00, 0x00, 0x00, 0x00, 0x00, 0x00, 0x00, 0x00, 0x00,
    0x00, 0x00, 0x00, 0x00, 0x00, 0x00, 0x00, 0x00, 0x00, 0x00, 0xE0, 0xFF,
    0x00, 0x00, 0xC6, 0xFC, 0xC6, 0xFC, 0x06, 0xFD, 0xC6, 0xFC, 0xC6, 0xFC,
    0xC6, 0xFC, 0xC6, 0xFC, 0xC6, 0xFC, 0xC6, 0xFC, 0xC6, 0xFC, 0xC6, 0xFC,
    0xC6, 0xFC, 0xC6, 0xFC, 0xC6, 0xFC, 0xC6, 0xFC, 0xC6, 0xFC, 0xC6, 0xFC,
    0xC6, 0xFC, 0xC6, 0xFC, 0xC6, 0xFC, 0xE6, 0xFC, 0xC6, 0xFC, 0xC6, 0xFC,
    0x00, 0x00, 0xE0, 0xFB, 0x00, 0x00, 0x00, 0x00, 0x00, 0x00, 0x00, 0x00,
    0x00, 0x00, 0x00, 0x00, 0x00, 0x00, 0x00, 0x00, 0x00, 0x00, 0x00, 0x00,
    0x00, 0x00, 0x00, 0x00, 0x00, 0x00, 0x00, 0x00, 0x00, 0x00, 0x00, 0x00,
    0x00, 0x00, 0x00, 0x00, 0x00, 0x00, 0x00, 0x00, 0x00, 0x00, 0x00, 0x00,
    0x00, 0x00, 0x00, 0x00, 0xFF, 0x7B, 0xFF, 0xFF, 0xDF, 0x9C, 0xDF, 0x9C,
    0xFF, 0x9C, 0xDF, 0x9C, 0xDF, 0x9C, 0xDF, 0x9C, 0xDF, 0x9C, 0xDF, 0x9C,
    0xDF, 0x9C, 0xDF, 0x9C, 0xDF, 0x9C, 0xDF, 0x9C, 0xDF, 0x9C, 0xDF, 0x9C,
    0xDF, 0x9C, 0xDF, 0x9C, 0xDF, 0x9C, 0xDF, 0x9C, 0xDF, 0x9C, 0xDF, 0x9C,
    0xDF, 0x9C, 0xDF, 0x9C, 0xFF, 0x9C, 0xDF, 0x9C, 0xBF, 0x94, 0xFF, 0x7B,
    0xFF, 0x7B, 0x00, 0x00, 0x00, 0x00, 0x00, 0x00, 0x00, 0x00, 0x00, 0x00,
    0x00, 0x00, 0x00, 0x00, 0x00, 0x00, 0x00, 0x00, 0x00, 0x00, 0x00, 0x00,
    0x00, 0x00, 0x00, 0x00, 0x00, 0x00, 0x00, 0x00, 0x00, 0x00, 0x00, 0x00,
    0x00, 0x00, 0x00, 0x00, 0x00, 0x00, 0x00, 0x00, 0x00, 0x00, 0x00, 0x00,
    0x00, 0x00, 0x00, 0x00, 0x00, 0x00, 0x00, 0x00, 0x00, 0x00, 0x00, 0x00,
    0x00, 0x00, 0x00, 0x00, 0x00, 0x00, 0x00, 0x00, 0x00, 0x00, 0x00, 0x00,
    0x00, 0x00, 0x00, 0x00, 0x00, 0x00, 0x00, 0x00, 0x00, 0x00, 0x00, 0x00,
    0xEF, 0xFB, 0xE0, 0xFF, 0xC6, 0xFC, 0x06, 0xFD, 0xA6, 0xFC, 0xC6, 0xFC,
    0xC6, 0xFC, 0xC6, 0xFC, 0xC6, 0xFC, 0xC6, 0xFC, 0xC6, 0xFC, 0xC6, 0xFC,
    0xC6, 0xFC, 0xC6, 0xFC, 0xC6, 0xFC, 0xC6, 0xFC, 0xC6, 0xFC, 0xC6, 0xFC,
    0xC6, 0xFC, 0xC6, 0xFC, 0xA6, 0xFC, 0x06, 0xFD, 0xC6, 0xFC, 0xE7, 0xFB,
    0xE0, 0xFF, 0x00, 0x00, 0x00, 0x00, 0x00, 0x00, 0x00, 0x00, 0x00, 0x00,
    0x00, 0x00, 0x00, 0x00, 0x00, 0x00, 0x00, 0x00, 0x00, 0x00, 0x00, 0x00,
    0x00, 0x00, 0x00, 0x00, 0x00, 0x00, 0x00, 0x00, 0x00, 0x00, 0x00, 0x00,
    0x00, 0x00, 0x00, 0x00, 0x00, 0x00, 0x00, 0x00, 0x00, 0x00, 0x00, 0x00,
    0x00, 0x00, 0x00, 0x00, 0x00, 0x00, 0x5F, 0xAD, 0xDF, 0x9C, 0xDF, 0x9C,
    0xFF, 0x9C, 0xDF, 0x9C, 0xDF, 0x9C, 0xDF, 0x9C, 0xDF, 0x9C, 0xDF, 0x9C,
    0xDF, 0x9C, 0xDF, 0x9C, 0xDF, 0x9C, 0xDF, 0x9C, 0xDF, 0x9C, 0xDF, 0x9C,
    0xDF, 0x9C, 0xDF, 0x9C, 0xDF, 0x9C, 0xDF, 0x9C, 0xDF, 0x9C, 0xDF, 0x9C,
    0xDF, 0x9C, 0xDF, 0x9C, 0xFF, 0x9C, 0xBF, 0x94, 0x00, 0x00, 0xFF, 0x7B,
    0x00, 0x00, 0x00, 0x00, 0x00, 0x00, 0x00, 0x00, 0x00, 0x00, 0x00, 0x00,
    0x00, 0x00, 0x00, 0x00, 0x00, 0x00, 0x00, 0x00, 0x00, 0x00, 0x00, 0x00,
    0x00, 0x00, 0x00, 0x00, 0x00, 0x00, 0x00, 0x00, 0x00, 0x00, 0x00, 0x00,
    0x00, 0x00, 0x00, 0x00, 0x00, 0x00, 0x00, 0x00, 0x00, 0x00, 0x00, 0x00,
    0x00, 0x00, 0x00, 0x00, 0x00, 0x00, 0x00, 0x00, 0x00, 0x00, 0x00, 0x00,
    0x00, 0x00, 0x00, 0x00, 0x00, 0x00, 0x00, 0x00, 0x00, 0x00, 0x00, 0x00,
    0x00, 0x00, 0x00, 0x00, 0x00, 0x00, 0x00, 0x00, 0x00, 0x00, 0x00, 0x00,
    0xE0, 0xFF, 0x00, 0x00, 0xC6, 0xFC, 0xA6, 0xFC, 0x06, 0xFD, 0xC6, 0xFC,
    0xC6, 0xFC, 0xC6, 0xFC, 0xC6, 0xFC, 0xC6, 0xFC, 0xC6, 0xFC, 0xC6, 0xFC,
    0xC6, 0xFC, 0xC6, 0xFC, 0xC6, 0xFC, 0xC6, 0xFC, 0xC6, 0xFC, 0xC6, 0xFC,
    0xC6, 0xFC, 0xC6, 0xFC, 0xE6, 0xFC, 0xC6, 0xFC, 0xA6, 0xFC, 0x00, 0x00,
    0xE0, 0xFB, 0x00, 0x00, 0x00, 0x00, 0x00, 0x00, 0x00, 0x00, 0x00, 0x00,
    0x00, 0x00, 0x00, 0x00, 0x00, 0x00, 0x00, 0x00, 0x00, 0x00, 0x00, 0x00,
    0x00, 0x00, 0x00, 0x00, 0x00, 0x00, 0x00, 0x00, 0x00, 0x00, 0x00, 0x00,
    0x00, 0x00, 0x00, 0x00, 0x00, 0x00, 0x00, 0x00, 0x00, 0x00, 0x00, 0x00,
    0x00, 0x00, 0x00, 0x00, 0x00, 0x00, 0x5F, 0xAD, 0x1F, 0x00, 0xDF, 0x9C,
    0xDF, 0x9C, 0xFF, 0x9C, 0xDF, 0x9C, 0xDF, 0x9C, 0xDF, 0x9C, 0xDF, 0x9C,
    0xDF, 0x9C, 0xDF, 0x9C, 0xDF, 0x9C, 0xDF, 0x9C, 0xDF, 0x9C, 0xDF, 0x9C,
    0xDF, 0x9C, 0xDF, 0x9C, 0xDF, 0x9C, 0xDF, 0x9C, 0xDF, 0x9C, 0xDF, 0x9C,
    0xDF, 0x9C, 0xFF, 0x9C, 0xDF, 0x9C, 0xDF, 0x9C, 0xFF, 0xBD, 0xFF, 0xFF,
    0x00, 0x00, 0x00, 0x00, 0x00, 0x00, 0x00, 0x00, 0x00, 0x00, 0x00, 0x00,
    0x00, 0x00, 0x00, 0x00, 0x00, 0x00, 0x00, 0x00, 0x00, 0x00, 0x00, 0x00,
    0x00, 0x00, 0x00, 0x00, 0x00, 0x00, 0x00, 0x00, 0x00, 0x00, 0x00, 0x00,
    0x00, 0x00, 0x00, 0x00, 0x00, 0x00, 0x00, 0x00, 0x00, 0x00, 0x00, 0x00,
    0x00, 0x00, 0x00, 0x00, 0x00, 0x00, 0x00, 0x00, 0x00, 0x00, 0x00, 0x00,
    0x00, 0x00, 0x00, 0x00, 0x00, 0x00, 0x00, 0x00, 0x00, 0x00, 0x00, 0x00,
    0x00, 0x00, 0x00, 0x00, 0x00, 0x00, 0x00, 0x00, 0x00, 0x00, 0x00, 0x00,
    0x00, 0x00, 0x4A, 0xFD, 0x00, 0x00, 0xC6, 0xFC, 0xE6, 0xFC, 0xE6, 0xFC,
    0xC6, 0xFC, 0xC6, 0xFC, 0xC6, 0xFC, 0xC6, 0xFC, 0xC6, 0xFC, 0xC6, 0xFC,
    0xC6, 0xFC, 0xC6, 0xFC, 0xC6, 0xFC, 0xC6, 0xFC, 0xC6, 0xFC, 0xC6, 0xFC,
    0xC6, 0xFC, 0xC6, 0xFC, 0xC6, 0xFC, 0xC6, 0xFC, 0xE0, 0xFB, 0x4A, 0xFD,
    0x00, 0x00, 0x00, 0x00, 0x00, 0x00, 0x00, 0x00, 0x00, 0x00, 0x00, 0x00,
    0x00, 0x00, 0x00, 0x00, 0x00, 0x00, 0x00, 0x00, 0x00, 0x00, 0x00, 0x00,
    0x00, 0x00, 0x00, 0x00, 0x00, 0x00, 0x00, 0x00, 0x00, 0x00, 0x00, 0x00,
    0x00, 0x00, 0x00, 0x00, 0x00, 0x00, 0x00, 0x00, 0x00, 0x00, 0x00, 0x00,
    0x00, 0x00, 0x00, 0x00, 0x00, 0x00, 0x00, 0x00, 0xFF, 0xFF, 0x00, 0x00,
    0xBF, 0x94, 0xDF, 0x9C, 0xDF, 0x9C, 0xDF, 0x9C, 0xDF, 0x9C, 0xDF, 0x9C,
    0xDF, 0x9C, 0xDF, 0x9C, 0xDF, 0x9C, 0xDF, 0x9C, 0xDF, 0x9C, 0xDF, 0x9C,
    0xDF, 0x9C, 0xDF, 0x9C, 0xDF, 0x9C, 0xDF, 0x9C, 0xDF, 0x9C, 0xDF, 0x9C,
    0xDF, 0x9C, 0xDF, 0x9C, 0xDF, 0x9C, 0x00, 0x00, 0xFF, 0x7B, 0x00, 0x00,
    0x00, 0x00, 0x00, 0x00, 0x00, 0x00, 0x00, 0x00, 0x00, 0x00, 0x00, 0x00,
    0x00, 0x00, 0x00, 0x00, 0x00, 0x00, 0x00, 0x00, 0x00, 0x00, 0x00, 0x00,
    0x00, 0x00, 0x00, 0x00, 0x00, 0x00, 0x00, 0x00, 0x00, 0x00, 0x00, 0x00,
    0x00, 0x00, 0x00, 0x00, 0x00, 0x00, 0x00, 0x00, 0x00, 0x00, 0x00, 0x00,
    0x00, 0x00, 0x00, 0x00, 0x00, 0x00, 0x00, 0x00, 0x00, 0x00, 0x00, 0x00,
    0x00, 0x00, 0x00, 0x00, 0x00, 0x00, 0x00, 0x00, 0x00, 0x00, 0x00, 0x00,
    0x00, 0x00, 0x00, 0x00, 0x00, 0x00, 0x00, 0x00, 0x00, 0x00, 0x00, 0x00,
    0x00, 0x00, 0xE0, 0xFF, 0x4A, 0xFD, 0xC6, 0xFC, 0xA6, 0xFC, 0xE6, 0xFC,
    0xC6, 0xFC, 0xC6, 0xFC, 0xC6, 0xFC, 0xC6, 0xFC, 0xC6, 0xFC, 0xC6, 0xFC,
    0xC6, 0xFC, 0xC6, 0xFC, 0xC6, 0xFC, 0xC6, 0xFC, 0xC6, 0xFC, 0xC6, 0xFC,
    0xC6, 0xFC, 0xE6, 0xFC, 0xA6, 0xFC, 0xC6, 0xFC, 0xEF, 0xFB, 0xE0, 0xFF,
    0x00, 0x00, 0x00, 0x00, 0x00, 0x00, 0x00, 0x00, 0x00, 0x00, 0x00, 0x00,
    0x00, 0x00, 0x00, 0x00, 0x00, 0x00, 0x00, 0x00, 0x00, 0x00, 0x00, 0x00,
    0x00, 0x00, 0x00, 0x00, 0x00, 0x00, 0x00, 0x00, 0x00, 0x00, 0x00, 0x00,
    0x00, 0x00, 0x00, 0x00, 0x00, 0x00, 0x00, 0x00, 0x00, 0x00, 0x00, 0x00,
    0x00, 0x00, 0x00, 0x00, 0x00, 0x00, 0x00, 0x00, 0x00, 0x00, 0xFF, 0xFF,
    0x00, 0x00, 0xBF, 0x94, 0xDF, 0x9C, 0xDF, 0x9C, 0xDF, 0x9C, 0xDF, 0x9C,
    0xDF, 0x9C, 0xDF, 0x9C, 0xDF, 0x9C, 0xDF, 0x9C, 0xDF, 0x9C, 0xDF, 0x9C,
    0xDF, 0x9C, 0xDF, 0x9C, 0xDF, 0x9C, 0xDF, 0x9C, 0xDF, 0x9C, 0xFF, 0x9C,
    0xDF, 0x9C, 0xBF, 0x94, 0x00, 0x00, 0xBF, 0x52, 0x00, 0x00, 0x00, 0x00,
    0x00, 0x00, 0x00, 0x00, 0x00, 0x00, 0x00, 0x00, 0x00, 0x00, 0x00, 0x00,
    0x00, 0x00, 0x00, 0x00, 0x00, 0x00, 0x00, 0x00, 0x00, 0x00, 0x00, 0x00,
    0x00, 0x00, 0x00, 0x00, 0x00, 0x00, 0x00, 0x00, 0x00, 0x00, 0x00, 0x00,
    0x00, 0x00, 0x00, 0x00, 0x00, 0x00, 0x00, 0x00, 0x00, 0x00, 0x00, 0x00,
    0x00, 0x00, 0x00, 0x00, 0x00, 0x00, 0x00, 0x00, 0x00, 0x00, 0x00, 0x00,
    0x00, 0x00, 0x00, 0x00, 0x00, 0x00, 0x00, 0x00, 0x00, 0x00, 0x00, 0x00,
    0x00, 0x00, 0x00, 0x00, 0x00, 0x00, 0x00, 0x00, 0x00, 0x00, 0x00, 0x00,
    0x00, 0x00, 0x00, 0x00, 0xE0, 0xFF, 0xFF, 0xFF, 0x84, 0xFC, 0xC6, 0xFC,
    0xC6, 0xFC, 0xE6, 0xFC, 0xC6, 0xFC, 0xC6, 0xFC, 0xC6, 0xFC, 0xC6, 0xFC,
    0xC6, 0xFC, 0xC6, 0xFC, 0xC6, 0xFC, 0xC6, 0xFC, 0xC6, 0xFC, 0xE6, 0xFC,
    0xC6, 0xFC, 0xC6, 0xFC, 0x45, 0xFD, 0xFF, 0xFF, 0xE0, 0xFF, 0x00, 0x00,
    0x00, 0x00, 0x00, 0x00, 0x00, 0x00, 0x00, 0x00, 0x00, 0x00, 0x00, 0x00,
    0x00, 0x00, 0x00, 0x00, 0x00, 0x00, 0x00, 0x00, 0x00, 0x00, 0x00, 0x00,
    0x00, 0x00, 0x00, 0x00, 0x00, 0x00, 0x00, 0x00, 0x00, 0x00, 0x00, 0x00,
    0x00, 0x00, 0x00, 0x00, 0x00, 0x00, 0x00, 0x00, 0x00, 0x00, 0x00, 0x00,
    0x00, 0x00, 0x00, 0x00, 0x00, 0x00, 0x00, 0x00, 0x00, 0x00, 0x00, 0x00,
    0x00, 0x00, 0x00, 0x00, 0xDF, 0x9C, 0xDF, 0x9C, 0xFF, 0x9C, 0xDF, 0x9C,
    0xDF, 0x9C, 0xDF, 0x9C, 0xDF, 0x9C, 0xDF, 0x9C, 0xDF, 0x9C, 0xDF, 0x9C,
    0xDF, 0x9C, 0xDF, 0x9C, 0xDF, 0x9C, 0xDF, 0x9C, 0x1F, 0xA5, 0xDF, 0x9C,
    0x9F, 0x94, 0x00, 0x00, 0xFF, 0xFF, 0x00, 0x00, 0x00, 0x00, 0x00, 0x00,
    0x00, 0x00, 0x00, 0x00, 0x00, 0x00, 0x00, 0x00, 0x00, 0x00, 0x00, 0x00,
    0x00, 0x00, 0x00, 0x00, 0x00, 0x00, 0x00, 0x00, 0x00, 0x00, 0x00, 0x00,
    0x00, 0x00, 0x00, 0x00, 0x00, 0x00, 0x00, 0x00, 0x00, 0x00, 0x00, 0x00,
    0x00, 0x00, 0x00, 0x00, 0x00, 0x00, 0x00, 0x00, 0x00, 0x00, 0x00, 0x00,
    0x00, 0x00, 0x00, 0x00, 0x00, 0x00, 0x00, 0x00, 0x00, 0x00, 0x00, 0x00,
    0x00, 0x00, 0x00, 0x00, 0x00, 0x00, 0x00, 0x00, 0x00, 0x00, 0x00, 0x00,
    0x00, 0x00, 0x00, 0x00, 0x00, 0x00, 0x00, 0x00, 0x00, 0x00, 0x00, 0x00,
    0x00, 0x00, 0x00, 0x00, 0x00, 0x00, 0xE0, 0xFF, 0x00, 0x00, 0x00, 0x00,
    0xE7, 0xFC, 0xC6, 0xFC, 0xC6, 0xFC, 0xE6, 0xFC, 0xC6, 0xFC, 0xC6, 0xFC,
    0xC6, 0xFC, 0xC6, 0xFC, 0xC6, 0xFC, 0xC6, 0xFC, 0xC6, 0xFC, 0xC6, 0xFC,
    0xC6, 0xFC, 0x00, 0x00, 0x00, 0x00, 0xE0, 0xFF, 0x00, 0x00, 0x00, 0x00,
    0x00, 0x00, 0x00, 0x00, 0x00, 0x00, 0x00, 0x00, 0x00, 0x00, 0x00, 0x00,
    0x00, 0x00, 0x00, 0x00, 0x00, 0x00, 0x00, 0x00, 0x00, 0x00, 0x00, 0x00,
    0x00, 0x00, 0x00, 0x00, 0x00, 0x00, 0x00, 0x00, 0x00, 0x00, 0x00, 0x00,
    0x00, 0x00, 0x00, 0x00, 0x00, 0x00, 0x00, 0x00, 0x00, 0x00, 0x00, 0x00,
    0x00, 0x00, 0x00, 0x00, 0x00, 0x00, 0x00, 0x00, 0x00, 0x00, 0x00, 0x00,
    0x00, 0x00, 0x00, 0x00, 0x00, 0x00, 0x1F, 0xA5, 0xBF, 0x94, 0xDF, 0x9C,
    0xFF, 0x9C, 0xDF, 0x9C, 0xDF, 0x9C, 0xDF, 0x9C, 0xDF, 0x9C, 0xDF, 0x9C,
    0xDF, 0x9C, 0xDF, 0x9C, 0xFF, 0x9C, 0xDF, 0x9C, 0xDF, 0x9C, 0x9F, 0x94,
    0x00, 0x00, 0x00, 0x00, 0x00, 0x00, 0x00, 0x00, 0x00, 0x00, 0x00, 0x00,
    0x00, 0x00, 0x00, 0x00, 0x00, 0x00, 0x00, 0x00, 0x00, 0x00, 0x00, 0x00,
    0x00, 0x00, 0x00, 0x00, 0x00, 0x00, 0x00, 0x00, 0x00, 0x00, 0x00, 0x00,
    0x00, 0x00, 0x00, 0x00, 0x00, 0x00, 0x00, 0x00, 0x00, 0x00, 0x00, 0x00,
    0x00, 0x00, 0x00, 0x00, 0x00, 0x00, 0x00, 0x00, 0x00, 0x00, 0x00, 0x00,
    0x00, 0x00, 0x00, 0x00, 0x00, 0x00, 0x00, 0x00, 0x00, 0x00, 0x00, 0x00,
    0x00, 0x00, 0x00, 0x00, 0x00, 0x00, 0x00, 0x00, 0x00, 0x00, 0x00, 0x00,
    0x00, 0x00, 0x00, 0x00, 0x00, 0x00, 0x00, 0x00, 0x00, 0x00, 0x00, 0x00,
    0x00, 0x00, 0x00, 0x00, 0x00, 0x00, 0x00, 0x00, 0x00, 0xF8, 0x00, 0x00,
    0x00, 0x00, 0xE5, 0xFB, 0xA5, 0xFC, 0xC6, 0xFC, 0xC6, 0xFC, 0xC6, 0xFC,
    0xC6, 0xFC, 0xC6, 0xFC, 0xC6, 0xFC, 0xC6, 0xFC, 0xA5, 0xFC, 0x45, 0xFD,
    0x00, 0x00, 0x00, 0x00, 0x00, 0xF8, 0x00, 0x00, 0x00, 0x00, 0x00, 0x00,
    0x00, 0x00, 0x00, 0x00, 0x00, 0x00, 0x00, 0x00, 0x00, 0x00, 0x00, 0x00,
    0x00, 0x00, 0x00, 0x00, 0x00, 0x00, 0x00, 0x00, 0x00, 0x00, 0x00, 0x00,
    0x00, 0x00, 0x00, 0x00, 0x00, 0x00, 0x00, 0x00, 0x00, 0x00, 0x00, 0x00,
    0x00, 0x00, 0x00, 0x00, 0x00, 0x00, 0x00, 0x00, 0x00, 0x00, 0x00, 0x00,
    0x00, 0x00, 0x00, 0x00, 0x00, 0x00, 0x00, 0x00, 0x00, 0x00, 0x00, 0x00,
    0x00, 0x00, 0x00, 0x00, 0x00, 0x00, 0x00, 0x00, 0x00, 0x00, 0xFF, 0x9C,
    0xDF, 0x9C, 0xDF, 0x9C, 0xDF, 0x9C, 0xDF, 0x9C, 0xDF, 0x9C, 0xDF, 0x9C,
    0xDF, 0x9C, 0xBF, 0x94, 0xDF, 0x9C, 0xBF, 0x94, 0x00, 0x00, 0x00, 0x00,
    0x1F, 0x00, 0x00, 0x00, 0x00, 0x00, 0x00, 0x00, 0x00, 0x00, 0x00, 0x00,
    0x00, 0x00, 0x00, 0x00, 0x00, 0x00, 0x00, 0x00, 0x00, 0x00, 0x00, 0x00,
    0x00, 0x00, 0x00, 0x00, 0x00, 0x00, 0x00, 0x00, 0x00, 0x00, 0x00, 0x00,
    0x00, 0x00, 0x00, 0x00, 0x00, 0x00, 0x00, 0x00, 0x00, 0x00, 0x00, 0x00,
    0x00, 0x00, 0x00, 0x00, 0x00, 0x00, 0x00, 0x00, 0x00, 0x00, 0x00, 0x00,
    0x00, 0x00, 0x00, 0x01, 0x01, 0x45, 0xCC, 0xFA, 0xD5, 0x7D, 0x23, 0x03,
    0x00, 0x00, 0x00, 0x00, 0x00, 0x00, 0x00, 0x00, 0x00, 0x00, 0x00, 0x00,
    0x00, 0x00, 0x00, 0x00, 0x00, 0x00, 0x00, 0x00, 0x00, 0x02, 0x00, 0x24,
    0xA8, 0xF3, 0xE8, 0xAE, 0x6F, 0x2C, 0x0A, 0x05, 0x00, 0x00, 0x00, 0x00,
    0x00, 0x01, 0x01, 0x01, 0x00, 0x00, 0x00, 0x00, 0x00, 0x00, 0x00, 0x00,
    0x00, 0x00, 0x00, 0x00, 0x00, 0x00, 0x00, 0x00, 0x00, 0x00, 0x00, 0x00,
    0x00, 0x00, 0x00, 0x00, 0x00, 0x00, 0x00, 0x00, 0x00, 0x00, 0x00, 0x00,
    0x00, 0x00, 0x00, 0x00, 0x00, 0x25, 0xB5, 0xF6, 0xE4, 0x77, 0x05, 0x01,
    0x00, 0x00, 0x00, 0x00, 0x00, 0x00, 0x00, 0x00, 0x00, 0x00, 0x00, 0x00,
    0x00, 0x00, 0x00, 0x00, 0x00, 0x00, 0x00, 0x00, 0x00, 0x00, 0x00, 0x00,
    0x00, 0x00, 0x02, 0x01, 0x4D, 0xFD, 0xFF, 0xFE, 0xFF, 0xFF, 0xFF, 0x96,
    0x1C, 0x00, 0x00, 0x00, 0x00, 0x00, 0x00, 0x00, 0x00, 0x00, 0x00, 0x00,
    0x00, 0x00, 0x00, 0x00, 0x00, 0x00, 0x00, 0x00, 0x02, 0x00, 0x23, 0xCB,
    0xFF, 0xFD, 0xFF, 0xFF, 0xFF, 0xFF, 0xE6, 0xA8, 0x68, 0x2B, 0x12, 0x08,
    0x00, 0x00, 0x00, 0x00, 0x00, 0x02, 0x01, 0x01, 0x00, 0x00, 0x00, 0x00,
    0x00, 0x00, 0x00, 0x00, 0x00, 0x00, 0x00, 0x00, 0x00, 0x00, 0x00, 0x00,
    0x00, 0x00, 0x00, 0x00, 0x00, 0x00, 0x00, 0x00, 0x00, 0x00, 0x00, 0x00,
    0x00, 0x00, 0x00, 0x00, 0x19, 0xE8, 0xFF, 0xFE, 0xFF, 0xFF, 0x96, 0x03,
    0x05, 0x00, 0x00, 0x00, 0x00, 0x00, 0x00, 0x00, 0x00, 0x00, 0x00, 0x00,
    0x00, 0x00, 0x00, 0x00, 0x00, 0x00, 0x00, 0x00, 0x00, 0x00, 0x00, 0x00,
    0x00, 0x01, 0x00, 0x12, 0xB3, 0xFE, 0xFB, 0xFF, 0xFF, 0xFE, 0xFD, 0xFF,
    0xEA, 0x4C, 0x00, 0x00, 0x00, 0x00, 0x00, 0x00, 0x00, 0x00, 0x00, 0x00,
    0x00, 0x00, 0x00, 0x00, 0x00, 0x00, 0x00, 0x00, 0x01, 0x01, 0x6A, 0xFF,
    0xF8, 0xFF, 0xFF, 0xFF, 0xFE, 0xFE, 0xFF, 0xFF, 0xFF, 0xFF, 0xE2, 0xA3,
    0x65, 0x2F, 0x19, 0x0C, 0x00, 0x00, 0x00, 0x00, 0x01, 0x03, 0x02, 0x01,
    0x00, 0x00, 0x00, 0x00, 0x00, 0x00, 0x00, 0x00, 0x00, 0x00, 0x00, 0x00,
    0x00, 0x00, 0x00, 0x00, 0x00, 0x00, 0x00, 0x00, 0x00, 0x00, 0x00, 0x00,
    0x00, 0x00, 0x02, 0x00, 0x97, 0xFF, 0xFF, 0xFF, 0xFD, 0xFE, 0xE3, 0x3A,
    0x00, 0x04, 0x00, 0x00, 0x00, 0x00, 0x00, 0x00, 0x00, 0x00, 0x00, 0x00,
    0x00, 0x00, 0x00, 0x00, 0x00, 0x00, 0x00, 0x00, 0x00, 0x00, 0x00, 0x00,
    0x00, 0x01, 0x00, 0x20, 0xD4, 0xFD, 0xFD, 0xFF, 0xFF, 0xFF, 0xFF, 0xFD,
    0xFF, 0xFF, 0x67, 0x00, 0x01, 0x00, 0x00, 0x00, 0x00, 0x00, 0x00, 0x00,
    0x00, 0x00, 0x00, 0x00, 0x00, 0x00, 0x00, 0x01, 0x00, 0x06, 0x8D, 0xFE,
    0xFA, 0xFF, 0xFF, 0xFF, 0xFF, 0xFF, 0xFE, 0xFD, 0xFC, 0xFB, 0xFF, 0xFF,
    0xFF, 0xFF, 0xD9, 0x9F, 0x63, 0x35, 0x1F, 0x0B, 0x00, 0x00, 0x00, 0x00,
    0x02, 0x04, 0x02, 0x01, 0x00, 0x00, 0x00, 0x00, 0x00, 0x00, 0x00, 0x00,
    0x00, 0x00, 0x00, 0x00, 0x00, 0x00, 0x00, 0x00, 0x00, 0x00, 0x00, 0x00,
    0x00, 0x00, 0x03, 0x00, 0xBF, 0xFD, 0xFF, 0xFF, 0xFE, 0xFE, 0xF1, 0x60,
    0x00, 0x05, 0x00, 0x00, 0x00, 0x00, 0x00, 0x00, 0x00, 0x00, 0x00, 0x00,
    0x00, 0x00, 0x00, 0x00, 0x00, 0x00, 0x00, 0x00, 0x00, 0x00, 0x00, 0x00,
    0x00, 0x01, 0x00, 0x10, 0xB0, 0xFF, 0xF7, 0xFE, 0xFF, 0xFF, 0xFF, 0xFF,
    0xFE, 0xFC, 0xFF, 0x62, 0x00, 0x02, 0x00, 0x00, 0x00, 0x00, 0x00, 0x00,
    0x00, 0x00, 0x00, 0x00, 0x00, 0x00, 0x00, 0x01, 0x00, 0x07, 0x90, 0xFF,
    0xFA, 0xFF, 0xFF, 0xFF, 0xFF, 0xFF, 0xFF, 0xFF, 0xFF, 0xFF, 0xFE, 0xFC,
    0xFB, 0xFB, 0xFF, 0xFF, 0xFF, 0xFF, 0xD2, 0x9C, 0x5E, 0x3F, 0x26, 0x0D,
    0x00, 0x00, 0x00, 0x00, 0x04, 0x04, 0x03, 0x01, 0x00, 0x00, 0x00, 0x00,
    0x00, 0x00, 0x00, 0x00, 0x00, 0x00, 0x00, 0x00, 0x00, 0x00, 0x00, 0x00,
    0x00, 0x00, 0x02, 0x00, 0x95, 0xFF, 0xFB, 0xFC, 0xFA, 0xFE, 0xE8, 0x39,
    0x00, 0x03, 0x00, 0x00, 0x00, 0x00, 0x00, 0x00, 0x00, 0x00, 0x00, 0x00,
    0x00, 0x00, 0x00, 0x00, 0x00, 0x00, 0x00, 0x00, 0x00, 0x00, 0x00, 0x00,
    0x00, 0x00, 0x00, 0x00, 0x4A, 0xEF, 0xFF, 0xFF, 0xFB, 0xFE, 0xFF, 0xFF,
    0xFF, 0xFF, 0xFC, 0xFA, 0x46, 0x00, 0x01, 0x00, 0x00, 0x00, 0x00, 0x00,
    0x00, 0x00, 0x00, 0x00, 0x00, 0x00, 0x00, 0x01, 0x00, 0x07, 0x90, 0xFF,
    0xFA, 0xFF, 0xFF, 0xFF, 0xFF, 0xFF, 0xFF, 0xFF, 0xFF, 0xFF, 0xFF, 0xFF,
    0xFF, 0xFF, 0xFD, 0xFC, 0xFA, 0xFB, 0xFF, 0xFF, 0xFF, 0xFF, 0xD4, 0xA2,
    0x6D, 0x48, 0x28, 0x0B, 0x00, 0x00, 0x00, 0x00, 0x05, 0x04, 0x03, 0x01,
    0x00, 0x00, 0x00, 0x00, 0x00, 0x00, 0x00, 0x00, 0x00, 0x00, 0x00, 0x00,
    0x00, 0x00, 0x00, 0x00, 0x29, 0xDE, 0xFF, 0xFF, 0xFF, 0xFF, 0x93, 0x00,
    0x02, 0x00, 0x00, 0x00, 0x00, 0x00, 0x00, 0x00, 0x00, 0x00, 0x00, 0x00,
    0x00, 0x00, 0x00, 0x00, 0x00, 0x00, 0x00, 0x00, 0x00, 0x00, 0x00, 0x00,
    0x00, 0x00, 0x01, 0x01, 0x01, 0x59, 0xB9, 0xF3, 0xFF, 0xFD, 0xFE, 0xFF,
    0xFF, 0xFF, 0xFF, 0xFE, 0xDB, 0x1B, 0x05, 0x01, 0x00, 0x00, 0x00, 0x00,
    0x00, 0x00, 0x00, 0x00, 0x00, 0x00, 0x00, 0x01, 0x00, 0x07, 0x90, 0xFF,
    0xFA, 0xFF, 0xFF, 0xFF, 0xFF, 0xFF, 0xFF, 0xFF, 0xFF, 0xFF, 0xFF, 0xFF,
    0xFF, 0xFF, 0xFF, 0xFF, 0xFF, 0xFE, 0xFD, 0xFB, 0xFB, 0xFC, 0xFF, 0xFF,
    0xFF, 0xFF, 0xCF, 0xA2, 0x74, 0x4E, 0x2A, 0x05, 0x00, 0x00, 0x00, 0x02,
    0x06, 0x04, 0x03, 0x01, 0x00, 0x00, 0x00, 0x00, 0x00, 0x00, 0x00, 0x00,
    0x00, 0x00, 0x00, 0x01, 0x00, 0x42, 0xAF, 0xD5, 0xC8, 0x85, 0x12, 0x02,
    0x02, 0x00, 0x00, 0x00, 0x00, 0x00, 0x00, 0x00, 0x00, 0x00, 0x00, 0x00,
    0x00, 0x00, 0x00, 0x00, 0x00, 0x00, 0x00, 0x00, 0x00, 0x00, 0x00, 0x00,
    0x00, 0x00, 0x00, 0x01, 0x01, 0x00, 0x12, 0x56, 0xAC, 0xFF, 0xFE, 0xFD,
    0xFF, 0xFF, 0xFF, 0xFE, 0xFE, 0x9A, 0x00, 0x04, 0x00, 0x00, 0x00, 0x00,
    0x00, 0x00, 0x00, 0x00, 0x00, 0x00, 0x00, 0x01, 0x00, 0x07, 0x90, 0xFF,
    0xFA, 0xFF, 0xFF, 0xFF, 0xFF, 0xFF, 0xFF, 0xFF, 0xFF, 0xFF, 0xFF, 0xFF,
    0xFF, 0xFF, 0xFF, 0xFF, 0xFF, 0xFF, 0xFF, 0xFF, 0xFF, 0xFE, 0xFC, 0xFA,
    0xF8, 0xFD, 0xFF, 0xFF, 0xFF, 0xF7, 0xCD, 0xA3, 0x7B, 0x51, 0x29, 0x00,
    0x00, 0x00, 0x00, 0x04, 0x05, 0x02, 0x00, 0x00, 0x00, 0x00, 0x00, 0x00,
    0x00, 0x00, 0x00, 0x00, 0x02, 0x00, 0x06, 0x30, 0x21, 0x00, 0x00, 0x01,
    0x00, 0x00, 0x00, 0x00, 0x00, 0x00, 0x00, 0x00, 0x00, 0x00, 0x00, 0x00,
    0x00, 0x00, 0x00, 0x00, 0x00, 0x00, 0x00, 0x00, 0x00, 0x00, 0x00, 0x00,
    0x00, 0x00, 0x00, 0x00, 0x00, 0x04, 0x00, 0x00, 0x0E, 0x86, 0xF8, 0xFD,
    0xFE, 0xFF, 0xFF, 0xFE, 0xFE, 0xEE, 0x31, 0x01, 0x03, 0x00, 0x00, 0x00,
    0x00, 0x00, 0x00, 0x00, 0x00, 0x00, 0x00, 0x01, 0x00, 0x07, 0x90, 0xFF,
    0xFA, 0xFF, 0xFF, 0xFF, 0xFF, 0xFF, 0xFF, 0xFF, 0xFF, 0xFF, 0xFF, 0xFF,
    0xFF, 0xFF, 0xFF, 0xFF, 0xFF, 0xFF, 0xFF, 0xFF, 0xFF, 0xFF, 0xFF, 0xFF,
    0xFF, 0xFE, 0xFC, 0xFA, 0xF9, 0xFF, 0xFF, 0xFF, 0xFF, 0xF1, 0xCC, 0xA8,
    0x82, 0x51, 0x25, 0x00, 0x00, 0x00, 0x02, 0x00, 0x00, 0x00, 0x00, 0x00,
    0x00, 0x00, 0x00, 0x00, 0x00, 0x04, 0x00, 0x00, 0x00, 0x03, 0x02, 0x00,
    0x00, 0x00, 0x00, 0x00, 0x00, 0x00, 0x00, 0x00, 0x00, 0x00, 0x00, 0x00,
    0x00, 0x00, 0x00, 0x00, 0x00, 0x00, 0x00, 0x00, 0x00, 0x00, 0x00, 0x00,
    0x00, 0x00, 0x00, 0x00, 0x00, 0x00, 0x01, 0x06, 0x00, 0x04, 0x95, 0xFB,
    0xFE, 0xFE, 0xFF, 0xFF, 0xFE, 0xFC, 0x9B, 0x00, 0x05, 0x00, 0x00, 0x00,
    0x00, 0x00, 0x00, 0x00, 0x00, 0x00, 0x00, 0x01, 0x00, 0x07, 0x90, 0xFF,
    0xFA, 0xFF, 0xFF, 0xFF, 0xFF, 0xFF, 0xFF, 0xFF, 0xFF, 0xFF, 0xFF, 0xFF,
    0xFF, 0xFF, 0xFF, 0xFF, 0xFF, 0xFF, 0xFF, 0xFF, 0xFF, 0xFF, 0xFF, 0xFF,
    0xFF, 0xFF, 0xFF, 0xFF, 0xFF, 0xFE, 0xFC, 0xFA, 0xFB, 0xFF, 0xFF, 0xFF,
    0xFF, 0xED, 0xCF, 0xB0, 0x73, 0x12, 0x00, 0x01, 0x00, 0x00, 0x00, 0x00,
    0x00, 0x00, 0x00, 0x00, 0x00, 0x00, 0x01, 0x03, 0x02, 0x00, 0x00, 0x00,
    0x00, 0x00, 0x00, 0x00, 0x00, 0x00, 0x00, 0x00, 0x00, 0x00, 0x00, 0x00,
    0x00, 0x00, 0x00, 0x00, 0x00, 0x00, 0x00, 0x00, 0x00, 0x00, 0x00, 0x00,
    0x00, 0x00, 0x00, 0x00, 0x00, 0x00, 0x00, 0x00, 0x03, 0x02, 0x11, 0xCA,
    0xFF, 0xFF, 0xFF, 0xFF, 0xFD, 0xFE, 0xC2, 0x00, 0x07, 0x00, 0x00, 0x00,
    0x00, 0x00, 0x00, 0x00, 0x00, 0x00, 0x00, 0x01, 0x00, 0x07, 0x90, 0xFF,
    0xFA, 0xFF, 0xFF, 0xFF, 0xFF, 0xFF, 0xFF, 0xFF, 0xFF, 0xFF, 0xFF, 0xFF,
    0xFF, 0xFF, 0xFF, 0xFF, 0xFF, 0xFF, 0xFF, 0xFF, 0xFF, 0xFF, 0xFF, 0xFF,
    0xFF, 0xFF, 0xFF, 0xFF, 0xFF, 0xFF, 0xFF, 0xFF, 0xFF, 0xFD, 0xFC, 0xFB,
    0xFC, 0xFF, 0xFF, 0xFF, 0xFD, 0xB9, 0x1B, 0x01, 0x01, 0x00, 0x00, 0x00,
    0x00, 0x00, 0x00, 0x00, 0x00, 0x00, 0x00, 0x00, 0x00, 0x00, 0x00, 0x00,
    0x00, 0x00, 0x00, 0x00, 0x00, 0x00, 0x00, 0x00, 0x00, 0x00, 0x00, 0x00,
    0x00, 0x00, 0x00, 0x00, 0x00, 0x00, 0x00, 0x00, 0x00, 0x00, 0x00, 0x00,
    0x00, 0x00, 0x00, 0x00, 0x00, 0x00, 0x00, 0x00, 0x00, 0x04, 0x00, 0x4C,
    0xF2, 0xFD, 0xFE, 0xFF, 0xFE, 0xFE, 0xA7, 0x00, 0x06, 0x00, 0x00, 0x00,
    0x00, 0x00, 0x00, 0x00, 0x00, 0x00, 0x00, 0x01, 0x00, 0x07, 0x90, 0xFF,
    0xFA, 0xFF, 0xFF, 0xFF, 0xFF, 0xFF, 0xFF, 0xFF, 0xFF, 0xFF, 0xFF, 0xFF,
    0xFF, 0xFF, 0xFF, 0xFF, 0xFF, 0xFF, 0xFF, 0xFF, 0xFF, 0xFF, 0xFF, 0xFF,
    0xFF, 0xFF, 0xFF, 0xFF, 0xFF, 0xFF, 0xFF, 0xFF, 0xFF, 0xFF, 0xFF, 0xFF,
    0xFF, 0xFD, 0xFC, 0xFB, 0xFF, 0xFF, 0x95, 0x00, 0x05, 0x00, 0x00, 0x00,
    0x00, 0x00, 0x00, 0x00, 0x00, 0x00, 0x00, 0x00, 0x00, 0x00, 0x00, 0x00,
    0x00, 0x00, 0x00, 0x00, 0x00, 0x00, 0x00, 0x00, 0x00, 0x00, 0x00, 0x00,
    0x00, 0x00, 0x00, 0x00, 0x00, 0x00, 0x00, 0x00, 0x00, 0x00, 0x00, 0x00,
    0x00, 0x00, 0x00, 0x00, 0x00, 0x00, 0x00, 0x00, 0x00, 0x00, 0x05, 0x01,
    0xA8, 0xFF, 0xFE, 0xFD, 0xFF, 0xF1, 0x33, 0x00, 0x02, 0x00, 0x00, 0x00,
    0x00, 0x00, 0x00, 0x00, 0x00, 0x00, 0x00, 0x01, 0x00, 0x07, 0x90, 0xFF,
    0xFA, 0xFF, 0xFF, 0xFF, 0xFF, 0xFF, 0xFF, 0xFF, 0xFF, 0xFF, 0xFF, 0xFF,
    0xFF, 0xFF, 0xFF, 0xFF, 0xFF, 0xFF, 0xFF, 0xFF, 0xFF, 0xFF, 0xFF, 0xFF,
    0xFF, 0xFF, 0xFF, 0xFF, 0xFF, 0xFF, 0xFF, 0xFF, 0xFF, 0xFF, 0xFF, 0xFF,
    0xFF, 0xFF, 0xFF, 0xFF, 0xFC, 0xFE, 0xD0, 0x00, 0x04, 0x01, 0x00, 0x00,
    0x00, 0x00, 0x00, 0x00, 0x00, 0x00, 0x00, 0x00, 0x00, 0x00, 0x00, 0x00,
    0x00, 0x00, 0x00, 0x00, 0x00, 0x00, 0x00, 0x00, 0x00, 0x00, 0x00, 0x00,
    0x00, 0x00, 0x00, 0x00, 0x00, 0x00, 0x00, 0x00, 0x00, 0x00, 0x00, 0x00,
    0x00, 0x00, 0x00, 0x00, 0x00, 0x00, 0x00, 0x00, 0x00, 0x00, 0x01, 0x00,
    0x0C, 0x91, 0xF5, 0xFF, 0xD4, 0x4B, 0x00, 0x02, 0x00, 0x00, 0x00, 0x00,
    0x00, 0x00, 0x00, 0x00, 0x00, 0x00, 0x00, 0x01, 0x00, 0x07, 0x90, 0xFF,
    0xFA, 0xFF, 0xFF, 0xFF, 0xFF, 0xFF, 0xFF, 0xFF, 0xFF, 0xFF, 0xFF, 0xFF,
    0xFF, 0xFF, 0xFF, 0xFF, 0xFF, 0xFF, 0xFF, 0xFF, 0xFF, 0xFF, 0xFF, 0xFF,
    0xFF, 0xFF, 0xFF, 0xFF, 0xFF, 0xFF, 0xFF, 0xFF, 0xFF, 0xFF, 0xFF, 0xFF,
    0xFF, 0xFF, 0xFF, 0xFF, 0xFD, 0xFF, 0xD3, 0x07, 0x02, 0x01, 0x00, 0x00,
    0x00, 0x00, 0x00, 0x00, 0x00, 0x00, 0x00, 0x00, 0x00, 0x00, 0x00, 0x00,
    0x00, 0x00, 0x00, 0x00, 0x00, 0x00, 0x00, 0x00, 0x00, 0x00, 0x00, 0x00,
    0x00, 0x00, 0x00, 0x00, 0x00, 0x00, 0x00, 0x00, 0x00, 0x00, 0x00, 0x00,
    0x00, 0x00, 0x00, 0x00, 0x00, 0x00, 0x00, 0x00, 0x00, 0x00, 0x00, 0x00,
    0x00, 0x03, 0x0C, 0x12, 0x08, 0x00, 0x00, 0x00, 0x00, 0x00, 0x00, 0x00,
    0x00, 0x00, 0x00, 0x00, 0x00, 0x00, 0x00, 0x01, 0x00, 0x07, 0x90, 0xFF,
    0xFA, 0xFF, 0xFF, 0xFF, 0xFF, 0xFF, 0xFF, 0xFF, 0xFF, 0xFF, 0xFF, 0xFF,
    0xFF, 0xFF, 0xFF, 0xFF, 0xFF, 0xFF, 0xFF, 0xFF, 0xFF, 0xFF, 0xFF, 0xFF,
    0xFF, 0xFF, 0xFF, 0xFF, 0xFF, 0xFF, 0xFF, 0xFF, 0xFF, 0xFF, 0xFF, 0xFF,
    0xFF, 0xFF, 0xFF, 0xFF, 0xFD, 0xFF, 0xD3, 0x08, 0x02, 0x01, 0x00, 0x00,
    0x00, 0x00, 0x00, 0x00, 0x00, 0x00, 0x00, 0x00, 0x00, 0x00, 0x00, 0x00,
    0x00, 0x00, 0x00, 0x00, 0x00, 0x00, 0x00, 0x00, 0x00, 0x00, 0x00, 0x00,
    0x00, 0x00, 0x00, 0x00, 0x00, 0x00, 0x00, 0x00, 0x00, 0x00, 0x00, 0x00,
    0x00, 0x00, 0x00, 0x00, 0x00, 0x00, 0x00, 0x00, 0x00, 0x00, 0x00, 0x00,
    0x00, 0x00, 0x00, 0x00, 0x00, 0x00, 0x00, 0x00, 0x00, 0x00, 0x00, 0x00,
    0x00, 0x00, 0x00, 0x00, 0x00, 0x00, 0x00, 0x01, 0x00, 0x07, 0x90, 0xFF,
    0xFA, 0xFF, 0xFF, 0xFF, 0xFF, 0xFF, 0xFF, 0xFF, 0xFF, 0xFF, 0xFF, 0xFF,
    0xFF, 0xFF, 0xFF, 0xFF, 0xFF, 0xFF, 0xFF, 0xFF, 0xFF, 0xFF, 0xFF, 0xFF,
    0xFF, 0xFF, 0xFF, 0xFF, 0xFF, 0xFF, 0xFF, 0xFF, 0xFF, 0xFF, 0xFF, 0xFF,
    0xFF, 0xFF, 0xFF, 0xFF, 0xFD, 0xFF, 0xD3, 0x08, 0x02, 0x01, 0x00, 0x00,
    0x00, 0x00, 0x00, 0x00, 0x00, 0x00, 0x00, 0x00, 0x00, 0x00, 0x00, 0x00,
    0x00, 0x00, 0x00, 0x00, 0x00, 0x00, 0x00, 0x00, 0x00, 0x00, 0x00, 0x00,
    0x00, 0x00, 0x00, 0x00, 0x00, 0x00, 0x00, 0x00, 0x00, 0x00, 0x00, 0x00,
    0x00, 0x00, 0x00, 0x00, 0x00, 0x00, 0x00, 0x00, 0x00, 0x00, 0x00, 0x00,
    0x00, 0x00, 0x00, 0x00, 0x00, 0x00, 0x00, 0x00, 0x00, 0x00, 0x00, 0x00,
    0x00, 0x00, 0x00, 0x00, 0x00, 0x00, 0x00, 0x01, 0x00, 0x07, 0x90, 0xFF,
    0xFA, 0xFF, 0xFF, 0xFF, 0xFF, 0xFF, 0xFF, 0xFF, 0xFF, 0xFF, 0xFF, 0xFF,
    0xFF, 0xFF, 0xFF, 0xFF, 0xFF, 0xFF, 0xFF, 0xFF, 0xFF, 0xFF, 0xFF, 0xFF,
    0xFF, 0xFF, 0xFF, 0xFF, 0xFF, 0xFF, 0xFF, 0xFF, 0xFF, 0xFF, 0xFF, 0xFF,
    0xFF, 0xFF, 0xFF, 0xFF, 0xFD, 0xFF, 0xD3, 0x08, 0x02, 0x01, 0x00, 0x00,
    0x00, 0x00, 0x00, 0x00, 0x00, 0x00, 0x00, 0x00, 0x00, 0x00, 0x00, 0x00,
    0x00, 0x00, 0x00, 0x00, 0x00, 0x00, 0x00, 0x00, 0x00, 0x00, 0x00, 0x00,
    0x00, 0x00, 0x00, 0x00, 0x00, 0x00, 0x00, 0x00, 0x00, 0x00, 0x00, 0x00,
    0x00, 0x00, 0x00, 0x00, 0x00, 0x00, 0x00, 0x00, 0x00, 0x00, 0x00, 0x00,
    0x00, 0x00, 0x00, 0x00, 0x00, 0x00, 0x00, 0x00, 0x00, 0x00, 0x00, 0x00,
    0x00, 0x00, 0x00, 0x00, 0x00, 0x00, 0x00, 0x01, 0x00, 0x07, 0x90, 0xFF,
    0xFA, 0xFF, 0xFF, 0xFF, 0xFF, 0xFD, 0xFD, 0xFE, 0xFF, 0xFF, 0xFF, 0xFF,
    0xFF, 0xFF, 0xFF, 0xFF, 0xFF, 0xFF, 0xFF, 0xFF, 0xFF, 0xFF, 0xFF, 0xFF,
    0xFF, 0xFF, 0xFF, 0xFF, 0xFF, 0xFF, 0xFF, 0xFF, 0xFF, 0xFF, 0xFF, 0xFF,
    0xFF, 0xFF, 0xFF, 0xFF, 0xFD, 0xFF, 0xD3, 0x08, 0x02, 0x01, 0x00, 0x00,
    0x00, 0x00, 0x00, 0x00, 0x00, 0x00, 0x00, 0x00, 0x00, 0x00, 0x00, 0x00,
    0x00, 0x00, 0x00, 0x00, 0x00, 0x00, 0x00, 0x00, 0x00, 0x00, 0x00, 0x00,
    0x00, 0x00, 0x00, 0x00, 0x00, 0x00, 0x00, 0x00, 0x00, 0x00, 0x00, 0x00,
    0x00, 0x00, 0x00, 0x00, 0x00, 0x00, 0x00, 0x00, 0x00, 0x00, 0x00, 0x00,
    0x00, 0x00, 0x00, 0x00, 0x00, 0x00, 0x00, 0x00, 0x00, 0x00, 0x00, 0x00,
    0x00, 0x00, 0x00, 0x00, 0x00, 0x00, 0x00, 0x01, 0x00, 0x07, 0x90, 0xFF,
    0xFA, 0xFF, 0xFF, 0xFF, 0xFF, 0xFF, 0xFF, 0xFF, 0xFD, 0xFB, 0xFC, 0xFD,
    0xFF, 0xFF, 0xFF, 0xFF, 0xFF, 0xFF, 0xFF, 0xFF, 0xFF, 0xFF, 0xFF, 0xFF,
    0xFF, 0xFF, 0xFF, 0xFF, 0xFF, 0xFF, 0xFF, 0xFF, 0xFF, 0xFF, 0xFF, 0xFF,
    0xFF, 0xFF, 0xFF, 0xFF, 0xFD, 0xFF, 0xD3, 0x08, 0x02, 0x01, 0x00, 0x00,
    0x00, 0x00, 0x00, 0x00, 0x00, 0x00, 0x00, 0x00, 0x00, 0x00, 0x00, 0x00,
    0x00, 0x00, 0x00, 0x00, 0x01, 0x02, 0x02, 0x00, 0x00, 0x00, 0x00, 0x00,
    0x00, 0x00, 0x00, 0x00, 0x00, 0x00, 0x00, 0x00, 0x00, 0x00, 0x00, 0x00,
    0x00, 0x00, 0x00, 0x00, 0x00, 0x00, 0x00, 0x00, 0x00, 0x00, 0x00, 0x00,
    0x00, 0x00, 0x00, 0x00, 0x00, 0x00, 0x00, 0x00, 0x00, 0x00, 0x00, 0x00,
    0x00, 0x00, 0x00, 0x00, 0x00, 0x00, 0x00, 0x01, 0x00, 0x07, 0x90, 0xFF,
    0xFA, 0xFF, 0xFF, 0xFE, 0xFF, 0xD9, 0xD6, 0xF1, 0xFF, 0xFF, 0xFF, 0xFF,
    0xFC, 0xFB, 0xFC, 0xFE, 0xFF, 0xFF, 0xFF, 0xFF, 0xFF, 0xFF, 0xFF, 0xFF,
    0xFF, 0xFF, 0xFF, 0xFF, 0xFF, 0xFF, 0xFF, 0xFF, 0xFF, 0xFF, 0xFF, 0xFF,
    0xFF, 0xFF, 0xFF, 0xFF, 0xFD, 0xFF, 0xD3, 0x08, 0x02, 0x01, 0x00, 0x00,
    0x00, 0x00, 0x00, 0x00, 0x00, 0x00, 0x00, 0x00, 0x00, 0x00, 0x00, 0x00,
    0x00, 0x00, 0x02, 0x04, 0x00, 0x00, 0x00, 0x03, 0x01, 0x00, 0x00, 0x00,
    0x00, 0x00, 0x00, 0x00, 0x00, 0x00, 0x00, 0x00, 0x00, 0x00, 0x00, 0x00,
    0x00, 0x00, 0x00, 0x00, 0x00, 0x00, 0x00, 0x00, 0x00, 0x00, 0x00, 0x00,
    0x00, 0x00, 0x00, 0x00, 0x00, 0x00, 0x00, 0x00, 0x00, 0x00, 0x00, 0x00,
    0x00, 0x00, 0x00, 0x00, 0x00, 0x00, 0x00, 0x01, 0x00, 0x07, 0x90, 0xFF,
    0xFA, 0xFF, 0xFF, 0xF9, 0xFF, 0x5B, 0x24, 0x5D, 0x90, 0xB4, 0xD1, 0xEF,
    0xFF, 0xFF, 0xFF, 0xFF, 0xFA, 0xFA, 0xFC, 0xFE, 0xFF, 0xFF, 0xFF, 0xFF,
    0xFF, 0xFF, 0xFF, 0xFF, 0xFF, 0xFF, 0xFF, 0xFF, 0xFF, 0xFF, 0xFF, 0xFF,
    0xFF, 0xFF, 0xFF, 0xFF, 0xFD, 0xFF, 0xD3, 0x09, 0x01, 0x01, 0x00, 0x00,
    0x00, 0x00, 0x00, 0x00, 0x00, 0x00, 0x00, 0x00, 0x00, 0x00, 0x00, 0x00,
    0x01, 0x04, 0x00, 0x00, 0x00, 0x1D, 0x15, 0x00, 0x00, 0x00, 0x00, 0x00,
    0x00, 0x00, 0x00, 0x00, 0x00, 0x00, 0x00, 0x00, 0x00, 0x00, 0x00, 0x00,
    0x00, 0x00, 0x00, 0x00, 0x00, 0x00, 0x00, 0x00, 0x00, 0x00, 0x00, 0x00,
    0x00, 0x00, 0x00, 0x00, 0x00, 0x00, 0x00, 0x00, 0x00, 0x00, 0x00, 0x00,
    0x00, 0x00, 0x00, 0x00, 0x00, 0x00, 0x00, 0x01, 0x00, 0x07, 0x90, 0xFF,
    0xFA, 0xFF, 0xFF, 0xF9, 0xFF, 0x5C, 0x00, 0x00, 0x00, 0x00, 0x28, 0x55,
    0x87, 0xAD, 0xCE, 0xF4, 0xFF, 0xFF, 0xFF, 0xFE, 0xFA, 0xFB, 0xFC, 0xFE,
    0xFF, 0xFF, 0xFF, 0xFF, 0xFF, 0xFF, 0xFF, 0xFF, 0xFF, 0xFF, 0xFF, 0xFF,
    0xFF, 0xFF, 0xFF, 0xFF, 0xFD, 0xFF, 0xD3, 0x09, 0x01, 0x01, 0x00, 0x00,
    0x00, 0x00, 0x00, 0x00, 0x00, 0x00, 0x00, 0x00, 0x00, 0x00, 0x00, 0x03,
    0x01, 0x00, 0x19, 0x58, 0x90, 0xBD, 0xB1, 0x6E, 0x06, 0x01, 0x00, 0x00,
    0x00, 0x00, 0x00, 0x00, 0x00, 0x00, 0x00, 0x00, 0x00, 0x00, 0x00, 0x00,
    0x00, 0x00, 0x00, 0x00, 0x00, 0x00, 0x00, 0x00, 0x03, 0x05, 0x05, 0x02,
    0x00, 0x00, 0x00, 0x00, 0x00, 0x00, 0x00, 0x00, 0x00, 0x00, 0x00, 0x00,
    0x00, 0x00, 0x00, 0x00, 0x00, 0x00, 0x00, 0x01, 0x00, 0x07, 0x90, 0xFF,
    0xFA, 0xFF, 0xFF, 0xF9, 0xFF, 0x5C, 0x02, 0x05, 0x07, 0x03, 0x00, 0x00,
    0x00, 0x03, 0x2A, 0x55, 0x81, 0xA9, 0xCE, 0xFD, 0xFF, 0xFF, 0xFF, 0xFB,
    0xF9, 0xFA, 0xFC, 0xFE, 0xFF, 0xFF, 0xFF, 0xFF, 0xFF, 0xFF, 0xFF, 0xFF,
    0xFF, 0xFF, 0xFF, 0xFF, 0xFD, 0xFF, 0xD4, 0x0A, 0x01, 0x01, 0x00, 0x00,
    0x00, 0x00, 0x00, 0x00, 0x00, 0x00, 0x00, 0x00, 0x00, 0x00, 0x04, 0x00,
    0x02, 0x60, 0xB9, 0xFF, 0xFF, 0xFF, 0xFF, 0xFF, 0x8D, 0x00, 0x00, 0x00,
    0x00, 0x00, 0x00, 0x00, 0x00, 0x00, 0x00, 0x00, 0x00, 0x00, 0x00, 0x00,
    0x00, 0x00, 0x00, 0x00, 0x00, 0x00, 0x00, 0x04, 0x00, 0x00, 0x00, 0x00,
    0x03, 0x00, 0x00, 0x00, 0x00, 0x00, 0x00, 0x00, 0x00, 0x00, 0x00, 0x00,
    0x00, 0x00, 0x00, 0x00, 0x00, 0x00, 0x00, 0x01, 0x00, 0x07, 0x90, 0xFF,
    0xFA, 0xFF, 0xFF, 0xF9, 0xFF, 0x5D, 0x00, 0x00, 0x00, 0x01, 0x03, 0x05,
    0x06, 0x00, 0x00, 0x00, 0x00, 0x0A, 0x2B, 0x53, 0x78, 0xAA, 0xD9, 0xFF,
    0xFF, 0xFF, 0xFF, 0xFA, 0xF9, 0xFB, 0xFD, 0xFF, 0xFF, 0xFF, 0xFF, 0xFF,
    0xFF, 0xFF, 0xFF, 0xFF, 0xFD, 0xFF, 0xD4, 0x0A, 0x01, 0x01, 0x00, 0x00,
    0x00, 0x00, 0x00, 0x00, 0x00, 0x00, 0x00, 0x00, 0x00, 0x02, 0x00, 0x1B,
    0xA1, 0xFB, 0xFF, 0xFC, 0xF9, 0xFB, 0xFB, 0xFB, 0xFF, 0x27, 0x00, 0x00,
    0x00, 0x00, 0x00, 0x00, 0x00, 0x00, 0x00, 0x00, 0x00, 0x00, 0x00, 0x00,
    0x00, 0x00, 0x00, 0x00, 0x00, 0x01, 0x03, 0x00, 0x28, 0x67, 0x61, 0x10,
    0x00, 0x01, 0x00, 0x00, 0x00, 0x00, 0x00, 0x00, 0x00, 0x00, 0x00, 0x00,
    0x00, 0x00, 0x00, 0x00, 0x00, 0x00, 0x00, 0x01, 0x00, 0x07, 0x90, 0xFF,
    0xFA, 0xFF, 0xFF, 0xF9, 0xFF, 0x5E, 0x00, 0x00, 0x00, 0x00, 0x00, 0x00,
    0x00, 0x01, 0x03, 0x05, 0x05, 0x00, 0x00, 0x00, 0x00, 0x11, 0x2F, 0x4E,
    0x75, 0xA5, 0xD6, 0xFF, 0xFF, 0xFF, 0xFF, 0xFA, 0xFA, 0xFC, 0xFE, 0xFF,
    0xFF, 0xFF, 0xFF, 0xFF, 0xFD, 0xFF, 0xD4, 0x0A, 0x01, 0x01, 0x00, 0x00,
    0x00, 0x00, 0x00, 0x00, 0x00, 0x00, 0x00, 0x00, 0x01, 0x00, 0x26, 0xC7,
    0xFF, 0xFF, 0xFA, 0xFE, 0xFF, 0xFF, 0xFF, 0xFF, 0xFB, 0x58, 0x00, 0x01,
    0x00, 0x00, 0x00, 0x00, 0x00, 0x00, 0x00, 0x00, 0x00, 0x00, 0x00, 0x00,
    0x00, 0x00, 0x00, 0x00, 0x00, 0x00, 0x00, 0x60, 0xD7, 0xF4, 0xF1, 0xCC,
    0x38, 0x00, 0x00, 0x00, 0x00, 0x00, 0x00, 0x00, 0x00, 0x00, 0x00, 0x00,
    0x00, 0x00, 0x00, 0x00, 0x00, 0x00, 0x00, 0x01, 0x00, 0x07, 0x90, 0xFF,
    0xFA, 0xFF, 0xFF, 0xF9, 0xFF, 0x5E, 0x00, 0x00, 0x00, 0x00, 0x00, 0x00,
    0x00, 0x00, 0x00, 0x00, 0x00, 0x01, 0x03, 0x04, 0x02, 0x00, 0x00, 0x00,
    0x00, 0x0F, 0x27, 0x44, 0x72, 0xA4, 0xDE, 0xFF, 0xFF, 0xFF, 0xFF, 0xFB,
    0xFF, 0xFF, 0xFF, 0xFF, 0xFD, 0xFF, 0xD4, 0x0A, 0x01, 0x01, 0x00, 0x00,
    0x00, 0x00, 0x00, 0x00, 0x00, 0x00, 0x00, 0x01, 0x00, 0x1D, 0xCD, 0xFF,
    0xFB, 0xFD, 0xFF, 0xFF, 0xFF, 0xFF, 0xFF, 0xFC, 0xFF, 0x2B, 0x00, 0x00,
    0x00, 0x00, 0x00, 0x00, 0x00, 0x00, 0x00, 0x00, 0x00, 0x00, 0x00, 0x00,
    0x00, 0x00, 0x00, 0x00, 0x04, 0x00, 0x41, 0xF2, 0xFF, 0xFF, 0xFF, 0xFF,
    0xD9, 0x12, 0x00, 0x00, 0x00, 0x00, 0x00, 0x00, 0x00, 0x00, 0x00, 0x00,
    0x00, 0x00, 0x00, 0x00, 0x00, 0x00, 0x00, 0x01, 0x00, 0x07, 0x90, 0xFF,
    0xFA, 0xFF, 0xFF, 0xF9, 0xFF, 0x5E, 0x00, 0x00, 0x00, 0x00, 0x00, 0x00,
    0x00, 0x00, 0x00, 0x00, 0x00, 0x00, 0x00, 0x00, 0x00, 0x02, 0x03, 0x04,
    0x01, 0x00, 0x00, 0x00, 0x00, 0x0F, 0x23, 0x3F, 0x72, 0xA7, 0xE8, 0xFF,
    0xFF, 0xFF, 0xFF, 0xFF, 0xFD, 0xFF, 0xD4, 0x0B, 0x01, 0x01, 0x00, 0x00,
    0x00, 0x00, 0x00, 0x00, 0x00, 0x00, 0x01, 0x01, 0x0D, 0xB8, 0xFF, 0xFA,
    0xFF, 0xFF, 0xFF, 0xFF, 0xFF, 0xFD, 0xFC, 0xFF, 0xB0, 0x01, 0x00, 0x00,
    0x00, 0x00, 0x00, 0x00, 0x00, 0x00, 0x00, 0x00, 0x00, 0x00, 0x00, 0x00,
    0x00, 0x00, 0x00, 0x01, 0x02, 0x00, 0x84, 0xFF, 0xF8, 0xFE, 0xFE, 0xFA,
    0xFF, 0x49, 0x00, 0x00, 0x00, 0x00, 0x00, 0x00, 0x00, 0x00, 0x00, 0x00,
    0x00, 0x00, 0x00, 0x00, 0x00, 0x00, 0x00, 0x01, 0x00, 0x07, 0x90, 0xFF,
    0xFA, 0xFF, 0xFF, 0xF9, 0xFF, 0x5F, 0x00, 0x00, 0x00, 0x00, 0x00, 0x00,
    0x00, 0x00, 0x00, 0x00, 0x00, 0x00, 0x00, 0x00, 0x00, 0x00, 0x00, 0x00,
    0x00, 0x01, 0x02, 0x03, 0x00, 0x00, 0x00, 0x00, 0x00, 0x10, 0x1D, 0x65,
    0xF1, 0xFF, 0xFE, 0xFF, 0xFD, 0xFF, 0xD4, 0x0C, 0x01, 0x01, 0x00, 0x00,
    0x00, 0x00, 0x00, 0x00, 0x00, 0x00, 0x00, 0x03, 0x7B, 0xFF, 0xFB, 0xFF,
    0xFF, 0xFF, 0xFF, 0xFF, 0xFE, 0xFF, 0xFD, 0x9D, 0x12, 0x00, 0x00, 0x00,
    0x00, 0x00, 0x00, 0x00, 0x00, 0x00, 0x00, 0x00, 0x00, 0x00, 0x00, 0x00,
    0x00, 0x00, 0x00, 0x01, 0x01, 0x00, 0x8C, 0xFE, 0xF9, 0xFF, 0xFF, 0xFC,
    0xFF, 0x56, 0x00, 0x00, 0x00, 0x00, 0x00, 0x00, 0x00, 0x00, 0x00, 0x00,
    0x00, 0x00, 0x00, 0x00, 0x00, 0x00, 0x00, 0x01, 0x00, 0x07, 0x90, 0xFF,
    0xFA, 0xFF, 0xFF, 0xF9, 0xFF, 0x60, 0x00, 0x00, 0x00, 0x00, 0x00, 0x00,
    0x00, 0x00, 0x00, 0x00, 0x00, 0x00, 0x00, 0x00, 0x00, 0x00, 0x00, 0x00,
    0x00, 0x00, 0x00, 0x00, 0x00, 0x01, 0x02, 0x01, 0x00, 0x00, 0x00, 0x31,
    0xEA, 0xFF, 0xFE, 0xFF, 0xFD, 0xFF, 0xD4, 0x0B, 0x01, 0x01, 0x00, 0x00,
    0x00, 0x00, 0x00, 0x00, 0x00, 0x00, 0x00, 0x2D, 0xF9, 0xFD, 0xFE, 0xFF,
    0xFF, 0xFF, 0xFE, 0xFF, 0xF1, 0x78, 0x1C, 0x07, 0x00, 0x00, 0x00, 0x00,
    0x00, 0x00, 0x00, 0x00, 0x00, 0x00, 0x00, 0x00, 0x00, 0x00, 0x00, 0x00,
    0x00, 0x00, 0x00, 0x00, 0x04, 0x00, 0x5D, 0xFF, 0xFF, 0xFF, 0xFF, 0xFF,
    0xF9, 0x21, 0x00, 0x00, 0x00, 0x00, 0x00, 0x00, 0x00, 0x00, 0x00, 0x00,
    0x00, 0x00, 0x00, 0x00, 0x00, 0x00, 0x00, 0x01, 0x00, 0x07, 0x90, 0xFF,
    0xFA, 0xFF, 0xFF, 0xF9, 0xFF, 0x61, 0x00, 0x00, 0x00, 0x00, 0x00, 0x00,
    0x00, 0x00, 0x00, 0x00, 0x00, 0x00, 0x00, 0x00, 0x00, 0x00, 0x00, 0x00,
    0x00, 0x00, 0x00, 0x00, 0x00, 0x00, 0x00, 0x00, 0x00, 0x03, 0x01, 0x38,
    0xEA, 0xFF, 0xFE, 0xFF, 0xFD, 0xFF, 0xD4, 0x0C, 0x01, 0x01, 0x00, 0x00,
    0x00, 0x00, 0x00, 0x00, 0x00, 0x00, 0x04, 0xA9, 0xFF, 0xFE, 0xFF, 0xFF,
    0xFF, 0xFC, 0xFF, 0xD1, 0x31, 0x00, 0x00, 0x00, 0x01, 0x00, 0x00, 0x00,
    0x00, 0x00, 0x00, 0x00, 0x00, 0x00, 0x00, 0x00, 0x00, 0x00, 0x00, 0x00,
    0x00, 0x00, 0x00, 0x00, 0x01, 0x00, 0x06, 0x96, 0xFB, 0xFE, 0xFE, 0xF8,
    0x67, 0x00, 0x00, 0x00, 0x00, 0x00, 0x00, 0x00, 0x00, 0x00, 0x00, 0x00,
    0x00, 0x00, 0x00, 0x00, 0x00, 0x00, 0x00, 0x01, 0x00, 0x07, 0x90, 0xFF,
    0xFA, 0xFF, 0xFF, 0xF9, 0xFF, 0x62, 0x00, 0x00, 0x00, 0x00, 0x00, 0x00,
    0x00, 0x00, 0x00, 0x00, 0x00, 0x00, 0x00, 0x00, 0x00, 0x00, 0x00, 0x00,
    0x00, 0x00, 0x00, 0x00, 0x00, 0x00, 0x00, 0x00, 0x00, 0x02, 0x00, 0x38,
    0xEA, 0xFF, 0xFE, 0xFF, 0xFD, 0xFF, 0xD4, 0x0C, 0x01, 0x01, 0x00, 0x00,
    0x00, 0x00, 0x00, 0x00, 0x00, 0x00, 0x26, 0xFF, 0xFE, 0xFF, 0xFF, 0xFF,
    0xFD, 0xFF, 0xDA, 0x31, 0x00, 0x01, 0x01, 0x00, 0x00, 0x00, 0x00, 0x00,
    0x00, 0x00, 0x00, 0x00, 0x00, 0x00, 0x00, 0x00, 0x00, 0x00, 0x00, 0x00,
    0x00, 0x00, 0x00, 0x00, 0x00, 0x01, 0x00, 0x00, 0x59, 0xAA, 0xA1, 0x3B,
    0x00, 0x00, 0x00, 0x00, 0x00, 0x00, 0x00, 0x00, 0x00, 0x00, 0x00, 0x00,
    0x00, 0x00, 0x00, 0x00, 0x00, 0x00, 0x00, 0x01, 0x00, 0x07, 0x90, 0xFF,
    0xFA, 0xFF, 0xFF, 0xFA, 0xFF, 0x63, 0x00, 0x00, 0x00, 0x00, 0x00, 0x00,
    0x00, 0x00, 0x00, 0x00, 0x00, 0x00, 0x00, 0x00, 0x00, 0x00, 0x00, 0x00,
    0x00, 0x00, 0x00, 0x00, 0x00, 0x00, 0x00, 0x00, 0x00, 0x02, 0x00, 0x38,
    0xEA, 0xFF, 0xFE, 0xFF, 0xFD, 0xFF, 0xD4, 0x0C, 0x01, 0x01, 0x00, 0x00,
    0x00, 0x00, 0x00, 0x00, 0x00, 0x00, 0x57, 0xFF, 0xFE, 0xFF, 0xFF, 0xFD,
    0xFD, 0xFA, 0x56, 0x00, 0x03, 0x00, 0x00, 0x00, 0x00, 0x00, 0x00, 0x00,
    0x00, 0x00, 0x00, 0x00, 0x00, 0x00, 0x00, 0x00, 0x00, 0x00, 0x00, 0x00,
    0x00, 0x00, 0x00, 0x00, 0x00, 0x00, 0x00, 0x01, 0x00, 0x00, 0x00, 0x00,
    0x01, 0x00, 0x00, 0x00, 0x00, 0x00, 0x00, 0x00, 0x00, 0x00, 0x00, 0x00,
    0x00, 0x00, 0x00, 0x00, 0x00, 0x00, 0x00, 0x01, 0x00, 0x07, 0x90, 0xFF,
    0xFA, 0xFF, 0xFF, 0xFA, 0xFF, 0x64, 0x00, 0x00, 0x00, 0x00, 0x00, 0x00,
    0x00, 0x00, 0x00, 0x00, 0x00, 0x00, 0x00, 0x00, 0x00, 0x00, 0x00, 0x00,
    0x00, 0x00, 0x00, 0x00, 0x00, 0x00, 0x00, 0x00, 0x00, 0x02, 0x00, 0x38,
    0xEA, 0xFF, 0xFE, 0xFF, 0xFD, 0xFF, 0xD4, 0x0C, 0x01, 0x01, 0x00, 0x00,
    0x00, 0x00, 0x00, 0x00, 0x00, 0x00, 0x38, 0xFF, 0xFC, 0xFD, 0xFD, 0xF8,
    0xFF, 0x9B, 0x04, 0x01, 0x01, 0x00, 0x00, 0x00, 0x00, 0x00, 0x00, 0x00,
    0x00, 0x00, 0x00, 0x00, 0x00, 0x00, 0x00, 0x00, 0x00, 0x00, 0x00, 0x00,
    0x00, 0x00, 0x00, 0x00, 0x00, 0x00, 0x00, 0x00, 0x02, 0x03, 0x03, 0x01,
    0x00, 0x00, 0x00, 0x00, 0x00, 0x00, 0x00, 0x00, 0x00, 0x00, 0x00, 0x00,
    0x00, 0x00, 0x00, 0x00, 0x00, 0x00, 0x00, 0x01, 0x00, 0x07, 0x90, 0xFF,
    0xFA, 0xFF, 0xFF, 0xFA, 0xFF, 0x64, 0x00, 0x00, 0x00, 0x00, 0x00, 0x00,
    0x00, 0x00, 0x00, 0x00, 0x00, 0x00, 0x00, 0x00, 0x00, 0x00, 0x00, 0x00,
    0x00, 0x00, 0x00, 0x00, 0x00, 0x00, 0x00, 0x00, 0x00, 0x02, 0x00, 0x38,
    0xEA, 0xFF, 0xFE, 0xFF, 0xFD, 0xFF, 0xD4, 0x0C, 0x01, 0x01, 0x00, 0x00,
    0x00, 0x00, 0x00, 0x00, 0x00, 0x00, 0x09, 0xC7, 0xFF, 0xFF, 0xFF, 0xFF,
    0xE2, 0x3A, 0x01, 0x04, 0x00, 0x00, 0x00, 0x00, 0x00, 0x00, 0x00, 0x00,
    0x00, 0x00, 0x00, 0x00, 0x00, 0x00, 0x00, 0x00, 0x00, 0x00, 0x00, 0x00,
    0x00, 0x00, 0x00, 0x00, 0x00, 0x00, 0x00, 0x00, 0x00, 0x00, 0x00, 0x00,
    0x00, 0x00, 0x00, 0x00, 0x00, 0x00, 0x00, 0x00, 0x00, 0x00, 0x00, 0x00,
    0x00, 0x00, 0x00, 0x00, 0x00, 0x00, 0x00, 0x01, 0x00, 0x07, 0x90, 0xFF,
    0xFA, 0xFF, 0xFF, 0xFA, 0xFF, 0x64, 0x00, 0x00, 0x00, 0x00, 0x00, 0x00,
    0x00, 0x00, 0x00, 0x00, 0x00, 0x00, 0x00, 0x00, 0x00, 0x00, 0x00, 0x00,
    0x00, 0x00, 0x00, 0x00, 0x00, 0x00, 0x00, 0x00, 0x00, 0x02, 0x00, 0x38,
    0xEA, 0xFF, 0xFE, 0xFF, 0xFD, 0xFF, 0xD4, 0x0C, 0x01, 0x01, 0x00, 0x00,
    0x00, 0x00, 0x00, 0x00, 0x00, 0x00, 0x00, 0x27, 0xC0, 0xE1, 0xE6, 0xCB,
    0x53, 0x00, 0x02, 0x00, 0x00, 0x00, 0x00, 0x00, 0x00, 0x00, 0x00, 0x00,
    0x00, 0x00, 0x00, 0x00, 0x00, 0x00, 0x00, 0x00, 0x00, 0x00, 0x00, 0x00,
    0x00, 0x00, 0x00, 0x00, 0x00, 0x00, 0x00, 0x00, 0x00, 0x00, 0x00, 0x00,
    0x00, 0x00, 0x00, 0x00, 0x00, 0x00, 0x00, 0x00, 0x00, 0x00, 0x00, 0x00,
    0x00, 0x00, 0x00, 0x00, 0x00, 0x00, 0x00, 0x01, 0x00, 0x07, 0x90, 0xFF,
    0xFA, 0xFF, 0xFF, 0xFA, 0xFF, 0x65, 0x00, 0x00, 0x00, 0x00, 0x00, 0x00,
    0x00, 0x00, 0x00, 0x00, 0x00, 0x00, 0x00, 0x00, 0x00, 0x00, 0x00, 0x00,
    0x00, 0x00, 0x00, 0x00, 0x00, 0x00, 0x00, 0x00, 0x00, 0x02, 0x00, 0x38,
    0xEA, 0xFF, 0xFE, 0xFF, 0xFD, 0xFF, 0xD4, 0x0C, 0x01, 0x01, 0x00, 0x00,
    0x00, 0x00, 0x00, 0x00, 0x00, 0x00, 0x00, 0x00, 0x00, 0x3F, 0x45, 0x0F,
    0x00, 0x03, 0x00, 0x00, 0x00, 0x00, 0x00, 0x00, 0x00, 0x00, 0x00, 0x00,
    0x00, 0x00, 0x00, 0x00, 0x00, 0x00, 0x00, 0x00, 0x00, 0x00, 0x00, 0x00,
    0x00, 0x00, 0x00, 0x00, 0x00, 0x00, 0x00, 0x00, 0x00, 0x00, 0x00, 0x00,
    0x00, 0x00, 0x00, 0x00, 0x00, 0x00, 0x00, 0x00, 0x00, 0x00, 0x00, 0x00,
    0x00, 0x00, 0x00, 0x00, 0x00, 0x00, 0x00, 0x01, 0x00, 0x07, 0x90, 0xFF,
    0xFA, 0xFF, 0xFF, 0xFA, 0xFF, 0x66, 0x00, 0x00, 0x00, 0x00, 0x00, 0x00,
    0x00, 0x00, 0x00, 0x00, 0x00, 0x00, 0x00, 0x00, 0x00, 0x00, 0x00, 0x00,
    0x00, 0x00, 0x00, 0x00, 0x00, 0x00, 0x00, 0x00, 0x00, 0x02, 0x00, 0x38,
    0xEA, 0xFF, 0xFE, 0xFF, 0xFD, 0xFF, 0xD5, 0x0D, 0x01, 0x01, 0x00, 0x00,
    0x00, 0x00, 0x00, 0x00, 0x00, 0x00, 0x00, 0x02, 0x03, 0x00, 0x00, 0x00,
    0x04, 0x00, 0x00, 0x00, 0x00, 0x00, 0x00, 0x00, 0x00, 0x00, 0x00, 0x00,
    0x00, 0x00, 0x00, 0x00, 0x00, 0x00, 0x00, 0x00, 0x00, 0x00, 0x00, 0x00,
    0x00, 0x00, 0x00, 0x00, 0x00, 0x00, 0x00, 0x00, 0x00, 0x00, 0x00, 0x00,
    0x00, 0x00, 0x00, 0x00, 0x00, 0x00, 0x00, 0x00, 0x00, 0x00, 0x00, 0x00,
    0x00, 0x00, 0x00, 0x00, 0x00, 0x00, 0x00, 0x01, 0x00, 0x07, 0x90, 0xFF,
    0xFA, 0xFF, 0xFF, 0xFA, 0xFF, 0x68, 0x00, 0x00, 0x00, 0x00, 0x00, 0x00,
    0x00, 0x00, 0x00, 0x00, 0x00, 0x00, 0x00, 0x00, 0x00, 0x00, 0x00, 0x00,
    0x00, 0x00, 0x00, 0x00, 0x00, 0x00, 0x00, 0x00, 0x00, 0x02, 0x00, 0x38,
    0xEA, 0xFF, 0xFE, 0xFF, 0xFD, 0xFF, 0xD5, 0x0D, 0x01, 0x01, 0x00, 0x00,
    0x00, 0x00, 0x00, 0x00, 0x00, 0x00, 0x00, 0x00, 0x01, 0x03, 0x04, 0x02,
    0x00, 0x00, 0x00, 0x00, 0x00, 0x00, 0x00, 0x00, 0x00, 0x00, 0x00, 0x00,
    0x00, 0x00, 0x00, 0x00, 0x01, 0x00, 0x00, 0x00, 0x00, 0x00, 0x00, 0x00,
    0x00, 0x00, 0x00, 0x00, 0x00, 0x00, 0x00, 0x00, 0x00, 0x00, 0x00, 0x00,
    0x00, 0x00, 0x00, 0x00, 0x00, 0x00, 0x00, 0x00, 0x00, 0x00, 0x00, 0x00,
    0x01, 0x03, 0x05, 0x05, 0x06, 0x06, 0x05, 0x04, 0x01, 0x07, 0x90, 0xFF,
    0xFA, 0xFF, 0xFF, 0xFA, 0xFF, 0x69, 0x00, 0x00, 0x00, 0x00, 0x00, 0x00,
    0x00, 0x00, 0x00, 0x00, 0x00, 0x00, 0x00, 0x00, 0x00, 0x00, 0x00, 0x00,
    0x00, 0x00, 0x00, 0x00, 0x00, 0x00, 0x00, 0x00, 0x00, 0x02, 0x00, 0x38,
    0xEA, 0xFF, 0xFE, 0xFF, 0xFD, 0xFF, 0xD5, 0x0E, 0x01, 0x01, 0x00, 0x00,
    0x00, 0x00, 0x00, 0x00, 0x00, 0x00, 0x00, 0x00, 0x00, 0x00, 0x00, 0x00,
    0x00, 0x00, 0x00, 0x00, 0x00, 0x00, 0x00, 0x00, 0x00, 0x00, 0x00, 0x00,
    0x00, 0x00, 0x03, 0x05, 0x02, 0x05, 0x03, 0x00, 0x00, 0x00, 0x00, 0x00,
    0x00, 0x00, 0x00, 0x00, 0x00, 0x00, 0x00, 0x00, 0x00, 0x00, 0x00, 0x00,
    0x00, 0x00, 0x00, 0x00, 0x00, 0x00, 0x00, 0x00, 0x00, 0x00, 0x01, 0x05,
    0x03, 0x00, 0x00, 0x00, 0x00, 0x00, 0x00, 0x00, 0x03, 0x0D, 0x91, 0xFF,
    0xFA, 0xFF, 0xFF, 0xFA, 0xFF, 0x6A, 0x00, 0x00, 0x00, 0x00, 0x00, 0x00,
    0x00, 0x00, 0x00, 0x00, 0x00, 0x00, 0x00, 0x00, 0x00, 0x00, 0x00, 0x00,
    0x00, 0x00, 0x00, 0x00, 0x00, 0x00, 0x00, 0x00, 0x00, 0x02, 0x00, 0x38,
    0xEA, 0xFF, 0xFE, 0xFF, 0xFD, 0xFF, 0xD5, 0x0E, 0x01, 0x01, 0x00, 0x00,
    0x00, 0x00, 0x00, 0x00, 0x00, 0x00, 0x00, 0x00, 0x00, 0x00, 0x00, 0x00,
    0x00, 0x00, 0x00, 0x00, 0x00, 0x00, 0x00, 0x00, 0x00, 0x00, 0x00, 0x00,
    0x00, 0x03, 0x00, 0x00, 0x03, 0x00, 0x00, 0x03, 0x00, 0x00, 0x00, 0x00,
    0x00, 0x00, 0x00, 0x00, 0x00, 0x00, 0x00, 0x00, 0x00, 0x00, 0x00, 0x00,
    0x00, 0x00, 0x00, 0x00, 0x00, 0x00, 0x00, 0x00, 0x00, 0x03, 0x01, 0x00,
    0x00, 0x40, 0x6A, 0x82, 0x92, 0x85, 0x6D, 0x49, 0x03, 0x00, 0x8F, 0xFF,
    0xFA, 0xFF, 0xFF, 0xFA, 0xFF, 0x6A, 0x00, 0x00, 0x00, 0x00, 0x00, 0x00,
    0x00, 0x00, 0x00, 0x00, 0x00, 0x00, 0x00, 0x00, 0x00, 0x00, 0x00, 0x00,
    0x00, 0x00, 0x00, 0x00, 0x00, 0x00, 0x00, 0x00, 0x00, 0x02, 0x00, 0x38,
    0xEA, 0xFF, 0xFE, 0xFF, 0xFD, 0xFF, 0xD5, 0x0E, 0x01, 0x01, 0x00, 0x00,
    0x00, 0x00, 0x00, 0x00, 0x00, 0x00, 0x00, 0x00, 0x00, 0x00, 0x00, 0x00,
    0x00, 0x00, 0x00, 0x00, 0x00, 0x00, 0x00, 0x00, 0x00, 0x00, 0x00, 0x01,
    0x01, 0x00, 0x47, 0xB6, 0xC5, 0xAF, 0x38, 0x00, 0x00, 0x01, 0x00, 0x00,
    0x00, 0x00, 0x00, 0x00, 0x00, 0x00, 0x00, 0x00, 0x00, 0x00, 0x00, 0x00,
    0x00, 0x00, 0x00, 0x00, 0x00, 0x00, 0x00, 0x00, 0x03, 0x00, 0x17, 0x8D,
    0xCE, 0xE7, 0xF6, 0xFF, 0xFF, 0xFF, 0xF7, 0xEA, 0xD1, 0x97, 0xA7, 0xFF,
    0xFB, 0xFF, 0xFF, 0xFA, 0xFF, 0x6A, 0x00, 0x00, 0x00, 0x00, 0x00, 0x00,
    0x00, 0x00, 0x00, 0x00, 0x00, 0x00, 0x00, 0x00, 0x00, 0x00, 0x00, 0x00,
    0x00, 0x00, 0x00, 0x00, 0x00, 0x00, 0x00, 0x00, 0x00, 0x02, 0x00, 0x38,
    0xEA, 0xFF, 0xFE, 0xFF, 0xFD, 0xFF, 0xD5, 0x0F, 0x01, 0x01, 0x00, 0x00,
    0x00, 0x00, 0x00, 0x00, 0x00, 0x00, 0x00, 0x00, 0x00, 0x00, 0x00, 0x00,
    0x00, 0x00, 0x00, 0x00, 0x00, 0x00, 0x00, 0x00, 0x00, 0x00, 0x00, 0x01,
    0x00, 0x44, 0xE9, 0xFF, 0xFF, 0xFF, 0xE4, 0x3A, 0x00, 0x01, 0x00, 0x00,
    0x00, 0x00, 0x00, 0x00, 0x00, 0x00, 0x00, 0x00, 0x00, 0x00, 0x00, 0x00,
    0x00, 0x00, 0x00, 0x00, 0x00, 0x00, 0x01, 0x00, 0x03, 0x72, 0xE0, 0xFF,
    0xFF, 0xFF, 0xFF, 0xFF, 0xFF, 0xFF, 0xFF, 0xFF, 0xFF, 0xFF, 0xF5, 0xFF,
    0xFF, 0xFF, 0xFF, 0xFA, 0xFF, 0x6B, 0x00, 0x00, 0x00, 0x00, 0x00, 0x00,
    0x00, 0x00, 0x00, 0x00, 0x00, 0x00, 0x00, 0x00, 0x00, 0x00, 0x00, 0x00,
    0x00, 0x00, 0x00, 0x00, 0x00, 0x00, 0x00, 0x00, 0x00, 0x02, 0x00, 0x38,
    0xEA, 0xFF, 0xFE, 0xFF, 0xFD, 0xFF, 0xD5, 0x0F, 0x01, 0x01, 0x00, 0x00,
    0x00, 0x00, 0x00, 0x00, 0x00, 0x00, 0x00, 0x00, 0x00, 0x00, 0x00, 0x00,
    0x00, 0x00, 0x00, 0x00, 0x00, 0x00, 0x00, 0x00, 0x00, 0x00, 0x01, 0x00,
    0x17, 0xBE, 0xFF, 0xF9, 0xFC, 0xF9, 0xFF, 0xA7, 0x0F, 0x00, 0x01, 0x00,
    0x00, 0x00, 0x00, 0x00, 0x00, 0x00, 0x00, 0x00, 0x00, 0x00, 0x00, 0x00,
    0x00, 0x00, 0x00, 0x00, 0x00, 0x01, 0x00, 0x0C, 0x9B, 0xFA, 0xFF, 0xFF,
    0xFD, 0xFE, 0xFE, 0xFE, 0xFF, 0xFE, 0xFE, 0xFE, 0xFD, 0xFF, 0xFF, 0xFF,
    0xFF, 0xFF, 0xFF, 0xFA, 0xFF, 0x6C, 0x00, 0x00, 0x00, 0x00, 0x00, 0x00,
    0x00, 0x00, 0x00, 0x00, 0x00, 0x00, 0x00, 0x00, 0x00, 0x00, 0x00, 0x00,
    0x00, 0x00, 0x00, 0x00, 0x00, 0x00, 0x00, 0x00, 0x00, 0x02, 0x00, 0x38,
    0xEA, 0xFF, 0xFE, 0xFF, 0xFD, 0xFF, 0xD5, 0x0F, 0x01, 0x01, 0x00, 0x00,
    0x00, 0x00, 0x00, 0x00, 0x00, 0x00, 0x00, 0x00, 0x00, 0x00, 0x00, 0x00,
    0x00, 0x00, 0x00, 0x00, 0x00, 0x00, 0x00, 0x00, 0x00, 0x00, 0x02, 0x00,
    0x28, 0xEC, 0xFE, 0xFD, 0xFF, 0xFD, 0xFE, 0xD5, 0x1F, 0x00, 0x01, 0x00,
    0x00, 0x00, 0x00, 0x00, 0x00, 0x00, 0x00, 0x00, 0x00, 0x00, 0x00, 0x00,
    0x00, 0x00, 0x00, 0x00, 0x01, 0x00, 0x14, 0xB2, 0xFF, 0xFF, 0xFE, 0xFF,
    0xFF, 0xFF, 0xFF, 0xFF, 0xFF, 0xFF, 0xFF, 0xFF, 0xFF, 0xFF, 0xFF, 0xFF,
    0xFF, 0xFF, 0xFF, 0xFA, 0xFF, 0x6D, 0x00, 0x00, 0x00, 0x00, 0x00, 0x00,
    0x00, 0x00, 0x00, 0x00, 0x00, 0x00, 0x00, 0x00, 0x00, 0x00, 0x00, 0x00,
    0x00, 0x00, 0x00, 0x00, 0x00, 0x00, 0x00, 0x00, 0x00, 0x02, 0x00, 0x38,
    0xEA, 0xFF, 0xFE, 0xFF, 0xFD, 0xFF, 0xD5, 0x0F, 0x01, 0x01, 0x00, 0x00,
    0x00, 0x00, 0x00, 0x00, 0x00, 0x00, 0x00, 0x00, 0x00, 0x00, 0x00, 0x00,
    0x00, 0x00, 0x00, 0x00, 0x00, 0x00, 0x00, 0x00, 0x00, 0x00, 0x01, 0x00,
    0x1F, 0xD5, 0xFF, 0xFC, 0xFF, 0xFB, 0xFF, 0xBE, 0x17, 0x00, 0x01, 0x00,
    0x00, 0x00, 0x00, 0x00, 0x00, 0x00, 0x00, 0x00, 0x00, 0x00, 0x00, 0x00,
    0x00, 0x00, 0x00, 0x01, 0x00, 0x05, 0x8F, 0xFF, 0xFC, 0xFF, 0xFF, 0xFF,
    0xFF, 0xFF, 0xFF, 0xFF, 0xFF, 0xFF, 0xFF, 0xFF, 0xFF, 0xFF, 0xFF, 0xFF,
    0xFF, 0xFF, 0xFF, 0xFA, 0xFF, 0x6E, 0x00, 0x00, 0x00, 0x00, 0x00, 0x00,
    0x00, 0x00, 0x00, 0x00, 0x00, 0x00, 0x00, 0x00, 0x00, 0x00, 0x00, 0x00,
    0x00, 0x00, 0x00, 0x00, 0x00, 0x00, 0x00, 0x00, 0x00, 0x02, 0x00, 0x38,
    0xEA, 0xFF, 0xFE, 0xFF, 0xFD, 0xFF, 0xD6, 0x10, 0x00, 0x01, 0x00, 0x00,
    0x00, 0x00, 0x00, 0x00, 0x00, 0x00, 0x00, 0x00, 0x00, 0x00, 0x00, 0x00,
    0x00, 0x00, 0x00, 0x00, 0x00, 0x00, 0x00, 0x00, 0x00, 0x00, 0x00, 0x00,
    0x00, 0x6B, 0xFE, 0xFF, 0xFF, 0xFF, 0xFD, 0x5D, 0x00, 0x01, 0x00, 0x00,
    0x00, 0x00, 0x00, 0x00, 0x00, 0x00, 0x00, 0x00, 0x00, 0x00, 0x00, 0x00,
    0x00, 0x00, 0x00, 0x00, 0x00, 0x54, 0xFF, 0xFB, 0xFF, 0xFF, 0xFF, 0xFF,
    0xFF, 0xFF, 0xFF, 0xFF, 0xFF, 0xFF, 0xFF, 0xFF, 0xFF, 0xFF, 0xFF, 0xFF,
    0xFF, 0xFF, 0xFF, 0xFA, 0xFF, 0x6F, 0x00, 0x00, 0x00, 0x00, 0x00, 0x00,
    0x00, 0x00, 0x00, 0x00, 0x00, 0x00, 0x00, 0x00, 0x00, 0x00, 0x00, 0x00,
    0x00, 0x00, 0x00, 0x00, 0x00, 0x00, 0x00, 0x00, 0x00, 0x02, 0x00, 0x38,
    0xEA, 0xFF, 0xFE, 0xFF, 0xFD, 0xFF, 0xD6, 0x10, 0x00, 0x01, 0x00, 0x00,
    0x00, 0x00, 0x00, 0x00, 0x00, 0x00, 0x00, 0x00, 0x00, 0x00, 0x00, 0x00,
    0x00, 0x00, 0x00, 0x00, 0x00, 0x00, 0x00, 0x00, 0x00, 0x00, 0x00, 0x01,
    0x00, 0x07, 0x81, 0xEB, 0xED, 0xE9, 0x70, 0x02, 0x00, 0x01, 0x00, 0x00,
    0x00, 0x00, 0x00, 0x00, 0x00, 0x00, 0x00, 0x00, 0x00, 0x00, 0x00, 0x00,
    0x00, 0x00, 0x00, 0x00, 0x13, 0xD3, 0xFE, 0xFD, 0xFF, 0xFF, 0xFF, 0xFF,
    0xFF, 0xFF, 0xFF, 0xFF, 0xFF, 0xFF, 0xFF, 0xFF, 0xFF, 0xFF, 0xFF, 0xFF,
    0xFF, 0xFF, 0xFF, 0xFA, 0xFF, 0x6F, 0x00, 0x00, 0x00, 0x00, 0x00, 0x00,
    0x00, 0x00, 0x00, 0x00, 0x00, 0x00, 0x00, 0x00, 0x00, 0x00, 0x00, 0x00,
    0x00, 0x00, 0x01, 0x02, 0x02, 0x03, 0x03, 0x02, 0x02, 0x03, 0x00, 0x38,
    0xEA, 0xFF, 0xFE, 0xFF, 0xFD, 0xFF, 0xD6, 0x10, 0x00, 0x01, 0x00, 0x00,
    0x00, 0x00, 0x00, 0x00, 0x00, 0x00, 0x00, 0x00, 0x00, 0x00, 0x00, 0x00,
    0x00, 0x00, 0x00, 0x00, 0x00, 0x00, 0x00, 0x00, 0x00, 0x00, 0x00, 0x00,
    0x00, 0x00, 0x00, 0x14, 0x39, 0x0E, 0x00, 0x00, 0x00, 0x00, 0x00, 0x00,
    0x00, 0x00, 0x00, 0x00, 0x00, 0x00, 0x00, 0x00, 0x00, 0x00, 0x00, 0x00,
    0x00, 0x00, 0x00, 0x01, 0x5A, 0xFF, 0xFC, 0xFF, 0xFF, 0xFF, 0xFF, 0xFF,
    0xFF, 0xFF, 0xFF, 0xFF, 0xFF, 0xFF, 0xFF, 0xFF, 0xFF, 0xFF, 0xFF, 0xFF,
    0xFF, 0xFF, 0xFF, 0xFA, 0xFF, 0x70, 0x00, 0x00, 0x00, 0x00, 0x00, 0x00,
    0x00, 0x00, 0x00, 0x00, 0x00, 0x00, 0x00, 0x00, 0x00, 0x00, 0x00, 0x00,
    0x02, 0x04, 0x00, 0x00, 0x00, 0x00, 0x00, 0x00, 0x00, 0x00, 0x04, 0x3A,
    0xEA, 0xFF, 0xFE, 0xFF, 0xFD, 0xFF, 0xD6, 0x10, 0x00, 0x01, 0x00, 0x00,
    0x00, 0x00, 0x00, 0x00, 0x00, 0x00, 0x00, 0x00, 0x00, 0x00, 0x00, 0x00,
    0x00, 0x00, 0x00, 0x00, 0x00, 0x00, 0x00, 0x00, 0x00, 0x00, 0x00, 0x00,
    0x00, 0x00, 0x02, 0x00, 0x00, 0x01, 0x02, 0x00, 0x00, 0x00, 0x00, 0x00,
    0x00, 0x00, 0x00, 0x00, 0x00, 0x00, 0x00, 0x00, 0x00, 0x00, 0x00, 0x00,
    0x00, 0x00, 0x00, 0x04, 0xB4, 0xFE, 0xFD, 0xFF, 0xFF, 0xFF, 0xFF, 0xFF,
    0xFF, 0xFF, 0xFF, 0xFF, 0xFF, 0xFF, 0xFF, 0xFF, 0xFF, 0xFF, 0xFF, 0xFF,
    0xFF, 0xFF, 0xFF, 0xFA, 0xFF, 0x71, 0x00, 0x00, 0x00, 0x00, 0x00, 0x00,
    0x00, 0x00, 0x00, 0x00, 0x00, 0x00, 0x00, 0x00, 0x00, 0x00, 0x02, 0x04,
    0x00, 0x00, 0x04, 0x20, 0x2B, 0x35, 0x36, 0x2B, 0x20, 0x07, 0x00, 0x31,
    0xEB, 0xFF, 0xFE, 0xFF, 0xFD, 0xFF, 0xD6, 0x10, 0x00, 0x01, 0x00, 0x00,
    0x00, 0x00, 0x00, 0x00, 0x00, 0x00, 0x00, 0x00, 0x00, 0x00, 0x00, 0x00,
    0x00, 0x00, 0x00, 0x00, 0x00, 0x00, 0x00, 0x00, 0x00, 0x00, 0x00, 0x00,
    0x00, 0x00, 0x00, 0x01, 0x02, 0x01, 0x00, 0x00, 0x00, 0x00, 0x00, 0x00,
    0x00, 0x00, 0x00, 0x00, 0x00, 0x00, 0x00, 0x00, 0x00, 0x00, 0x00, 0x00,
    0x00, 0x00, 0x00, 0x12, 0xF2, 0xFF, 0xFE, 0xFF, 0xFF, 0xFF, 0xFF, 0xFF,
    0xFF, 0xFF, 0xFF, 0xFF, 0xFF, 0xFF, 0xFF, 0xFF, 0xFF, 0xFF, 0xFF, 0xFF,
    0xFF, 0xFF, 0xFF, 0xFA, 0xFF, 0x72, 0x00, 0x00, 0x00, 0x00, 0x00, 0x00,
    0x00, 0x00, 0x00, 0x00, 0x00, 0x00, 0x00, 0x00, 0x00, 0x02, 0x00, 0x00,
    0x21, 0x56, 0x90, 0xC7, 0xDE, 0xF3, 0xF3, 0xDE, 0xC6, 0x91, 0x53, 0x50,
    0xE9, 0xFF, 0xFE, 0xFF, 0xFD, 0xFF, 0xD6, 0x10, 0x00, 0x01, 0x00, 0x00,
    0x00, 0x00, 0x00, 0x00, 0x00, 0x00, 0x00, 0x00, 0x00, 0x00, 0x00, 0x00,
    0x00, 0x00, 0x00, 0x00, 0x00, 0x00, 0x00, 0x00, 0x00, 0x00, 0x00, 0x00,
    0x00, 0x00, 0x00, 0x00, 0x00, 0x00, 0x00, 0x00, 0x00, 0x00, 0x00, 0x00,
    0x00, 0x00, 0x00, 0x00, 0x00, 0x00, 0x00, 0x00, 0x00, 0x00, 0x00, 0x00,
    0x00, 0x00, 0x00, 0x2E, 0xFF, 0xFE, 0xFF, 0xFF, 0xFF, 0xFF, 0xFF, 0xFF,
    0xFF, 0xFF, 0xFF, 0xFF, 0xFF, 0xFF, 0xFF, 0xFF, 0xFF, 0xFF, 0xFF, 0xFF,
    0xFF, 0xFF, 0xFF, 0xFA, 0xFF, 0x7D, 0x02, 0x00, 0x00, 0x00, 0x00, 0x00,
    0x00, 0x00, 0x00, 0x00, 0x00, 0x00, 0x00, 0x00, 0x04, 0x00, 0x0D, 0x64,
    0xC3, 0xFF, 0xFF, 0xFF, 0xFF, 0xFF, 0xFF, 0xFF, 0xFF, 0xFF, 0xFF, 0xD0,
    0xF4, 0xFF, 0xFE, 0xFF, 0xFD, 0xFF, 0xD6, 0x11, 0x00, 0x01, 0x00, 0x00,
    0x00, 0x00, 0x00, 0x00, 0x00, 0x00, 0x03, 0x05, 0x05, 0x03, 0x01, 0x00,
    0x00, 0x00, 0x00, 0x00, 0x00, 0x00, 0x00, 0x00, 0x00, 0x00, 0x00, 0x00,
    0x00, 0x00, 0x00, 0x00, 0x00, 0x00, 0x00, 0x00, 0x00, 0x00, 0x00, 0x00,
    0x00, 0x00, 0x00, 0x00, 0x00, 0x00, 0x00, 0x00, 0x00, 0x00, 0x00, 0x00,
    0x00, 0x00, 0x00, 0x4A, 0xFE, 0xFE, 0xFF, 0xFF, 0xFF, 0xFF, 0xFF, 0xFF,
    0xFF, 0xFF, 0xFF, 0xFF, 0xFF, 0xFF, 0xFF, 0xFF, 0xFF, 0xFF, 0xFF, 0xFF,
    0xFF, 0xFF, 0xFF, 0xFB, 0xFF, 0x91, 0x07, 0x00, 0x01, 0x00, 0x00, 0x00,
    0x00, 0x00, 0x00, 0x00, 0x00, 0x00, 0x00, 0x04, 0x00, 0x23, 0xA7, 0xFF,
    0xFF, 0xFA, 0xFA, 0xFC, 0xFD, 0xFD, 0xFE, 0xFD, 0xFC, 0xFA, 0xFA, 0xFF,
    0xFF, 0xFF, 0xFF, 0xFF, 0xFD, 0xFF, 0xD6, 0x11, 0x00, 0x01, 0x00, 0x00,
    0x00, 0x00, 0x00, 0x00, 0x00, 0x05, 0x00, 0x00, 0x00, 0x00, 0x02, 0x07,
    0x04, 0x03, 0x01, 0x00, 0x00, 0x00, 0x00, 0x00, 0x00, 0x00, 0x00, 0x00,
    0x00, 0x00, 0x00, 0x00, 0x00, 0x00, 0x00, 0x00, 0x00, 0x00, 0x00, 0x00,
    0x00, 0x00, 0x00, 0x00, 0x00, 0x00, 0x00, 0x00, 0x00, 0x00, 0x00, 0x00,
    0x00, 0x00, 0x00, 0x57, 0xFF, 0xFE, 0xFF, 0xFF, 0xFF, 0xFF, 0xFF, 0xFF,
    0xFF, 0xFF, 0xFF, 0xFF, 0xFF, 0xFF, 0xFF, 0xFF, 0xFF, 0xFF, 0xFF, 0xFF,
    0xFF, 0xFF, 0xFF, 0xFB, 0xFF, 0x7B, 0x03, 0x00, 0x01, 0x00, 0x00, 0x00,
    0x00, 0x00, 0x00, 0x00, 0x00, 0x00, 0x03, 0x00, 0x35, 0xC4, 0xFF, 0xFB,
    0xFB, 0xFF, 0xFF, 0xFF, 0xFF, 0xFF, 0xFF, 0xFF, 0xFF, 0xFF, 0xFE, 0xFC,
    0xFE, 0xFF, 0xFF, 0xFF, 0xFD, 0xFF, 0xD6, 0x12, 0x00, 0x02, 0x00, 0x00,
    0x00, 0x00, 0x00, 0x00, 0x02, 0x00, 0x35, 0x62, 0x57, 0x2C, 0x00, 0x00,
    0x00, 0x00, 0x04, 0x06, 0x04, 0x02, 0x00, 0x00, 0x00, 0x00, 0x00, 0x00,
    0x00, 0x00, 0x00, 0x00, 0x00, 0x00, 0x00, 0x00, 0x00, 0x00, 0x00, 0x00,
    0x00, 0x00, 0x00, 0x00, 0x00, 0x00, 0x00, 0x00, 0x00, 0x00, 0x00, 0x00,
    0x00, 0x00, 0x00, 0x43, 0xFE, 0xFE, 0xFF, 0xFF, 0xFF, 0xFF, 0xFF, 0xFF,
    0xFF, 0xFF, 0xFF, 0xFF, 0xFF, 0xFF, 0xFF, 0xFF, 0xFF, 0xFF, 0xFF, 0xFF,
    0xFF, 0xFF, 0xFF, 0xF9, 0xFE, 0x57, 0x00, 0x01, 0x00, 0x00, 0x00, 0x00,
    0x00, 0x00, 0x00, 0x00, 0x00, 0x02, 0x03, 0x20, 0xC8, 0xFF, 0xFB, 0xFE,
    0xFF, 0xFF, 0xFF, 0xFF, 0xFF, 0xFF, 0xFF, 0xFF, 0xFF, 0xFF, 0xFF, 0xFF,
    0xFF, 0xFF, 0xFF, 0xFF, 0xFD, 0xFF, 0xD6, 0x12, 0x00, 0x02, 0x00, 0x00,
    0x00, 0x00, 0x00, 0x00, 0x00, 0x7C, 0xDA, 0xF8, 0xF0, 0xD4, 0xB5, 0x8E,
    0x5A, 0x27, 0x00, 0x00, 0x00, 0x00, 0x05, 0x05, 0x03, 0x01, 0x00, 0x00,
    0x00, 0x00, 0x00, 0x00, 0x00, 0x00, 0x00, 0x00, 0x00, 0x00, 0x00, 0x00,
    0x00, 0x00, 0x00, 0x00, 0x00, 0x00, 0x00, 0x00, 0x00, 0x00, 0x00, 0x00,
    0x00, 0x00, 0x00, 0x27, 0xFF, 0xFE, 0xFF, 0xFF, 0xFF, 0xFF, 0xFF, 0xFF,
    0xFF, 0xFF, 0xFF, 0xFF, 0xFF, 0xFF, 0xFF, 0xFF, 0xFF, 0xFF, 0xFF, 0xFF,
    0xFF, 0xFF, 0xFF, 0xF8, 0xFF, 0x42, 0x00, 0x02, 0x00, 0x00, 0x00, 0x00,
    0x00, 0x00, 0x00, 0x00, 0x00, 0x01, 0x00, 0xA3, 0xFF, 0xFB, 0xFE, 0xFF,
    0xFF, 0xFF, 0xFF, 0xFF, 0xFF, 0xFF, 0xFF, 0xFF, 0xFF, 0xFF, 0xFF, 0xFF,
    0xFF, 0xFF, 0xFF, 0xFF, 0xFD, 0xFF, 0xD7, 0x13, 0x00, 0x02, 0x00, 0x00,
    0x00, 0x00, 0x01, 0x00, 0x4C, 0xFD, 0xFF, 0xFF, 0xFF, 0xFF, 0xFF, 0xFF,
    0xF0, 0xD7, 0xBD, 0x90, 0x57, 0x21, 0x00, 0x00, 0x00, 0x00, 0x05, 0x04,
    0x03, 0x01, 0x00, 0x00, 0x00, 0x00, 0x00, 0x00, 0x00, 0x00, 0x00, 0x00,
    0x00, 0x00, 0x00, 0x00, 0x00, 0x00, 0x00, 0x00, 0x00, 0x00, 0x00, 0x00,
    0x00, 0x00, 0x00, 0x0D, 0xE9, 0xFF, 0xFE, 0xFF, 0xFF, 0xFF, 0xFF, 0xFF,
    0xFF, 0xFF, 0xFF, 0xFF, 0xFF, 0xFF, 0xFF, 0xFF, 0xFF, 0xFF, 0xFF, 0xFF,
    0xFF, 0xFF, 0xFE, 0xFE, 0xEE, 0x2A, 0x00, 0x02, 0x00, 0x00, 0x00, 0x00,
    0x00, 0x00, 0x00, 0x00, 0x05, 0x00, 0x57, 0xF9, 0xFF, 0xFD, 0xFF, 0xFF,
    0xFF, 0xFF, 0xFF, 0xFF, 0xFF, 0xFF, 0xFF, 0xFF, 0xFF, 0xFF, 0xFF, 0xFF,
    0xFF, 0xFF, 0xFF, 0xFF, 0xFD, 0xFF, 0xD6, 0x12, 0x00, 0x02, 0x00, 0x00,
    0x00, 0x00, 0x03, 0x00, 0xAC, 0xFF, 0xFD, 0xFE, 0xFE, 0xFC, 0xFB, 0xFD,
    0xFF, 0xFF, 0xFF, 0xFF, 0xEF, 0xDC, 0xC4, 0x90, 0x54, 0x19, 0x00, 0x00,
    0x00, 0x00, 0x03, 0x02, 0x01, 0x00, 0x00, 0x00, 0x00, 0x00, 0x00, 0x00,
    0x00, 0x00, 0x00, 0x00, 0x00, 0x00, 0x00, 0x00, 0x00, 0x00, 0x00, 0x00,
    0x00, 0x00, 0x00, 0x03, 0xA1, 0xFF, 0xFD, 0xFF, 0xFF, 0xFF, 0xFF, 0xFF,
    0xFF, 0xFF, 0xFF, 0xFF, 0xFF, 0xFF, 0xFF, 0xFF, 0xFF, 0xFF, 0xFF, 0xFF,
    0xFF, 0xFF, 0xFB, 0xFF, 0xB0, 0x11, 0x00, 0x01, 0x00, 0x00, 0x00, 0x00,
    0x00, 0x00, 0x00, 0x02, 0x01, 0x0B, 0xB9, 0xFF, 0xFC, 0xFF, 0xFF, 0xFF,
    0xFF, 0xFF, 0xFF, 0xFF, 0xFF, 0xFF, 0xFF, 0xFF, 0xFF, 0xFF, 0xFF, 0xFF,
    0xFF, 0xFF, 0xFF, 0xFF, 0xFD, 0xFF, 0xD7, 0x13, 0x00, 0x02, 0x00, 0x00,
    0x00, 0x00, 0x03, 0x00, 0xC2, 0xFE, 0xFF, 0xFF, 0xFF, 0xFF, 0xFF, 0xFF,
    0xFE, 0xFD, 0xFC, 0xFF, 0xFF, 0xFF, 0xFF, 0xFF, 0xF1, 0xE3, 0xCA, 0x91,
    0x5A, 0x1C, 0x00, 0x00, 0x00, 0x01, 0x00, 0x00, 0x00, 0x00, 0x00, 0x00,
    0x00, 0x00, 0x00, 0x00, 0x00, 0x00, 0x00, 0x00, 0x00, 0x00, 0x00, 0x00,
    0x00, 0x00, 0x00, 0x00, 0x47, 0xFF, 0xFC, 0xFF, 0xFF, 0xFF, 0xFF, 0xFF,
    0xFF, 0xFF, 0xFF, 0xFF, 0xFF, 0xFF, 0xFF, 0xFF, 0xFF, 0xFF, 0xFF, 0xFF,
    0xFF, 0xFF, 0xF9, 0xFF, 0x63, 0x01, 0x01, 0x00, 0x00, 0x00, 0x00, 0x00,
    0x00, 0x00, 0x00, 0x04, 0x00, 0x48, 0xE9, 0xFF, 0xFD, 0xFF, 0xFF, 0xFF,
    0xFF, 0xFF, 0xFF, 0xFF, 0xFF, 0xFF, 0xFF, 0xFF, 0xFF, 0xFF, 0xFF, 0xFF,
    0xFF, 0xFF, 0xFF, 0xFF, 0xFD, 0xFF, 0xD7, 0x13, 0x00, 0x02, 0x00, 0x00,
    0x00, 0x00, 0x03, 0x00, 0xC1, 0xFF, 0xFF, 0xFF, 0xFF, 0xFF, 0xFF, 0xFF,
    0xFF, 0xFF, 0xFF, 0xFF, 0xFE, 0xFD, 0xFD, 0xFF, 0xFF, 0xFF, 0xFF, 0xFF,
    0xF6, 0xEC, 0xCA, 0x8B, 0x34, 0x00, 0x00, 0x00, 0x00, 0x00, 0x00, 0x00,
    0x00, 0x00, 0x00, 0x00, 0x00, 0x00, 0x00, 0x00, 0x00, 0x00, 0x00, 0x00,
    0x00, 0x00, 0x00, 0x00, 0x0C, 0xBB, 0xFF, 0xFD, 0xFF, 0xFF, 0xFF, 0xFF,
    0xFF, 0xFF, 0xFF, 0xFF, 0xFF, 0xFF, 0xFF, 0xFF, 0xFF, 0xFF, 0xFF, 0xFF,
    0xFF, 0xFC, 0xFF, 0xC7, 0x1F, 0x00, 0x02, 0x00, 0x00, 0x00, 0x00, 0x00,
    0x00, 0x00, 0x00, 0x06, 0x00, 0x82, 0xFF, 0xFC, 0xFF, 0xFF, 0xFF, 0xFF,
    0xFF, 0xFF, 0xFF, 0xFF, 0xFF, 0xFF, 0xFF, 0xFF, 0xFF, 0xFF, 0xFF, 0xFF,
    0xFF, 0xFF, 0xFF, 0xFF, 0xFD, 0xFF, 0xD7, 0x13, 0x00, 0x02, 0x00, 0x00,
    0x00, 0x00, 0x03, 0x00, 0xC1, 0xFF, 0xFF, 0xFF, 0xFF, 0xFF, 0xFF, 0xFF,
    0xFF, 0xFF, 0xFF, 0xFF, 0xFF, 0xFF, 0xFF, 0xFF, 0xFE, 0xFE, 0xFE, 0xFF,
    0xFF, 0xFF, 0xFF, 0xFC, 0xF7, 0x8B, 0x05, 0x00, 0x01, 0x00, 0x00, 0x00,
    0x00, 0x00, 0x00, 0x00, 0x00, 0x00, 0x00, 0x00, 0x00, 0x00, 0x00, 0x00,
    0x00, 0x00, 0x00, 0x00, 0x00, 0x3C, 0xFC, 0xFD, 0xFE, 0xFF, 0xFF, 0xFF,
    0xFF, 0xFF, 0xFF, 0xFF, 0xFF, 0xFF, 0xFF, 0xFF, 0xFF, 0xFF, 0xFF, 0xFF,
    0xFD, 0xFC, 0xFE, 0x5B, 0x00, 0x02, 0x00, 0x00, 0x00, 0x00, 0x00, 0x00,
    0x00, 0x00, 0x01, 0x02, 0x00, 0xA8, 0xFF, 0xFB, 0xFF, 0xFF, 0xFF, 0xFF,
    0xFF, 0xFF, 0xFF, 0xFF, 0xFF, 0xFF, 0xFF, 0xFF, 0xFF, 0xFF, 0xFF, 0xFF,
    0xFF, 0xFF, 0xFF, 0xFF, 0xFD, 0xFF, 0xD7, 0x14, 0x00, 0x02, 0x00, 0x00,
    0x00, 0x00, 0x03, 0x00, 0xC1, 0xFF, 0xFF, 0xFF, 0xFF, 0xFF, 0xFF, 0xFF,
    0xFF, 0xFF, 0xFF, 0xFF, 0xFF, 0xFF, 0xFF, 0xFF, 0xFF, 0xFF, 0xFF, 0xFF,
    0xFF, 0xFE, 0xFF, 0xFF, 0xFE, 0xFF, 0x5B, 0x00, 0x03, 0x00, 0x00, 0x00,
    0x00, 0x00, 0x00, 0x00, 0x00, 0x00, 0x00, 0x00, 0x00, 0x00, 0x00, 0x00,
    0x00, 0x00, 0x00, 0x00, 0x00, 0x00, 0x6E, 0xFE, 0xFF, 0xFD, 0xFF, 0xFF,
    0xFF, 0xFF, 0xFF, 0xFF, 0xFF, 0xFF, 0xFF, 0xFF, 0xFF, 0xFF, 0xFF, 0xFD,
    0xFC, 0xFF, 0x8A, 0x02, 0x00, 0x01, 0x00, 0x00, 0x00, 0x00, 0x00, 0x00,
    0x00, 0x00, 0x02, 0x00, 0x10, 0xB8, 0xFF, 0xFB, 0xFF, 0xFF, 0xFF, 0xFF,
    0xFF, 0xFF, 0xFF, 0xFF, 0xFF, 0xFF, 0xFF, 0xFF, 0xFF, 0xFF, 0xFF, 0xFF,
    0xFF, 0xFF, 0xFF, 0xFF, 0xFD, 0xFF, 0xDC, 0x21, 0x00, 0x02, 0x00, 0x00,
    0x00, 0x00, 0x03, 0x00, 0xC1, 0xFF, 0xFF, 0xFF, 0xFF, 0xFF, 0xFF, 0xFF,
    0xFF, 0xFF, 0xFF, 0xFF, 0xFF, 0xFF, 0xFF, 0xFF, 0xFF, 0xFF, 0xFF, 0xFF,
    0xFF, 0xFF, 0xFF, 0xFF, 0xFA, 0xFF, 0x97, 0x07, 0x00, 0x01, 0x00, 0x00,
    0x00, 0x00, 0x00, 0x00, 0x00, 0x00, 0x00, 0x00, 0x00, 0x00, 0x00, 0x00,
    0x00, 0x00, 0x00, 0x00, 0x01, 0x00, 0x08, 0x8C, 0xF8, 0xFF, 0xFC, 0xFE,
    0xFF, 0xFF, 0xFF, 0xFF, 0xFF, 0xFF, 0xFF, 0xFF, 0xFF, 0xFE, 0xFC, 0xFF,
    0xFF, 0xA3, 0x11, 0x01, 0x02, 0x00, 0x00, 0x00, 0x00, 0x00, 0x00, 0x00,
    0x00, 0x00, 0x02, 0x00, 0x1D, 0xC4, 0xFF, 0xFC, 0xFF, 0xFF, 0xFF, 0xFF,
    0xFF, 0xFF, 0xFF, 0xFF, 0xFF, 0xFF, 0xFF, 0xFF, 0xFF, 0xFF, 0xFF, 0xFF,
    0xFF, 0xFF, 0xFF, 0xFF, 0xFD, 0xFF, 0xDE, 0x26, 0x00, 0x02, 0x00, 0x00,
    0x00, 0x00, 0x03, 0x00, 0xC1, 0xFF, 0xFF, 0xFF, 0xFF, 0xFF, 0xFF, 0xFF,
    0xFF, 0xFF, 0xFF, 0xFF, 0xFF, 0xFF, 0xFF, 0xFF, 0xFF, 0xFF, 0xFF, 0xFF,
    0xFF, 0xFF, 0xFF, 0xFF, 0xFB, 0xFF, 0xAA, 0x12, 0x00, 0x01, 0x00, 0x00,
    0x00, 0x00, 0x00, 0x00, 0x00, 0x00, 0x00, 0x00, 0x00, 0x00, 0x00, 0x00,
    0x00, 0x00, 0x00, 0x00, 0x00, 0x01, 0x01, 0x00, 0x72, 0xEB, 0xFF, 0xFF,
    0xFB, 0xFC, 0xFD, 0xFE, 0xFE, 0xFE, 0xFD, 0xFC, 0xFB, 0xFF, 0xFF, 0xF1,
    0x92, 0x0B, 0x00, 0x02, 0x00, 0x00, 0x00, 0x00, 0x00, 0x00, 0x00, 0x00,
    0x00, 0x00, 0x02, 0x00, 0x18, 0xBF, 0xFF, 0xFC, 0xFF, 0xFF, 0xFF, 0xFF,
    0xFF, 0xFF, 0xFF, 0xFF, 0xFF, 0xFF, 0xFF, 0xFF, 0xFF, 0xFF, 0xFF, 0xFF,
    0xFF, 0xFF, 0xFF, 0xFF, 0xFD, 0xFF, 0xD0, 0x03, 0x03, 0x01, 0x00, 0x00,
    0x00, 0x00, 0x03, 0x00, 0xC1, 0xFF, 0xFF, 0xFF, 0xFF, 0xFF, 0xFF, 0xFF,
    0xFF, 0xFF, 0xFF, 0xFF, 0xFF, 0xFF, 0xFF, 0xFF, 0xFF, 0xFF, 0xFF, 0xFF,
    0xFF, 0xFF, 0xFF, 0xFF, 0xFB, 0xFF, 0xAA, 0x11, 0x00, 0x01, 0x00, 0x00,
    0x00, 0x00, 0x00, 0x00, 0x00, 0x00, 0x00, 0x00, 0x00, 0x00, 0x00, 0x00,
    0x00, 0x00, 0x00, 0x00, 0x00, 0x00, 0x01, 0x02, 0x00, 0x4A, 0xBC, 0xF2,
    0xFF, 0xFF, 0xFF, 0xFF, 0xFF, 0xFF, 0xFF, 0xFF, 0xFF, 0xF8, 0xC6, 0x5C,
    0x00, 0x01, 0x01, 0x00, 0x00, 0x00, 0x00, 0x00, 0x00, 0x00, 0x00, 0x00,
    0x00, 0x00, 0x02, 0x00, 0x06, 0xB1, 0xFE, 0xFA, 0xFF, 0xFF, 0xFF, 0xFF,
    0xFF, 0xFF, 0xFF, 0xFF, 0xFF, 0xFF, 0xFF, 0xFF, 0xFF, 0xFF, 0xFF, 0xFF,
    0xFF, 0xFF, 0xFF, 0xFF, 0xFD, 0xFF, 0xCA, 0x00, 0x06, 0x00, 0x00, 0x00,
    0x00, 0x00, 0x03, 0x00, 0xC1, 0xFF, 0xFF, 0xFF, 0xFF, 0xFF, 0xFF, 0xFF,
    0xFF, 0xFF, 0xFF, 0xFF, 0xFF, 0xFF, 0xFF, 0xFF, 0xFF, 0xFF, 0xFF, 0xFF,
    0xFF, 0xFF, 0xFF, 0xFF, 0xFB, 0xFF, 0xAA, 0x11, 0x00, 0x01, 0x00, 0x00,
    0x00, 0x00, 0x00, 0x00, 0x00, 0x00, 0x00, 0x00, 0x00, 0x00, 0x00, 0x00,
    0x00, 0x00, 0x00, 0x00, 0x00, 0x00, 0x00, 0x00, 0x05, 0x00, 0x02, 0x5E,
    0xA4, 0xCA, 0xE3, 0xF0, 0xF9, 0xF2, 0xE6, 0xCF, 0xAB, 0x69, 0x0C, 0x00,
    0x05, 0x01, 0x00, 0x00, 0x00, 0x00, 0x00, 0x00, 0x00, 0x00, 0x00, 0x00,
    0x00, 0x00, 0x01, 0x04, 0x00, 0x9B, 0xFF, 0xFB, 0xFF, 0xFF, 0xFF, 0xFF,
    0xFF, 0xFF, 0xFF, 0xFF, 0xFF, 0xFF, 0xFF, 0xFF, 0xFF, 0xFF, 0xFF, 0xFF,
    0xFF, 0xFF, 0xFF, 0xFF, 0xFE, 0xFF, 0xAB, 0x00, 0x06, 0x00, 0x00, 0x00,
    0x00, 0x00, 0x03, 0x00, 0xC1, 0xFF, 0xFF, 0xFF, 0xFF, 0xFF, 0xFF, 0xFF,
    0xFF, 0xFF, 0xFF, 0xFF, 0xFF, 0xFF, 0xFF, 0xFF, 0xFF, 0xFF, 0xFF, 0xFF,
    0xFF, 0xFF, 0xFF, 0xFF, 0xFB, 0xFF, 0xAA, 0x11, 0x00, 0x01, 0x00, 0x00,
    0x00, 0x00, 0x00, 0x00, 0x00, 0x00, 0x00, 0x00, 0x00, 0x00, 0x00, 0x00,
    0x00, 0x00, 0x00, 0x00, 0x00, 0x00, 0x00, 0x00, 0x00, 0x04, 0x03, 0x00,
    0x00, 0x1E, 0x44, 0x56, 0x65, 0x59, 0x47, 0x24, 0x00, 0x00, 0x01, 0x04,
    0x00, 0x00, 0x00, 0x00, 0x00, 0x00, 0x00, 0x00, 0x00, 0x00, 0x00, 0x00,
    0x00, 0x00, 0x00, 0x06, 0x00, 0x6A, 0xF7, 0xFE, 0xFE, 0xFF, 0xFF, 0xFF,
    0xFF, 0xFF, 0xFF, 0xFF, 0xFF, 0xFF, 0xFF, 0xFF, 0xFF, 0xFF, 0xFF, 0xFF,
    0xFF, 0xFF, 0xFF, 0xFF, 0xFF, 0xF6, 0x67, 0x00, 0x04, 0x00, 0x00, 0x00,
    0x00, 0x00, 0x03, 0x00, 0xC1, 0xFF, 0xFF, 0xFF, 0xFF, 0xFF, 0xFF, 0xFF,
    0xFF, 0xFF, 0xFF, 0xFF, 0xFF, 0xFF, 0xFF, 0xFF, 0xFF, 0xFF, 0xFF, 0xFF,
    0xFF, 0xFF, 0xFF, 0xFF, 0xFB, 0xFF, 0xAA, 0x11, 0x00, 0x01, 0x00, 0x00,
    0x00, 0x00, 0x00, 0x00, 0x00, 0x00, 0x00, 0x00, 0x00, 0x00, 0x00, 0x00,
    0x00, 0x00, 0x00, 0x00, 0x00, 0x00, 0x00, 0x00, 0x00, 0x00, 0x01, 0x05,
    0x05, 0x00, 0x00, 0x00, 0x00, 0x00, 0x00, 0x00, 0x05, 0x05, 0x01, 0x00,
    0x00, 0x00, 0x00, 0x00, 0x00, 0x00, 0x00, 0x00, 0x00, 0x00, 0x00, 0x00,
    0x00, 0x00, 0x00, 0x03, 0x00, 0x27, 0xD6, 0xFE, 0xFC, 0xFF, 0xFF, 0xFF,
    0xFF, 0xFF, 0xFF, 0xFF, 0xFF, 0xFF, 0xFF, 0xFF, 0xFF, 0xFF, 0xFF, 0xFF,
    0xFF, 0xFF, 0xFF, 0xFE, 0xFE, 0xE5, 0x1A, 0x01, 0x02, 0x00, 0x00, 0x00,
    0x00, 0x00, 0x03, 0x00, 0xC1, 0xFF, 0xFF, 0xFF, 0xFF, 0xFF, 0xFF, 0xFF,
    0xFF, 0xFF, 0xFF, 0xFF, 0xFF, 0xFF, 0xFF, 0xFF, 0xFF, 0xFF, 0xFF, 0xFF,
    0xFF, 0xFF, 0xFF, 0xFF, 0xFB, 0xFF, 0xAA, 0x11, 0x00, 0x01, 0x00, 0x00,
    0x00, 0x00, 0x00, 0x00, 0x00, 0x00, 0x00, 0x00, 0x00, 0x00, 0x00, 0x00,
    0x00, 0x00, 0x00, 0x00, 0x00, 0x00, 0x00, 0x00, 0x00, 0x00, 0x00, 0x00,
    0x00, 0x02, 0x04, 0x05, 0x05, 0x05, 0x04, 0x03, 0x00, 0x00, 0x00, 0x00,
    0x00, 0x00, 0x00, 0x00, 0x00, 0x00, 0x00, 0x00, 0x00, 0x00, 0x00, 0x00,
    0x00, 0x00, 0x00, 0x01, 0x03, 0x00, 0x94, 0xFD, 0xFD, 0xFF, 0xFF, 0xFF,
    0xFF, 0xFF, 0xFF, 0xFF, 0xFF, 0xFF, 0xFF, 0xFF, 0xFF, 0xFF, 0xFF, 0xFF,
    0xFF, 0xFF, 0xFF, 0xFE, 0xFB, 0x99, 0x00, 0x04, 0x00, 0x00, 0x00, 0x00,
    0x00, 0x00, 0x03, 0x00, 0xC1, 0xFF, 0xFF, 0xFF, 0xFF, 0xFF, 0xFF, 0xFF,
    0xFF, 0xFF, 0xFF, 0xFF, 0xFF, 0xFF, 0xFF, 0xFF, 0xFF, 0xFF, 0xFF, 0xFF,
    0xFF, 0xFF, 0xFF, 0xFF, 0xFB, 0xFF, 0xAA, 0x11, 0x00, 0x01, 0x00, 0x00,
    0x00, 0x00, 0x00, 0x00, 0x00, 0x00, 0x00, 0x00, 0x00, 0x00, 0x00, 0x00,
    0x00, 0x00, 0x00, 0x00, 0x00, 0x00, 0x00, 0x00, 0x00, 0x00, 0x00, 0x00,
    0x00, 0x00, 0x00, 0x00, 0x00, 0x00, 0x00, 0x00, 0x00, 0x00, 0x00, 0x00,
    0x00, 0x00, 0x00, 0x00, 0x00, 0x00, 0x00, 0x00, 0x00, 0x00, 0x00, 0x00,
    0x00, 0x00, 0x00, 0x00, 0x03, 0x02, 0x22, 0xE0, 0xFF, 0xFD, 0xFF, 0xFF,
    0xFF, 0xFF, 0xFF, 0xFF, 0xFF, 0xFF, 0xFF, 0xFF, 0xFF, 0xFF, 0xFF, 0xFF,
    0xFF, 0xFF, 0xFF, 0xFD, 0xEB, 0x19, 0x03, 0x01, 0x00, 0x00, 0x00, 0x00,
    0x00, 0x00, 0x03, 0x00, 0xC1, 0xFF, 0xFF, 0xFF, 0xFF, 0xFF, 0xFF, 0xFF,
    0xFF, 0xFF, 0xFF, 0xFF, 0xFF, 0xFF, 0xFF, 0xFF, 0xFF, 0xFF, 0xFF, 0xFF,
    0xFF, 0xFF, 0xFF, 0xFF, 0xFB, 0xFF, 0xAA, 0x11, 0x00, 0x01, 0x00, 0x00,
    0x00, 0x00, 0x00, 0x00, 0x00, 0x00, 0x01, 0x03, 0x02, 0x00, 0x00, 0x00,
    0x00, 0x00, 0x00, 0x00, 0x00, 0x00, 0x00, 0x00, 0x00, 0x00, 0x00, 0x00,
    0x00, 0x00, 0x00, 0x00, 0x00, 0x00, 0x00, 0x00, 0x00, 0x00, 0x00, 0x00,
    0x00, 0x00, 0x00, 0x00, 0x00, 0x00, 0x00, 0x00, 0x00, 0x00, 0x00, 0x00,
    0x00, 0x00, 0x00, 0x00, 0x00, 0x03, 0x00, 0x5C, 0xF5, 0xFC, 0xFE, 0xFF,
    0xFF, 0xFF, 0xFF, 0xFF, 0xFF, 0xFF, 0xFF, 0xFF, 0xFF, 0xFF, 0xFF, 0xFF,
    0xFF, 0xFF, 0xFB, 0xFF, 0x5A, 0x00, 0x02, 0x00, 0x00, 0x00, 0x00, 0x00,
    0x00, 0x00, 0x03, 0x00, 0xC1, 0xFF, 0xFF, 0xFF, 0xFF, 0xFF, 0xFF, 0xFF,
    0xFF, 0xFF, 0xFF, 0xFF, 0xFF, 0xFF, 0xFF, 0xFF, 0xFF, 0xFF, 0xFF, 0xFF,
    0xFF, 0xFF, 0xFF, 0xFF, 0xFB, 0xFF, 0xAA, 0x11, 0x00, 0x01, 0x00, 0x00,
    0x00, 0x00, 0x00, 0x00, 0x00, 0x02, 0x00, 0x00, 0x00, 0x03, 0x02, 0x00,
    0x00, 0x00, 0x00, 0x00, 0x00, 0x00, 0x00, 0x00, 0x00, 0x00, 0x00, 0x00,
    0x00, 0x00, 0x00, 0x00, 0x00, 0x00, 0x00, 0x00, 0x00, 0x00, 0x00, 0x00,
    0x00, 0x00, 0x00, 0x00, 0x00, 0x00, 0x00, 0x00, 0x00, 0x00, 0x00, 0x00,
    0x00, 0x00, 0x00, 0x00, 0x00, 0x01, 0x05, 0x02, 0x83, 0xFF, 0xFD, 0xFD,
    0xFF, 0xFF, 0xFF, 0xFF, 0xFF, 0xFF, 0xFF, 0xFF, 0xFF, 0xFF, 0xFF, 0xFF,
    0xFE, 0xFD, 0xFF, 0x7D, 0x00, 0x03, 0x00, 0x00, 0x00, 0x00, 0x00, 0x00,
    0x00, 0x00, 0x03, 0x00, 0xC1, 0xFF, 0xFF, 0xFF, 0xFF, 0xFF, 0xFF, 0xFE,
    0xFD, 0xFF, 0xFF, 0xFF, 0xFF, 0xFF, 0xFF, 0xFF, 0xFF, 0xFF, 0xFF, 0xFF,
    0xFF, 0xFF, 0xFF, 0xFF, 0xFB, 0xFF, 0xAA, 0x11, 0x00, 0x01, 0x00, 0x00,
    0x00, 0x00, 0x00, 0x00, 0x00, 0x00, 0x20, 0x59, 0x30, 0x00, 0x00, 0x01,
    0x01, 0x00, 0x00, 0x00, 0x00, 0x00, 0x00, 0x00, 0x00, 0x00, 0x00, 0x00,
    0x00, 0x00, 0x00, 0x00, 0x00, 0x00, 0x00, 0x00, 0x00, 0x00, 0x00, 0x00,
    0x00, 0x00, 0x00, 0x00, 0x00, 0x00, 0x00, 0x00, 0x00, 0x00, 0x00, 0x00,
    0x00, 0x00, 0x00, 0x00, 0x00, 0x00, 0x01, 0x00, 0x08, 0x6C, 0xFD, 0xFF,
    0xFE, 0xFF, 0xFF, 0xFF, 0xFF, 0xFF, 0xFF, 0xFF, 0xFF, 0xFF, 0xFF, 0xFE,
    0xFF, 0xFF, 0x73, 0x04, 0x00, 0x00, 0x00, 0x00, 0x00, 0x00, 0x00, 0x00,
    0x00, 0x00, 0x03, 0x00, 0xC1, 0xFF, 0xFF, 0xFF, 0xFF, 0xFF, 0xFF, 0xFF,
    0xFF, 0xFF, 0xFE, 0xFE, 0xFF, 0xFF, 0xFF, 0xFF, 0xFF, 0xFF, 0xFF, 0xFF,
    0xFF, 0xFF, 0xFF, 0xFF, 0xFB, 0xFF, 0xAA, 0x11, 0x00, 0x01, 0x00, 0x00,
    0x00, 0x00, 0x01, 0x00, 0x09, 0x8B, 0xED, 0xF2, 0xEF, 0xCD, 0x76, 0x0C,
    0x00, 0x00, 0x00, 0x00, 0x00, 0x00, 0x00, 0x00, 0x00, 0x00, 0x00, 0x00,
    0x00, 0x00, 0x00, 0x00, 0x00, 0x00, 0x00, 0x00, 0x00, 0x00, 0x00, 0x00,
    0x00, 0x00, 0x00, 0x00, 0x00, 0x00, 0x00, 0x00, 0x00, 0x00, 0x00, 0x00,
    0x00, 0x00, 0x00, 0x00, 0x00, 0x00, 0x00, 0x01, 0x00, 0x00, 0x4A, 0xDC,
    0xFF, 0xFF, 0xFF, 0xFF, 0xFF, 0xFF, 0xFF, 0xFF, 0xFF, 0xFF, 0xFF, 0xFF,
    0xDC, 0x49, 0x01, 0x00, 0x00, 0x00, 0x00, 0x00, 0x00, 0x00, 0x00, 0x00,
    0x00, 0x00, 0x03, 0x00, 0xC1, 0xFF, 0xFF, 0xFF, 0xFE, 0xFF, 0xF6, 0xAD,
    0xA1, 0xEE, 0xFF, 0xFF, 0xFF, 0xFF, 0xFF, 0xFF, 0xFF, 0xFF, 0xFF, 0xFF,
    0xFF, 0xFF, 0xFF, 0xFF, 0xFB, 0xFF, 0xA9, 0x11, 0x00, 0x01, 0x00, 0x00,
    0x00, 0x00, 0x00, 0x00, 0x71, 0xFF, 0xFF, 0xFF, 0xFF, 0xFF, 0xFD, 0xDD,
    0x54, 0x00, 0x00, 0x00, 0x00, 0x00, 0x00, 0x00, 0x00, 0x00, 0x00, 0x00,
    0x00, 0x00, 0x00, 0x00, 0x00, 0x00, 0x00, 0x00, 0x00, 0x00, 0x00, 0x00,
    0x00, 0x00, 0x00, 0x00, 0x00, 0x00, 0x00, 0x00, 0x00, 0x00, 0x00, 0x00,
    0x00, 0x00, 0x00, 0x00, 0x00, 0x00, 0x00, 0x00, 0x01, 0x00, 0x00, 0x0C,
    0x70, 0xDC, 0xFE, 0xFF, 0xFF, 0xFF, 0xFF, 0xFF, 0xFF, 0xFE, 0xDD, 0x6D,
    0x0E, 0x00, 0x00, 0x00, 0x00, 0x00, 0x00, 0x00, 0x00, 0x00, 0x00, 0x00,
    0x00, 0x00, 0x03, 0x00, 0xC1, 0xFF, 0xFF, 0xFF, 0xFE, 0xFF, 0xF4, 0x61,
    0x04, 0x0F, 0x31, 0x72, 0xB2, 0xEE, 0xFF, 0xFF, 0xFF, 0xFF, 0xFF, 0xFF,
    0xFF, 0xFE, 0xFF, 0xFF, 0xF9, 0xFF, 0x95, 0x07, 0x00, 0x01, 0x00, 0x00,
    0x00, 0x01, 0x00, 0x1A, 0xC5, 0xFF, 0xFB, 0xFF, 0xFE, 0xFF, 0xFF, 0xFF,
    0xFF, 0x8E, 0x07, 0x00, 0x00, 0x00, 0x00, 0x00, 0x00, 0x00, 0x00, 0x00,
    0x00, 0x00, 0x00, 0x00, 0x00, 0x00, 0x00, 0x00, 0x00, 0x00, 0x00, 0x01,
    0x00, 0x00, 0x00, 0x00, 0x00, 0x01, 0x01, 0x01, 0x00, 0x00, 0x00, 0x00,
    0x00, 0x00, 0x00, 0x00, 0x00, 0x00, 0x00, 0x00, 0x00, 0x00, 0x00, 0x00,
    0x00, 0x01, 0x2E, 0x75, 0x93, 0xAD, 0xAC, 0x94, 0x75, 0x2E, 0x02, 0x00,
    0x00, 0x00, 0x00, 0x00, 0x00, 0x00, 0x00, 0x00, 0x00, 0x00, 0x00, 0x00,
    0x00, 0x00, 0x03, 0x00, 0xC1, 0xFF, 0xFF, 0xFF, 0xFE, 0xFF, 0xF4, 0x60,
    0x00, 0x01, 0x00, 0x00, 0x00, 0x05, 0x35, 0x77, 0xB8, 0xED, 0xF8, 0xFE,
    0xFF, 0xFF, 0xFF, 0xFF, 0xFF, 0xFC, 0x4D, 0x00, 0x03, 0x00, 0x00, 0x00,
    0x00, 0x01, 0x00, 0x1E, 0xD3, 0xFE, 0xFC, 0xFF, 0xFF, 0xFF, 0xFF, 0xFF,
    0xFF, 0xFF, 0xAC, 0x08, 0x00, 0x00, 0x00, 0x00, 0x00, 0x00, 0x00, 0x00,
    0x00, 0x00, 0x00, 0x00, 0x00, 0x00, 0x00, 0x00, 0x00, 0x00, 0x00, 0x00,
    0x01, 0x0F, 0x0E, 0x06, 0x00, 0x00, 0x00, 0x00, 0x00, 0x02, 0x01, 0x01,
    0x00, 0x00, 0x00, 0x00, 0x00, 0x00, 0x00, 0x00, 0x00, 0x00, 0x00, 0x00,
    0x00, 0x00, 0x00, 0x00, 0x00, 0x00, 0x00, 0x00, 0x00, 0x00, 0x00, 0x00,
    0x00, 0x00, 0x00, 0x00, 0x00, 0x00, 0x00, 0x00, 0x00, 0x00, 0x00, 0x00,
    0x00, 0x00, 0x03, 0x00, 0xC1, 0xFF, 0xFF, 0xFF, 0xFE, 0xFF, 0xF4, 0x61,
    0x00, 0x05, 0x00, 0x00, 0x00, 0x00, 0x00, 0x00, 0x00, 0x02, 0x3B, 0x7B,
    0xBB, 0xE8, 0xF0, 0xF3, 0xEB, 0x69, 0x00, 0x00, 0x01, 0x00, 0x00, 0x00,
    0x00, 0x01, 0x00, 0x0A, 0x94, 0xFF, 0xFB, 0xFC, 0xFE, 0xFF, 0xFF, 0xFF,
    0xFF, 0xFE, 0xFF, 0x9F, 0x05, 0x01, 0x00, 0x00, 0x00, 0x00, 0x00, 0x00,
    0x00, 0x00, 0x00, 0x00, 0x00, 0x00, 0x00, 0x00, 0x00, 0x01, 0x00, 0x10,
    0x74, 0xCA, 0xC7, 0x94, 0x56, 0x27, 0x16, 0x07, 0x00, 0x00, 0x00, 0x00,
    0x01, 0x03, 0x01, 0x00, 0x00, 0x00, 0x00, 0x00, 0x00, 0x00, 0x00, 0x00,
    0x00, 0x00, 0x00, 0x01, 0x01, 0x01, 0x01, 0x01, 0x01, 0x00, 0x00, 0x00,
    0x00, 0x00, 0x00, 0x00, 0x00, 0x00, 0x00, 0x00, 0x00, 0x00, 0x00, 0x00,
    0x00, 0x00, 0x03, 0x00, 0xC1, 0xFF, 0xFF, 0xFF, 0xFE, 0xFF, 0xF4, 0x61,
    0x00, 0x05, 0x00, 0x00, 0x00, 0x00, 0x00, 0x01, 0x01, 0x01, 0x00, 0x00,
    0x00, 0x05, 0x3E, 0x4E, 0x15, 0x00, 0x01, 0x00, 0x00, 0x00, 0x00, 0x00,
    0x00, 0x00, 0x02, 0x00, 0x30, 0xD8, 0xFF, 0xFF, 0xFF, 0xFD, 0xFF, 0xFF,
    0xFF, 0xFF, 0xFE, 0xFF, 0x76, 0x00, 0x02, 0x00, 0x00, 0x00, 0x00, 0x00,
    0x00, 0x00, 0x00, 0x00, 0x00, 0x00, 0x00, 0x00, 0x02, 0x00, 0x0C, 0xAA,
    0xFF, 0xFE, 0xFF, 0xFF, 0xFF, 0xFF, 0xCD, 0x90, 0x56, 0x2F, 0x1A, 0x06,
    0x00, 0x00, 0x00, 0x02, 0x00, 0x00, 0x00, 0x00, 0x00, 0x00, 0x00, 0x00,
    0x00, 0x00, 0x00, 0x00, 0x00, 0x00, 0x00, 0x00, 0x00, 0x00, 0x00, 0x00,
    0x00, 0x00, 0x00, 0x00, 0x00, 0x00, 0x00, 0x00, 0x00, 0x00, 0x00, 0x00,
    0x00, 0x00, 0x03, 0x00, 0xC1, 0xFF, 0xFF, 0xFF, 0xFE, 0xFF, 0xF4, 0x61,
    0x00, 0x05, 0x00, 0x00, 0x00, 0x00, 0x00, 0x00, 0x00, 0x00, 0x01, 0x02,
    0x03, 0x02, 0x00, 0x00, 0x00, 0x02, 0x00, 0x00, 0x00, 0x00, 0x00, 0x00,
    0x00, 0x00, 0x00, 0x00, 0x00, 0x25, 0x9B, 0xCD, 0xFF, 0xFF, 0xFD, 0xFF,
    0xFF, 0xFF, 0xFF, 0xFD, 0xF3, 0x34, 0x00, 0x02, 0x00, 0x00, 0x00, 0x00,
    0x00, 0x00, 0x00, 0x00, 0x00, 0x00, 0x00, 0x00, 0x02, 0x00, 0x4F, 0xFF,
    0xF7, 0xFD, 0xFD, 0xFC, 0xFA, 0xFC, 0xFF, 0xFF, 0xFF, 0xFE, 0xC6, 0x8E,
    0x5A, 0x38, 0x0E, 0x00, 0x01, 0x00, 0x00, 0x00, 0x00, 0x00, 0x00, 0x00,
    0x00, 0x00, 0x00, 0x00, 0x00, 0x00, 0x00, 0x00, 0x00, 0x00, 0x00, 0x00,
    0x00, 0x00, 0x00, 0x00, 0x00, 0x00, 0x00, 0x00, 0x00, 0x00, 0x00, 0x00,
    0x00, 0x00, 0x03, 0x00, 0xC1, 0xFF, 0xFF, 0xFF, 0xFE, 0xFF, 0xF4, 0x61,
    0x00, 0x05, 0x00, 0x00, 0x00, 0x00, 0x00, 0x00, 0x00, 0x00, 0x00, 0x00,
    0x00, 0x00, 0x02, 0x02, 0x01, 0x00, 0x00, 0x00, 0x00, 0x00, 0x00, 0x00,
    0x00, 0x00, 0x00, 0x00, 0x02, 0x00, 0x00, 0x14, 0x7E, 0xEB, 0xFF, 0xFE,
    0xFF, 0xFF, 0xFF, 0xFE, 0xFF, 0xBF, 0x06, 0x03, 0x00, 0x00, 0x00, 0x00,
    0x00, 0x00, 0x00, 0x00, 0x00, 0x00, 0x00, 0x00, 0x00, 0x00, 0x71, 0xFC,
    0xF9, 0xFF, 0xFF, 0xFF, 0xFF, 0xFE, 0xFD, 0xFB, 0xF9, 0xFC, 0xFF, 0xFF,
    0xFF, 0xF8, 0xA2, 0x26, 0x00, 0x03, 0x00, 0x00, 0x00, 0x00, 0x00, 0x00,
    0x00, 0x00, 0x00, 0x00, 0x00, 0x00, 0x00, 0x00, 0x00, 0x00, 0x00, 0x00,
    0x00, 0x00, 0x00, 0x00, 0x00, 0x00, 0x00, 0x00, 0x00, 0x00, 0x00, 0x00,
    0x00, 0x00, 0x03, 0x00, 0xC1, 0xFF, 0xFF, 0xFF, 0xFE, 0xFF, 0xF4, 0x61,
    0x00, 0x05, 0x00, 0x00, 0x00, 0x00, 0x00, 0x00, 0x00, 0x00, 0x00, 0x00,
    0x00, 0x00, 0x00, 0x00, 0x00, 0x00, 0x00, 0x00, 0x00, 0x00, 0x00, 0x00,
    0x00, 0x00, 0x00, 0x00, 0x00, 0x02, 0x07, 0x00, 0x00, 0x50, 0xEA, 0xFF,
    0xFE, 0xFF, 0xFF, 0xFE, 0xFE, 0xF5, 0x52, 0x00, 0x03, 0x00, 0x00, 0x00,
    0x00, 0x00, 0x00, 0x00, 0x00, 0x00, 0x00, 0x00, 0x00, 0x00, 0x74, 0xFF,
    0xF9, 0xFF, 0xFF, 0xFF, 0xFF, 0xFF, 0xFF, 0xFF, 0xFF, 0xFE, 0xFC, 0xFA,
    0xF8, 0xFC, 0xFF, 0xAC, 0x10, 0x03, 0x01, 0x00, 0x00, 0x00, 0x00, 0x00,
    0x00, 0x00, 0x00, 0x00, 0x00, 0x00, 0x00, 0x00, 0x00, 0x00, 0x00, 0x00,
    0x00, 0x00, 0x00, 0x00, 0x00, 0x00, 0x00, 0x00, 0x00, 0x00, 0x00, 0x00,
    0x00, 0x00, 0x03, 0x00, 0xC1, 0xFF, 0xFF, 0xFF, 0xFE, 0xFF, 0xF4, 0x61,
    0x00, 0x05, 0x00, 0x00, 0x00, 0x00, 0x00, 0x00, 0x00, 0x00, 0x00, 0x00,
    0x00, 0x00, 0x00, 0x00, 0x00, 0x00, 0x00, 0x00, 0x00, 0x00, 0x00, 0x00,
    0x00, 0x00, 0x00, 0x00, 0x00, 0x00, 0x00, 0x02, 0x08, 0x00, 0x60, 0xF5,
    0xFE, 0xFE, 0xFF, 0xFF, 0xFE, 0xFF, 0xB0, 0x00, 0x06, 0x00, 0x00, 0x00,
    0x00, 0x00, 0x00, 0x00, 0x00, 0x00, 0x00, 0x00, 0x00, 0x00, 0x74, 0xFF,
    0xF9, 0xFF, 0xFF, 0xFF, 0xFF, 0xFE, 0xFF, 0xFF, 0xFF, 0xFF, 0xFF, 0xFF,
    0xFF, 0xFB, 0xFA, 0xED, 0x4C, 0x00, 0x04, 0x00, 0x00, 0x00, 0x00, 0x00,
    0x00, 0x00, 0x00, 0x00, 0x00, 0x00, 0x00, 0x00, 0x00, 0x00, 0x00, 0x00,
    0x00, 0x00, 0x00, 0x00, 0x00, 0x00, 0x00, 0x00, 0x00, 0x00, 0x00, 0x00,
    0x00, 0x00, 0x03, 0x00, 0xC1, 0xFF, 0xFF, 0xFF, 0xFE, 0xFF, 0xF4, 0x61,
    0x00, 0x05, 0x00, 0x00, 0x00, 0x00, 0x00, 0x00, 0x00, 0x00, 0x00, 0x00,
    0x00, 0x00, 0x00, 0x00, 0x00, 0x00, 0x00, 0x00, 0x00, 0x00, 0x00, 0x00,
    0x00, 0x00, 0x00, 0x00, 0x00, 0x00, 0x00, 0x00, 0x01, 0x07, 0x01, 0xA9,
    0xFD, 0xFD, 0xFE, 0xFF, 0xFD, 0xFD, 0xBE, 0x00, 0x07, 0x00, 0x00, 0x00,
    0x00, 0x00, 0x00, 0x00, 0x00, 0x00, 0x00, 0x00, 0x00, 0x00, 0x74, 0xFF,
    0xF9, 0xFF, 0xFF, 0xFF, 0xFF, 0xFE, 0xF9, 0xFA, 0xFC, 0xFE, 0xFF, 0xFF,
    0xFF, 0xFF, 0xFF, 0xFE, 0x64, 0x00, 0x05, 0x00, 0x00, 0x00, 0x00, 0x00,
    0x00, 0x00, 0x00, 0x00, 0x00, 0x00, 0x00, 0x00, 0x00, 0x00, 0x00, 0x00,
    0x00, 0x00, 0x00, 0x00, 0x00, 0x00, 0x00, 0x00, 0x00, 0x00, 0x00, 0x00,
    0x00, 0x00, 0x03, 0x00, 0xC1, 0xFF, 0xFF, 0xFF, 0xFE, 0xFF, 0xF4, 0x61,
    0x00, 0x05, 0x00, 0x00, 0x00, 0x00, 0x00, 0x00, 0x00, 0x00, 0x00, 0x00,
    0x00, 0x00, 0x00, 0x00, 0x00, 0x00, 0x00, 0x00, 0x00, 0x00, 0x00, 0x00,
    0x00, 0x00, 0x00, 0x00, 0x00, 0x00, 0x00, 0x00, 0x00, 0x03, 0x02, 0x24,
    0xEC, 0xFC, 0xFA, 0xFB, 0xFA, 0xFD, 0x8C, 0x00, 0x05, 0x00, 0x00, 0x00,
    0x00, 0x00, 0x00, 0x00, 0x00, 0x00, 0x00, 0x00, 0x00, 0x00, 0x74, 0xFF,
    0xF9, 0xFF, 0xFF, 0xFF, 0xFF, 0xFF, 0xFF, 0xFF, 0xFF, 0xFD, 0xF9, 0xFB,
    0xFC, 0xF9, 0xFB, 0xE2, 0x39, 0x00, 0x04, 0x00, 0x00, 0x00, 0x00, 0x00,
    0x00, 0x00, 0x00, 0x00, 0x00, 0x00, 0x00, 0x00, 0x00, 0x00, 0x00, 0x00,
    0x00, 0x00, 0x00, 0x00, 0x00, 0x00, 0x00, 0x00, 0x00, 0x00, 0x00, 0x00,
    0x00, 0x00, 0x03, 0x00, 0xC1, 0xFF, 0xFF, 0xFF, 0xFE, 0xFF, 0xF4, 0x61,
    0x00, 0x05, 0x00, 0x00, 0x00, 0x00, 0x00, 0x00, 0x00, 0x00, 0x00, 0x00,
    0x00, 0x00, 0x00, 0x00, 0x00, 0x00, 0x00, 0x00, 0x00, 0x00, 0x00, 0x00,
    0x00, 0x00, 0x00, 0x00, 0x00, 0x00, 0x00, 0x00, 0x00, 0x00, 0x03, 0x00,
    0x6D, 0xFF, 0xFF, 0xFF, 0xFF, 0xD4, 0x19, 0x02, 0x01, 0x00, 0x00, 0x00,
    0x00, 0x00, 0x00, 0x00, 0x00, 0x00, 0x00, 0x00, 0x00, 0x00, 0x74, 0xFF,
    0xF9, 0xFF, 0xFF, 0xFB, 0xFF, 0x96, 0x56, 0x89, 0xC3, 0xF9, 0xFF, 0xFF,
    0xFF, 0xFF, 0xFF, 0x7F, 0x05, 0x03, 0x01, 0x00, 0x00, 0x00, 0x00, 0x00,
    0x00, 0x00, 0x00, 0x00, 0x00, 0x00, 0x00, 0x00, 0x00, 0x00, 0x00, 0x00,
    0x00, 0x00, 0x00, 0x00, 0x00, 0x00, 0x00, 0x00, 0x00, 0x00, 0x00, 0x00,
    0x00, 0x00, 0x03, 0x00, 0xC1, 0xFF, 0xFF, 0xFF, 0xFE, 0xFF, 0xF4, 0x61,
    0x00, 0x05, 0x00, 0x00, 0x00, 0x00, 0x00, 0x00, 0x00, 0x00, 0x00, 0x00,
    0x00, 0x00, 0x00, 0x00, 0x00, 0x00, 0x00, 0x00, 0x00, 0x00, 0x00, 0x00,
    0x00, 0x00, 0x00, 0x00, 0x00, 0x00, 0x00, 0x00, 0x00, 0x00, 0x00, 0x02,
    0x04, 0x4D, 0x9E, 0xB3, 0x82, 0x22, 0x00, 0x01, 0x00, 0x00, 0x00, 0x00,
    0x00, 0x00, 0x00, 0x00, 0x00, 0x00, 0x00, 0x00, 0x00, 0x00, 0x74, 0xFF,
    0xF9, 0xFF, 0xFF, 0xFA, 0xFF, 0x6E, 0x00, 0x04, 0x19, 0x2D, 0x52, 0x8E,
    0xB7, 0xA6, 0x58, 0x0D, 0x00, 0x01, 0x00, 0x00, 0x00, 0x00, 0x00, 0x00,
    0x00, 0x00, 0x00, 0x00, 0x00, 0x00, 0x00, 0x00, 0x00, 0x00, 0x00, 0x00,
    0x00, 0x00, 0x00, 0x00, 0x00, 0x00, 0x00, 0x00, 0x00, 0x00, 0x00, 0x00,
    0x00, 0x00, 0x03, 0x00, 0xC1, 0xFF, 0xFF, 0xFF, 0xFE, 0xFF, 0xF4, 0x61,
    0x00, 0x05, 0x00, 0x00, 0x00, 0x00, 0x00, 0x00, 0x00, 0x00, 0x00, 0x00,
    0x00, 0x00, 0x00, 0x00, 0x00, 0x00, 0x00, 0x00, 0x00, 0x00, 0x00, 0x00,
    0x00, 0x00, 0x00, 0x00, 0x00, 0x00, 0x00, 0x00, 0x00, 0x00, 0x00, 0x00,
    0x00, 0x00, 0x0A, 0x10, 0x03, 0x00, 0x02, 0x00, 0x00, 0x00, 0x00, 0x00,
    0x00, 0x00, 0x00, 0x00, 0x00, 0x00, 0x00, 0x00, 0x00, 0x00, 0x74, 0xFF,
    0xF9, 0xFF, 0xFF, 0xFA, 0xFF, 0x78, 0x02, 0x00, 0x00, 0x00, 0x00, 0x06,
    0x11, 0x0C, 0x00, 0x00, 0x01, 0x00, 0x00, 0x00, 0x00, 0x00, 0x00, 0x00,
    0x00, 0x00, 0x00, 0x00, 0x00, 0x00, 0x00, 0x00, 0x00, 0x00, 0x00, 0x00,
    0x00, 0x00, 0x00, 0x00, 0x00, 0x00, 0x00, 0x00, 0x00, 0x00, 0x00, 0x00,
    0x00, 0x00, 0x03, 0x00, 0xC1, 0xFF, 0xFF, 0xFF, 0xFE, 0xFF, 0xF4, 0x61,
    0x00, 0x05, 0x00, 0x00, 0x00, 0x00, 0x00, 0x00, 0x00, 0x00, 0x00, 0x00,
    0x00, 0x00, 0x00, 0x00, 0x00, 0x00, 0x00, 0x00, 0x00, 0x00, 0x00, 0x00,
    0x00, 0x00, 0x00, 0x00, 0x00, 0x00, 0x00, 0x00, 0x00, 0x00, 0x00, 0x00,
    0x01, 0x00, 0x00, 0x00, 0x00, 0x01, 0x00, 0x00, 0x00, 0x00, 0x00, 0x00,
    0x00, 0x00, 0x00, 0x00, 0x00, 0x00, 0x00, 0x00, 0x00, 0x00, 0x74, 0xFF,
    0xF9, 0xFF, 0xFF, 0xFA, 0xFF, 0x76, 0x00, 0x01, 0x01, 0x02, 0x01, 0x00,
    0x00, 0x00, 0x00, 0x01, 0x00, 0x00, 0x00, 0x00, 0x00, 0x00, 0x00, 0x00,
    0x00, 0x00, 0x00, 0x00, 0x00, 0x00, 0x00, 0x00, 0x00, 0x00, 0x00, 0x00,
    0x00, 0x00, 0x00, 0x00, 0x00, 0x00, 0x00, 0x00, 0x00, 0x00, 0x00, 0x00,
    0x00, 0x00, 0x03, 0x00, 0xC1, 0xFF, 0xFF, 0xFF, 0xFE, 0xFF, 0xF4, 0x61,
    0x00, 0x05, 0x00, 0x00, 0x00, 0x00, 0x00, 0x00, 0x00, 0x00, 0x00, 0x00,
    0x00, 0x00, 0x00, 0x00, 0x00, 0x00, 0x00, 0x00, 0x00, 0x00, 0x00, 0x00,
    0x00, 0x00, 0x00, 0x00, 0x00, 0x00, 0x00, 0x00, 0x00, 0x00, 0x00, 0x00,
    0x00, 0x00, 0x01, 0x01, 0x00, 0x00, 0x00, 0x00, 0x00, 0x00, 0x00, 0x00,
    0x00, 0x00, 0x00, 0x00, 0x00, 0x00, 0x00, 0x00, 0x00, 0x00, 0x74, 0xFF,
    0xF9, 0xFF, 0xFF, 0xFA, 0xFF, 0x75, 0x00, 0x00, 0x00, 0x00, 0x00, 0x01,
    0x01, 0x01, 0x00, 0x00, 0x00, 0x00, 0x00, 0x00, 0x00, 0x00, 0x00, 0x00,
    0x00, 0x00, 0x00, 0x00, 0x00, 0x00, 0x00, 0x00, 0x00, 0x00, 0x00, 0x00,
    0x00, 0x00, 0x00, 0x00, 0x00, 0x00, 0x00, 0x00, 0x00, 0x00, 0x00, 0x00,
    0x00, 0x00, 0x03, 0x00, 0xC1, 0xFF, 0xFF, 0xFF, 0xFE, 0xFF, 0xF4, 0x61,
    0x00, 0x05, 0x00, 0x00, 0x00, 0x00, 0x00, 0x00, 0x00, 0x00, 0x00, 0x00,
    0x00, 0x00, 0x00, 0x00, 0x00, 0x00, 0x00, 0x00, 0x00, 0x00, 0x00, 0x00,
    0x00, 0x00, 0x00, 0x00, 0x00, 0x00, 0x00, 0x00, 0x00, 0x00, 0x00, 0x00,
    0x00, 0x00, 0x00, 0x00, 0x00, 0x00, 0x00, 0x00, 0x00, 0x00, 0x00, 0x00,
    0x00, 0x00, 0x00, 0x00, 0x00, 0x00, 0x00, 0x00, 0x00, 0x00, 0x74, 0xFF,
    0xF9, 0xFF, 0xFF, 0xFA, 0xFF, 0x75, 0x00, 0x00, 0x00, 0x00, 0x00, 0x00,
    0x00, 0x00, 0x00, 0x00, 0x00, 0x00, 0x00, 0x00, 0x00, 0x00, 0x00, 0x00,
    0x00, 0x00, 0x00, 0x00, 0x00, 0x00, 0x00, 0x00, 0x00, 0x00, 0x00, 0x00,
    0x00, 0x00, 0x00, 0x00, 0x00, 0x00, 0x00, 0x00, 0x00, 0x00, 0x00, 0x00,
    0x00, 0x00, 0x03, 0x00, 0xC1, 0xFF, 0xFF, 0xFF, 0xFE, 0xFF, 0xF4, 0x61,
    0x00, 0x05, 0x00, 0x00, 0x00, 0x00, 0x00, 0x00, 0x00, 0x00, 0x00, 0x00,
    0x00, 0x00, 0x00, 0x00, 0x00, 0x00, 0x00, 0x00, 0x00, 0x00, 0x00, 0x00,
    0x00, 0x00, 0x00, 0x00, 0x00, 0x00, 0x00, 0x00, 0x00, 0x00, 0x00, 0x00,
    0x00, 0x00, 0x00, 0x00, 0x00, 0x00, 0x00, 0x00, 0x00, 0x00, 0x00, 0x00,
    0x00, 0x00, 0x00, 0x00, 0x00, 0x00, 0x00, 0x00, 0x00, 0x00, 0x74, 0xFF,
    0xF9, 0xFF, 0xFF, 0xFA, 0xFF, 0x75, 0x00, 0x00, 0x00, 0x00, 0x00, 0x00,
    0x00, 0x00, 0x00, 0x00, 0x00, 0x00, 0x00, 0x01, 0x01, 0x01, 0x00, 0x00,
    0x00, 0x00, 0x00, 0x00, 0x00, 0x00, 0x00, 0x00, 0x00, 0x00, 0x00, 0x00,
    0x00, 0x00, 0x00, 0x00, 0x00, 0x00, 0x00, 0x00, 0x01, 0x01, 0x01, 0x01,
    0x01, 0x00, 0x03, 0x00, 0xC1, 0xFF, 0xFF, 0xFF, 0xFE, 0xFF, 0xF4, 0x61,
    0x00, 0x05, 0x00, 0x00, 0x00, 0x00, 0x00, 0x00, 0x00, 0x00, 0x00, 0x00,
    0x00, 0x00, 0x00, 0x00, 0x00, 0x00, 0x00, 0x00, 0x00, 0x00, 0x00, 0x00,
    0x00, 0x00, 0x00, 0x00, 0x00, 0x00, 0x00, 0x00, 0x00, 0x00, 0x00, 0x00,
    0x00, 0x00, 0x00, 0x00, 0x00, 0x00, 0x00, 0x00, 0x00, 0x00, 0x00, 0x00,
    0x00, 0x00, 0x00, 0x00, 0x00, 0x00, 0x00, 0x00, 0x00, 0x00, 0x74, 0xFF,
    0xF9, 0xFF, 0xFF, 0xFA, 0xFF, 0x74, 0x00, 0x00, 0x00, 0x00, 0x00, 0x00,
    0x00, 0x00, 0x00, 0x00, 0x00, 0x00, 0x02, 0x00, 0x00, 0x00, 0x02, 0x00,
    0x00, 0x00, 0x00, 0x00, 0x00, 0x00, 0x00, 0x00, 0x00, 0x00, 0x00, 0x00,
    0x00, 0x00, 0x00, 0x00, 0x00, 0x01, 0x03, 0x01, 0x00, 0x00, 0x00, 0x00,
    0x00, 0x02, 0x06, 0x01, 0xC1, 0xFF, 0xFF, 0xFF, 0xFE, 0xFF, 0xF4, 0x61,
    0x00, 0x05, 0x00, 0x00, 0x00, 0x00, 0x00, 0x00, 0x00, 0x00, 0x00, 0x00,
    0x00, 0x00, 0x00, 0x00, 0x00, 0x00, 0x00, 0x00, 0x00, 0x00, 0x00, 0x00,
    0x00, 0x00, 0x00, 0x00, 0x00, 0x00, 0x00, 0x00, 0x00, 0x00, 0x00, 0x00,
    0x00, 0x00, 0x00, 0x00, 0x00, 0x00, 0x00, 0x00, 0x00, 0x00, 0x00, 0x00,
    0x00, 0x00, 0x00, 0x00, 0x00, 0x00, 0x00, 0x00, 0x00, 0x00, 0x74, 0xFF,
    0xF9, 0xFF, 0xFF, 0xFA, 0xFF, 0x74, 0x00, 0x00, 0x00, 0x00, 0x00, 0x00,
    0x00, 0x00, 0x00, 0x00, 0x00, 0x02, 0x00, 0x01, 0x11, 0x08, 0x00, 0x00,
    0x00, 0x00, 0x00, 0x00, 0x00, 0x00, 0x00, 0x00, 0x00, 0x00, 0x00, 0x00,
    0x00, 0x00, 0x00, 0x01, 0x03, 0x00, 0x00, 0x00, 0x04, 0x0B, 0x0F, 0x0A,
    0x02, 0x00, 0x00, 0x00, 0xC2, 0xFF, 0xFF, 0xFF, 0xFE, 0xFF, 0xF4, 0x61,
    0x00, 0x05, 0x00, 0x00, 0x00, 0x00, 0x00, 0x00, 0x00, 0x00, 0x00, 0x00,
    0x00, 0x00, 0x00, 0x00, 0x00, 0x00, 0x00, 0x00, 0x00, 0x00, 0x00, 0x00,
    0x00, 0x00, 0x00, 0x00, 0x00, 0x00, 0x00, 0x00, 0x00, 0x00, 0x00, 0x00,
    0x00, 0x00, 0x00, 0x00, 0x00, 0x00, 0x00, 0x00, 0x00, 0x00, 0x00, 0x00,
    0x00, 0x00, 0x00, 0x00, 0x00, 0x00, 0x00, 0x00, 0x00, 0x00, 0x74, 0xFF,
    0xF9, 0xFF, 0xFF, 0xFA, 0xFF, 0x73, 0x00, 0x00, 0x00, 0x00, 0x00, 0x00,
    0x00, 0x00, 0x00, 0x00, 0x00, 0x00, 0x25, 0x80, 0xAA, 0x92, 0x3D, 0x00,
    0x00, 0x00, 0x00, 0x00, 0x00, 0x00, 0x00, 0x00, 0x00, 0x00, 0x00, 0x00,
    0x00, 0x00, 0x03, 0x00, 0x00, 0x12, 0x35, 0x5E, 0x87, 0x9C, 0xA7, 0x97,
    0x81, 0x55, 0x31, 0x05, 0xBE, 0xFF, 0xFF, 0xFF, 0xFE, 0xFF, 0xF4, 0x61,
    0x00, 0x05, 0x00, 0x00, 0x00, 0x00, 0x00, 0x00, 0x00, 0x00, 0x00, 0x00,
    0x00, 0x00, 0x00, 0x00, 0x00, 0x00, 0x00, 0x00, 0x00, 0x00, 0x00, 0x00,
    0x00, 0x00, 0x00, 0x00, 0x00, 0x00, 0x00, 0x00, 0x00, 0x00, 0x00, 0x00,
    0x00, 0x00, 0x00, 0x00, 0x00, 0x00, 0x00, 0x00, 0x00, 0x00, 0x00, 0x00,
    0x00, 0x00, 0x00, 0x00, 0x01, 0x02, 0x02, 0x02, 0x01, 0x00, 0x74, 0xFF,
    0xF9, 0xFF, 0xFF, 0xFA, 0xFF, 0x73, 0x00, 0x00, 0x00, 0x00, 0x00, 0x00,
    0x00, 0x00, 0x00, 0x03, 0x00, 0x2A, 0xD1, 0xFF, 0xFF, 0xFF, 0xF4, 0x48,
    0x00, 0x00, 0x00, 0x00, 0x00, 0x00, 0x00, 0x00, 0x00, 0x00, 0x00, 0x00,
    0x00, 0x04, 0x00, 0x0C, 0x52, 0xAC, 0xF1, 0xFF, 0xFF, 0xFF, 0xFF, 0xFF,
    0xFF, 0xFF, 0xE9, 0x91, 0xD5, 0xFF, 0xFF, 0xFF, 0xFE, 0xFF, 0xF4, 0x61,
    0x00, 0x05, 0x00, 0x00, 0x00, 0x00, 0x00, 0x00, 0x00, 0x00, 0x00, 0x00,
    0x00, 0x00, 0x00, 0x00, 0x00, 0x00, 0x00, 0x00, 0x00, 0x00, 0x00, 0x00,
    0x00, 0x00, 0x00, 0x00, 0x00, 0x00, 0x00, 0x00, 0x00, 0x00, 0x00, 0x00,
    0x00, 0x00, 0x00, 0x00, 0x00, 0x00, 0x00, 0x00, 0x00, 0x00, 0x00, 0x00,
    0x00, 0x01, 0x04, 0x06, 0x01, 0x00, 0x00, 0x00, 0x01, 0x06, 0x76, 0xFF,
    0xF9, 0xFF, 0xFF, 0xFA, 0xFF, 0x73, 0x00, 0x00, 0x00, 0x00, 0x00, 0x00,
    0x00, 0x00, 0x01, 0x03, 0x03, 0x9B, 0xFF, 0xF7, 0xFB, 0xFA, 0xFF, 0xDB,
    0x05, 0x00, 0x00, 0x00, 0x00, 0x00, 0x00, 0x00, 0x00, 0x00, 0x00, 0x00,
    0x04, 0x00, 0x2A, 0xA5, 0xFF, 0xFF, 0xFE, 0xF9, 0xFA, 0xFB, 0xFB, 0xFA,
    0xFA, 0xF9, 0xFF, 0xFF, 0xFF, 0xFE, 0xFF, 0xFF, 0xFE, 0xFF, 0xF4, 0x61,
    0x00, 0x05, 0x00, 0x00, 0x00, 0x00, 0x00, 0x00, 0x00, 0x00, 0x00, 0x00,
    0x00, 0x00, 0x00, 0x00, 0x00, 0x00, 0x00, 0x00, 0x00, 0x00, 0x00, 0x00,
    0x00, 0x00, 0x00, 0x00, 0x00, 0x00, 0x00, 0x00, 0x00, 0x00, 0x00, 0x00,
    0x00, 0x00, 0x00, 0x00, 0x00, 0x00, 0x00, 0x00, 0x00, 0x00, 0x00, 0x00,
    0x03, 0x02, 0x00, 0x00, 0x02, 0x14, 0x21, 0x14, 0x01, 0x00, 0x6D, 0xFF,
    0xF9, 0xFF, 0xFF, 0xFA, 0xFF, 0x72, 0x00, 0x00, 0x00, 0x00, 0x00, 0x00,
    0x00, 0x00, 0x02, 0x00, 0x13, 0xBC, 0xFB, 0xFB, 0xFF, 0xFF, 0xFE, 0xFF,
    0x1D, 0x00, 0x00, 0x00, 0x00, 0x00, 0x00, 0x00, 0x00, 0x00, 0x00, 0x03,
    0x00, 0x49, 0xCF, 0xFF, 0xFC, 0xFB, 0xFE, 0xFF, 0xFF, 0xFF, 0xFF, 0xFF,
    0xFF, 0xFF, 0xFD, 0xFA, 0xFF, 0xFF, 0xFF, 0xFF, 0xFE, 0xFF, 0xF4, 0x61,
    0x00, 0x05, 0x00, 0x00, 0x00, 0x00, 0x00, 0x00, 0x00, 0x00, 0x00, 0x00,
    0x00, 0x00, 0x00, 0x00, 0x00, 0x00, 0x00, 0x00, 0x00, 0x00, 0x00, 0x00,
    0x00, 0x00, 0x00, 0x00, 0x00, 0x00, 0x00, 0x00, 0x00, 0x00, 0x00, 0x00,
    0x00, 0x00, 0x00, 0x00, 0x00, 0x00, 0x00, 0x00, 0x00, 0x00, 0x00, 0x05,
    0x00, 0x00, 0x46, 0x86, 0xAC, 0xBC, 0xC7, 0xBC, 0xAB, 0x80, 0xA1, 0xFF,
    0xFB, 0xFF, 0xFF, 0xFA, 0xFF, 0x72, 0x00, 0x00, 0x00, 0x00, 0x00, 0x00,
    0x00, 0x00, 0x01, 0x02, 0x0A, 0xB4, 0xFD, 0xF9, 0xFF, 0xFE, 0xFA, 0xFA,
    0x11, 0x00, 0x00, 0x00, 0x00, 0x00, 0x00, 0x00, 0x00, 0x00, 0x02, 0x00,
    0x3C, 0xE7, 0xFF, 0xFA, 0xFE, 0xFF, 0xFF, 0xFF, 0xFF, 0xFF, 0xFF, 0xFF,
    0xFF, 0xFF, 0xFF, 0xFF, 0xFF, 0xFF, 0xFF, 0xFF, 0xFE, 0xFF, 0xF4, 0x61,
    0x00, 0x05, 0x00, 0x00, 0x00, 0x00, 0x00, 0x00, 0x00, 0x00, 0x00, 0x00,
    0x00, 0x00, 0x00, 0x00, 0x00, 0x00, 0x00, 0x00, 0x00, 0x00, 0x00, 0x00,
    0x00, 0x00, 0x00, 0x00, 0x00, 0x00, 0x00, 0x00, 0x00, 0x00, 0x00, 0x00,
    0x00, 0x00, 0x00, 0x00, 0x00, 0x00, 0x00, 0x00, 0x00, 0x01, 0x04, 0x00,
    0x3F, 0xAD, 0xE5, 0xFF, 0xFF, 0xFF, 0xFF, 0xFF, 0xFF, 0xFF, 0xF5, 0xFF,
    0xFF, 0xFF, 0xFF, 0xFA, 0xFF, 0x71, 0x00, 0x00, 0x00, 0x00, 0x00, 0x00,
    0x00, 0x00, 0x00, 0x04, 0x00, 0x64, 0xFB, 0xFF, 0xF7, 0xFC, 0xFF, 0x93,
    0x00, 0x00, 0x00, 0x00, 0x00, 0x00, 0x00, 0x00, 0x00, 0x02, 0x04, 0x25,
    0xD1, 0xFF, 0xFB, 0xFF, 0xFF, 0xFF, 0xFF, 0xFF, 0xFF, 0xFF, 0xFF, 0xFF,
    0xFF, 0xFF, 0xFF, 0xFF, 0xFF, 0xFF, 0xFF, 0xFF, 0xFE, 0xFF, 0xF4, 0x61,
    0x00, 0x05, 0x00, 0x00, 0x00, 0x00, 0x00, 0x00, 0x00, 0x00, 0x00, 0x00,
    0x00, 0x00, 0x00, 0x00, 0x00, 0x00, 0x00, 0x00, 0x00, 0x00, 0x00, 0x00,
    0x00, 0x00, 0x00, 0x00, 0x00, 0x00, 0x00, 0x00, 0x00, 0x00, 0x00, 0x00,
    0x00, 0x00, 0x00, 0x00, 0x00, 0x00, 0x00, 0x00, 0x01, 0x03, 0x00, 0x64,
    0xE3, 0xFF, 0xFF, 0xFC, 0xFB, 0xFB, 0xFC, 0xFB, 0xFB, 0xFD, 0xFF, 0xFF,
    0xFF, 0xFF, 0xFF, 0xFA, 0xFF, 0x71, 0x00, 0x00, 0x00, 0x00, 0x00, 0x00,
    0x00, 0x00, 0x00, 0x01, 0x03, 0x0A, 0x6A, 0xE4, 0xFF, 0xFC, 0x8D, 0x0F,
    0x00, 0x00, 0x00, 0x00, 0x00, 0x00, 0x00, 0x00, 0x00, 0x04, 0x00, 0x9F,
    0xFF, 0xFD, 0xFF, 0xFF, 0xFF, 0xFF, 0xFF, 0xFF, 0xFF, 0xFF, 0xFF, 0xFF,
    0xFF, 0xFF, 0xFF, 0xFF, 0xFF, 0xFF, 0xFF, 0xFF, 0xFE, 0xFF, 0xF4, 0x61,
    0x00, 0x05, 0x00, 0x00, 0x00, 0x00, 0x00, 0x00, 0x00, 0x00, 0x00, 0x00,
    0x00, 0x00, 0x00, 0x00, 0x00, 0x00, 0x00, 0x00, 0x00, 0x00, 0x00, 0x00,
    0x00, 0x00, 0x00, 0x00, 0x00, 0x00, 0x00, 0x00, 0x00, 0x00, 0x00, 0x00,
    0x00, 0x00, 0x00, 0x00, 0x00, 0x00, 0x00, 0x01, 0x02, 0x00, 0x6A, 0xF4,
    0xFF, 0xFC, 0xFD, 0xFF, 0xFF, 0xFF, 0xFF, 0xFF, 0xFF, 0xFF, 0xFE, 0xFF,
    0xFF, 0xFF, 0xFF, 0xFA, 0xFF, 0x71, 0x00, 0x00, 0x00, 0x00, 0x00, 0x00,
    0x00, 0x00, 0x00, 0x00, 0x01, 0x00, 0x00, 0x25, 0x37, 0x2E, 0x06, 0x00,
    0x00, 0x00, 0x00, 0x00, 0x00, 0x00, 0x00, 0x00, 0x03, 0x01, 0x41, 0xEC,
    0xFE, 0xFE, 0xFF, 0xFF, 0xFF, 0xFF, 0xFF, 0xFF, 0xFF, 0xFF, 0xFF, 0xFF,
    0xFF, 0xFF, 0xFF, 0xFF, 0xFF, 0xFF, 0xFF, 0xFF, 0xFE, 0xFF, 0xF4, 0x61,
    0x00, 0x05, 0x00, 0x00, 0x00, 0x00, 0x00, 0x00, 0x00, 0x00, 0x00, 0x00,
    0x00, 0x00, 0x00, 0x00, 0x00, 0x00, 0x00, 0x00, 0x00, 0x00, 0x00, 0x00,
    0x00, 0x00, 0x00, 0x00, 0x00, 0x00, 0x00, 0x00, 0x00, 0x00, 0x00, 0x00,
    0x00, 0x00, 0x00, 0x00, 0x00, 0x00, 0x00, 0x03, 0x00, 0x54, 0xF6, 0xFF,
    0xFC, 0xFF, 0xFF, 0xFF, 0xFF, 0xFF, 0xFF, 0xFF, 0xFF, 0xFF, 0xFF, 0xFF,
    0xFF, 0xFF, 0xFF, 0xFA, 0xFF, 0x71, 0x00, 0x00, 0x00, 0x00, 0x00, 0x00,
    0x00, 0x00, 0x00, 0x00, 0x00, 0x01, 0x00, 0x00, 0x00, 0x00, 0x00, 0x01,
    0x00, 0x00, 0x00, 0x00, 0x00, 0x00, 0x00, 0x00, 0x06, 0x00, 0xA2, 0xFE,
    0xFD, 0xFF, 0xFF, 0xFF, 0xFF, 0xFF, 0xFF, 0xFF, 0xFF, 0xFF, 0xFF, 0xFF,
    0xFF, 0xFF, 0xFF, 0xFF, 0xFF, 0xFF, 0xFF, 0xFF, 0xFE, 0xFF, 0xF4, 0x61,
    0x00, 0x05, 0x00, 0x00, 0x00, 0x00, 0x00, 0x00, 0x00, 0x00, 0x00, 0x00,
    0x00, 0x00, 0x00, 0x00, 0x00, 0x00, 0x00, 0x00, 0x00, 0x00, 0x00, 0x00,
    0x00, 0x00, 0x00, 0x00, 0x00, 0x00, 0x00, 0x00, 0x00, 0x00, 0x00, 0x00,
    0x00, 0x00, 0x00, 0x00, 0x00, 0x00, 0x02, 0x00, 0x23, 0xCB, 0xFF, 0xFB,
    0xFF, 0xFF, 0xFF, 0xFF, 0xFF, 0xFF, 0xFF, 0xFF, 0xFF, 0xFF, 0xFF, 0xFF,
    0xFF, 0xFF, 0xFF, 0xFA, 0xFF, 0x71, 0x00, 0x00, 0x00, 0x00, 0x00, 0x00,
    0x00, 0x00, 0x00, 0x00, 0x00, 0x00, 0x00, 0x02, 0x02, 0x02, 0x01, 0x00,
    0x00, 0x00, 0x00, 0x00, 0x00, 0x00, 0x00, 0x02, 0x01, 0x15, 0xCE, 0xFF,
    0xFD, 0xFF, 0xFF, 0xFF, 0xFF, 0xFF, 0xFF, 0xFF, 0xFF, 0xFF, 0xFF, 0xFF,
    0xFF, 0xFF, 0xFF, 0xFF, 0xFF, 0xFF, 0xFF, 0xFF, 0xFE, 0xFF, 0xF6, 0x65,
    0x00, 0x05, 0x00, 0x00, 0x00, 0x00, 0x00, 0x00, 0x00, 0x00, 0x00, 0x00,
    0x00, 0x00, 0x00, 0x00, 0x00, 0x00, 0x00, 0x00, 0x00, 0x00, 0x00, 0x00,
    0x00, 0x00, 0x00, 0x00, 0x00, 0x00, 0x00, 0x00, 0x00, 0x00, 0x00, 0x00,
    0x00, 0x00, 0x00, 0x00, 0x00, 0x00, 0x01, 0x00, 0x6F, 0xFF, 0xF9, 0xFF,
    0xFF, 0xFF, 0xFF, 0xFF, 0xFF, 0xFF, 0xFF, 0xFF, 0xFF, 0xFF, 0xFF, 0xFF,
    0xFF, 0xFF, 0xFF, 0xFA, 0xFF, 0x70, 0x00, 0x00, 0x00, 0x00, 0x00, 0x00,
    0x00, 0x00, 0x00, 0x00, 0x00, 0x00, 0x00, 0x00, 0x00, 0x00, 0x00, 0x00,
    0x00, 0x00, 0x00, 0x00, 0x00, 0x00, 0x00, 0x04, 0x00, 0x4C, 0xE9, 0xFF,
    0xFE, 0xFF, 0xFF, 0xFF, 0xFF, 0xFF, 0xFF, 0xFF, 0xFF, 0xFF, 0xFF, 0xFF,
    0xFF, 0xFF, 0xFF, 0xFF, 0xFF, 0xFF, 0xFF, 0xFF, 0xFE, 0xFF, 0xFF, 0x77,
    0x00, 0x06, 0x00, 0x00, 0x00, 0x00, 0x00, 0x00, 0x00, 0x00, 0x00, 0x00,
    0x00, 0x00, 0x00, 0x00, 0x00, 0x00, 0x00, 0x00, 0x00, 0x00, 0x00, 0x00,
    0x00, 0x00, 0x00, 0x00, 0x00, 0x00, 0x00, 0x00, 0x00, 0x00, 0x00, 0x00,
    0x00, 0x00, 0x00, 0x00, 0x00, 0x02, 0x00, 0x19, 0xBB, 0xFF, 0xFB, 0xFF,
    0xFF, 0xFF, 0xFF, 0xFF, 0xFF, 0xFF, 0xFF, 0xFF, 0xFF, 0xFF, 0xFF, 0xFF,
    0xFF, 0xFF, 0xFF, 0xFA, 0xFF, 0x70, 0x00, 0x00, 0x00, 0x00, 0x00, 0x00,
    0x00, 0x00, 0x00, 0x00, 0x00, 0x00, 0x00, 0x00, 0x00, 0x00, 0x00, 0x00,
    0x00, 0x00, 0x00, 0x00, 0x00, 0x00, 0x00, 0x05, 0x00, 0x67, 0xF7, 0xFF,
    0xFE, 0xFF, 0xFF, 0xFF, 0xFF, 0xFF, 0xFF, 0xFF, 0xFF, 0xFF, 0xFF, 0xFF,
    0xFF, 0xFF, 0xFF, 0xFF, 0xFF, 0xFF, 0xFF, 0xFF, 0xFE, 0xFF, 0xFF, 0x82,
    0x00, 0x06, 0x00, 0x00, 0x00, 0x00, 0x00, 0x00, 0x00, 0x00, 0x00, 0x00,
    0x00, 0x00, 0x00, 0x00, 0x00, 0x00, 0x00, 0x00, 0x00, 0x00, 0x00, 0x00,
    0x00, 0x00, 0x00, 0x00, 0x00, 0x00, 0x00, 0x00, 0x00, 0x00, 0x00, 0x00,
    0x00, 0x00, 0x00, 0x00, 0x00, 0x03, 0x00, 0x37, 0xF6, 0xFE, 0xFD, 0xFF,
    0xFF, 0xFF, 0xFF, 0xFF, 0xFF, 0xFF, 0xFF, 0xFF, 0xFF, 0xFF, 0xFF, 0xFF,
    0xFF, 0xFF, 0xFF, 0xFA, 0xFF, 0x6F, 0x00, 0x00, 0x00, 0x00, 0x00, 0x00,
    0x00, 0x00, 0x00, 0x00, 0x00, 0x00, 0x00, 0x00, 0x00, 0x00, 0x00, 0x00,
    0x00, 0x00, 0x00, 0x00, 0x00, 0x00, 0x00, 0x06, 0x00, 0x7C, 0xFF, 0xFF,
    0xFE, 0xFF, 0xFF, 0xFF, 0xFF, 0xFF, 0xFF, 0xFF, 0xFF, 0xFF, 0xFF, 0xFF,
    0xFF, 0xFF, 0xFF, 0xFF, 0xFF, 0xFF, 0xFF, 0xFF, 0xFF, 0xFE, 0xFF, 0x86,
    0x00, 0x06, 0x00, 0x00, 0x00, 0x00, 0x00, 0x00, 0x00, 0x00, 0x00, 0x00,
    0x00, 0x00, 0x00, 0x00, 0x00, 0x00, 0x00, 0x00, 0x00, 0x00, 0x00, 0x00,
    0x00, 0x00, 0x00, 0x00, 0x00, 0x00, 0x00, 0x00, 0x00, 0x00, 0x00, 0x00,
    0x00, 0x00, 0x00, 0x00, 0x00, 0x03, 0x00, 0x4B, 0xFF, 0xF8, 0xFF, 0xFF,
    0xFF, 0xFF, 0xFF, 0xFF, 0xFF, 0xFF, 0xFF, 0xFF, 0xFF, 0xFF, 0xFF, 0xFF,
    0xFF, 0xFF, 0xFF, 0xFA, 0xFF, 0x7E, 0x02, 0x00, 0x00, 0x00, 0x00, 0x00,
    0x00, 0x00, 0x00, 0x00, 0x00, 0x00, 0x00, 0x00, 0x00, 0x00, 0x00, 0x00,
    0x00, 0x00, 0x00, 0x00, 0x00, 0x00, 0x00, 0x06, 0x00, 0x7F, 0xFF, 0xFF,
    0xFE, 0xFF, 0xFF, 0xFF, 0xFF, 0xFF, 0xFF, 0xFF, 0xFF, 0xFF, 0xFF, 0xFF,
    0xFF, 0xFF, 0xFF, 0xFF, 0xFF, 0xFF, 0xFF, 0xFF, 0xFE, 0xFF, 0xF4, 0x62,
    0x00, 0x05, 0x00, 0x00, 0x00, 0x00, 0x00, 0x00, 0x00, 0x00, 0x00, 0x00,
    0x00, 0x00, 0x00, 0x00, 0x00, 0x00, 0x00, 0x00, 0x00, 0x00, 0x00, 0x00,
    0x00, 0x00, 0x00, 0x00, 0x00, 0x00, 0x00, 0x00, 0x00, 0x00, 0x00, 0x00,
    0x00, 0x00, 0x00, 0x00, 0x00, 0x02, 0x00, 0x5E, 0xFF, 0xF8, 0xFF, 0xFF,
    0xFF, 0xFF, 0xFF, 0xFF, 0xFF, 0xFF, 0xFF, 0xFF, 0xFF, 0xFF, 0xFF, 0xFF,
    0xFF, 0xFF, 0xFF, 0xFB, 0xFF, 0x87, 0x04, 0x00, 0x01, 0x00, 0x00, 0x00,
    0x00, 0x00, 0x00, 0x00, 0x00, 0x00, 0x00, 0x00, 0x00, 0x00, 0x00, 0x00,
    0x00, 0x00, 0x00, 0x00, 0x00, 0x00, 0x00, 0x05, 0x00, 0x6C, 0xF9, 0xFF,
    0xFE, 0xFF, 0xFF, 0xFF, 0xFF, 0xFF, 0xFF, 0xFF, 0xFF, 0xFF, 0xFF, 0xFF,
    0xFF, 0xFF, 0xFF, 0xFF, 0xFF, 0xFF, 0xFF, 0xFF, 0xFD, 0xFF, 0xE5, 0x45,
    0x00, 0x04, 0x00, 0x00, 0x00, 0x00, 0x00, 0x00, 0x00, 0x00, 0x00, 0x00,
    0x00, 0x00, 0x00, 0x00, 0x00, 0x00, 0x00, 0x00, 0x00, 0x00, 0x00, 0x00,
    0x00, 0x00, 0x00, 0x00, 0x00, 0x00, 0x00, 0x00, 0x00, 0x00, 0x00, 0x00,
    0x00, 0x00, 0x00, 0x00, 0x00, 0x01, 0x00, 0x60, 0xFE, 0xF9, 0xFF, 0xFF,
    0xFF, 0xFF, 0xFF, 0xFF, 0xFF, 0xFF, 0xFF, 0xFF, 0xFF, 0xFF, 0xFF, 0xFF,
    0xFF, 0xFF, 0xFF, 0xFA, 0xFE, 0x66, 0x00, 0x00, 0x00, 0x00, 0x00, 0x00,
    0x00, 0x00, 0x00, 0x00, 0x00, 0x00, 0x00, 0x00, 0x00, 0x00, 0x00, 0x00,
    0x00, 0x00, 0x00, 0x00, 0x00, 0x00, 0x00, 0x05, 0x00, 0x55, 0xEC, 0xFF,
    0xFE, 0xFF, 0xFF, 0xFF, 0xFF, 0xFF, 0xFF, 0xFF, 0xFF, 0xFF, 0xFF, 0xFF,
    0xFF, 0xFF, 0xFF, 0xFF, 0xFF, 0xFF, 0xFF, 0xFF, 0xFD, 0xFF, 0xDA, 0x2B,
    0x00, 0x03, 0x00, 0x00, 0x00, 0x00, 0x00, 0x00, 0x00, 0x00, 0x00, 0x00,
    0x00, 0x00, 0x00, 0x00, 0x00, 0x00, 0x00, 0x00, 0x00, 0x00, 0x00, 0x00,
    0x00, 0x00, 0x00, 0x00, 0x00, 0x00, 0x00, 0x00, 0x00, 0x00, 0x00, 0x00,
    0x00, 0x00, 0x00, 0x00, 0x00, 0x03, 0x00, 0x4B, 0xFF, 0xF8, 0xFF, 0xFF,
    0xFF, 0xFF, 0xFF, 0xFF, 0xFF, 0xFF, 0xFF, 0xFF, 0xFF, 0xFF, 0xFF, 0xFF,
    0xFF, 0xFF, 0xFF, 0xF8, 0xFF, 0x4B, 0x00, 0x01, 0x00, 0x00, 0x00, 0x00,
    0x00, 0x00, 0x00, 0x00, 0x00, 0x00, 0x00, 0x00, 0x00, 0x00, 0x00, 0x00,
    0x00, 0x00, 0x00, 0x00, 0x00, 0x00, 0x00, 0x02, 0x01, 0x1F, 0xD4, 0xFE,
    0xFC, 0xFF, 0xFF, 0xFF, 0xFF, 0xFF, 0xFF, 0xFF, 0xFF, 0xFF, 0xFF, 0xFF,
    0xFF, 0xFF, 0xFF, 0xFF, 0xFF, 0xFF, 0xFF, 0xFF, 0xFD, 0xFF, 0xBF, 0x06,
    0x03, 0x01, 0x00, 0x00, 0x00, 0x00, 0x00, 0x00, 0x00, 0x00, 0x00, 0x00,
    0x00, 0x00, 0x00, 0x00, 0x00, 0x00, 0x00, 0x00, 0x00, 0x00, 0x00, 0x00,
    0x00, 0x00, 0x00, 0x00, 0x00, 0x00, 0x00, 0x00, 0x00, 0x00, 0x00, 0x00,
    0x00, 0x00, 0x00, 0x00, 0x00, 0x03, 0x00, 0x39, 0xF3, 0xFC, 0xFF, 0xFF,
    0xFF, 0xFF, 0xFF, 0xFF, 0xFF, 0xFF, 0xFF, 0xFF, 0xFF, 0xFF, 0xFF, 0xFF,
    0xFF, 0xFF, 0xFE, 0xFC, 0xF7, 0x33, 0x00, 0x02, 0x00, 0x00, 0x00, 0x00,
    0x00, 0x00, 0x00, 0x00, 0x00, 0x00, 0x00, 0x00, 0x00, 0x00, 0x00, 0x00,
    0x00, 0x00, 0x00, 0x00, 0x00, 0x00, 0x00, 0x00, 0x06, 0x00, 0xB0, 0xFF,
    0xFD, 0xFF, 0xFF, 0xFF, 0xFF, 0xFF, 0xFF, 0xFF, 0xFF, 0xFF, 0xFF, 0xFF,
    0xFF, 0xFF, 0xFF, 0xFF, 0xFF, 0xFF, 0xFF, 0xFF, 0xFE, 0xFB, 0x8D, 0x00,
    0x07, 0x00, 0x00, 0x00, 0x00, 0x00, 0x00, 0x00, 0x00, 0x00, 0x00, 0x00,
    0x00, 0x00, 0x00, 0x00, 0x00, 0x00, 0x00, 0x00, 0x00, 0x00, 0x00, 0x00,
    0x00, 0x00, 0x00, 0x00, 0x00, 0x00, 0x00, 0x00, 0x00, 0x00, 0x00, 0x00,
    0x00, 0x00, 0x00, 0x00, 0x00, 0x01, 0x00, 0x19, 0xBF, 0xFD, 0xFB, 0xFF,
    0xFF, 0xFF, 0xFF, 0xFF, 0xFF, 0xFF, 0xFF, 0xFF, 0xFF, 0xFF, 0xFF, 0xFF,
    0xFF, 0xFF, 0xFC, 0xFD, 0xC6, 0x19, 0x00, 0x02, 0x00, 0x00, 0x00, 0x00,
    0x00, 0x00, 0x00, 0x00, 0x00, 0x00, 0x00, 0x00, 0x00, 0x00, 0x00, 0x00,
    0x00, 0x00, 0x00, 0x00, 0x00, 0x00, 0x00, 0x00, 0x04, 0x01, 0x55, 0xF2,
    0xFE, 0xFE, 0xFF, 0xFF, 0xFF, 0xFF, 0xFF, 0xFF, 0xFF, 0xFF, 0xFF, 0xFF,
    0xFF, 0xFF, 0xFF, 0xFF, 0xFF, 0xFF, 0xFF, 0xFD, 0xFE, 0xE5, 0x2A, 0x02,
    0x02, 0x00, 0x00, 0x00, 0x00, 0x00, 0x00, 0x00, 0x00, 0x00, 0x00, 0x00,
    0x00, 0x00, 0x00, 0x00, 0x00, 0x00, 0x00, 0x00, 0x00, 0x00, 0x00, 0x00,
    0x00, 0x00, 0x00, 0x00, 0x00, 0x00, 0x00, 0x00, 0x00, 0x00, 0x00, 0x00,
    0x00, 0x00, 0x00, 0x00, 0x00, 0x00, 0x02, 0x02, 0x72, 0xFF, 0xFA, 0xFF,
    0xFF, 0xFF, 0xFF, 0xFF, 0xFF, 0xFF, 0xFF, 0xFF, 0xFF, 0xFF, 0xFF, 0xFF,
    0xFF, 0xFF, 0xFA, 0xFF, 0x71, 0x04, 0x01, 0x00, 0x00, 0x00, 0x00, 0x00,
    0x00, 0x00, 0x00, 0x00, 0x00, 0x00, 0x00, 0x00, 0x00, 0x00, 0x00, 0x00,
    0x00, 0x00, 0x00, 0x00, 0x00, 0x00, 0x00, 0x00, 0x00, 0x03, 0x05, 0xBA,
    0xFF, 0xFD, 0xFF, 0xFF, 0xFF, 0xFF, 0xFF, 0xFF, 0xFF, 0xFF, 0xFF, 0xFF,
    0xFF, 0xFF, 0xFF, 0xFF, 0xFF, 0xFF, 0xFE, 0xFD, 0xFC, 0x94, 0x00, 0x04,
    0x00, 0x00, 0x00, 0x00, 0x00, 0x00, 0x00, 0x00, 0x00, 0x00, 0x00, 0x00,
    0x00, 0x00, 0x00, 0x00, 0x00, 0x00, 0x00, 0x00, 0x00, 0x00, 0x00, 0x00,
    0x00, 0x00, 0x00, 0x00, 0x00, 0x00, 0x00, 0x00, 0x00, 0x00, 0x00, 0x00,
    0x00, 0x00, 0x00, 0x00, 0x00, 0x00, 0x02, 0x00, 0x21, 0xD2, 0xFF, 0xFB,
    0xFF, 0xFF, 0xFF, 0xFF, 0xFF, 0xFF, 0xFF, 0xFF, 0xFF, 0xFF, 0xFF, 0xFF,
    0xFF, 0xFB, 0xFD, 0xD3, 0x22, 0x00, 0x02, 0x00, 0x00, 0x00, 0x00, 0x00,
    0x00, 0x00, 0x00, 0x00, 0x00, 0x00, 0x00, 0x00, 0x00, 0x00, 0x00, 0x00,
    0x00, 0x00, 0x00, 0x00, 0x00, 0x00, 0x00, 0x00, 0x00, 0x03, 0x01, 0x32,
    0xED, 0xFD, 0xFE, 0xFF, 0xFF, 0xFF, 0xFF, 0xFF, 0xFF, 0xFF, 0xFF, 0xFF,
    0xFF, 0xFF, 0xFF, 0xFF, 0xFF, 0xFF, 0xFD, 0xFF, 0xD6, 0x19, 0x04, 0x01,
    0x00, 0x00, 0x00, 0x00, 0x00, 0x00, 0x00, 0x00, 0x00, 0x00, 0x00, 0x00,
    0x00, 0x00, 0x00, 0x00, 0x00, 0x00, 0x00, 0x00, 0x00, 0x00, 0x00, 0x00,
    0x00, 0x00, 0x00, 0x00, 0x00, 0x00, 0x00, 0x00, 0x00, 0x00, 0x00, 0x00,
    0x00, 0x00, 0x00, 0x00, 0x00, 0x00, 0x00, 0x03, 0x00, 0x55, 0xF1, 0xFA,
    0xFD, 0xFF, 0xFF, 0xFF, 0xFF, 0xFF, 0xFF, 0xFF, 0xFF, 0xFF, 0xFF, 0xFF,
    0xFD, 0xFA, 0xF7, 0x57, 0x02, 0x03, 0x00, 0x00, 0x00, 0x00, 0x00, 0x00,
    0x00, 0x00, 0x00, 0x00, 0x00, 0x00, 0x00, 0x00, 0x00, 0x00, 0x00, 0x00,
    0x00, 0x00, 0x00, 0x00, 0x00, 0x00, 0x00, 0x00, 0x00, 0x00, 0x02, 0x00,
    0x54, 0xFE, 0xFD, 0xFE, 0xFF, 0xFF, 0xFF, 0xFF, 0xFF, 0xFF, 0xFF, 0xFF,
    0xFF, 0xFF, 0xFF, 0xFF, 0xFF, 0xFD, 0xFF, 0xF0, 0x35, 0x00, 0x02, 0x00,
    0x00, 0x00, 0x00, 0x00, 0x00, 0x00, 0x00, 0x00, 0x00, 0x00, 0x00, 0x00,
    0x00, 0x00, 0x00, 0x00, 0x00, 0x00, 0x00, 0x00, 0x00, 0x00, 0x00, 0x00,
    0x00, 0x00, 0x00, 0x00, 0x00, 0x00, 0x00, 0x00, 0x00, 0x00, 0x00, 0x00,
    0x00, 0x00, 0x00, 0x00, 0x00, 0x00, 0x00, 0x01, 0x03, 0x05, 0x7B, 0xFF,
    0xFD, 0xFD, 0xFF, 0xFF, 0xFF, 0xFF, 0xFF, 0xFF, 0xFF, 0xFF, 0xFF, 0xFD,
    0xFD, 0xFF, 0x7D, 0x05, 0x02, 0x01, 0x00, 0x00, 0x00, 0x00, 0x00, 0x00,
    0x00, 0x00, 0x00, 0x00, 0x00, 0x00, 0x00, 0x00, 0x00, 0x00, 0x00, 0x00,
    0x00, 0x00, 0x00, 0x00, 0x00, 0x00, 0x00, 0x00, 0x00, 0x00, 0x00, 0x02,
    0x00, 0x5B, 0xF7, 0xFF, 0xFD, 0xFF, 0xFF, 0xFF, 0xFF, 0xFF, 0xFF, 0xFF,
    0xFF, 0xFF, 0xFF, 0xFE, 0xFC, 0xFF, 0xEB, 0x46, 0x00, 0x03, 0x00, 0x00,
    0x00, 0x00, 0x00, 0x00, 0x00, 0x00, 0x00, 0x00, 0x00, 0x00, 0x00, 0x00,
    0x00, 0x00, 0x00, 0x00, 0x00, 0x00, 0x00, 0x00, 0x00, 0x00, 0x00, 0x00,
    0x00, 0x00, 0x00, 0x00, 0x00, 0x00, 0x00, 0x00, 0x00, 0x00, 0x00, 0x00,
    0x00, 0x00, 0x00, 0x00, 0x00, 0x00, 0x00, 0x00, 0x01, 0x01, 0x07, 0x68,
    0xF5, 0xFF, 0xFC, 0xFE, 0xFF, 0xFF, 0xFF, 0xFF, 0xFF, 0xFE, 0xFC, 0xFF,
    0xF9, 0x70, 0x06, 0x01, 0x01, 0x00, 0x00, 0x00, 0x00, 0x00, 0x00, 0x00,
    0x00, 0x00, 0x00, 0x00, 0x00, 0x00, 0x00, 0x00, 0x00, 0x00, 0x00, 0x00,
    0x00, 0x00, 0x00, 0x00, 0x00, 0x00, 0x00, 0x00, 0x00, 0x00, 0x00, 0x00,
    0x00, 0x00, 0x3F, 0xE0, 0xFF, 0xFF, 0xFE, 0xFE, 0xFF, 0xFF, 0xFF, 0xFF,
    0xFF, 0xFE, 0xFE, 0xFF, 0xFF, 0xC4, 0x2A, 0x00, 0x01, 0x00, 0x00, 0x00,
    0x00, 0x00, 0x00, 0x00, 0x00, 0x00, 0x00, 0x00, 0x00, 0x00, 0x00, 0x00,
    0x00, 0x00, 0x00, 0x00, 0x00, 0x00, 0x00, 0x00, 0x00, 0x00, 0x00, 0x00,
    0x00, 0x00, 0x00, 0x00, 0x00, 0x00, 0x00, 0x00, 0x00, 0x00, 0x00, 0x00,
    0x00, 0x00, 0x00, 0x00, 0x00, 0x00, 0x00, 0x00, 0x00, 0x01, 0x00, 0x00,
    0x32, 0xB4, 0xFF, 0xFF, 0xFF, 0xFF, 0xFF, 0xFF, 0xFF, 0xFF, 0xFF, 0xBA,
    0x38, 0x00, 0x00, 0x01, 0x00, 0x00, 0x00, 0x00, 0x00, 0x00, 0x00, 0x00,
    0x00, 0x00, 0x00, 0x00, 0x00, 0x00, 0x00, 0x00, 0x00, 0x00, 0x00, 0x00,
    0x00, 0x00, 0x00, 0x00, 0x00, 0x00, 0x00, 0x00, 0x00, 0x00, 0x00, 0x00,
    0x00, 0x00, 0x00, 0x13, 0x79, 0xF0, 0xFF, 0xFF, 0xFF, 0xFF, 0xFF, 0xFF,
    0xFF, 0xFF, 0xFF, 0xDF, 0x5E, 0x0E, 0x00, 0x00, 0x00, 0x00, 0x00, 0x00,
    0x00, 0x00, 0x00, 0x00, 0x00, 0x00, 0x00, 0x00, 0x00, 0x00, 0x00, 0x00,
    0x00, 0x00, 0x00, 0x00, 0x00, 0x00, 0x00, 0x00, 0x00, 0x00, 0x00, 0x00,
    0x00, 0x00, 0x00, 0x00, 0x00, 0x00, 0x00, 0x00, 0x00, 0x00, 0x00, 0x00,
    0x00, 0x00, 0x00, 0x00, 0x00, 0x00, 0x00, 0x00, 0x00, 0x00, 0x01, 0x00,
    0x00, 0x06, 0x36, 0x86, 0xC9, 0xE7, 0xF9, 0xE6, 0xCA, 0x88, 0x36, 0x06,
    0x00, 0x00, 0x01, 0x00, 0x00, 0x00, 0x00, 0x00, 0x00, 0x00, 0x00, 0x00,
    0x00, 0x00, 0x00, 0x00, 0x00, 0x00, 0x00, 0x00, 0x00, 0x00, 0x00, 0x00,
    0x00, 0x00, 0x00, 0x00, 0x00, 0x00, 0x00, 0x00, 0x00, 0x00, 0x00, 0x00,
    0x00, 0x00, 0x00, 0x00, 0x00, 0x10, 0x51, 0xA1, 0xCE, 0xE7, 0xF7, 0xE2,
    0xC8, 0x94, 0x40, 0x0C, 0x00, 0x00, 0x01, 0x00, 0x00, 0x00, 0x00, 0x00,
    0x00, 0x00, 0x00, 0x00, 0x00, 0x00, 0x00, 0x00, 0x00, 0x00, 0x00, 0x00,
    0x00, 0x00, 0x00, 0x00, 0x00, 0x00, 0x00, 0x00, 0x00, 0x00, 0x00, 0x00,
};

static const lv_image_dsc_t reward_img = {
    .header = {
        .magic      = LV_IMAGE_HEADER_MAGIC,
        .cf         = LV_COLOR_FORMAT_NATIVE_WITH_ALPHA,
        .flags      = 0,
        .w          = 120,
        .h          = 120,
        .stride     = 240,
        .reserved_2 = 0,
    },
    .data_size = 43200,
    .data      = reward_img_map,
};
